name,effectDays,infectReduct,reduceHosp,reduceIcu,reduceMort,reduceSympt,riskReduct,waneRate,waneRateOut
cur_2,14,0.36077222700000006,0.7949202259999999,0.8770996059999999,0.936928995,0.623401926,0.36077222700000006,0.020334262,0.01320882
cur_2_60,14,0.346275864,0.784385252,0.8700963209999999,0.933074855,0.608396578,0.346275864,0.020334262,0.01320882
cur_2_70,14,0.332035391,0.7734443529999999,0.86274359,0.928995903,0.593157387,0.332035391,0.020334262,0.01320882
cur_3,14,0.460042489,0.8540449529999999,0.91506344,0.9573110709999999,0.7141968609999999,0.460042489,0.006794237,-0.00033120599999999996
cur_3_60,14,0.44432995,0.845958661,0.9100014890000001,0.9546421420000001,0.7010744879999999,0.44432995,0.006794237,-0.00033120599999999996
cur_3_70,14,0.428701445,0.837494869,0.904659953,0.951809783,0.6875898909999999,0.428701445,0.006794237,-0.00033120599999999996
recover,0,0.919880158,0.988218492,0.9935664609999999,0.99689885,0.9728418109999999,0.919880158,0.004965434,0.004965434
recover_60,0,0.8886117640000001,0.983310215,0.9908655999999999,0.9955907490000001,0.961775267,0.8886117640000001,0.004965434,0.004965434
recover_70,0,0.7604910909999999,0.95943862,0.977553879,0.989089245,0.90992358,0.7604910909999999,0.004965434,0.004965434
