name,effectDays,infectReduct,reduceHosp,reduceIcu,reduceMort,reduceSympt,riskReduct,waneRate,waneRateOut
cur_2,14,0.399505234,0.8191858890000001,0.900291528,0.949481094,0.617161221,0.399505234,0.022210859,0.014346945
cur_2_60,14,0.382599882,0.808430034,0.893734445,0.945964688,0.6002521470000001,0.382599882,0.022210859,0.014346945
cur_2_70,14,0.36595165399999996,0.797177253,0.88679074,0.942213193,0.583077416,0.36595165399999996,0.022210859,0.014346945
cur_3,14,0.492624565,0.868626032,0.9294644129999999,0.964824322,0.701727888,0.492624565,0.009782700000000002,0.001918786
cur_3_60,14,0.474895035,0.860309653,0.924665278,0.962333526,0.6866575490000001,0.474895035,0.009782700000000002,0.001918786
cur_3_70,14,0.457204765,0.851544663,0.919560778,0.959670015,0.671161399,0.457204765,0.009782700000000002,0.001918786
recover,0,0.8431451990000001,0.9051198140000001,0.9450020720000001,0.9328145040000001,0.8927219000000001,0.8431451990000001,0.004759702,0.004759702
recover_60,0,0.701903862,0.8069035259999999,0.88272099,0.858794178,0.7847242040000001,0.701903862,0.004759702,0.004759702
recover_70,0,0.701903862,0.8069035259999999,0.88272099,0.858794178,0.7847242040000001,0.701903862,0.004759702,0.004759702
