name,effectDays,infectReduct,reduceHosp,reduceIcu,reduceMort,reduceSympt,riskReduct,waneRate,waneRateOut
cur_2,14,0.489330735,0.866200458,0.9328452709999999,0.966571292,0.660237527,0.489330735,0.021524047,0.013480816999999999
cur_2_60,14,0.469613789,0.856775472,0.9277231,0.9639220559999999,0.642295586,0.469613789,0.021524047,0.013480816999999999
cur_2_70,14,0.44997073600000004,0.8467932490000001,0.922236864,0.961068224,0.62392639,0.44997073600000004,0.021524047,0.013480816999999999
cur_3,14,0.537421461,0.886996621,0.943953215,0.972266525,0.7020340540000001,0.537421461,0.015190355,0.007147124
cur_3_60,14,0.517731312,0.8788316209999999,0.939623457,0.970054656,0.6852470620000001,0.517731312,0.015190355,0.007147124
cur_3_70,14,0.497965231,0.8701536590000001,0.9349772159999999,0.967669653,0.6679432479999999,0.497965231,0.015190355,0.007147124
recover,0,0.859037119,0.91178641,0.928748655,0.9520312679999999,0.902924162,0.859037119,0.00572205,0.00572205
recover_60,0,0.679509003,0.782423475,0.819331545,0.8734981709999999,0.7639298259999999,0.679509003,0.00572205,0.00572205
recover_70,0,0.679509003,0.782423475,0.819331545,0.8734981709999999,0.7639298259999999,0.679509003,0.00572205,0.00572205
