name,effectDays,infectReduct,reduceHosp,reduceIcu,reduceMort,reduceSympt,riskReduct,waneRate,waneRateOut
cur_2,14,0.509634032,0.875126078,0.938692572,0.969577768,0.6686413210000001,0.509634032,0.021397855,0.012026408999999998
cur_2_60,14,0.45713560299999995,0.8502601590000001,0.9254055959999999,0.962718601,0.620489396,0.45713560299999995,0.021397855,0.012026408999999998
cur_2_70,14,0.405604022,0.82147225,0.909527374,0.9543914090000001,0.569874003,0.405604022,0.021397855,0.012026408999999998
cur_3,14,0.539503634,0.887640875,0.945235435,0.972919586,0.694628907,0.539503634,0.017459105,0.008087658000000001
cur_3_60,14,0.486983984,0.864882237,0.9332656640000001,0.9667880740000001,0.648266852,0.486983984,0.017459105,0.008087658000000001
cur_3_70,14,0.434782502,0.838371085,0.9189139409999999,0.959331444,0.5989617110000001,0.434782502,0.017459105,0.008087658000000001
recover,0,0.9103688440000001,0.9880031090000001,0.994472968,0.9973370709999999,0.959535386,0.9103688440000001,0.005327429,0.005327429
recover_60,0,0.801016225,0.983006645,0.99214966,0.996213114,0.943362351,0.801016225,0.005327429,0.005327429
recover_70,0,0.505566461,0.9587190790000001,0.980672722,0.990620651,0.869911973,0.505566461,0.005327429,0.005327429
