name,effectDays,infectReduct,reduceHosp,reduceIcu,reduceMort,reduceSympt,riskReduct,waneRate,waneRateOut
cur_2,14,0.62614534,0.917671467,0.964941959,0.98284502,0.707672583,0.62614534,0.020878851,0.01924265
cur_2_60,14,0.5928625439999999,0.9064651090000001,0.9598886999999999,0.9803196740000001,0.677914335,0.5928625439999999,0.020878851,0.01924265
cur_2_70,14,0.558709066,0.89391128,0.954142403,0.977431477,0.646643156,0.558709066,0.020878851,0.01924265
cur_3,14,0.611895731,0.912989387,0.962839322,0.981795878,0.6950168409999999,0.611895731,0.02286551,0.021229309
cur_3_60,14,0.578198928,0.9012143220000001,0.95749634,0.9791193709999999,0.664580901,0.578198928,0.02286551,0.021229309
cur_3_70,14,0.5437619779999999,0.888042797,0.9514246590000001,0.976059325,0.632716546,0.5437619779999999,0.02286551,0.021229309
recover,0,0.912170578,0.9452808970000001,0.9511784790000001,0.9576629459999999,0.9079886840000001,0.912170578,0.006587756,0.006587756
recover_60,0,0.810594087,0.876826349,0.889237398,0.90311085,0.80262227,0.810594087,0.006587756,0.006587756
recover_70,0,0.810594087,0.876826349,0.889237398,0.90311085,0.80262227,0.810594087,0.006587756,0.006587756
