name,effectDays,infectReduct,reduceHosp,reduceIcu,reduceMort,reduceSympt,riskReduct,waneRate,waneRateOut
cur_2,14,0.506399179,0.874101131,0.93617593,0.968286115,0.6835264879999999,0.506399179,0.021435449,0.014051781000000001
cur_2_60,14,0.494480441,0.868760078,0.933267251,0.9667888929999999,0.673123988,0.494480441,0.021435449,0.014051781000000001
cur_2_70,14,0.482534522,0.8632120740000001,0.930227197,0.9652190270000001,0.6625184129999999,0.482534522,0.021435449,0.014051781000000001
cur_3,14,0.503726392,0.87291975,0.935534073,0.9679561259999999,0.681209031,0.503726392,0.021786976,0.014403306999999999
cur_3_60,14,0.49180788200000003,0.867536173,0.9325982490000001,0.966443865,0.670767048,0.49180788200000003,0.021786976,0.014403306999999999
cur_3_70,14,0.47986524,0.861944653,0.9295300190000001,0.964858283,0.660123614,0.47986524,0.021786976,0.014403306999999999
recover,0,0.8505110140000001,0.91470458,0.926371857,0.923423192,0.8745947059999999,0.8505110140000001,0.005327457,0.005327457
recover_60,0,0.733871055,0.8386500809999999,0.859118307,0.853901041,0.771702145,0.733871055,0.005327457,0.005327457
recover_70,0,0.733871055,0.8386500809999999,0.859118307,0.853901041,0.771702145,0.733871055,0.005327457,0.005327457
