name,effectDays,infectReduct,reduceHosp,reduceIcu,reduceMort,reduceSympt,riskReduct,waneRate,waneRateOut
cur_2,14,0.464597727,0.8562160120000001,0.916985635,0.9583207109999999,0.7142645740000001,0.464597727,0.022293982,0.013225525
cur_2_60,14,0.423759138,0.834615288,0.903485263,0.9511846820000001,0.6793253429999999,0.423759138,0.022293982,0.013225525
cur_2_70,14,0.38394987700000005,0.810496685,0.88806318,0.9429028079999999,0.642267017,0.38394987700000005,0.022293982,0.013225525
cur_3,14,0.431025046,0.8386729070000001,0.906043412,0.9525449509999999,0.685758425,0.431025046,0.026759421000000002,0.017690964
cur_3_60,14,0.390982481,0.815006103,0.890975113,0.9444773320000001,0.649046201,0.390982481,0.026759421000000002,0.017690964
cur_3_70,14,0.352369476,0.788751636,0.873833182,0.9351351090000001,0.610495026,0.352369476,0.026759421000000002,0.017690964
recover,0,0.8151825420000001,0.866901514,0.8869596479999999,0.9280331009999999,0.8479015440000001,0.8151825420000001,0.003950267,0.003950267
recover_60,0,0.684322465,0.76196821,0.794083718,0.863718663,0.73260918,0.684322465,0.003950267,0.003950267
recover_70,0,0.684322465,0.76196821,0.794083718,0.863718663,0.73260918,0.684322465,0.003950267,0.003950267
