name,effectDays,infectReduct,reduceHosp,reduceIcu,reduceMort,reduceSympt,riskReduct,waneRate,waneRateOut
cur_2,14,0.43199375,0.83794574,0.912760537,0.956098682,0.639859842,0.43199375,0.021014322999999998,0.01270032
cur_2_60,14,0.41075532200000003,0.825764189,0.9055690190000001,0.952292985,0.619548757,0.41075532200000003,0.021014322999999998,0.01270032
cur_2_70,14,0.38982784600000003,0.812860855,0.897844632,0.948171842,0.598793672,0.38982784600000003,0.021014322999999998,0.01270032
cur_3,14,0.5015531289999999,0.8724677,0.932626348,0.966458362,0.70154999,0.5015531289999999,0.011811018999999999,0.003497016
cur_3_60,14,0.47978353799999995,0.862455194,0.926941375,0.9635164509999999,0.682994398,0.47978353799999995,0.011811018999999999,0.003497016
cur_3_70,14,0.45807316600000003,0.851781355,0.9208123570000001,0.9603244479999999,0.663822409,0.45807316600000003,0.011811018999999999,0.003497016
recover,0,0.8715405709999999,0.9175806009999999,0.93463804,0.945921747,0.900887067,0.8715405709999999,0.005807215,0.005807215
recover_60,0,0.760227632,0.8387826559999999,0.869834643,0.89100095,0.8094435529999999,0.760227632,0.005807215,0.005807215
recover_70,0,0.760227632,0.8387826559999999,0.869834643,0.89100095,0.8094435529999999,0.760227632,0.005807215,0.005807215
