name,effectDays,infectReduct,reduceHosp,reduceIcu,reduceMort,reduceSympt,riskReduct,waneRate,waneRateOut
cur_2,14,0.610661766,0.9118636,0.9652288720000001,0.9829879990000001,0.649836462,0.610661766,0.021900892999999998,0.020811258
cur_2_60,14,0.578788244,0.900635975,0.9605049609999999,0.9806283729999999,0.619169969,0.578788244,0.021900892999999998,0.020811258
cur_2_70,14,0.546245271,0.888153909,0.955169255,0.977948888,0.587523485,0.546245271,0.021900892999999998,0.020811258
cur_3,14,0.657750602,0.926885014,0.971439913,0.9860725640000001,0.694557159,0.657750602,0.015220629,0.014130994
cur_3_60,14,0.627379782,0.917397611,0.967531432,0.984133872,0.665792949,0.627379782,0.015220629,0.014130994
cur_3_70,14,0.5959703479999999,0.906803252,0.9631085290000001,0.9819303340000001,0.6357415129999999,0.5959703479999999,0.015220629,0.014130994
recover,0,0.8953004090000001,0.937481858,0.95549,0.968147138,0.897606245,0.8953004090000001,0.006139286999999999,0.006139286999999999
recover_60,0,0.793682439,0.870900399,0.906167527,0.9318499309999999,0.7977206090000001,0.793682439,0.006139286999999999,0.006139286999999999
recover_70,0,0.793682439,0.870900399,0.906167527,0.9318499309999999,0.7977206090000001,0.793682439,0.006139286999999999,0.006139286999999999
