name,effectDays,infectReduct,reduceHosp,reduceIcu,reduceMort,reduceSympt,riskReduct,waneRate,waneRateOut
cur_2,14,0.509112594,0.875330369,0.936643412,0.9685263120000001,0.6876159709999999,0.509112594,0.021564915,0.012081428
cur_2_60,14,0.490557209,0.867001635,0.9320930129999999,0.9661831329999999,0.6714536659999999,0.490557209,0.021564915,0.012081428
cur_2_70,14,0.472005213,0.858195588,0.927235067,0.963668876,0.654854366,0.472005213,0.021564915,0.012081428
cur_3,14,0.513164099,0.877089032,0.937598816,0.969016832,0.691088136,0.513164099,0.021031847000000003,0.01154836
cur_3_60,14,0.49460983299999994,0.868860185,0.933112136,0.966708916,0.675020573,0.49460983299999994,0.021031847000000003,0.01154836
cur_3_70,14,0.476047791,0.860157347,0.9283214890000001,0.964232304,0.658509833,0.476047791,0.021031847000000003,0.01154836
recover,0,0.935687426,0.9880499229999999,0.994288724,0.997248037,0.962854463,0.935687426,0.002540529,0.002540529
recover_60,0,0.920122025,0.983072623,0.991888601,0.99608665,0.9479360290000001,0.920122025,0.002540529,0.002540529
recover_70,0,0.835784335,0.958875409,0.98003768,0.990309241,0.879660381,0.835784335,0.002540529,0.002540529
