name,effectDays,infectReduct,reduceHosp,reduceIcu,reduceMort,reduceSympt,riskReduct,waneRate,waneRateOut
cur_2,14,0.588541097,0.9039503809999999,0.9627654059999999,0.981758954,0.615160327,0.588541097,0.020182181,0.020657544
cur_2_60,14,0.562451109,0.8942670340000001,0.958740919,0.9797441859999999,0.589581178,0.562451109,0.020182181,0.020657544
cur_2_70,14,0.536001695,0.8837291620000001,0.954300459,0.977511155,0.563499008,0.536001695,0.020182181,0.020657544
cur_3,14,0.654578105,0.925752052,0.9716359379999999,0.9861695859999999,0.6792534020000001,0.654578105,0.010934398,0.011409761000000001
cur_3_60,14,0.630043285,0.918067445,0.968538888,0.984634358,0.655548956,0.630043285,0.010934398,0.011409761000000001
cur_3_70,14,0.604808919,0.909662016,0.9651145529999999,0.982931035,0.6310354970000001,0.604808919,0.010934398,0.011409761000000001
recover,0,0.8876502829999999,0.991521077,0.9968971259999999,0.998506918,0.952065726,0.8876502829999999,0.007349551,0.007349551
recover_60,0,0.821072955,0.990274491,0.996438096,0.998285627,0.945338142,0.821072955,0.007349551,0.007349551
recover_70,0,0.612770223,0.979816276,0.9925580340000001,0.996410872,0.8918361370000001,0.612770223,0.007349551,0.007349551
