name,effectDays,infectReduct,reduceHosp,reduceIcu,reduceMort,reduceSympt,riskReduct,waneRate,waneRateOut
cur_2,14,0.52920219,0.8840679140000001,0.940276372,0.970388857,0.714412141,0.52920219,0.019627274,0.015095276000000001
cur_2_60,14,0.479214566,0.861928162,0.927996591,0.964063879,0.671897289,0.479214566,0.019627274,0.015095276000000001
cur_2_70,14,0.42966784399999997,0.8363587370000001,0.9134335109999999,0.95645329,0.626390301,0.42966784399999997,0.019627274,0.015095276000000001
cur_3,14,0.49112209100000004,0.867504512,0.931117858,0.965679492,0.682319766,0.49112209100000004,0.024639566,0.020107568
cur_3_60,14,0.441359383,0.842764197,0.917120976,0.9583917190000001,0.637451876,0.441359383,0.024639566,0.020107568
cur_3_70,14,0.392774711,0.814409973,0.900593868,0.949642622,0.590082098,0.392774711,0.024639566,0.020107568
recover,0,0.844892798,0.8684785190000001,0.923079277,0.9327982359999999,0.880575178,0.844892798,0.00501007,0.00501007
recover_60,0,0.7404616409999999,0.775711713,0.862737565,0.879081995,0.7943199129999999,0.7404616409999999,0.00501007,0.00501007
recover_70,0,0.7404616409999999,0.775711713,0.862737565,0.879081995,0.7943199129999999,0.7404616409999999,0.00501007,0.00501007
