name,effectDays,infectReduct,reduceHosp,reduceIcu,reduceMort,reduceSympt,riskReduct,waneRate,waneRateOut
cur_2,14,0.406624731,0.824836564,0.8961145559999999,0.9472440129999999,0.670480947,0.406624731,0.02149929,0.011000185
cur_2_60,14,0.393247691,0.816636137,0.89080933,0.944387827,0.65805001,0.393247691,0.02149929,0.011000185
cur_2_70,14,0.380000416,0.808122366,0.8852555940000001,0.94137991,0.6453704920000001,0.380000416,0.02149929,0.011000185
cur_3,14,0.44466277,0.846205212,0.909739339,0.9545035209999999,0.703920628,0.44466277,0.016381145,0.005882039
cur_3_60,14,0.430943178,0.83880968,0.905056185,0.952020454,0.692172015,0.430943178,0.016381145,0.005882039
cur_3_70,14,0.41729940600000004,0.8311125309999999,0.900145855,0.949403248,0.6801427459999999,0.41729940600000004,0.016381145,0.005882039
recover,0,0.9498842409999999,0.988224839,0.993537346,0.9968847679999999,0.973164129,0.9498842409999999,0.007214425,0.007214425
recover_60,0,0.896859216,0.983319163,0.990824375,0.9955707540000001,0.962223825,0.896859216,0.007214425,0.007214425
recover_70,0,0.7128862770000001,0.959459838,0.977453943,0.989040092,0.910924251,0.7128862770000001,0.007214425,0.007214425
