name,effectDays,infectReduct,reduceHosp,reduceIcu,reduceMort,reduceSympt,riskReduct,waneRate,waneRateOut
cur_2,14,0.382863591,0.809055422,0.891503617,0.94476256,0.616208974,0.382863591,0.019750725,0.011179361
cur_2_60,14,0.357109216,0.79139626,0.880341788,0.938703147,0.589758246,0.357109216,0.019750725,0.011179361
cur_2_70,14,0.33214787100000004,0.772557504,0.8681978229999999,0.9320248609999999,0.562770271,0.33214787100000004,0.019750725,0.011179361
cur_3,14,0.478100518,0.8621949640000001,0.923857409,0.961912962,0.703338235,0.478100518,0.0069367859999999995,-0.0016345779999999998
cur_3_60,14,0.45061754200000004,0.8485302290000001,0.915709352,0.9576505740000001,0.67977182,0.45061754200000004,0.0069367859999999995,-0.0016345779999999998
cur_3_70,14,0.42342495399999996,0.83376738,0.906774691,0.952933103,0.65524384,0.42342495399999996,0.0069367859999999995,-0.0016345779999999998
recover,0,0.79853728,0.8767172959999999,0.880640775,0.930498673,0.863624559,0.79853728,0.003931263,0.003931263
recover_60,0,0.642009274,0.762895995,0.769489434,0.858306279,0.741282455,0.642009274,0.003931263,0.003931263
recover_70,0,0.642009274,0.762895995,0.769489434,0.858306279,0.741282455,0.642009274,0.003931263,0.003931263
