name,effectDays,infectReduct,reduceHosp,reduceIcu,reduceMort,reduceSympt,riskReduct,waneRate,waneRateOut
cur_2,14,0.564613943,0.8968440109999999,0.952493695,0.9765995409999999,0.688495878,0.564613943,0.020945142,0.018562611
cur_2_60,14,0.50783236,0.873698403,0.941013228,0.970765743,0.63749766,0.50783236,0.020945142,0.018562611
cur_2_70,14,0.45088788,0.846270778,0.9269819909999999,0.9635375340000001,0.5832437629999999,0.45088788,0.020945142,0.018562611
cur_3,14,0.558029231,0.894343642,0.95126891,0.97598057,0.6827319390000001,0.558029231,0.021824313999999997,0.019441783
cur_3_60,14,0.501147628,0.8707178859999999,0.939511255,0.9699972,0.631295417,0.501147628,0.021824313999999997,0.019441783
cur_3_70,14,0.44427608700000004,0.842759499,0.9251511609999999,0.962586292,0.576729585,0.44427608700000004,0.021824313999999997,0.019441783
recover,0,0.9087956629999999,0.9879342640000001,0.9947320279999999,0.997462228,0.954161279,0.9087956629999999,0.004075211,0.004075211
recover_60,0,0.801659276,0.982909623,0.9925167970000001,0.996390907,0.935983604,0.801659276,0.004075211,0.004075211
recover_70,0,0.51120834,0.958489244,0.9815666279999999,0.99105865,0.8544406179999999,0.51120834,0.004075211,0.004075211
