name,effectDays,infectReduct,reduceHosp,reduceIcu,reduceMort,reduceSympt,riskReduct,waneRate,waneRateOut
cur_2,14,0.536346795,0.886402175,0.944425801,0.972507327,0.6935558690000001,0.536346795,0.02110104,0.012901023999999999
cur_2_60,14,0.509840235,0.875253332,0.9385769690000001,0.969518511,0.670515669,0.509840235,0.02110104,0.012901023999999999
cur_2_70,14,0.483268645,0.863174668,0.932154377,0.9662148079999999,0.64661703,0.483268645,0.02110104,0.012901023999999999
cur_3,14,0.562366275,0.896565555,0.949692546,0.975182729,0.7154338309999999,0.562366275,0.017644811,0.009444795
cur_3_60,14,0.53606053,0.8862862159999999,0.944365353,0.9724765329999999,0.693311165,0.53606053,0.017644811,0.009444795
cur_3_70,14,0.509542979,0.875123402,0.93850836,0.96948334,0.6702528329999999,0.509542979,0.017644811,0.009444795
recover,0,0.915151268,0.988007137,0.99445738,0.997329538,0.959831248,0.915151268,0.0054722090000000004,0.0054722090000000004
recover_60,0,0.8603679209999999,0.983012322,0.9921275709999999,0.996202415,0.943769535,0.8603679209999999,0.0054722090000000004,0.0054722090000000004
recover_70,0,0.677094912,0.958732527,0.980618969,0.9905943000000001,0.870774877,0.677094912,0.0054722090000000004,0.0054722090000000004
