name,effectDays,infectReduct,reduceHosp,reduceIcu,reduceMort,reduceSympt,riskReduct,waneRate,waneRateOut
cur_2,14,0.508343599,0.875138517,0.93580289,0.968094357,0.6933059490000001,0.508343599,0.020094793,0.016394253
cur_2_60,14,0.46395005100000003,0.854376725,0.9242552209999999,0.962120103,0.654254343,0.46395005100000003,0.020094793,0.016394253
cur_2_70,14,0.420139675,0.830841045,0.910834672,0.9550824520000001,0.6130244189999999,0.420139675,0.020094793,0.016394253
cur_3,14,0.511607611,0.87655876,0.9365831059999999,0.968495333,0.696076175,0.511607611,0.019665381000000003,0.015964841
cur_3_60,14,0.467199884,0.855994264,0.925164558,0.962593259,0.657202898,0.467199884,0.019665381000000003,0.015964841
cur_3_70,14,0.423324975,0.83266881,0.911889767,0.955639463,0.61611828,0.423324975,0.019665381000000003,0.015964841
recover,0,0.942295074,0.9880654990000001,0.9942259170000001,0.997217683,0.963902241,0.942295074,0.01124341,0.01124341
recover_60,0,0.935124397,0.983094575,0.9917996170000001,0.996043536,0.949382493,0.935124397,0.01124341,0.01124341
recover_70,0,0.874175551,0.95892743,0.979821335,0.9902031029999999,0.8827691259999999,0.874175551,0.01124341,0.01124341
