name,effectDays,infectReduct,reduceHosp,reduceIcu,reduceMort,reduceSympt,riskReduct,waneRate,waneRateOut
cur_2,14,0.381397007,0.809933912,0.880875443,0.938994557,0.675947449,0.381397007,0.021826353,0.009396874
cur_2_60,14,0.349886089,0.788125582,0.865858872,0.930728206,0.645494433,0.349886089,0.021826353,0.009396874
cur_2_70,14,0.31963557,0.764544193,0.8492745279999999,0.92143619,0.613816982,0.31963557,0.021826353,0.009396874
cur_3,14,0.431589548,0.83994715,0.901054868,0.949888814,0.719798782,0.431589548,0.014979643999999999,0.0025501639999999997
cur_3_60,14,0.398603834,0.8208207120000001,0.8882593879999999,0.94300906,0.691586457,0.398603834,0.014979643999999999,0.0025501639999999997
cur_3_70,14,0.36651590100000003,0.7999546059999999,0.87404162,0.935249775,0.661870173,0.36651590100000003,0.014979643999999999,0.0025501639999999997
recover,0,0.849851806,0.9061987770000001,0.906947272,0.9272516670000001,0.886355296,0.849851806,0.004591475,0.004591475
recover_60,0,0.763712423,0.8465485429999999,0.8476930220000001,0.879204821,0.816639473,0.763712423,0.004591475,0.004591475
recover_70,0,0.763712423,0.8465485429999999,0.8476930220000001,0.879204821,0.816639473,0.763712423,0.004591475,0.004591475
