name,effectDays,infectReduct,reduceHosp,reduceIcu,reduceMort,reduceSympt,riskReduct,waneRate,waneRateOut
cur_2,14,0.529943745,0.8838172440000001,0.9429233709999999,0.9717413559999999,0.6895325040000001,0.529943745,0.022241258,0.013766648999999999
cur_2_60,14,0.5013056810000001,0.8715115520000001,0.9364277040000001,0.968415494,0.6644611979999999,0.5013056810000001,0.022241258,0.013766648999999999
cur_2_70,14,0.47265290600000004,0.8581087270000001,0.929246639,0.964711575,0.638421255,0.47265290600000004,0.022241258,0.013766648999999999
cur_3,14,0.53974733,0.8878029270000001,0.945007565,0.972803592,0.69790504,0.53974733,0.020945685,0.012471075
cur_3_60,14,0.5111555870000001,0.875860091,0.93873368,0.969598837,0.673189395,0.5111555870000001,0.020945685,0.012471075
cur_3_70,14,0.48248451200000003,0.86283948,0.9317941240000001,0.966028821,0.647467438,0.48248451200000003,0.020945685,0.012471075
recover,0,0.915959405,0.955374183,0.958981526,0.9714374929999999,0.94242955,0.915959405,0.007791575,0.007791575
recover_60,0,0.8191151659999999,0.8989382459999999,0.906661905,0.933910705,0.871819591,0.8191151659999999,0.007791575,0.007791575
recover_70,0,0.8191151659999999,0.8989382459999999,0.906661905,0.933910705,0.871819591,0.8191151659999999,0.007791575,0.007791575
