name,effectDays,infectReduct,reduceHosp,reduceIcu,reduceMort,reduceSympt,riskReduct,waneRate,waneRateOut
cur_2,14,0.479063798,0.861608976,0.92910388,0.96463765,0.661386678,0.479063798,0.022103972000000003,0.012884177
cur_2_60,14,0.432684261,0.8377531340000001,0.915745068,0.95766934,0.618306394,0.432684261,0.022103972000000003,0.012884177
cur_2_70,14,0.387477434,0.810702912,0.9001480340000001,0.949404412,0.573304287,0.387477434,0.022103972000000003,0.012884177
cur_3,14,0.514235372,0.877554072,0.9378334629999999,0.969137227,0.6921586259999999,0.514235372,0.017476552,0.008256757
cur_3_60,14,0.467506596,0.855987431,0.9259885179999999,0.96302159,0.650927037,0.467506596,0.017476552,0.008256757
cur_3_70,14,0.421363769,0.831365331,0.912105719,0.95575339,0.607328431,0.421363769,0.017476552,0.008256757
recover,0,0.9389993879999999,0.9880503070000001,0.9942871870000001,0.997247294,0.962880594,0.9389993879999999,0.002633489,0.002633489
recover_60,0,0.887675124,0.9830731629999999,0.991886422,0.9960855940000001,0.947972087,0.887675124,0.002633489,0.002633489
recover_70,0,0.711736777,0.95887669,0.980032384,0.9903066429999999,0.8797377259999999,0.711736777,0.002633489,0.002633489
