name,effectDays,infectReduct,reduceHosp,reduceIcu,reduceMort,reduceSympt,riskReduct,waneRate,waneRateOut
cur_2,14,0.435560093,0.841339098,0.906642299,0.952862854,0.6962808629999999,0.435560093,0.019838355,0.009872043
cur_2_60,14,0.406366904,0.824685662,0.8959959259999999,0.947180328,0.670367108,0.406366904,0.019838355,0.009872043
cur_2_70,14,0.37781680700000003,0.8066833309999999,0.8842887359999999,0.94085437,0.643371055,0.37781680700000003,0.019838355,0.009872043
cur_3,14,0.45156869299999997,0.8498075159999999,0.9119898129999999,0.9556922459999999,0.70982131,0.45156869299999997,0.017705753,0.007739441
cur_3_60,14,0.422104934,0.8338674290000001,0.901887271,0.9503330329999999,0.684539424,0.422104934,0.017705753,0.007739441
cur_3_70,14,0.393181474,0.81659826,0.890762388,0.94436248,0.6581121010000001,0.393181474,0.017705753,0.007739441
recover,0,0.926372192,0.9882251259999999,0.99353603,0.996884132,0.973178579,0.926372192,0.011559566,0.011559566
recover_60,0,0.869659988,0.9833195659999999,0.990822512,0.99556985,0.962243938,0.869659988,0.011559566,0.011559566
recover_70,0,0.681466144,0.959460795,0.977449425,0.98903787,0.91096915,0.681466144,0.011559566,0.011559566
