name,effectDays,infectReduct,reduceHosp,reduceIcu,reduceMort,reduceSympt,riskReduct,waneRate,waneRateOut
cur_2,14,0.511827367,0.87570392,0.940830542,0.9706723309999999,0.653065701,0.511827367,0.020837519,0.015207139
cur_2_60,14,0.5205799329999999,0.879468812,0.942751728,0.9716537709999999,0.660963375,0.5205799329999999,0.020837519,0.015207139
cur_2_70,14,0.529252884,0.883107126,0.9446001359999999,0.972596127,0.6687128760000001,0.529252884,0.020837519,0.015207139
cur_3,14,0.558423405,0.8947126440000001,0.950443026,0.975562734,0.6942342159999999,0.558423405,0.014674856000000002,0.009044476
cur_3_60,14,0.567047228,0.8979688509999999,0.9520680029999999,0.9763845,0.701622902,0.567047228,0.014674856000000002,0.009044476
cur_3_70,14,0.5755649270000001,0.9011115209999999,0.9536304059999999,0.9771732809999999,0.70885241,0.5755649270000001,0.014674856000000002,0.009044476
recover,0,0.904804093,0.987961801,0.994630065,0.997412972,0.956384185,0.904804093,0.00734158,0.00734158
recover_60,0,0.90144664,0.982948429,0.992372287,0.996320933,0.9390316940000001,0.90144664,0.00734158,0.00734158
recover_70,0,0.8253033120000001,0.958581165,0.98121466,0.9908862409999999,0.860793864,0.8253033120000001,0.00734158,0.00734158
