name,effectDays,infectReduct,reduceHosp,reduceIcu,reduceMort,reduceSympt,riskReduct,waneRate,waneRateOut
cur_2,14,0.536320192,0.887120032,0.9411596959999999,0.970840623,0.72709745,0.536320192,0.02129627,0.01439288
cur_2_60,14,0.520597991,0.8806454659999999,0.937566592,0.9690002959999999,0.714399276,0.520597991,0.02129627,0.01439288
cur_2_70,14,0.504807682,0.873840345,0.933762786,0.967044297,0.7013301470000001,0.504807682,0.02129627,0.01439288
cur_3,14,0.49334027399999997,0.868695965,0.9308685409999999,0.9655506420000001,0.691633707,0.49334027399999997,0.026956902999999997,0.020053513000000002
cur_3_60,14,0.477580302,0.86132982,0.926695952,0.9633890409999999,0.6780161370000001,0.477580302,0.026956902999999997,0.020053513000000002
cur_3_70,14,0.461837796,0.8536064720000001,0.9222847409999999,0.961093202,0.6640650029999999,0.461837796,0.026956902999999997,0.020053513000000002
recover,0,0.9107730940000001,0.988092808,0.9941139370000001,0.997163558,0.9656740420000001,0.9107730940000001,0.003657878,0.003657878
recover_60,0,0.879197883,0.9831330640000001,0.991640978,0.9959666629999999,0.95183136,0.879197883,0.003657878,0.003657878
recover_70,0,0.7472978290000001,0.9590186470000001,0.9794357770000001,0.99001389,0.88806075,0.7472978290000001,0.003657878,0.003657878
