name,effectDays,infectReduct,reduceHosp,reduceIcu,reduceMort,reduceSympt,riskReduct,waneRate,waneRateOut
cur_2,14,0.522816783,0.8812388040000001,0.9396323790000001,0.9700592240000001,0.7011869409999999,0.522816783,0.020794435,0.014140728
cur_2_60,14,0.501554559,0.87203822,0.934619993,0.96748579,0.6830543370000001,0.501554559,0.020794435,0.014140728
cur_2_70,14,0.480268514,0.862227622,0.929217978,0.9646967340000001,0.664331867,0.480268514,0.020794435,0.014140728
cur_3,14,0.49770758,0.870311258,0.93367339,0.9669982309999999,0.679713628,0.49770758,0.024098555,0.017444848
cur_3_60,14,0.476446931,0.8603982109999999,0.9282040290000001,0.96417142,0.660908126,0.476446931,0.024098555,0.017444848
cur_3_70,14,0.455253222,0.8498488559999999,0.922315958,0.961109487,0.6415639360000001,0.455253222,0.024098555,0.017444848
recover,0,0.9143423209999999,0.988054689,0.9942695890000001,0.99723879,0.963177962,0.9143423209999999,0.005263527,0.005263527
recover_60,0,0.86705267,0.9830793390000001,0.99186149,0.9960735140000001,0.948382486,0.86705267,0.005263527,0.005263527
recover_70,0,0.700774171,0.958891325,0.97997176,0.9902769029999999,0.88061858,0.700774171,0.005263527,0.005263527
