name,effectDays,infectReduct,reduceHosp,reduceIcu,reduceMort,reduceSympt,riskReduct,waneRate,waneRateOut
cur_2,14,0.473633149,0.860131345,0.9221994309999999,0.961048693,0.7026572729999999,0.473633149,0.021755886000000002,0.010246515
cur_2_60,14,0.452119525,0.8493914490000001,0.9157586940000001,0.9576764990000001,0.684264257,0.452119525,0.021755886000000002,0.010246515
cur_2_70,14,0.43076605,0.837972642,0.9088316209999999,0.954023229,0.665259765,0.43076605,0.021755886000000002,0.010246515
cur_3,14,0.449126056,0.84783805,0.9148211709999999,0.957183668,0.6816460540000001,0.449126056,0.024998749,0.013489378
cur_3_60,14,0.427820841,0.836333821,0.90783067,0.953493053,0.66257746,0.427820841,0.024998749,0.013489378
cur_3_70,14,0.40676295799999995,0.824129997,0.900322642,0.94949772,0.642948752,0.40676295799999995,0.024998749,0.013489378
recover,0,0.7686788529999999,0.851081115,0.866133956,0.8920217859999999,0.850379997,0.7686788529999999,0.0029691009999999996,0.0029691009999999996
recover_60,0,0.584307276,0.707385568,0.7323962479999999,0.777503273,0.706241433,0.584307276,0.0029691009999999996,0.0029691009999999996
recover_70,0,0.584307276,0.707385568,0.7323962479999999,0.777503273,0.706241433,0.584307276,0.0029691009999999996,0.0029691009999999996
