name,effectDays,infectReduct,reduceHosp,reduceIcu,reduceMort,reduceSympt,riskReduct,waneRate,waneRateOut
cur_2,14,0.550058081,0.891337307,0.9494168829999999,0.97504307,0.679823008,0.550058081,0.021201789,0.016502461
cur_2_60,14,0.550988982,0.891701141,0.949597247,0.975134452,0.680641308,0.550988982,0.021201789,0.016502461
cur_2_70,14,0.551865642,0.8920429240000001,0.949766607,0.975220243,0.6814111979999999,0.551865642,0.021201789,0.016502461
cur_3,14,0.5843206870000001,0.904140822,0.955716985,0.978224647,0.70942417,0.5843206870000001,0.016611197,0.011911868999999999
cur_3_60,14,0.5852341529999999,0.904466381,0.955875928,0.9783046390000001,0.710199067,0.5852341529999999,0.016611197,0.011911868999999999
cur_3_70,14,0.586094178,0.90477218,0.9560251679999999,0.9783797340000001,0.710927964,0.586094178,0.016611197,0.011911868999999999
recover,0,0.9400032229999999,0.9879442540000001,0.9946952859999999,0.99744448,0.954979375,0.9400032229999999,0.007676046999999999,0.007676046999999999
recover_60,0,0.8929067820000001,0.982923702,0.992464722,0.996365693,0.9371047379999999,0.8929067820000001,0.007676046999999999,0.007676046999999999
recover_70,0,0.7283237579999999,0.958522592,0.9814397779999999,0.9909965209999999,0.856771301,0.7283237579999999,0.007676046999999999,0.007676046999999999
