name,effectDays,infectReduct,reduceHosp,reduceIcu,reduceMort,reduceSympt,riskReduct,waneRate,waneRateOut
cur_2,14,0.612626416,0.912804367,0.9645231190000001,0.98263622,0.669328908,0.612626416,0.019369413000000002,0.014403721000000001
cur_2_60,14,0.582955652,0.902465133,0.9600480309999999,0.9803995059999999,0.641459442,0.582955652,0.019369413000000002,0.014403721000000001
cur_2_70,14,0.552669129,0.891045251,0.955034322,0.97788093,0.6125981389999999,0.552669129,0.019369413000000002,0.014403721000000001
cur_3,14,0.63222889,0.9192197209999999,0.967269745,0.9840037840000001,0.6875255659999999,0.63222889,0.016626673999999998,0.011660982
cur_3_60,14,0.603086803,0.909565823,0.963127875,0.9819399940000001,0.660411639,0.603086803,0.016626673999999998,0.011660982
cur_3_70,14,0.573191873,0.898884175,0.958483952,0.9796152490000001,0.632201185,0.573191873,0.016626673999999998,0.011660982
recover,0,0.93441652,0.987781586,0.995259697,0.997717053,0.9398738879999999,0.93441652,0.010352639,0.010352639
recover_60,0,0.902223815,0.982694478,0.9932648540000001,0.9967529559999999,0.9165261109999999,0.902223815,0.010352639,0.010352639
recover_70,0,0.776372043,0.957979822,0.983390999,0.9919512890000001,0.81509475,0.776372043,0.010352639,0.010352639
