name,effectDays,infectReduct,reduceHosp,reduceIcu,reduceMort,reduceSympt,riskReduct,waneRate,waneRateOut
cur_2,14,0.6545793520000001,0.925782055,0.9715369209999999,0.98612058,0.6813640409999999,0.6545793520000001,0.020780444,0.018513188
cur_2_60,14,0.61282655,0.912425147,0.966113047,0.98342834,0.641073564,0.61282655,0.020780444,0.018513188
cur_2_70,14,0.5693673370000001,0.8969396070000001,0.959701653,0.980225938,0.598708796,0.5693673370000001,0.020780444,0.018513188
cur_3,14,0.6535932879999999,0.925482052,0.9714161570000001,0.986060805,0.680417108,0.6535932879999999,0.020923726,0.018656469
cur_3_60,14,0.6117919829999999,0.91207628,0.965970077,0.9833571659999999,0.640070145,0.6117919829999999,0.020923726,0.018656469
cur_3_70,14,0.568298448,0.8965360459999999,0.9595327659999999,0.980141286,0.5976612720000001,0.568298448,0.020923726,0.018656469
recover,0,0.915723893,0.987713831,0.9954747979999999,0.9978208909999999,0.9323482679999999,0.915723893,0.006307058000000001,0.006307058000000001
recover_60,0,0.8806048390000001,0.9825990109999999,0.99356989,0.996900508,0.906369311,0.8806048390000001,0.006307058000000001,0.006307058000000001
recover_70,0,0.742348971,0.957753876,0.98413608,0.992315355,0.7953519109999999,0.742348971,0.006307058000000001,0.006307058000000001
