name,effectDays,infectReduct,reduceHosp,reduceIcu,reduceMort,reduceSympt,riskReduct,waneRate,waneRateOut
cur_2,14,0.510164171,0.875633841,0.937590677,0.969012656,0.6816063309999999,0.510164171,0.021049117000000003,0.014334353000000001
cur_2_60,14,0.479014211,0.8614114890000001,0.9298862940000001,0.965042666,0.653963869,0.479014211,0.021049117000000003,0.014334353000000001
cur_2_70,14,0.44802451600000004,0.845847921,0.921310025,0.960584425,0.625239057,0.44802451600000004,0.021049117000000003,0.014334353000000001
cur_3,14,0.49662667,0.869615354,0.934345675,0.96734455,0.669739675,0.49662667,0.022829582,0.016114818
cur_3_60,14,0.465517746,0.854818851,0.9262722,0.9631689720000001,0.641608674,0.465517746,0.022829582,0.016114818
cur_3_70,14,0.43467270799999996,0.838653598,0.917293177,0.958482052,0.612466018,0.43467270799999996,0.022829582,0.016114818
recover,0,0.899726978,0.940559355,0.955842401,0.9656982190000001,0.922520785,0.899726978,0.006693675,0.006693675
recover_60,0,0.8269054240000001,0.8938945140000001,0.920157253,0.9374567109999999,0.863745973,0.8269054240000001,0.006693675,0.006693675
recover_70,0,0.8269054240000001,0.8938945140000001,0.920157253,0.9374567109999999,0.863745973,0.8269054240000001,0.006693675,0.006693675
