name,effectDays,infectReduct,reduceHosp,reduceIcu,reduceMort,reduceSympt,riskReduct,waneRate,waneRateOut
cur_2,14,0.49771386700000003,0.86990271,0.935528817,0.967953423,0.66163353,0.49771386700000003,0.021503746,0.015375992
cur_2_60,14,0.47392420700000004,0.858737755,0.929539714,0.964863301,0.6399919,0.47392420700000004,0.021503746,0.015375992
cur_2_70,14,0.45023839200000004,0.8467760759999999,0.923036014,0.96148498,0.617752441,0.45023839200000004,0.021503746,0.015375992
cur_3,14,0.506238463,0.87371341,0.937555239,0.96899447,0.669225019,0.506238463,0.020382658,0.014254903999999999
cur_3_60,14,0.482432697,0.8628239190000001,0.931740648,0.966001207,0.647810477,0.482432697,0.020382658,0.014254903999999999
cur_3_70,14,0.458692416,0.851148268,0.9254238020000001,0.9627280659999999,0.625771585,0.458692416,0.020382658,0.014254903999999999
recover,0,0.875868575,0.9099412490000001,0.943042272,0.932160313,0.893779984,0.875868575,0.005638386,0.005638386
recover_60,0,0.739293238,0.8023965999999999,0.869350128,0.8466780620000001,0.771776624,0.739293238,0.005638386,0.005638386
recover_70,0,0.739293238,0.8023965999999999,0.869350128,0.8466780620000001,0.771776624,0.739293238,0.005638386,0.005638386
