name,effectDays,infectReduct,reduceHosp,reduceIcu,reduceMort,reduceSympt,riskReduct,waneRate,waneRateOut
cur_2,14,0.406079798,0.824541217,0.895735968,0.947040743,0.671056095,0.406079798,0.023102614,0.008261851
cur_2_60,14,0.37068730299999997,0.801921745,0.880969696,0.9390460070000001,0.637352449,0.37068730299999997,0.023102614,0.008261851
cur_2_70,14,0.33663813,0.7771797309999999,0.8644323690000001,0.929935725,0.602249931,0.33663813,0.023102614,0.008261851
cur_3,14,0.44625513,0.847070258,0.910120023,0.954704808,0.706272268,0.44625513,0.017698272,0.00285751
cur_3_60,14,0.409776992,0.8267448709999999,0.8971569859999999,0.947803273,0.6744262740000001,0.409776992,0.017698272,0.00285751
cur_3_70,14,0.374272686,0.804347021,0.882568838,0.9399181209999999,0.6408903810000001,0.374272686,0.017698272,0.00285751
recover,0,0.908344808,0.9882273540000001,0.99352577,0.9968791690000001,0.973290847,0.908344808,0.006802769,0.006802769
recover_60,0,0.848466114,0.983322708,0.990807985,0.9955628040000001,0.9624002070000001,0.848466114,0.006802769,0.006802769
recover_70,0,0.653813668,0.9594682440000001,0.977414213,0.98902055,0.911318083,0.653813668,0.006802769,0.006802769
