name,effectDays,infectReduct,reduceHosp,reduceIcu,reduceMort,reduceSympt,riskReduct,waneRate,waneRateOut
cur_2,14,0.425189494,0.8358309509999999,0.901819012,0.9502966209999999,0.694986477,0.425189494,0.021207569,0.01241016
cur_2_60,14,0.38929303299999996,0.814383747,0.887835692,0.94277959,0.662567484,0.38929303299999996,0.021207569,0.01241016
cur_2_70,14,0.354564885,0.790840943,0.872146622,0.9342063140000001,0.628551665,0.354564885,0.021207569,0.01241016
cur_3,14,0.44474762,0.846462286,0.90864413,0.953923964,0.7115914720000001,0.44474762,0.018590921,0.009793511
cur_3_60,14,0.408373055,0.8261150279999999,0.8955202520000001,0.9469248840000001,0.680125063,0.408373055,0.018590921,0.009793511
cur_3_70,14,0.37298234700000005,0.803701518,0.8807617059999999,0.9389324640000001,0.646936032,0.37298234700000005,0.018590921,0.009793511
recover,0,0.878825326,0.920977897,0.943785057,0.942819438,0.904334194,0.878825326,0.006124111999999999,0.006124111999999999
recover_60,0,0.7797961790000001,0.850538948,0.891276017,0.889514027,0.8219278740000001,0.7797961790000001,0.006124111999999999,0.006124111999999999
recover_70,0,0.7797961790000001,0.850538948,0.891276017,0.889514027,0.8219278740000001,0.7797961790000001,0.006124111999999999,0.006124111999999999
