name,effectDays,infectReduct,reduceHosp,reduceIcu,reduceMort,reduceSympt,riskReduct,waneRate,waneRateOut
cur_2,14,0.466170572,0.855595997,0.9243500659999999,0.962169475,0.660866449,0.466170572,0.020102657,0.012959682
cur_2_60,14,0.44897652200000004,0.8468234809999999,0.919360686,0.959565307,0.645170158,0.44897652200000004,0.020102657,0.012959682
cur_2_70,14,0.431879335,0.8376057509999999,0.914065075,0.9567858440000001,0.629132015,0.431879335,0.020102657,0.012959682
cur_3,14,0.48177917,0.8631605659999999,0.928613474,0.9643836179999999,0.6747541290000001,0.48177917,0.018044274,0.010901299
cur_3_60,14,0.464510364,0.854769592,0.923882127,0.961925835,0.6593693039999999,0.464510364,0.018044274,0.010901299
cur_3_70,14,0.44730183,0.8459430459999999,0.918857233,0.9593017509999999,0.64361844,0.44730183,0.018044274,0.010901299
recover,0,0.845164638,0.89760773,0.9374250390000001,0.9234387959999999,0.884922518,0.845164638,0.004906245,0.004906245
recover_60,0,0.711824473,0.798671922,0.8714526359999999,0.8451564579999999,0.776777852,0.711824473,0.004906245,0.004906245
recover_70,0,0.711824473,0.798671922,0.8714526359999999,0.8451564579999999,0.776777852,0.711824473,0.004906245,0.004906245
