name,effectDays,infectReduct,reduceHosp,reduceIcu,reduceMort,reduceSympt,riskReduct,waneRate,waneRateOut
cur_2,14,0.5751815779999999,0.900769569,0.954388777,0.977555672,0.697905087,0.5751815779999999,0.021675033,0.013996951
cur_2_60,14,0.532889368,0.884374951,0.946325119,0.97347388,0.660621629,0.532889368,0.021675033,0.013996951
cur_2_70,14,0.49013606299999996,0.8656834440000001,0.9369340859999999,0.968675602,0.621249962,0.49013606299999996,0.021675033,0.013996951
cur_3,14,0.580771621,0.9027993190000001,0.955376085,0.978053037,0.7027149090000001,0.580771621,0.02092157,0.013243488000000001
cur_3_60,14,0.538589489,0.88669787,0.947477369,0.974059297,0.665740754,0.538589489,0.02092157,0.013243488000000001
cur_3_70,14,0.495864335,0.868325967,0.9382747840000001,0.9693635820000001,0.626627313,0.495864335,0.02092157,0.013243488000000001
recover,0,0.927746567,0.987934862,0.994729834,0.997461168,0.954210688,0.927746567,0.0050967009999999995,0.0050967009999999995
recover_60,0,0.864424547,0.9829104670000001,0.992513687,0.996389401,0.9360512940000001,0.864424547,0.0050967009999999995,0.0050967009999999995
recover_70,0,0.659822031,0.958491243,0.981559052,0.99105494,0.8545811329999999,0.659822031,0.0050967009999999995,0.0050967009999999995
