name,effectDays,infectReduct,reduceHosp,reduceIcu,reduceMort,reduceSympt,riskReduct,waneRate,waneRateOut
cur_2,14,0.460302427,0.854239393,0.914811305,0.95717848,0.716765628,0.460302427,0.022673238999999998,0.0122744
cur_2_60,14,0.39907291799999994,0.82024992,0.893180181,0.945666287,0.663352458,0.39907291799999994,0.022673238999999998,0.0122744
cur_2_70,14,0.340888501,0.780405984,0.8668785509999999,0.931293907,0.605458603,0.340888501,0.022673238999999998,0.0122744
cur_3,14,0.457497696,0.852827333,0.913926913,0.956713113,0.714466941,0.457497696,0.02304459,0.012645752
cur_3_60,14,0.39636727,0.8185785170000001,0.8920977109999999,0.945082988,0.660825407,0.39636727,0.02304459,0.012645752
cur_3_70,14,0.338355219,0.778464155,0.865569666,0.9305676420000001,0.6027572170000001,0.338355219,0.02304459,0.012645752
recover,0,0.820436202,0.8780205529999999,0.927445449,0.9218192629999999,0.8634444720000001,0.820436202,0.004691071,0.004691071
recover_60,0,0.613660008,0.714478405,0.8163052479999999,0.803883195,0.687319195,0.613660008,0.004691071,0.004691071
recover_70,0,0.613660008,0.714478405,0.8163052479999999,0.803883195,0.687319195,0.613660008,0.004691071,0.004691071
