name,effectDays,infectReduct,reduceHosp,reduceIcu,reduceMort,reduceSympt,riskReduct,waneRate,waneRateOut
cur_2,14,0.529011783,0.8831893259999999,0.9437744029999999,0.972175382,0.6772356079999999,0.529011783,0.021201362,0.015207753999999999
cur_2_60,14,0.507639769,0.874062812,0.939054808,0.9697633959999999,0.658244401,0.507639769,0.021201362,0.015207753999999999
cur_2_70,14,0.48622179,0.864324317,0.933962321,0.9671471009999999,0.638715221,0.48622179,0.021201362,0.015207753999999999
cur_3,14,0.545319357,0.889788625,0.947155704,0.9738959429999999,0.691404844,0.545319357,0.019044693,0.013051085
cur_3_60,14,0.524021527,0.88110831,0.942702705,0.971628752,0.672844601,0.524021527,0.019044693,0.013051085
cur_3_70,14,0.5026179470000001,0.871834743,0.937894872,0.96916873,0.653710817,0.5026179470000001,0.019044693,0.013051085
recover,0,0.85681928,0.910653588,0.934244051,0.946600432,0.874346843,0.85681928,0.004796306,0.004796306
recover_60,0,0.727688752,0.819867461,0.863844582,0.887841753,0.7565321359999999,0.727688752,0.004796306,0.004796306
recover_70,0,0.727688752,0.819867461,0.863844582,0.887841753,0.7565321359999999,0.727688752,0.004796306,0.004796306
