name,effectDays,infectReduct,reduceHosp,reduceIcu,reduceMort,reduceSympt,riskReduct,waneRate,waneRateOut
cur_2,14,0.48852515399999996,0.86577142,0.9328902090000001,0.966594469,0.6571202070000001,0.48852515399999996,0.020268408,0.012168301999999999
cur_2_60,14,0.449956388,0.846724354,0.922514917,0.961213269,0.621412426,0.449956388,0.020268408,0.012168301999999999
cur_2_70,14,0.411989884,0.82552511,0.910692485,0.95500734,0.584348195,0.411989884,0.020268408,0.012168301999999999
cur_3,14,0.546626335,0.890614467,0.9460844959999999,0.9733515359999999,0.707535246,0.546626335,0.012609572,0.004509466
cur_3_60,14,0.508026645,0.87458196,0.937612648,0.96902393,0.6744768609999999,0.508026645,0.012609572,0.004509466
cur_3_70,14,0.46934123299999997,0.856583042,0.927913779,0.9640209390000001,0.639594679,0.46934123299999997,0.012609572,0.004509466
recover,0,0.861686933,0.907951211,0.910730975,0.95578778,0.885875718,0.861686933,0.005983751999999999,0.005983751999999999
recover_60,0,0.756797177,0.8312762090000001,0.835953108,0.915239947,0.794964749,0.756797177,0.005983751999999999,0.005983751999999999
recover_70,0,0.756797177,0.8312762090000001,0.835953108,0.915239947,0.794964749,0.756797177,0.005983751999999999,0.005983751999999999
