name,effectDays,infectReduct,reduceHosp,reduceIcu,reduceMort,reduceSympt,riskReduct,waneRate,waneRateOut
cur_2,14,0.47252704799999995,0.85826317,0.928234876,0.96418741,0.647467937,0.47252704799999995,0.021787396,0.013810171999999999
cur_2_60,14,0.420123946,0.830429849,0.9127451990000001,0.956090597,0.597645852,0.420123946,0.021787396,0.013810171999999999
cur_2_70,14,0.36949308700000005,0.798436224,0.8943056999999999,0.946272047,0.545756178,0.36949308700000005,0.021787396,0.013810171999999999
cur_3,14,0.529983337,0.884015575,0.942131202,0.971336995,0.698045452,0.529983337,0.014223122,0.006245896999999999
cur_3_60,14,0.47697016,0.8604168809999999,0.929412802,0.964797604,0.65152419,0.47697016,0.014223122,0.006245896999999999
cur_3_70,14,0.42450370200000004,0.83294288,0.91416441,0.956838128,0.6019551439999999,0.42450370200000004,0.014223122,0.006245896999999999
recover,0,0.8564890470000001,0.9218409559999999,0.9412517909999999,0.9470817090000001,0.8848637909999999,0.8564890470000001,0.005204509,0.005204509
recover_60,0,0.7442745270000001,0.851890006,0.8865349109999999,0.8972016740000001,0.7893801490000001,0.7442745270000001,0.005204509,0.005204509
recover_70,0,0.7442745270000001,0.851890006,0.8865349109999999,0.8972016740000001,0.7893801490000001,0.7442745270000001,0.005204509,0.005204509
