name,effectDays,infectReduct,reduceHosp,reduceIcu,reduceMort,reduceSympt,riskReduct,waneRate,waneRateOut
cur_2,14,0.426824707,0.836034615,0.906161413,0.952607605,0.671101501,0.426824707,0.019055145,0.012624713000000001
cur_2_60,14,0.39886389200000005,0.8195988040000001,0.895879622,0.947117883,0.645150129,0.39886389200000005,0.019055145,0.012624713000000001
cur_2_70,14,0.371541922,0.80190211,0.8846123159999999,0.941030316,0.618310137,0.371541922,0.019055145,0.012624713000000001
cur_3,14,0.471827637,0.85948558,0.9205358929999999,0.960179965,0.7099580790000001,0.471827637,0.013071279,0.006640846999999999
cur_3_60,14,0.44319829299999997,0.844964563,0.911675582,0.955526441,0.6856364690000001,0.44319829299999997,0.013071279,0.006640846999999999
cur_3_70,14,0.41493565600000004,0.8292377259999999,0.9019305059999999,0.950356095,0.660246079,0.41493565600000004,0.013071279,0.006640846999999999
recover,0,0.9385589209999999,0.9918497070000001,0.995679887,0.997919874,0.97987918,0.9385589209999999,0.005574258,0.005574258
recover_60,0,0.8994526290000001,0.9906509809999999,0.9950416790000001,0.9976117840000001,0.976960755,0.8994526290000001,0.005574258,0.005574258
recover_70,0,0.7564049690000001,0.980589684,0.9896562590000001,0.995003835,0.9528671809999999,0.7564049690000001,0.005574258,0.005574258
