name,effectDays,infectReduct,reduceHosp,reduceIcu,reduceMort,reduceSympt,riskReduct,waneRate,waneRateOut
cur_2,14,0.51477627,0.876706084,0.94265071,0.971602215,0.642593164,0.51477627,0.021208311,0.015901847
cur_2_60,14,0.48563103399999996,0.8635374140000001,0.9360113179999999,0.9682015070000001,0.615389221,0.48563103399999996,0.021208311,0.015901847
cur_2_70,14,0.45657786,0.8492014040000001,0.928660023,0.964407736,0.587438818,0.45657786,0.021208311,0.015901847
cur_3,14,0.580157799,0.902551317,0.955376047,0.978053018,0.70076345,0.580157799,0.012519032,0.007212568000000001
cur_3_60,14,0.551518318,0.8918024240000001,0.950131946,0.9754052559999999,0.6757529870000001,0.551518318,0.012519032,0.007212568000000001
cur_3_70,14,0.522527666,0.880023228,0.944306364,0.97244648,0.649692195,0.522527666,0.012519032,0.007212568000000001
recover,0,0.8958946259999999,0.940720399,0.960335377,0.951217181,0.922626258,0.8958946259999999,0.006537647,0.006537647
recover_60,0,0.798614942,0.8797031009999999,0.917742615,0.899854156,0.8460326859999999,0.798614942,0.006537647,0.006537647
recover_70,0,0.798614942,0.8797031009999999,0.917742615,0.899854156,0.8460326859999999,0.798614942,0.006537647,0.006537647
