name,effectDays,infectReduct,reduceHosp,reduceIcu,reduceMort,reduceSympt,riskReduct,waneRate,waneRateOut
cur_2,14,0.45662476399999996,0.8494386340000001,0.927748165,0.963935056,0.59653106,0.45662476399999996,0.021389946,0.012330053999999998
cur_2_60,14,0.422290879,0.830723984,0.917825679,0.958761285,0.562568758,0.422290879,0.021389946,0.012330053999999998
cur_2_70,14,0.388695633,0.8102053029999999,0.9066789209999999,0.952882287,0.528013528,0.388695633,0.021389946,0.012330053999999998
cur_3,14,0.575284266,0.9009287890000001,0.953910512,0.9773145540000001,0.704415613,0.575284266,0.005695183,-0.0033647090000000004
cur_3_60,14,0.540909901,0.887768703,0.947377158,0.974008412,0.6745805659999999,0.540909901,0.005695183,-0.0033647090000000004
cur_3_70,14,0.5061456870000001,0.873108462,0.93997684,0.970235567,0.643262794,0.5061456870000001,0.005695183,-0.0033647090000000004
recover,0,0.90654648,0.98795109,0.994669983,0.997432256,0.955531465,0.90654648,0.005592646,0.005592646
recover_60,0,0.8802538409999999,0.982933335,0.9924288609999999,0.996348328,0.937861762,0.8802538409999999,0.005592646,0.005592646
recover_70,0,0.7582231629999999,0.95854541,0.981352433,0.9909537359999999,0.858349082,0.7582231629999999,0.005592646,0.005592646
