name,effectDays,infectReduct,reduceHosp,reduceIcu,reduceMort,reduceSympt,riskReduct,waneRate,waneRateOut
cur_2,14,0.5990244579999999,0.9086815859999999,0.960600273,0.9806760990000001,0.6875217790000001,0.5990244579999999,0.019452043000000002,0.022129586
cur_2_60,14,0.583037014,0.903042206,0.95801901,0.9793818679999999,0.6731374859999999,0.583037014,0.019452043000000002,0.022129586
cur_2_70,14,0.566847539,0.8970844179999999,0.9552720729999999,0.978000665,0.658396662,0.566847539,0.019452043000000002,0.022129586
cur_3,14,0.579612629,0.90180329,0.9574494809999999,0.979095831,0.670034288,0.579612629,0.022089366000000003,0.024766909
cur_3_60,14,0.563415304,0.895787854,0.954671535,0.977698167,0.655248654,0.563415304,0.022089366000000003,0.024766909
cur_3_70,14,0.547055836,0.8894388809999999,0.9517166020000001,0.976206914,0.64013238,0.547055836,0.022089366000000003,0.024766909
recover,0,0.858993186,0.9007629970000001,0.9178029990000001,0.932349738,0.868669894,0.858993186,0.004483621,0.004483621
recover_60,0,0.714248453,0.7883297140000001,0.8208356459999999,0.849733471,0.730744773,0.714248453,0.004483621,0.004483621
recover_70,0,0.714248453,0.7883297140000001,0.8208356459999999,0.849733471,0.730744773,0.714248453,0.004483621,0.004483621
