name,effectDays,infectReduct,reduceHosp,reduceIcu,reduceMort,reduceSympt,riskReduct,waneRate,waneRateOut
cur_2,14,0.526866221,0.8830590779999999,0.9399516790000001,0.9702226890000001,0.710497281,0.526866221,0.021977325,0.017934995
cur_2_60,14,0.49926971,0.871157672,0.9334037279999999,0.966859248,0.687253612,0.49926971,0.021977325,0.017934995
cur_2_70,14,0.47166979700000006,0.858235638,0.926195667,0.963129215,0.6630218000000001,0.47166979700000006,0.021977325,0.017934995
cur_3,14,0.49290073100000004,0.868270848,0.9318023999999999,0.966033094,0.681751557,0.49290073100000004,0.026447487999999998,0.022405158999999997
cur_3_60,14,0.46533355,0.855111343,0.924437251,0.9622148559999999,0.657313111,0.46533355,0.026447487999999998,0.022405158999999997
cur_3_70,14,0.437968776,0.84087393,0.91634568,0.9579848059999999,0.6320036520000001,0.437968776,0.026447487999999998,0.022405158999999997
recover,0,0.808479589,0.893503354,0.890791879,0.927773787,0.84606,0.808479589,0.004139476,0.004139476
recover_60,0,0.651751771,0.788118917,0.783374802,0.850632706,0.709016981,0.651751771,0.004139476,0.004139476
recover_70,0,0.651751771,0.788118917,0.783374802,0.850632706,0.709016981,0.651751771,0.004139476,0.004139476
