name,effectDays,infectReduct,reduceHosp,reduceIcu,reduceMort,reduceSympt,riskReduct,waneRate,waneRateOut
cur_2,14,0.566543392,0.8971373340000001,0.9545687820000001,0.97764639,0.667230776,0.566543392,0.020014313,0.016845653999999998
cur_2_60,14,0.551545441,0.89138521,0.951855902,0.976277319,0.653586477,0.551545441,0.020014313,0.016845653999999998
cur_2_70,14,0.536425175,0.885341113,0.9489842359999999,0.974823797,0.639658914,0.536425175,0.020014313,0.016845653999999998
cur_3,14,0.603441634,0.9103469279999999,0.960725917,0.980739005,0.7000951209999999,0.603441634,0.015014945,0.011846286000000001
cur_3_60,14,0.5887937360000001,0.90525548,0.958364668,0.9795553840000001,0.6871665490000001,0.5887937360000001,0.015014945,0.011846286000000001
cur_3_70,14,0.573959246,0.8998965440000001,0.95586323,0.9782982490000001,0.673915493,0.573959246,0.015014945,0.011846286000000001
recover,0,0.952815442,0.987878369,0.994932433,0.9975590259999999,0.949330874,0.952815442,0.006769142,0.006769142
recover_60,0,0.9095410290000001,0.9828308570000001,0.992800865,0.996528425,0.929379443,0.9095410290000001,0.006769142,0.006769142
recover_70,0,0.7540248979999999,0.9583027040000001,0.982258944,0.991397592,0.840854529,0.7540248979999999,0.006769142,0.006769142
