name,effectDays,infectReduct,reduceHosp,reduceIcu,reduceMort,reduceSympt,riskReduct,waneRate,waneRateOut
cur_2,14,0.295117955,0.7437289020000001,0.8305613159999999,0.91074054,0.601868462,0.295117955,0.019416146000000002,0.010626904
cur_2_60,14,0.275941251,0.725400756,0.8169145390000001,0.9027957090000001,0.579135921,0.275941251,0.019416146000000002,0.010626904
cur_2_70,14,0.257544177,0.7062673770000001,0.802420839,0.8942203329999999,0.5560483820000001,0.257544177,0.019416146000000002,0.010626904
cur_3,14,0.392006691,0.817158155,0.883023734,0.940165923,0.6995228729999999,0.392006691,0.005220955,-0.0035682870000000003
cur_3_60,14,0.369837462,0.802688325,0.872956017,0.934652268,0.679396045,0.369837462,0.005220955,-0.0035682870000000003
cur_3_70,14,0.348190699,0.78736157,0.862150135,0.928665218,0.658565945,0.348190699,0.005220955,-0.0035682870000000003
recover,0,0.834171495,0.9055630509999999,0.9358609659999999,0.944517522,0.880098206,0.834171495,0.004716165,0.004716165
recover_60,0,0.739930847,0.8443226090000001,0.891923215,0.9059136720000001,0.8058841379999999,0.739930847,0.004716165,0.004716165
recover_70,0,0.739930847,0.8443226090000001,0.891923215,0.9059136720000001,0.8058841379999999,0.739930847,0.004716165,0.004716165
