name,effectDays,infectReduct,reduceHosp,reduceIcu,reduceMort,reduceSympt,riskReduct,waneRate,waneRateOut
cur_2,14,0.554616856,0.893873645,0.947040497,0.973837423,0.7214969179999999,0.554616856,0.02213999,0.018878367
cur_2_60,14,0.500069925,0.87122921,0.934914386,0.967637319,0.6754273190000001,0.500069925,0.02213999,0.018878367
cur_2_70,14,0.44555730200000004,0.844612218,0.9202562740000001,0.960033789,0.625724674,0.44555730200000004,0.02213999,0.018878367
cur_3,14,0.515833034,0.878141233,0.9386487059999999,0.969555284,0.689098843,0.515833034,0.027268405,0.024006782
cur_3_60,14,0.46115106200000006,0.852693134,0.9247537990000001,0.962379586,0.640341525,0.46115106200000006,0.027268405,0.024006782
cur_3_70,14,0.407423475,0.8230230190000001,0.908032492,0.953599999,0.588539124,0.407423475,0.027268405,0.024006782
recover,0,0.874028096,0.915131363,0.9315449,0.936409376,0.905337163,0.874028096,0.005845967,0.005845967
recover_60,0,0.730764513,0.808363926,0.841857944,0.8520836690000001,0.7890880509999999,0.730764513,0.005845967,0.005845967
recover_70,0,0.730764513,0.808363926,0.841857944,0.8520836690000001,0.7890880509999999,0.730764513,0.005845967,0.005845967
