name,effectDays,infectReduct,reduceHosp,reduceIcu,reduceMort,reduceSympt,riskReduct,waneRate,waneRateOut
cur_2,14,0.477614885,0.861093675,0.9278931429999999,0.964010239,0.667574811,0.477614885,0.021768265,0.013386348000000001
cur_2_60,14,0.441907661,0.842981368,0.917658063,0.958673408,0.634927185,0.441907661,0.021768265,0.013386348000000001
cur_2_70,14,0.406796673,0.8229961640000001,0.906119122,0.952585151,0.600995139,0.406796673,0.021768265,0.013386348000000001
cur_3,14,0.510258184,0.87599542,0.93615999,0.9682779229999999,0.695905522,0.510258184,0.017473289,0.009091372
cur_3_60,14,0.474326441,0.859509165,0.927006025,0.963550008,0.664642538,0.474326441,0.017473289,0.009091372
cur_3_70,14,0.438664254,0.841231402,0.916658083,0.958148812,0.63187106,0.438664254,0.017473289,0.009091372
recover,0,0.8103051990000001,0.8839539890000001,0.9218278109999999,0.921480511,0.860675318,0.8103051990000001,0.003945155,0.003945155
recover_60,0,0.638293758,0.758850912,0.829687795,0.8290070709999999,0.718469406,0.638293758,0.003945155,0.003945155
recover_70,0,0.638293758,0.758850912,0.829687795,0.8290070709999999,0.718469406,0.638293758,0.003945155,0.003945155
