name,effectDays,infectReduct,reduceHosp,reduceIcu,reduceMort,reduceSympt,riskReduct,waneRate,waneRateOut
cur_2,14,0.507494697,0.873437702,0.9414039540000001,0.97096547,0.631918493,0.507494697,0.019942773,0.014884582
cur_2_60,14,0.46949778799999997,0.855642597,0.932425814,0.9663548940000001,0.595876871,0.46949778799999997,0.019942773,0.014884582
cur_2_70,14,0.431860181,0.835820762,0.9221883559999999,0.961042915,0.558779285,0.431860181,0.019942773,0.014884582
cur_3,14,0.5814674439999999,0.9029570579999999,0.9558717840000001,0.978302553,0.698312562,0.5814674439999999,0.010118578,0.005060387
cur_3_60,14,0.544050181,0.888783986,0.948990302,0.9748268720000001,0.665329005,0.544050181,0.010118578,0.005060387
cur_3_70,14,0.506138092,0.872836513,0.941103845,0.9708120709999999,0.630655185,0.506138092,0.010118578,0.005060387
recover,0,0.8868610920000001,0.930689905,0.945421163,0.9571170309999999,0.9033677999999999,0.8868610920000001,0.0057453140000000005,0.0057453140000000005
recover_60,0,0.742663637,0.83175585,0.864452175,0.891508011,0.774867849,0.742663637,0.0057453140000000005,0.0057453140000000005
recover_70,0,0.742663637,0.83175585,0.864452175,0.891508011,0.774867849,0.742663637,0.0057453140000000005,0.0057453140000000005
