name,effectDays,infectReduct,reduceHosp,reduceIcu,reduceMort,reduceSympt,riskReduct,waneRate,waneRateOut
cur_2,14,0.34859926700000005,0.7874169190000001,0.863810558,0.929589888,0.651503548,0.34859926700000005,0.021015061,0.010504828999999999
cur_2_60,14,0.327292291,0.771035893,0.852211345,0.923094293,0.62957628,0.327292291,0.021015061,0.010504828999999999
cur_2_70,14,0.30666252899999996,0.753776827,0.8397998529999999,0.9160492370000001,0.607087935,0.30666252899999996,0.021015061,0.010504828999999999
cur_3,14,0.411700448,0.828876652,0.8924071570000001,0.945249808,0.7096977459999999,0.411700448,0.012195497,0.001685265
cur_3_60,14,0.38883888,0.81493955,0.882913375,0.9401058170000001,0.689688031,0.38883888,0.012195497,0.001685265
cur_3_70,14,0.366442946,0.800132029,0.872695115,0.934508562,0.668929993,0.366442946,0.012195497,0.001685265
recover,0,0.900519868,0.939028592,0.955749062,0.976990845,0.9185018490000001,0.900519868,0.006236988000000001,0.006236988000000001
recover_60,0,0.777928652,0.856320883,0.893141608,0.9426329529999999,0.8134803829999999,0.777928652,0.006236988000000001,0.006236988000000001
recover_70,0,0.777928652,0.856320883,0.893141608,0.9426329529999999,0.8134803829999999,0.777928652,0.006236988000000001,0.006236988000000001
