name,effectDays,infectReduct,reduceHosp,reduceIcu,reduceMort,reduceSympt,riskReduct,waneRate,waneRateOut
cur_2,14,0.437694355,0.840436373,0.91762564,0.958656408,0.620411999,0.437694355,0.01893771,0.009779423
cur_2_60,14,0.38191358200000003,0.80699,0.898403122,0.9484709809999999,0.5647316929999999,0.38191358200000003,0.01893771,0.009779423
cur_2_70,14,0.329117718,0.7684936520000001,0.875322479,0.935953823,0.507410414,0.329117718,0.01893771,0.009779423
cur_3,14,0.5191247720000001,0.8795885520000001,0.939207866,0.969841809,0.693887774,0.5191247720000001,0.008185015,-0.000973272
cur_3_60,14,0.461483264,0.852912638,0.9246078959999999,0.962303666,0.6427796689999999,0.461483264,0.008185015,-0.000973272
cur_3_70,14,0.40489332,0.821550263,0.9068632590000001,0.952980092,0.588242566,0.40489332,0.008185015,-0.000973272
recover,0,0.9207662109999999,0.988044296,0.9943112279999999,0.997258913,0.9624691190000001,0.9207662109999999,0.0006187990000000001,0.0006187990000000001
recover_60,0,0.898923771,0.983064692,0.991920485,0.9961020970000001,0.947404375,0.898923771,0.0006187990000000001,0.0006187990000000001
recover_70,0,0.79271009,0.9588566159999999,0.980115214,0.9903472729999999,0.878520875,0.79271009,0.0006187990000000001,0.0006187990000000001
