name,effectDays,infectReduct,reduceHosp,reduceIcu,reduceMort,reduceSympt,riskReduct,waneRate,waneRateOut
cur_2,14,0.547612422,0.890135745,0.949928234,0.975302102,0.665416511,0.547612422,0.020670335,0.016560946
cur_2_60,14,0.501980066,0.8709090359999999,0.94046561,0.970485677,0.6234971429999999,0.501980066,0.020670335,0.016560946
cur_2_70,14,0.45633627600000004,0.848899933,0.929353442,0.964766873,0.579664753,0.45633627600000004,0.020670335,0.016560946
cur_3,14,0.566549889,0.8974206779999999,0.95345573,0.97708516,0.682283693,0.566549889,0.018146721,0.014037331
cur_3_60,14,0.5211574210000001,0.8792959840000001,0.944620873,0.972606689,0.641338532,0.5211574210000001,0.018146721,0.014037331
cur_3_70,14,0.47543455100000004,0.858484448,0.9342300509999999,0.9672850059999999,0.5982448429999999,0.47543455100000004,0.018146721,0.014037331
recover,0,0.930991591,0.9879148109999999,0.994802759,0.997496394,0.952529567,0.930991591,0.004750151,0.004750151
recover_60,0,0.909316558,0.982882209,0.99261705,0.9964394440000001,0.933749754,0.909316558,0.004750151,0.004750151
recover_70,0,0.808137894,0.9584243159999999,0.9818108940000001,0.991178265,0.8498178890000001,0.808137894,0.004750151,0.004750151
