name,effectDays,infectReduct,reduceHosp,reduceIcu,reduceMort,reduceSympt,riskReduct,waneRate,waneRateOut
cur_2,14,0.520142188,0.879907234,0.9399424590000001,0.970217969,0.6896543409999999,0.520142188,0.023362572,0.015782393000000002
cur_2_60,14,0.470001989,0.857025734,0.927557849,0.963836343,0.645142543,0.470001989,0.023362572,0.015782393000000002
cur_2_70,14,0.420488277,0.830640066,0.9128653590000001,0.956153932,0.597996029,0.420488277,0.023362572,0.015782393000000002
cur_3,14,0.549173375,0.891704478,0.94620275,0.973411666,0.714067717,0.549173375,0.019525236,0.011945057
cur_3_60,14,0.49914566299999996,0.8707405309999999,0.935019844,0.9676915890000001,0.6713890140000001,0.49914566299999996,0.019525236,0.011945057
cur_3_70,14,0.449163686,0.8464323770000001,0.9217130379999999,0.960794852,0.62570649,0.449163686,0.019525236,0.011945057
recover,0,0.933313962,0.9880317259999999,0.994361143,0.997283035,0.9615950590000001,0.933313962,0.006638287,0.006638287
recover_60,0,0.8678674009999999,0.9830469759999999,0.991991207,0.9961363590000001,0.946199083,0.8678674009999999,0.006638287,0.006638287
recover_70,0,0.6563391829999999,0.9588146359999999,0.980287219,0.990431634,0.875943735,0.6563391829999999,0.006638287,0.006638287
