name,effectDays,infectReduct,reduceHosp,reduceIcu,reduceMort,reduceSympt,riskReduct,waneRate,waneRateOut
cur_2,14,0.46063157899999996,0.853820334,0.9179058090000001,0.95880329,0.695159897,0.46063157899999996,0.022846071000000003,0.010258715
cur_2_60,14,0.440291971,0.843262712,0.911496903,0.955432135,0.67747186,0.440291971,0.022846071000000003,0.010258715
cur_2_70,14,0.420131949,0.832081675,0.904632945,0.9517954209999999,0.659243106,0.420131949,0.022846071000000003,0.010258715
cur_3,14,0.462180772,0.854596682,0.918374342,0.9590488229999999,0.696479333,0.462180772,0.02264112,0.010053765
cur_3_60,14,0.44182879399999997,0.844084891,0.9119985070000001,0.955696833,0.6788324840000001,0.44182879399999997,0.02264112,0.010053765
cur_3_70,14,0.421651415,0.8329508870000001,0.905169404,0.9520806340000001,0.66064211,0.421651415,0.02264112,0.010053765
recover,0,0.929943043,0.9881698179999999,0.993784929,0.9970044990000001,0.970248443,0.929943043,0.006571082,0.006571082
recover_60,0,0.8704827690000001,0.9832416079999999,0.9911749679999999,0.9957407709999999,0.958170579,0.8704827690000001,0.006571082,0.006571082
recover_70,0,0.6749741029999999,0.9592759470000001,0.978304223,0.989458136,0.901927755,0.6749741029999999,0.006571082,0.006571082
