name,effectDays,infectReduct,reduceHosp,reduceIcu,reduceMort,reduceSympt,riskReduct,waneRate,waneRateOut
cur_2,14,0.485245359,0.864486573,0.9309382159999999,0.9655866540000001,0.66484953,0.485245359,0.021153894,0.011586211
cur_2_60,14,0.458800954,0.851565177,0.923794529,0.9618802129999999,0.64080187,0.458800954,0.021153894,0.011586211
cur_2_70,14,0.43257711600000004,0.83763785,0.915975628,0.9577904629999999,0.616016133,0.43257711600000004,0.021153894,0.011586211
cur_3,14,0.554898311,0.894029958,0.946884543,0.973758193,0.724021667,0.554898311,0.011964266999999999,0.002396585
cur_3_60,14,0.5285556770000001,0.88354609,0.941286299,0.970905337,0.7023187320000001,0.5285556770000001,0.011964266999999999,0.002396585
cur_3_70,14,0.502043381,0.8721690209999999,0.9351360879999999,0.967751402,0.6796557940000001,0.502043381,0.011964266999999999,0.002396585
recover,0,0.9259687790000001,0.991754316,0.9960806870000001,0.998113252,0.973959118,0.9259687790000001,0.0050046940000000005,0.0050046940000000005
recover_60,0,0.873643563,0.990541695,0.995501422,0.9978337409999999,0.970208124,0.873643563,0.0050046940000000005,0.0050046940000000005
recover_70,0,0.6962143759999999,0.9803651170000001,0.990610633,0.995467071,0.939490279,0.6962143759999999,0.0050046940000000005,0.0050046940000000005
