name,effectDays,infectReduct,reduceHosp,reduceIcu,reduceMort,reduceSympt,riskReduct,waneRate,waneRateOut
cur_2,14,0.505932749,0.874466654,0.9334257509999999,0.9668706,0.7078513059999999,0.505932749,0.021166282999999998,0.015191723
cur_2_60,14,0.491287696,0.8678931879999999,0.929691409,0.964941816,0.69559029,0.491287696,0.021166282999999998,0.015191723
cur_2_70,14,0.4766286,0.861016309,0.925756272,0.962900897,0.6830199579999999,0.4766286,0.021166282999999998,0.015191723
cur_3,14,0.502101211,0.872774433,0.932466935,0.9663761129999999,0.704671603,0.502101211,0.021670192,0.015695632
cur_3_60,14,0.487457641,0.866125922,0.9286829190000001,0.9644195990000001,0.692335142,0.487457641,0.021670192,0.015695632
cur_3_70,14,0.472806612,0.859171974,0.9246959090000001,0.9623494640000001,0.67969229,0.472806612,0.021670192,0.015695632
recover,0,0.937460085,0.988106829,0.9940555040000001,0.997135313,0.966552381,0.937460085,0.004154046,0.004154046
recover_60,0,0.916377387,0.983152826,0.991558204,0.995926547,0.953046686,0.916377387,0.004154046,0.004154046
recover_70,0,0.8195808659999999,0.959065488,0.979234673,0.989915167,0.89070029,0.8195808659999999,0.004154046,0.004154046
