name,effectDays,infectReduct,reduceHosp,reduceIcu,reduceMort,reduceSympt,riskReduct,waneRate,waneRateOut
cur_2,14,0.52406681,0.881765573,0.939901012,0.970196754,0.702385635,0.52406681,0.022113415,0.014072598
cur_2_60,14,0.503241275,0.8727927520000001,0.935014943,0.967689067,0.6846679170000001,0.503241275,0.022113415,0.014072598
cur_2_70,14,0.482385579,0.8632356520000001,0.9297563740000001,0.964975437,0.666379559,0.482385579,0.022113415,0.014072598
cur_3,14,0.527924053,0.8833689859999999,0.9407689920000001,0.970640855,0.705609507,0.527924053,0.021604784,0.013563967
cur_3_60,14,0.507108559,0.87450053,0.935948681,0.9681693090000001,0.687998461,0.507108559,0.021604784,0.013563967
cur_3_70,14,0.486249472,0.8650518979999999,0.930760075,0.965494574,0.669810111,0.486249472,0.021604784,0.013563967
recover,0,0.9478539140000001,0.988055065,0.9942680770000001,0.9972380590000001,0.9632033659999999,0.9478539140000001,0.002677154,0.002677154
recover_60,0,0.917916938,0.9830798690000001,0.991859347,0.9960724759999999,0.9484175509999999,0.917916938,0.002677154,0.002677154
recover_70,0,0.801509308,0.95889258,0.97996655,0.9902743479999999,0.8806938870000001,0.801509308,0.002677154,0.002677154
