name,effectDays,infectReduct,reduceHosp,reduceIcu,reduceMort,reduceSympt,riskReduct,waneRate,waneRateOut
cur_2,14,0.569422833,0.8980936359999999,0.955547777,0.978139476,0.6631848260000001,0.569422833,0.02283242,0.017594843
cur_2_60,14,0.518202066,0.877564241,0.9458954390000001,0.9732553890000001,0.6155880260000001,0.518202066,0.02283242,0.017594843
cur_2_70,14,0.46662708299999994,0.85358909,0.9342990170000001,0.967320524,0.565700952,0.46662708299999994,0.02283242,0.017594843
cur_3,14,0.579956737,0.9019710009999999,0.95734294,0.979042303,0.672743194,0.579956737,0.021415464,0.016177887
cur_3_60,14,0.52895246,0.8821201890000001,0.948059214,0.974354638,0.625734848,0.52895246,0.021415464,0.016177887
cur_3_70,14,0.477367639,0.858893727,0.936895622,0.96865585,0.5762581520000001,0.477367639,0.021415464,0.016177887
recover,0,0.88203741,0.9204921079999999,0.926298673,0.948055757,0.89853695,0.88203741,0.005904106,0.005904106
recover_60,0,0.778327453,0.844635507,0.855109969,0.895511827,0.806144858,0.778327453,0.005904106,0.005904106
recover_70,0,0.778327453,0.844635507,0.855109969,0.895511827,0.806144858,0.778327453,0.005904106,0.005904106
