name,effectDays,infectReduct,reduceHosp,reduceIcu,reduceMort,reduceSympt,riskReduct,waneRate,waneRateOut
cur_2,14,0.584191376,0.903658732,0.9574315529999999,0.979086824,0.6854995709999999,0.584191376,0.019832091,0.017500791
cur_2_60,14,0.568938202,0.898080083,0.954810917,0.977768393,0.671875353,0.568938202,0.019832091,0.017500791
cur_2_70,14,0.5535259579999999,0.89220637,0.952032014,0.976366315,0.6579307120000001,0.5535259579999999,0.019832091,0.017500791
cur_3,14,0.584923248,0.903920783,0.9575542109999999,0.9791484429999999,0.6861489270000001,0.584923248,0.019733011,0.017401711
cur_3_60,14,0.569677145,0.8983556009999999,0.95494077,0.977833808,0.672539401,0.569677145,0.019733011,0.017401711
cur_3_70,14,0.554270623,0.892495866,0.952169452,0.9764357570000001,0.658608641,0.554270623,0.019733011,0.017401711
recover,0,0.867318588,0.904383031,0.9335987809999999,0.948300308,0.9006928059999999,0.867318588,0.0057756,0.0057756
recover_60,0,0.7735882540000001,0.8317571020000001,0.88022477,0.905547992,0.825803842,0.7735882540000001,0.0057756,0.0057756
recover_70,0,0.7735882540000001,0.8317571020000001,0.88022477,0.905547992,0.825803842,0.7735882540000001,0.0057756,0.0057756
