name,effectDays,infectReduct,reduceHosp,reduceIcu,reduceMort,reduceSympt,riskReduct,waneRate,waneRateOut
cur_2,14,0.527137804,0.8823822370000001,0.9434986670000001,0.9720348,0.674206263,0.527137804,0.019979228,0.015592927
cur_2_60,14,0.499255037,0.870292497,0.9372442009999999,0.9688348259999999,0.649224867,0.499255037,0.019979228,0.015592927
cur_2_70,14,0.47136952,0.857157608,0.9303465809999999,0.9652807729999999,0.62339097,0.47136952,0.019979228,0.015592927
cur_3,14,0.5411057579999999,0.888084448,0.9464178259999999,0.973521007,0.6864142790000001,0.5411057579999999,0.018133628,0.013747327
cur_3_60,14,0.513286152,0.876498793,0.940466108,0.9704859309999999,0.661899545,0.513286152,0.018133628,0.013747327
cur_3_70,14,0.48537658200000006,0.8638940979999999,0.9338976390000001,0.967113778,0.636476434,0.48537658200000006,0.018133628,0.013747327
recover,0,0.930070368,0.987979437,0.9945636090000001,0.997380865,0.95775595,0.930070368,0.007739076,0.007739076
recover_60,0,0.9115384809999999,0.9829732840000001,0.992278106,0.9962753240000001,0.940915498,0.9115384809999999,0.007739076,0.007739076
recover_70,0,0.817336093,0.9586400429999999,0.980985353,0.990773882,0.8647468770000001,0.817336093,0.007739076,0.007739076
