name,effectDays,infectReduct,reduceHosp,reduceIcu,reduceMort,reduceSympt,riskReduct,waneRate,waneRateOut
cur_2,14,0.476018073,0.859396259,0.931673375,0.9659664659999999,0.626488455,0.476018073,0.020546976,0.012169743
cur_2_60,14,0.427170527,0.833811009,0.9179850359999999,0.958844817,0.579270155,0.427170527,0.020546976,0.012169743
cur_2_70,14,0.379729175,0.804645823,0.901853095,0.9503148029999999,0.530583001,0.379729175,0.020546976,0.012169743
cur_3,14,0.545701343,0.889888523,0.947449607,0.9740452009999999,0.689225262,0.545701343,0.011363906000000002,0.002986673
cur_3_60,14,0.496478462,0.869006115,0.936707117,0.968559035,0.645449553,0.496478462,0.011363906000000002,0.002986673
cur_3_70,14,0.44735101299999996,0.8448683090000001,0.9239526490000001,0.9619625620000001,0.599120844,0.44735101299999996,0.011363906000000002,0.002986673
recover,0,0.865999504,0.91271784,0.93011575,0.939825935,0.894330807,0.865999504,0.0057764140000000005,0.0057764140000000005
recover_60,0,0.7919691240000001,0.860335073,0.886880332,0.9019647470000001,0.832932879,0.7919691240000001,0.0057764140000000005,0.0057764140000000005
recover_70,0,0.7919691240000001,0.860335073,0.886880332,0.9019647470000001,0.832932879,0.7919691240000001,0.0057764140000000005,0.0057764140000000005
