name,effectDays,infectReduct,reduceHosp,reduceIcu,reduceMort,reduceSympt,riskReduct,waneRate,waneRateOut
cur_2,14,0.561673655,0.8952131729999999,0.9540232820000001,0.9773714179999999,0.6584015329999999,0.561673655,0.02006143,0.015491288999999998
cur_2_60,14,0.528104128,0.8818129729999999,0.947704419,0.974174568,0.627324725,0.528104128,0.02006143,0.015491288999999998
cur_2_70,14,0.494280784,0.866954885,0.9405717259999999,0.97053996,0.595161327,0.494280784,0.02006143,0.015491288999999998
cur_3,14,0.605858283,0.911097697,0.961377466,0.981065085,0.698076978,0.605858283,0.014078582,0.009508441999999999
cur_3_60,14,0.573100729,0.899500778,0.956022742,0.9783785140000001,0.6687939070000001,0.573100729,0.014078582,0.009508441999999999
cur_3_70,14,0.539691415,0.886580334,0.949964701,0.9753205690000001,0.6381450439999999,0.539691415,0.014078582,0.009508441999999999
recover,0,0.949546033,0.9878678790000001,0.9949690940000001,0.997576731,0.9483746890000001,0.949546033,0.010843921000000001,0.010843921000000001
recover_60,0,0.9522062859999999,0.982816074,0.992852835,0.9965535790000001,0.928075276,0.9522062859999999,0.010843921000000001,0.010843921000000001
recover_70,0,0.917394365,0.958267698,0.982385664,0.9914596040000001,0.838200162,0.917394365,0.010843921000000001,0.010843921000000001
