name,effectDays,infectReduct,reduceHosp,reduceIcu,reduceMort,reduceSympt,riskReduct,waneRate,waneRateOut
cur_2,14,0.417001645,0.830852475,0.90050478,0.9495950320000001,0.676798496,0.417001645,0.020180431999999998,0.01032787
cur_2_60,14,0.40828267700000004,0.8257363190000001,0.8972348,0.9478449940000001,0.668879718,0.40828267700000004,0.020180431999999998,0.01032787
cur_2_70,14,0.39958432899999996,0.820476304,0.893855495,0.9460298340000001,0.660829837,0.39958432899999996,0.020180431999999998,0.01032787
cur_3,14,0.43348743700000003,0.840122357,0.906387554,0.952727655,0.691374989,0.43348743700000003,0.017962642,0.008110081
cur_3_60,14,0.424674861,0.83523098,0.903290151,0.951080777,0.683646413,0.424674861,0.017962642,0.008110081
cur_3_70,14,0.41587273,0.830198621,0.900087795,0.9493722179999999,0.675781515,0.41587273,0.017962642,0.008110081
recover,0,0.874146188,0.9051620859999999,0.9450925179999999,0.942674342,0.896646249,0.874146188,0.005354701999999999,0.005354701999999999
recover_60,0,0.7779959759999999,0.8280463240000001,0.8967415329999999,0.892436291,0.81402867,0.7779959759999999,0.005354701999999999,0.005354701999999999
recover_70,0,0.7779959759999999,0.8280463240000001,0.8967415329999999,0.892436291,0.81402867,0.7779959759999999,0.005354701999999999,0.005354701999999999
