name,effectDays,infectReduct,reduceHosp,reduceIcu,reduceMort,reduceSympt,riskReduct,waneRate,waneRateOut
cur_2,14,0.573342919,0.900477608,0.9524796059999999,0.976592426,0.716189147,0.573342919,0.02057067,0.017407534
cur_2_60,14,0.558827918,0.895054723,0.9497320840000001,0.975202757,0.7040251259999999,0.558827918,0.02057067,0.017407534
cur_2_70,14,0.544183061,0.8893613029999999,0.9468287670000001,0.973729854,0.69153968,0.544183061,0.02057067,0.017407534
cur_3,14,0.544971104,0.889673568,0.946988505,0.9738110109999999,0.6922170529999999,0.544971104,0.024355817000000002,0.02119268
cur_3_60,14,0.530281652,0.8837379890000001,0.9439421859999999,0.9722609040000001,0.6794854029999999,0.530281652,0.024355817000000002,0.02119268
cur_3_70,14,0.515510739,0.877514638,0.9407253329999999,0.9706185270000001,0.666455209,0.515510739,0.024355817000000002,0.02119268
recover,0,0.911583227,0.987985516,0.994540492,0.9973696959999999,0.958219565,0.911583227,0.004375873,0.004375873
recover_60,0,0.905920526,0.9829818509999999,0.992245347,0.996259459,0.941552652,0.905920526,0.004375873,0.004375873
recover_70,0,0.829227754,0.958660338,0.9809056079999999,0.9907348009999999,0.866088517,0.829227754,0.004375873,0.004375873
