name,effectDays,infectReduct,reduceHosp,reduceIcu,reduceMort,reduceSympt,riskReduct,waneRate,waneRateOut
cur_2,14,0.634525101,0.921085127,0.963275078,0.9820134970000001,0.759009719,0.634525101,0.023046212000000003,0.018443618000000002
cur_2_60,14,0.6012590320000001,0.910211275,0.957949267,0.97934685,0.732293973,0.6012590320000001,0.023046212000000003,0.018443618000000002
cur_2_70,14,0.567035616,0.898006676,0.951890522,0.976294815,0.703776246,0.567035616,0.023046212000000003,0.018443618000000002
cur_3,14,0.56288145,0.8964481590000001,0.951110555,0.975900482,0.7002404940000001,0.56288145,0.032870255,0.028267662000000002
cur_3_60,14,0.527945644,0.882612175,0.9441229870000001,0.972353045,0.669843634,0.527945644,0.032870255,0.028267662000000002
cur_3_70,14,0.49273851,0.8672034670000001,0.9362047920000001,0.968300948,0.6379622739999999,0.49273851,0.032870255,0.028267662000000002
recover,0,0.9385085679999999,0.987967273,0.9946095429999999,0.997403057,0.95681408,0.9385085679999999,0.007542068000000001,0.007542068000000001
recover_60,0,0.899934358,0.982956141,0.992343203,0.9963068490000001,0.939621825,0.899934358,0.007542068000000001,0.007542068000000001
recover_70,0,0.758299024,0.9585994320000001,0.981143839,0.990851542,0.862030016,0.758299024,0.007542068000000001,0.007542068000000001
