name,effectDays,infectReduct,reduceHosp,reduceIcu,reduceMort,reduceSympt,riskReduct,waneRate,waneRateOut
cur_2,14,0.587270559,0.904359865,0.959466475,0.980108055,0.665549906,0.587270559,0.019960878999999997,0.015330032
cur_2_60,14,0.564319726,0.8959165020000001,0.9556494870000001,0.978190674,0.644315616,0.564319726,0.019960878999999997,0.015330032
cur_2_70,14,0.541075435,0.886815157,0.9514885340000001,0.9760916209999999,0.622484112,0.541075435,0.019960878999999997,0.015330032
cur_3,14,0.616224805,0.9143149190000001,0.963914431,0.982332612,0.691893702,0.616224805,0.01598735,0.011356502
cur_3_60,14,0.593770318,0.9066597059999999,0.960499057,0.980625416,0.671506457,0.593770318,0.01598735,0.011356502
cur_3_70,14,0.570902528,0.8983912340000001,0.9567725090000001,0.9787556070000001,0.650438442,0.570902528,0.01598735,0.011356502
recover,0,0.925637445,0.987829045,0.9951022540000001,0.997641035,0.94469237,0.925637445,0.003628792,0.003628792
recover_60,0,0.8805171940000001,0.982761352,0.993041618,0.996644942,0.923062508,0.8805171940000001,0.003628792,0.003628792
recover_70,0,0.7207092559999999,0.958138134,0.9828461470000001,0.99168488,0.8280838840000001,0.7207092559999999,0.003628792,0.003628792
