name,effectDays,infectReduct,reduceHosp,reduceIcu,reduceMort,reduceSympt,riskReduct,waneRate,waneRateOut
cur_2,14,0.461832784,0.8529239409999999,0.925466019,0.962750016,0.636276683,0.461832784,0.020631858,0.009778176
cur_2_60,14,0.43345190299999997,0.8379299440000001,0.917149109,0.9584064790000001,0.6093129939999999,0.43345190299999997,0.020631858,0.009778176
cur_2_70,14,0.40549507100000004,0.821723268,0.9079943709999999,0.953579801,0.581658687,0.40549507100000004,0.020631858,0.009778176
cur_3,14,0.520086215,0.8798568290000001,0.9400485709999999,0.970272281,0.68838817,0.520086215,0.012959927,0.002106245
cur_3_60,14,0.491394205,0.867180995,0.933241485,0.966775609,0.663243014,0.491394205,0.012959927,0.002106245
cur_3_70,14,0.462752699,0.853387569,0.925720887,0.962882505,0.6371326999999999,0.462752699,0.012959927,0.002106245
recover,0,0.90845669,0.988028738,0.994372936,0.9972887340000001,0.961384562,0.90845669,0.007492055,0.007492055
recover_60,0,0.880033305,0.983042765,0.992007918,0.9961444540000001,0.9459089479999999,0.880033305,0.007492055,0.007492055
recover_70,0,0.754173055,0.9588046579999999,0.980327865,0.990451567,0.87532465,0.754173055,0.007492055,0.007492055
