name,effectDays,infectReduct,reduceHosp,reduceIcu,reduceMort,reduceSympt,riskReduct,waneRate,waneRateOut
cur_2,14,0.551515654,0.892009347,0.949272805,0.97497006,0.686292928,0.551515654,0.022440072000000002,0.014615241000000001
cur_2_60,14,0.5405191460000001,0.887660945,0.9470934390000001,0.9738643159999999,0.6766636540000001,0.5405191460000001,0.022440072000000002,0.014615241000000001
cur_2_70,14,0.5294483170000001,0.8831459999999999,0.944818618,0.9727073909999999,0.6668513110000001,0.5294483170000001,0.022440072000000002,0.014615241000000001
cur_3,14,0.560420027,0.895435152,0.950981858,0.975835384,0.6940060459999999,0.560420027,0.021254194,0.013429364
cur_3_60,14,0.5494634939999999,0.891207871,0.948871962,0.974766878,0.684504688,0.5494634939999999,0.021254194,0.013429364
cur_3_70,14,0.53842414,0.8868173020000001,0.9466693070000001,0.973648825,0.6748159459999999,0.53842414,0.021254194,0.013429364
recover,0,0.89136758,0.9360412029999999,0.956997588,0.963518069,0.915413395,0.89136758,0.0065728259999999995,0.0065728259999999995
recover_60,0,0.804604392,0.8801612329999999,0.9178194559999999,0.9298450509999999,0.844505029,0.804604392,0.0065728259999999995,0.0065728259999999995
recover_70,0,0.804604392,0.8801612329999999,0.9178194559999999,0.9298450509999999,0.844505029,0.804604392,0.0065728259999999995,0.0065728259999999995
