name,effectDays,infectReduct,reduceHosp,reduceIcu,reduceMort,reduceSympt,riskReduct,waneRate,waneRateOut
cur_2,14,0.545667639,0.8902566959999999,0.9458012640000001,0.9732074890000001,0.7076685909999999,0.545667639,0.021346162000000002,0.014332671000000002
cur_2_60,14,0.510534945,0.875700565,0.9381002009999999,0.96927405,0.677663041,0.510534945,0.021346162000000002,0.014332671000000002
cur_2_70,14,0.47530243899999997,0.8595206120000001,0.9293877970000001,0.9647846590000001,0.646121972,0.47530243899999997,0.021346162000000002,0.014332671000000002
cur_3,14,0.52405346,0.881475019,0.941170561,0.970846177,0.6893741170000001,0.52405346,0.024202914,0.017189424
cur_3_60,14,0.488815145,0.8659295159999999,0.9328582329999999,0.966577977,0.658397218,0.488815145,0.024202914,0.017189424
cur_3_70,14,0.453692188,0.84869743,0.9234682129999999,0.961710222,0.62601136,0.453692188,0.024202914,0.017189424
recover,0,0.8609746290000001,0.8980823659999999,0.923207916,0.9314661190000001,0.896943776,0.8609746290000001,0.005142801,0.005142801
recover_60,0,0.7111986290000001,0.77797438,0.8270062690000001,0.843860267,0.775828913,0.7111986290000001,0.005142801,0.005142801
recover_70,0,0.7111986290000001,0.77797438,0.8270062690000001,0.843860267,0.775828913,0.7111986290000001,0.005142801,0.005142801
