name,effectDays,infectReduct,reduceHosp,reduceIcu,reduceMort,reduceSympt,riskReduct,waneRate,waneRateOut
cur_2,14,0.48657473100000004,0.865337328,0.930227038,0.965218945,0.675769321,0.48657473100000004,0.021064592000000004,0.012751193000000001
cur_2_60,14,0.44879620000000003,0.846644838,0.91970609,0.959746042,0.6416596529999999,0.44879620000000003,0.021064592000000004,0.012751193000000001
cur_2_70,14,0.411608099,0.825884912,0.907759029,0.953455085,0.606062056,0.411608099,0.021064592000000004,0.012751193000000001
cur_3,14,0.503457951,0.8730159670000001,0.934485715,0.9674166590000001,0.690389859,0.503457951,0.018843901,0.010530501999999999
cur_3_60,14,0.46555720700000003,0.855211005,0.9245548440000001,0.9622760570000001,0.657037688,0.46555720700000003,0.018843901,0.010530501999999999
cur_3_70,14,0.428058822,0.8353852279999999,0.9132611959999999,0.9563625170000001,0.622067971,0.428058822,0.018843901,0.010530501999999999
recover,0,0.825723689,0.8737434409999999,0.917228987,0.9224767140000001,0.855624594,0.825723689,0.0041871040000000005,0.0041871040000000005
recover_60,0,0.6929386559999999,0.76723192,0.840714643,0.850020205,0.738404159,0.6929386559999999,0.0041871040000000005,0.0041871040000000005
recover_70,0,0.6929386559999999,0.76723192,0.840714643,0.850020205,0.738404159,0.6929386559999999,0.0041871040000000005,0.0041871040000000005
