name,effectDays,infectReduct,reduceHosp,reduceIcu,reduceMort,reduceSympt,riskReduct,waneRate,waneRateOut
cur_2,14,0.578179405,0.9015256079999999,0.956261631,0.978498695,0.682282135,0.578179405,0.020643102,0.01557978
cur_2_60,14,0.5307535760000001,0.883103923,0.947482972,0.9740621420000001,0.639258011,0.5307535760000001,0.020643102,0.01557978
cur_2_70,14,0.482791085,0.8617766090000001,0.937064331,0.9687424809999999,0.593900239,0.482791085,0.020643102,0.01557978
cur_3,14,0.604210431,0.910685002,0.960552636,0.9806522459999999,0.705164852,0.604210431,0.017101105,0.012037783
cur_3_60,14,0.557471255,0.89377488,0.9525925209999999,0.97664945,0.663712114,0.557471255,0.017101105,0.012037783
cur_3_70,14,0.509716995,0.874116927,0.9431266970000001,0.971845088,0.619599404,0.509716995,0.017101105,0.012037783
recover,0,0.935860127,0.9878895679999999,0.994892972,0.997539967,0.9503339209999999,0.935860127,0.010996358999999999,0.010996358999999999
recover_60,0,0.868845212,0.9828466370000001,0.992744927,0.996501348,0.930748637,0.868845212,0.010996358999999999,0.010996358999999999
recover_70,0,0.6522845310000001,0.958340073,0.982122567,0.991330844,0.843651312,0.6522845310000001,0.010996358999999999,0.010996358999999999
