name,effectDays,infectReduct,reduceHosp,reduceIcu,reduceMort,reduceSympt,riskReduct,waneRate,waneRateOut
cur_2,14,0.45313512899999997,0.8497346990000001,0.916975566,0.958315427,0.6782484759999999,0.45313512899999997,0.021928027000000003,0.014740673000000001
cur_2_60,14,0.431797906,0.838351555,0.910147541,0.954719355,0.659086496,0.431797906,0.021928027000000003,0.014740673000000001
cur_2_70,14,0.410693738,0.826272248,0.9028112890000001,0.95082567,0.639373786,0.410693738,0.021928027000000003,0.014740673000000001
cur_3,14,0.517847965,0.8799498490000001,0.9347089009999999,0.967531558,0.732073392,0.517847965,0.013398705,0.0062113509999999995
cur_3_60,14,0.496228589,0.8705068000000001,0.929226725,0.9647012629999999,0.7147689,0.496228589,0.013398705,0.0062113509999999995
cur_3_70,14,0.47460569799999996,0.860430294,0.923316998,0.961631428,0.696794722,0.47460569799999996,0.013398705,0.0062113509999999995
recover,0,0.834359055,0.8961501009999999,0.9034791,0.951643212,0.8843906859999999,0.834359055,0.0052227440000000005,0.0052227440000000005
recover_60,0,0.7052432009999999,0.8038782320000001,0.81638489,0.903360515,0.784186646,0.7052432009999999,0.0052227440000000005,0.0052227440000000005
recover_70,0,0.7052432009999999,0.8038782320000001,0.81638489,0.903360515,0.784186646,0.7052432009999999,0.0052227440000000005,0.0052227440000000005
