name,effectDays,infectReduct,reduceHosp,reduceIcu,reduceMort,reduceSympt,riskReduct,waneRate,waneRateOut
cur_2,14,0.482464579,0.8638155190000001,0.927230311,0.9636664079999999,0.68906733,0.482464579,0.019353679,0.016146859
cur_2_60,14,0.43905441799999995,0.8419113420000001,0.9145165209999999,0.957023414,0.650430605,0.43905441799999995,0.019353679,0.016146859
cur_2_70,14,0.39657486299999994,0.817240463,0.899828078,0.949233387,0.609729637,0.39657486299999994,0.019353679,0.016146859
cur_3,14,0.47885442799999994,0.86210523,0.926248428,0.9631566229999999,0.685960288,0.47885442799999994,0.019829152,0.016622332
cur_3_60,14,0.43549575799999996,0.839976926,0.913379116,0.956424638,0.64713519,0.43549575799999996,0.019829152,0.016622332
cur_3_70,14,0.393119215,0.815070477,0.898516923,0.948531913,0.606282785,0.393119215,0.019829152,0.016622332
recover,0,0.927974485,0.988109281,0.994045222,0.9971303420000001,0.9667038020000001,0.927974485,0.009753467,0.009753467
recover_60,0,0.894054597,0.983156282,0.9915436390000001,0.995919488,0.953256291,0.894054597,0.009753467,0.009753467
recover_70,0,0.762118654,0.959073677,0.979199292,0.989897797,0.89115643,0.762118654,0.009753467,0.009753467
