name,effectDays,infectReduct,reduceHosp,reduceIcu,reduceMort,reduceSympt,riskReduct,waneRate,waneRateOut
cur_2,14,0.444926019,0.8460875390000001,0.91116459,0.9552566929999999,0.6948264129999999,0.444926019,0.022067617999999997,0.008774401
cur_2_60,14,0.41384766,0.8288289459999999,0.900343745,0.9495089959999999,0.667276546,0.41384766,0.022067617999999997,0.008774401
cur_2_70,14,0.38343942,0.810068798,0.8883658520000001,0.943066703,0.638532339,0.38343942,0.022067617999999997,0.008774401
cur_3,14,0.45844838299999996,0.8530645109999999,0.9154862359999999,0.957533327,0.7062798290000001,0.45844838299999996,0.020272461000000002,0.006979244
cur_3_60,14,0.427152345,0.836437022,0.905136996,0.9520634090000001,0.6792866790000001,0.427152345,0.020272461000000002,0.006979244
cur_3_70,14,0.396427682,0.818327942,0.8936671740000001,0.9459284809999999,0.651037426,0.396427682,0.020272461000000002,0.006979244
recover,0,0.937827355,0.988201895,0.9936419009999999,0.996935334,0.9719820109999999,0.937827355,0.008788789,0.008788789
recover_60,0,0.845622057,0.983286821,0.990972423,0.995642556,0.96057931,0.845622057,0.008788789,0.008788789
recover_70,0,0.56470589,0.959383146,0.9778128890000001,0.989216615,0.907261742,0.56470589,0.008788789,0.008788789
