name,effectDays,infectReduct,reduceHosp,reduceIcu,reduceMort,reduceSympt,riskReduct,waneRate,waneRateOut
cur_2,14,0.60974479,0.91204676,0.963335279,0.9820435540000001,0.679730356,0.60974479,0.022409400000000003,0.020068722
cur_2_60,14,0.5963583889999999,0.9074559940000001,0.961307976,0.981030318,0.667435239,0.5963583889999999,0.022409400000000003,0.020068722
cur_2_70,14,0.582797668,0.902640595,0.9591686079999999,0.979958708,0.6548805089999999,0.582797668,0.022409400000000003,0.020068722
cur_3,14,0.6089201999999999,0.9117684909999999,0.963212733,0.9819823679999999,0.678975787,0.6089201999999999,0.022523285,0.020182606999999998
cur_3_60,14,0.595524277,0.907164678,0.9611789270000001,0.980965746,0.6666659070000001,0.595524277,0.022523285,0.020182606999999998
cur_3_70,14,0.581955177,0.902335753,0.959032728,0.979890563,0.6540971870000001,0.581955177,0.022523285,0.020182606999999998
recover,0,0.8608962729999999,0.908803448,0.9081929670000001,0.933768591,0.90246919,0.8608962729999999,0.005692622,0.005692622
recover_60,0,0.7738341209999999,0.8463748040000001,0.845417502,0.8862915790000001,0.836484598,0.7738341209999999,0.005692622,0.005692622
recover_70,0,0.7738341209999999,0.8463748040000001,0.845417502,0.8862915790000001,0.836484598,0.7738341209999999,0.005692622,0.005692622
