name,effectDays,infectReduct,reduceHosp,reduceIcu,reduceMort,reduceSympt,riskReduct,waneRate,waneRateOut
cur_2,14,0.324373399,0.769161049,0.84764867,0.9205158809999999,0.6405667110000001,0.324373399,0.021229223999999998,0.008801716999999999
cur_2_60,14,0.290465194,0.7396594959999999,0.8259075640000001,0.9080451540000001,0.6031108820000001,0.290465194,0.021229223999999998,0.008801716999999999
cur_2_70,14,0.258753358,0.707829815,0.8017970729999999,0.893848043,0.564417945,0.258753358,0.021229223999999998,0.008801716999999999
cur_3,14,0.405019533,0.825307975,0.887497372,0.9425962809999999,0.716461508,0.405019533,0.009750255,-0.002677251
cur_3_60,14,0.36726365200000005,0.801126751,0.8705745570000001,0.9333390009999999,0.6830006479999999,0.36726365200000005,0.009750255,-0.002677251
cur_3_70,14,0.331079623,0.774521253,0.85153813,0.922714686,0.647544645,0.331079623,0.009750255,-0.002677251
recover,0,0.944772872,0.988339753,0.992984117,0.9966171159999999,0.978418178,0.944772872,0.009719427,0.009719427
recover_60,0,0.905557205,0.9834811509999999,0.990041233,0.99519075,0.969552802,0.905557205,0.009719427,0.009719427
recover_70,0,0.7626763320000001,0.959844063,0.9755577809999999,0.988106488,0.9274555320000001,0.7626763320000001,0.009719427,0.009719427
