name,effectDays,infectReduct,reduceHosp,reduceIcu,reduceMort,reduceSympt,riskReduct,waneRate,waneRateOut
cur_2,14,0.5096813410000001,0.875407123,0.937549876,0.968991718,0.680462281,0.5096813410000001,0.021407386,0.014469328
cur_2_60,14,0.49126159799999997,0.8671452709999999,0.933093817,0.966699471,0.6642317010000001,0.49126159799999997,0.021407386,0.014469328
cur_2_70,14,0.472842734,0.8584130459999999,0.928338013,0.964240868,0.647582761,0.472842734,0.021407386,0.014469328
cur_3,14,0.563857939,0.897315075,0.9491654,0.974915627,0.7259163000000001,0.563857939,0.014236839,0.007298781999999999
cur_3_60,14,0.545659181,0.89032395,0.9454899659999999,0.9730491170000001,0.7110139870000001,0.545659181,0.014236839,0.007298781999999999
cur_3_70,14,0.527314789,0.8829094890000001,0.941560115,0.971045272,0.695621756,0.527314789,0.014236839,0.007298781999999999
recover,0,0.8685373,0.900756588,0.9321316909999999,0.9492744120000001,0.928033619,0.8685373,0.0059460680000000005,0.0059460680000000005
recover_60,0,0.7665644359999999,0.818554527,0.8722309840000001,0.902928253,0.865039635,0.7665644359999999,0.0059460680000000005,0.0059460680000000005
recover_70,0,0.7665644359999999,0.818554527,0.8722309840000001,0.902928253,0.865039635,0.7665644359999999,0.0059460680000000005,0.0059460680000000005
