name,effectDays,infectReduct,reduceHosp,reduceIcu,reduceMort,reduceSympt,riskReduct,waneRate,waneRateOut
cur_2,14,0.46063157899999996,0.853820334,0.9179058090000001,0.95880329,0.695159897,0.46063157899999996,0.022846071000000003,0.010258715
cur_2_60,14,0.440291971,0.843262712,0.911496903,0.955432135,0.67747186,0.440291971,0.022846071000000003,0.010258715
cur_2_70,14,0.420131949,0.832081675,0.904632945,0.9517954209999999,0.659243106,0.420131949,0.022846071000000003,0.010258715
cur_3,14,0.462180772,0.854596682,0.918374342,0.9590488229999999,0.696479333,0.462180772,0.02264112,0.010053765
cur_3_60,14,0.44182879399999997,0.844084891,0.9119985070000001,0.955696833,0.6788324840000001,0.44182879399999997,0.02264112,0.010053765
cur_3_70,14,0.421651415,0.8329508870000001,0.905169404,0.9520806340000001,0.66064211,0.421651415,0.02264112,0.010053765
recover,0,0.9245361259999999,0.956818452,0.96572101,0.973594704,0.936951778,0.9245361259999999,0.007558993000000001,0.007558993000000001
recover_60,0,0.845429998,0.9081923540000001,0.926348265,0.9427293379999999,0.869016662,0.845429998,0.007558993000000001,0.007558993000000001
recover_70,0,0.845429998,0.9081923540000001,0.926348265,0.9427293379999999,0.869016662,0.845429998,0.007558993000000001,0.007558993000000001
