name,effectDays,infectReduct,reduceHosp,reduceIcu,reduceMort,reduceSympt,riskReduct,waneRate,waneRateOut
cur_2,14,0.36202521299999996,0.797006766,0.870890258,0.933513296,0.662926286,0.36202521299999996,0.020272148,0.010380186
cur_2_60,14,0.326893179,0.7706534890000001,0.852351875,0.9231734979999999,0.627305935,0.326893179,0.020272148,0.010380186
cur_2_70,14,0.29361022600000003,0.7419945859999999,0.8316720559999999,0.911381753,0.590258238,0.29361022600000003,0.020272148,0.010380186
cur_3,14,0.41593111,0.8312870109999999,0.894347485,0.9462945209999999,0.711657506,0.41593111,0.01280632,0.0029143579999999997
cur_3_60,14,0.37867288299999996,0.808313763,0.878708145,0.93781,0.678690874,0.37867288299999996,0.01280632,0.0029143579999999997
cur_3_70,14,0.34280287600000003,0.78303596,0.861118335,0.928089754,0.643851111,0.34280287600000003,0.01280632,0.0029143579999999997
recover,0,0.857733138,0.905712648,0.9387882959999999,0.948060951,0.889728757,0.857733138,0.00503733,0.00503733
recover_60,0,0.7129572120000001,0.798279665,0.863356608,0.882627395,0.7687337740000001,0.7129572120000001,0.00503733,0.00503733
recover_70,0,0.7129572120000001,0.798279665,0.863356608,0.882627395,0.7687337740000001,0.7129572120000001,0.00503733,0.00503733
