name,effectDays,infectReduct,reduceHosp,reduceIcu,reduceMort,reduceSympt,riskReduct,waneRate,waneRateOut
cur_2,14,0.532671401,0.885106763,0.942765718,0.97166091,0.6998034040000001,0.532671401,0.022144671,0.018630452
cur_2_60,14,0.49780114799999997,0.870121947,0.934746593,0.9675509590000001,0.669670316,0.49780114799999997,0.022144671,0.018630452
cur_2_70,14,0.462956275,0.853508235,0.9256935690000001,0.962868306,0.638080557,0.462956275,0.022144671,0.018630452
cur_3,14,0.519481919,0.879616128,0.939843271,0.9701671959999999,0.68857312,0.519481919,0.023884011,0.020369793
cur_3_60,14,0.484579794,0.864025215,0.9314444559999999,0.9658482290000001,0.657863886,0.484579794,0.023884011,0.020369793
cur_3_70,14,0.449831424,0.846768961,0.9219715479999999,0.9609297809999999,0.625776006,0.449831424,0.023884011,0.020369793
recover,0,0.8646779609999999,0.921931796,0.9489284309999999,0.947799045,0.8896905959999999,0.8646779609999999,0.005270439,0.005270439
recover_60,0,0.7598384229999999,0.8539573490000001,0.9019604370000001,0.899901972,0.7997413720000001,0.7598384229999999,0.005270439,0.005270439
recover_70,0,0.7598384229999999,0.8539573490000001,0.9019604370000001,0.899901972,0.7997413720000001,0.7598384229999999,0.005270439,0.005270439
