name,effectDays,infectReduct,reduceHosp,reduceIcu,reduceMort,reduceSympt,riskReduct,waneRate,waneRateOut
cur_2,14,0.5104270089999999,0.875544839,0.938556457,0.9695079959999999,0.67264371,0.5104270089999999,0.02148912,0.011009073999999999
cur_2_60,14,0.46847619,0.856057553,0.928125635,0.964130782,0.6346435,0.46847619,0.02148912,0.011009073999999999
cur_2_70,14,0.42698151799999995,0.8341057340000001,0.916087164,0.9578490479999999,0.594903841,0.42698151799999995,0.02148912,0.011009073999999999
cur_3,14,0.562745953,0.8967385940000001,0.949637051,0.9751546170000001,0.71723076,0.562745953,0.01456529,0.004085244
cur_3_60,14,0.521071791,0.88011545,0.94096899,0.970743125,0.6819590940000001,0.521071791,0.01456529,0.004085244
cur_3_70,14,0.47911780200000004,0.8612378470000001,0.930921586,0.965578059,0.6444829470000001,0.47911780200000004,0.01456529,0.004085244
recover,0,0.9332108659999999,0.988010981,0.9944424559999999,0.997322327,0.96011177,0.9332108659999999,0.007778618,0.007778618
recover_60,0,0.9045933359999999,0.9830177390000001,0.992106425,0.996192172,0.9441556990000001,0.9045933359999999,0.007778618,0.007778618
recover_70,0,0.78736822,0.958745363,0.980567515,0.990569075,0.87159413,0.78736822,0.007778618,0.007778618
