name,effectDays,infectReduct,reduceHosp,reduceIcu,reduceMort,reduceSympt,riskReduct,waneRate,waneRateOut
cur_2,14,0.434479845,0.840925741,0.9053439590000001,0.952173402,0.7015201659999999,0.434479845,0.02244036,0.010942651000000001
cur_2_60,14,0.398199221,0.81991247,0.891744703,0.944892617,0.669332947,0.398199221,0.02244036,0.010942651000000001
cur_2_70,14,0.363010888,0.7967993329999999,0.8764617109999999,0.93657918,0.635485726,0.363010888,0.02244036,0.010942651000000001
cur_3,14,0.437846012,0.842748226,0.906510466,0.9527928920000001,0.7043783309999999,0.437846012,0.021990348,0.01049264
cur_3_60,14,0.401483855,0.82192472,0.893059006,0.945601026,0.672355375,0.401483855,0.021990348,0.01049264
cur_3_70,14,0.366181879,0.799006533,0.877936163,0.9373873770000001,0.638650509,0.366181879,0.021990348,0.01049264
recover,0,0.8383342979999999,0.893932809,0.925975067,0.931257247,0.852003383,0.8383342979999999,0.004593872,0.004593872
recover_60,0,0.652876386,0.7535021129999999,0.8193967679999999,0.830895165,0.676169079,0.652876386,0.004593872,0.004593872
recover_70,0,0.652876386,0.7535021129999999,0.8193967679999999,0.830895165,0.676169079,0.652876386,0.004593872,0.004593872
