name,effectDays,infectReduct,reduceHosp,reduceIcu,reduceMort,reduceSympt,riskReduct,waneRate,waneRateOut
cur_2,14,0.448690384,0.846949892,0.9179468890000001,0.9588248229999999,0.655810282,0.448690384,0.019171611,0.010763121
cur_2_60,14,0.434929487,0.8395755079999999,0.91364455,0.95656444,0.643107071,0.434929487,0.019171611,0.010763121
cur_2_70,14,0.42123870799999996,0.8318994409999999,0.909128981,0.9541806209999999,0.630171257,0.42123870799999996,0.019171611,0.010763121
cur_3,14,0.521176601,0.880964625,0.93735002,0.968889145,0.7181693659999999,0.521176601,0.009613674000000001,0.001205184
cur_3_60,14,0.507237991,0.874987255,0.9339918979999999,0.967162338,0.7067384959999999,0.507237991,0.009613674000000001,0.001205184
cur_3_70,14,0.49325794700000003,0.868740684,0.930459319,0.965339075,0.6950152829999999,0.49325794700000003,0.009613674000000001,0.001205184
recover,0,0.9462640790000001,0.9881012929999999,0.994078652,0.997146502,0.966208093,0.9462640790000001,0.002618267,0.002618267
recover_60,0,0.919963192,0.983145024,0.991590993,0.995942439,0.9525701990000001,0.919963192,0.002618267,0.002618267
recover_70,0,0.813144413,0.959046994,0.97931433,0.989954274,0.889664355,0.813144413,0.002618267,0.002618267
