name,effectDays,infectReduct,reduceHosp,reduceIcu,reduceMort,reduceSympt,riskReduct,waneRate,waneRateOut
cur_2,14,0.531314339,0.8846171429999999,0.942178884,0.9713613440000001,0.7017025709999999,0.531314339,0.021656752999999997,0.015804806
cur_2_60,14,0.5010481489999999,0.871654832,0.935209538,0.9677891909999999,0.675723987,0.5010481489999999,0.021656752999999997,0.015804806
cur_2_70,14,0.470770791,0.857469226,0.927463888,0.9637875990000001,0.648612703,0.470770791,0.021656752999999997,0.015804806
cur_3,14,0.518765875,0.8793804679999999,0.939375625,0.9699277390000001,0.691063469,0.518765875,0.023311198999999998,0.017459251999999998
cur_3_60,14,0.488469511,0.865919027,0.932092747,0.966182995,0.664601204,0.488469511,0.023311198999999998,0.017459251999999998
cur_3_70,14,0.458254152,0.851207678,0.924004765,0.9619897009999999,0.637059469,0.458254152,0.023311198999999998,0.017459251999999998
recover,0,0.9202443690000001,0.988038086,0.994335947,0.997270859,0.9620396290000001,0.9202443690000001,0.004577950999999999,0.004577950999999999
recover_60,0,0.929242508,0.98305594,0.991955508,0.996119065,0.9468120179999999,0.929242508,0.004577950999999999,0.004577950999999999
recover_70,0,0.8858124359999999,0.9588358770000001,0.9802003909999999,0.99038905,0.877253231,0.8858124359999999,0.004577950999999999,0.004577950999999999
