name,effectDays,infectReduct,reduceHosp,reduceIcu,reduceMort,reduceSympt,riskReduct,waneRate,waneRateOut
cur_2,14,0.46882917700000004,0.8568229279999999,0.925504612,0.96277008,0.659659595,0.46882917700000004,0.019833904,0.013525108000000001
cur_2_60,14,0.42661054200000004,0.834560642,0.9128350940000001,0.9561379809999999,0.620325298,0.42661054200000004,0.019833904,0.013525108000000001
cur_2_70,14,0.385450869,0.809616344,0.898253871,0.948391057,0.579360244,0.385450869,0.019833904,0.013525108000000001
cur_3,14,0.49116619200000006,0.8674566109999999,0.931445472,0.965848754,0.679458393,0.49116619200000006,0.016891232,0.010582436
cur_3_60,14,0.448635005,0.8465516240000001,0.919698658,0.9597421540000001,0.6411676,0.448635005,0.016891232,0.010582436
cur_3_70,14,0.40685818,0.823031903,0.906147547,0.952600243,0.601004905,0.40685818,0.016891232,0.010582436
recover,0,0.9363382020000001,0.9917697870000001,0.9960185979999999,0.9980833,0.975018177,0.9363382020000001,0.006862776,0.006862776
recover_60,0,0.911714888,0.9905594190000001,0.995430198,0.9977993620000001,0.971415255,0.911714888,0.006862776,0.006862776
recover_70,0,0.805627778,0.9804015340000001,0.990462718,0.9953953059999999,0.941867483,0.805627778,0.006862776,0.006862776
