name,effectDays,infectReduct,reduceHosp,reduceIcu,reduceMort,reduceSympt,riskReduct,waneRate,waneRateOut
cur_2,14,0.6808971079999999,0.9335510859999999,0.9745871490000001,0.9876278620000001,0.707774962,0.6808971079999999,0.021618611,0.020925994
cur_2_60,14,0.638306319,0.920757597,0.9694357140000001,0.985079437,0.667017207,0.638306319,0.021618611,0.020925994
cur_2_70,14,0.593448939,0.905758005,0.9632828440000001,0.982017375,0.623620965,0.593448939,0.021618611,0.020925994
cur_3,14,0.665969072,0.929213767,0.972850478,0.9867702740000001,0.693538379,0.665969072,0.023850543999999998,0.023157927000000002
cur_3_60,14,0.622490506,0.9156606509999999,0.967358794,0.984048055,0.65177193,0.622490506,0.023850543999999998,0.023157927000000002
cur_3_70,14,0.5769715879999999,0.8998012609999999,0.9608047259999999,0.980778459,0.6075578079999999,0.5769715879999999,0.023850543999999998,0.023157927000000002
recover,0,0.786232528,0.846857682,0.850849553,0.897479598,0.830260619,0.786232528,0.003338067,0.003338067
recover_60,0,0.632346517,0.721134866,0.7273487829999999,0.803680992,0.6958066620000001,0.632346517,0.003338067,0.003338067
recover_70,0,0.632346517,0.721134866,0.7273487829999999,0.803680992,0.6958066620000001,0.632346517,0.003338067,0.003338067
