name,effectDays,infectReduct,reduceHosp,reduceIcu,reduceMort,reduceSympt,riskReduct,waneRate,waneRateOut
cur_2,14,0.537195904,0.885940837,0.94798681,0.974317897,0.6548600370000001,0.537195904,0.018693625,0.01395321
cur_2_60,14,0.5024078439999999,0.8710759090000001,0.940666562,0.970588468,0.622704634,0.5024078439999999,0.018693625,0.01395321
cur_2_70,14,0.467600365,0.8545936059999999,0.932390541,0.966336692,0.589435467,0.467600365,0.018693625,0.01395321
cur_3,14,0.581951212,0.903056988,0.9562518809999999,0.97849379,0.694703347,0.581951212,0.012718957,0.007978542
cur_3_60,14,0.547694776,0.89014615,0.950033534,0.9753554259999999,0.6643574179999999,0.547694776,0.012718957,0.007978542
cur_3_70,14,0.512984352,0.8757541329999999,0.942984858,0.9717727279999999,0.632594064,0.512984352,0.012718957,0.007978542
recover,0,0.837943432,0.899760935,0.9108009970000001,0.95776506,0.88742746,0.837943432,0.00482768,0.00482768
recover_60,0,0.7551872609999999,0.842644574,0.8589894090000001,0.9311712520000001,0.824653025,0.7551872609999999,0.00482768,0.00482768
recover_70,0,0.7551872609999999,0.842644574,0.8589894090000001,0.9311712520000001,0.824653025,0.7551872609999999,0.00482768,0.00482768
