name,effectDays,infectReduct,reduceHosp,reduceIcu,reduceMort,reduceSympt,riskReduct,waneRate,waneRateOut
cur_2,14,0.48805338600000003,0.865489046,0.9330533190000001,0.966678587,0.653952499,0.48805338600000003,0.021796647000000002,0.01398357
cur_2_60,14,0.471808802,0.857729684,0.928871142,0.964517107,0.639079167,0.471808802,0.021796647000000002,0.01398357
cur_2_70,14,0.45559752,0.8495870109999999,0.924441485,0.9622170590000001,0.62390942,0.45559752,0.021796647000000002,0.01398357
cur_3,14,0.575248364,0.901387917,0.951922012,0.976310729,0.728604025,0.575248364,0.010253869,0.0024407920000000002
cur_3_60,14,0.559272069,0.89544925,0.948853954,0.9747577479999999,0.715543597,0.559272069,0.010253869,0.0024407920000000002
cur_3_70,14,0.543145874,0.889186503,0.945595869,0.973103,0.702089546,0.543145874,0.010253869,0.0024407920000000002
recover,0,0.921541423,0.988014035,0.994430568,0.9973165829999999,0.960333365,0.921541423,0.006414026999999999,0.006414026999999999
recover_60,0,0.868608357,0.983022043,0.992089579,0.9961840120000001,0.9444608090000001,0.868608357,0.006414026999999999,0.006414026999999999
recover_70,0,0.6897383109999999,0.95875556,0.980526529,0.99054898,0.8722420409999999,0.6897383109999999,0.006414026999999999,0.006414026999999999
