name,effectDays,infectReduct,reduceHosp,reduceIcu,reduceMort,reduceSympt,riskReduct,waneRate,waneRateOut
cur_2,14,0.629046558,0.9183804640000001,0.966183624,0.9834634720000001,0.69618631,0.629046558,0.021800597,0.016923864
cur_2_60,14,0.5704372289999999,0.89807805,0.9572180640000001,0.978979556,0.6421502729999999,0.5704372289999999,0.021800597,0.016923864
cur_2_70,14,0.509830958,0.873442251,0.946017897,0.973317669,0.584288377,0.509830958,0.021800597,0.016923864
cur_3,14,0.6072111379999999,0.911171108,0.9630266740000001,0.981889455,0.676269065,0.6072111379999999,0.024842494,0.019965761000000002
cur_3_60,14,0.547632836,0.889291582,0.9532646140000001,0.9769887279999999,0.62062099,0.547632836,0.024842494,0.019965761000000002
cur_3_70,14,0.48670427,0.862856307,0.94109314,0.970806598,0.561654256,0.48670427,0.024842494,0.019965761000000002
recover,0,0.891637062,0.9252471309999999,0.949925136,0.96646928,0.922905437,0.891637062,0.006271066,0.006271066
recover_60,0,0.819446569,0.872239062,0.91276664,0.940822712,0.868472895,0.819446569,0.006271066,0.006271066
recover_70,0,0.819446569,0.872239062,0.91276664,0.940822712,0.868472895,0.819446569,0.006271066,0.006271066
