name,effectDays,infectReduct,reduceHosp,reduceIcu,reduceMort,reduceSympt,riskReduct,waneRate,waneRateOut
cur_2,14,0.46783838299999997,0.85812654,0.9163358620000001,0.9579796509999999,0.728561042,0.46783838299999997,0.021535546000000003,0.01243122
cur_2_60,14,0.419124948,0.8323359370000001,0.899892461,0.9492678059999999,0.687786639,0.419124948,0.021535546000000003,0.01243122
cur_2_70,14,0.37196448200000004,0.802951121,0.880649852,0.9388713909999999,0.643906482,0.37196448200000004,0.021535546000000003,0.01243122
cur_3,14,0.434908752,0.841147295,0.905556328,0.952286242,0.701469956,0.434908752,0.025909025,0.016804699
cur_3_60,14,0.387129775,0.812942928,0.8872549829999999,0.9424649079999999,0.658533368,0.387129775,0.025909025,0.016804699
cur_3_70,14,0.341453193,0.7810533540000001,0.8659450740000001,0.930776055,0.612856046,0.341453193,0.025909025,0.016804699
recover,0,0.862591138,0.901809823,0.9424694659999999,0.9488223,0.8849055840000001,0.862591138,0.005404725,0.005404725
recover_60,0,0.7851412170000001,0.8424272620000001,0.905088716,0.9151979240000001,0.8173701790000001,0.7851412170000001,0.005404725,0.005404725
recover_70,0,0.7851412170000001,0.8424272620000001,0.905088716,0.9151979240000001,0.8173701790000001,0.7851412170000001,0.005404725,0.005404725
