name,effectDays,infectReduct,reduceHosp,reduceIcu,reduceMort,reduceSympt,riskReduct,waneRate,waneRateOut
cur_2,14,0.606888832,0.9117202959999999,0.960477912,0.980614827,0.7148025,0.606888832,0.019761003,0.019581576
cur_2_60,14,0.570474024,0.898835783,0.954353338,0.97753781,0.6831652840000001,0.570474024,0.019761003,0.019581576
cur_2_70,14,0.533288526,0.884312835,0.947333392,0.9739861870000001,0.649745914,0.533288526,0.019761003,0.019581576
cur_3,14,0.56405043,0.896431339,0.953199716,0.976955977,0.677474184,0.56405043,0.025568217,0.02538879
cur_3_60,14,0.526761731,0.88160516,0.94601067,0.973313993,0.643759809,0.526761731,0.025568217,0.02538879
cur_3_70,14,0.48918050700000004,0.86498019,0.9377913459999999,0.96911562,0.608565521,0.48918050700000004,0.025568217,0.02538879
recover,0,0.9267058459999999,0.98790848,0.994825548,0.997507402,0.9519873409999999,0.9267058459999999,0.007560979000000001,0.007560979000000001
recover_60,0,0.881975728,0.982873288,0.992649353,0.996455082,0.933008104,0.881975728,0.007560979000000001,0.007560979000000001
recover_70,0,0.723235785,0.9584031890000001,0.9818896140000001,0.991216807,0.848289308,0.723235785,0.007560979000000001,0.007560979000000001
