name,effectDays,infectReduct,reduceHosp,reduceIcu,reduceMort,reduceSympt,riskReduct,waneRate,waneRateOut
cur_2,14,0.553620303,0.8931967740000001,0.948115797,0.97438335,0.706516625,0.553620303,0.02036102,0.01744989
cur_2_60,14,0.535241105,0.8859181279999999,0.944346683,0.9724670209999999,0.690918127,0.535241105,0.02036102,0.01744989
cur_2_70,14,0.51674301,0.87820136,0.940315899,0.9704090809999999,0.67485216,0.51674301,0.02036102,0.01744989
cur_3,14,0.533555916,0.885231827,0.943989657,0.972285098,0.689469923,0.533555916,0.023020201,0.020109071000000003
cur_3_60,14,0.51507421,0.877484823,0.939939788,0.970216602,0.673384248,0.51507421,0.023020201,0.020109071000000003
cur_3_70,14,0.496528471,0.869281777,0.93561159,0.9679959909999999,0.65685952,0.496528471,0.023020201,0.020109071000000003
recover,0,0.8557304290000001,0.899428287,0.930247513,0.932464165,0.89485566,0.8557304290000001,0.004809923,0.004809923
recover_60,0,0.732250952,0.804818923,0.8601214340000001,0.864241383,0.79691601,0.732250952,0.004809923,0.004809923
recover_70,0,0.732250952,0.804818923,0.8601214340000001,0.864241383,0.79691601,0.732250952,0.004809923,0.004809923
