name,effectDays,infectReduct,reduceHosp,reduceIcu,reduceMort,reduceSympt,riskReduct,waneRate,waneRateOut
cur_2,14,0.376516595,0.8070106029999999,0.877022023,0.936886462,0.6805445640000001,0.376516595,0.02103312,0.007608190999999999
cur_2_60,14,0.355220259,0.7923074840000001,0.8667722409999999,0.931234958,0.660262634,0.355220259,0.02103312,0.007608190999999999
cur_2_70,14,0.33446847,0.776783267,0.855800982,0.925113544,0.6393610829999999,0.33446847,0.02103312,0.007608190999999999
cur_3,14,0.39945785100000003,0.821616352,0.887070653,0.942364979,0.701177429,0.39945785100000003,0.017856063999999998,0.004431135
cur_3_60,14,0.377649887,0.8077609179999999,0.877541447,0.93717115,0.681592567,0.377649887,0.017856063999999998,0.004431135
cur_3_70,14,0.35631187,0.7930901370000001,0.8673212770000001,0.931539323,0.661330183,0.35631187,0.017856063999999998,0.004431135
recover,0,0.945575334,0.988313636,0.9931143259999999,0.996680125,0.977316027,0.945575334,0.004108103,0.004108103
recover_60,0,0.922655043,0.9834443340000001,0.9902255209999999,0.9952802,0.968012711,0.922655043,0.004108103,0.004108103
recover_70,0,0.824651178,0.959756719,0.97600359,0.988326157,0.923953079,0.824651178,0.004108103,0.004108103
