name,effectDays,infectReduct,reduceHosp,reduceIcu,reduceMort,reduceSympt,riskReduct,waneRate,waneRateOut
cur_2,14,0.506588804,0.874076272,0.9367093759999999,0.968560195,0.678880783,0.506588804,0.02041865,0.012180615
cur_2_60,14,0.47915777600000004,0.8614895640000001,0.92988094,0.965039895,0.654495516,0.47915777600000004,0.02041865,0.012180615
cur_2_70,14,0.45184376600000004,0.847859516,0.922374494,0.961140023,0.6292620879999999,0.45184376600000004,0.02041865,0.012180615
cur_3,14,0.5057183989999999,0.873692503,0.936502623,0.968453986,0.678121196,0.5057183989999999,0.020533132,0.012295097
cur_3_60,14,0.478288816,0.861073533,0.929653555,0.964922225,0.653707671,0.478288816,0.020533132,0.012295097
cur_3_70,14,0.450981449,0.8474097970000001,0.9221248059999999,0.9610097559999999,0.628449368,0.450981449,0.020533132,0.012295097
recover,0,0.9287571590000001,0.98803403,0.9943520290000001,0.9972786309999999,0.961756666,0.9287571590000001,0.008397879,0.008397879
recover_60,0,0.8833566279999999,0.983050223,0.991978295,0.996130104,0.9464218670000001,0.8833566279999999,0.008397879,0.008397879
recover_70,0,0.7231401670000001,0.958822332,0.9802558109999999,0.990416231,0.876419442,0.7231401670000001,0.008397879,0.008397879
