name,effectDays,infectReduct,reduceHosp,reduceIcu,reduceMort,reduceSympt,riskReduct,waneRate,waneRateOut
cur_2,14,0.559651198,0.895295866,0.950195913,0.975437643,0.701101845,0.559651198,0.019164639,0.017279662
cur_2_60,14,0.5348756920000001,0.885542687,0.9452439009999999,0.972923894,0.679730453,0.5348756920000001,0.019164639,0.017279662
cur_2_70,14,0.509914743,0.8750025240000001,0.9398279429999999,0.970159349,0.657566372,0.509914743,0.019164639,0.017279662
cur_3,14,0.544805664,0.8895324090000001,0.947276476,0.973957282,0.688369676,0.544805664,0.021138618999999997,0.019253641000000002
cur_3_60,14,0.519911413,0.879314735,0.942051888,0.97129649,0.666520939,0.519911413,0.021138618999999997,0.019253641000000002
cur_3_70,14,0.494905751,0.868286355,0.936341468,0.9683711840000001,0.643921584,0.494905751,0.021138618999999997,0.019253641000000002
recover,0,0.8123046820000001,0.872701497,0.918562399,0.9223155670000001,0.818361062,0.8123046820000001,0.003628523,0.003628523
recover_60,0,0.665316452,0.7589772859999999,0.838213407,0.845044903,0.674213513,0.665316452,0.003628523,0.003628523
recover_70,0,0.665316452,0.7589772859999999,0.838213407,0.845044903,0.674213513,0.665316452,0.003628523,0.003628523
