name,effectDays,infectReduct,reduceHosp,reduceIcu,reduceMort,reduceSympt,riskReduct,waneRate,waneRateOut
cur_2,14,0.540140874,0.888075517,0.944588106,0.97259,0.703687244,0.540140874,0.020970164,0.018064507
cur_2_60,14,0.512617132,0.876619705,0.938516072,0.9694872940000001,0.680155815,0.512617132,0.020970164,0.018064507
cur_2_70,14,0.48500877,0.864166984,0.931824678,0.966044597,0.655662934,0.48500877,0.020970164,0.018064507
cur_3,14,0.519768306,0.87968357,0.940147827,0.970323078,0.6863528390000001,0.519768306,0.023659326,0.020753668
cur_3_60,14,0.49217162,0.867496973,0.9336234179999999,0.966972479,0.662105822,0.49217162,0.023659326,0.020753668
cur_3_70,14,0.46461469899999996,0.854276558,0.926441282,0.9632567940000001,0.6369684760000001,0.46461469899999996,0.023659326,0.020753668
recover,0,0.9065875720000001,0.988024428,0.9943898999999999,0.9972969309999999,0.961079072,0.9065875720000001,0.007596353,0.007596353
recover_60,0,0.867009312,0.98303669,0.9920319540000001,0.9961560979999999,0.9454879709999999,0.867009312,0.007596353,0.007596353
recover_70,0,0.716355834,0.9587902640000001,0.9803863340000001,0.990480239,0.87442726,0.716355834,0.007596353,0.007596353
