name,effectDays,infectReduct,reduceHosp,reduceIcu,reduceMort,reduceSympt,riskReduct,waneRate,waneRateOut
cur_2,14,0.449321975,0.847271294,0.918183628,0.958948895,0.6560243,0.449321975,0.020124005,0.011873689
cur_2_60,14,0.405664825,0.822715135,0.903733527,0.95131686,0.614702162,0.405664825,0.020124005,0.011873689
cur_2_70,14,0.363468261,0.7951782190000001,0.887053225,0.9423555290000001,0.571676637,0.363468261,0.020124005,0.011873689
cur_3,14,0.513154253,0.877546382,0.935472469,0.967924443,0.7112918559999999,0.513154253,0.01170626,0.003455945
cur_3_60,14,0.468572376,0.85703659,0.923822525,0.9618947940000001,0.673302698,0.468572376,0.01170626,0.003455945
cur_3_70,14,0.42450602,0.833753442,0.910277508,0.954788053,0.632913164,0.42450602,0.01170626,0.003455945
recover,0,0.941271613,0.988100455,0.994082149,0.997148193,0.966155662,0.941271613,0.00845876,0.00845876
recover_60,0,0.934810886,0.983143842,0.991595947,0.99594484,0.9524976490000001,0.934810886,0.00845876,0.00845876
recover_70,0,0.8747960029999999,0.959044192,0.9793263659999999,0.989960183,0.889506743,0.8747960029999999,0.00845876,0.00845876
