name,effectDays,infectReduct,reduceHosp,reduceIcu,reduceMort,reduceSympt,riskReduct,waneRate,waneRateOut
cur_2,14,0.378253316,0.8081886890000001,0.8776466540000001,0.937228792,0.683077823,0.378253316,0.020839438000000002,0.008560035
cur_2_60,14,0.33555905,0.777663859,0.856208735,0.9253424000000001,0.641475299,0.33555905,0.020839438000000002,0.008560035
cur_2_70,14,0.29541339899999997,0.743838632,0.8317476340000001,0.911425354,0.597650654,0.29541339899999997,0.020839438000000002,0.008560035
cur_3,14,0.39182254299999997,0.816916475,0.883668888,0.9405171529999999,0.6953524940000001,0.39182254299999997,0.018955242,0.006675839
cur_3_60,14,0.348455061,0.78741524,0.8631215790000001,0.929206412,0.654546387,0.348455061,0.018955242,0.006675839
cur_3_70,14,0.307480536,0.7546054109999999,0.839616175,0.9159442329999999,0.611351471,0.307480536,0.018955242,0.006675839
recover,0,0.913197631,0.988315836,0.993103463,0.996674869,0.9774108429999999,0.913197631,0.009256074,0.009256074
recover_60,0,0.8509464640000001,0.983447435,0.9902101459999999,0.9952727379999999,0.9681451459999999,0.8509464640000001,0.009256074,0.009256074
recover_70,0,0.650905971,0.9597640759999999,0.975966387,0.988307829,0.9242536570000001,0.650905971,0.009256074,0.009256074
