name,effectDays,infectReduct,reduceHosp,reduceIcu,reduceMort,reduceSympt,riskReduct,waneRate,waneRateOut
cur_2,14,0.42366495200000004,0.834144358,0.905626158,0.95232334,0.664249557,0.42366495200000004,0.021172825,0.010384201
cur_2_60,14,0.374334574,0.803666423,0.88649646,0.9420535659999999,0.616890389,0.374334574,0.021172825,0.010384201
cur_2_70,14,0.327511652,0.7691599290000001,0.864085738,0.929742966,0.567234024,0.327511652,0.021172825,0.010384201
cur_3,14,0.47492084799999995,0.860881895,0.9219188140000001,0.96090226,0.708814872,0.47492084799999995,0.014355991,0.003567367
cur_3_60,14,0.424013139,0.8343415240000001,0.9057479490000001,0.952388036,0.6645674739999999,0.424013139,0.014355991,0.003567367
cur_3_70,14,0.37469767,0.803910879,0.886652329,0.9421381209999999,0.617256646,0.37469767,0.014355991,0.003567367
recover,0,0.9037920629999999,0.988173912,0.9937668740000001,0.9969957690000001,0.970475103,0.9037920629999999,0.0030087029999999997,0.0030087029999999997
recover_60,0,0.834489825,0.983247378,0.9911493990000001,0.995728374,0.958485316,0.834489825,0.0030087029999999997,0.0030087029999999997
recover_70,0,0.620094232,0.959289628,0.9782421809999999,0.989427645,0.902622673,0.620094232,0.0030087029999999997,0.0030087029999999997
