name,effectDays,infectReduct,reduceHosp,reduceIcu,reduceMort,reduceSympt,riskReduct,waneRate,waneRateOut
cur_2,14,0.49355930600000003,0.868568639,0.931984798,0.9661272679999999,0.682183012,0.49355930600000003,0.02097505,0.014700575
cur_2_60,14,0.45455992,0.849650545,0.921368396,0.9606149079999999,0.6473299579999999,0.45455992,0.02097505,0.014700575
cur_2_70,14,0.416120761,0.82855311,0.9092598340000001,0.9542498640000001,0.61084554,0.416120761,0.02097505,0.014700575
cur_3,14,0.525783511,0.882606888,0.9397196309999999,0.970103898,0.709470143,0.525783511,0.016734289,0.010459814
cur_3_60,14,0.486684797,0.865396301,0.930220154,0.9652153840000001,0.6761890970000001,0.486684797,0.016734289,0.010459814
cur_3_70,14,0.447759134,0.846108162,0.919355375,0.959562528,0.641034639,0.447759134,0.016734289,0.010459814
recover,0,0.9176639459999999,0.988069347,0.9942102829999999,0.997210127,0.9641568779999999,0.9176639459999999,0.010109672,0.010109672
recover_60,0,0.853297153,0.9830999979999999,0.991777468,0.996032803,0.949734214,0.853297153,0.010109672,0.010109672
recover_70,0,0.648041175,0.958940283,0.979767492,0.990176684,0.883526928,0.648041175,0.010109672,0.010109672
