name,effectDays,infectReduct,reduceHosp,reduceIcu,reduceMort,reduceSympt,riskReduct,waneRate,waneRateOut
cur_2,14,0.514322579,0.8782811340000001,0.9346541840000001,0.9675033909999999,0.7221913459999999,0.514322579,0.022341899,0.014414868999999999
cur_2_60,14,0.47899655,0.86234246,0.925470962,0.9627525859999999,0.6929587309999999,0.47899655,0.022341899,0.014414868999999999
cur_2_70,14,0.443883995,0.8446882290000001,0.91511587,0.957338638,0.662093575,0.443883995,0.022341899,0.014414868999999999
cur_3,14,0.470568804,0.858281046,0.9231059970000001,0.9615214590000001,0.685721173,0.470568804,0.028100815,0.020173785
cur_3_60,14,0.43555292799999995,0.840199935,0.912451892,0.9559359609999999,0.654486955,0.43555292799999995,0.028100815,0.020173785
cur_3_70,14,0.40117283200000003,0.820297747,0.9004824370000001,0.9495830959999999,0.621864791,0.40117283200000003,0.028100815,0.020173785
recover,0,0.920702712,0.9881260409999999,0.993974392,0.997096102,0.967722264,0.920702712,0.008309284,0.008309284
recover_60,0,0.873988245,0.983179905,0.9914433090000001,0.995870859,0.954666795,0.873988245,0.008309284,0.008309284
recover_70,0,0.709817631,0.9591296709999999,0.978955613,0.989778142,0.894232901,0.709817631,0.008309284,0.008309284
