name,effectDays,infectReduct,reduceHosp,reduceIcu,reduceMort,reduceSympt,riskReduct,waneRate,waneRateOut
cur_2,14,0.542698448,0.8882858029999999,0.9485562890000001,0.9746068059999999,0.666208704,0.542698448,0.02222985,0.018292634
cur_2_60,14,0.527406014,0.88203804,0.9454723209999999,0.973040138,0.6524010929999999,0.527406014,0.02222985,0.018292634
cur_2_70,14,0.5120341310000001,0.8754776890000001,0.942208667,0.9713765520000001,0.638306655,0.5120341310000001,0.02222985,0.018292634
cur_3,14,0.569239948,0.8985202320000001,0.9535578640000001,0.977136687,0.689680726,0.569239948,0.018694287,0.014757071
cur_3_60,14,0.554105834,0.892775753,0.950758167,0.975722215,0.676372399,0.554105834,0.018694287,0.014757071
cur_3_70,14,0.53884304,0.8867358870000001,0.9477934179999999,0.974219745,0.66274749,0.53884304,0.018694287,0.014757071
recover,0,0.89420323,0.925603307,0.9353540000000001,0.949287841,0.9071064809999999,0.89420323,0.006320681,0.006320681
recover_60,0,0.752355462,0.817251452,0.838728835,0.8706082820000001,0.778269014,0.752355462,0.006320681,0.006320681
recover_70,0,0.752355462,0.817251452,0.838728835,0.8706082820000001,0.778269014,0.752355462,0.006320681,0.006320681
