name,effectDays,infectReduct,reduceHosp,reduceIcu,reduceMort,reduceSympt,riskReduct,waneRate,waneRateOut
cur_2,14,0.410711448,0.826528202,0.9015595540000001,0.9501581920000001,0.648218255,0.410711448,0.020125021,0.011054508000000001
cur_2_60,14,0.397553813,0.81855322,0.8966024570000001,0.94750585,0.635659355,0.397553813,0.020125021,0.011054508000000001
cur_2_70,14,0.38451361799999995,0.810276909,0.891413934,0.944714171,0.622884117,0.38451361799999995,0.020125021,0.011054508000000001
cur_3,14,0.489196777,0.867499033,0.9263876390000001,0.963228933,0.716876822,0.489196777,0.009676622,0.000606109
cur_3_60,14,0.475553861,0.86109104,0.92257342,0.961243781,0.7056560590000001,0.475553861,0.009676622,0.000606109
cur_3_70,14,0.461916861,0.8544098990000001,0.918569768,0.959151199,0.694154275,0.461916861,0.009676622,0.000606109
recover,0,0.944195935,0.988164667,0.993807565,0.9970154440000001,0.969960945,0.944195935,0.005161603,0.005161603
recover_60,0,0.93150739,0.9832343459999999,0.991207026,0.995756315,0.95777145,0.93150739,0.005161603,0.005161603
recover_70,0,0.8587990959999999,0.9592587309999999,0.978382016,0.9894963640000001,0.901047389,0.8587990959999999,0.005161603,0.005161603
