name,effectDays,infectReduct,reduceHosp,reduceIcu,reduceMort,reduceSympt,riskReduct,waneRate,waneRateOut
cur_2,14,0.437430151,0.8421601120000001,0.9082879640000001,0.9537353409999999,0.691014238,0.437430151,0.022046471,0.013965769
cur_2_60,14,0.409960986,0.8266201759999999,0.89847369,0.9485087659999999,0.666486566,0.409960986,0.022046471,0.013965769
cur_2_70,14,0.38303563700000004,0.809891301,0.8877361709999999,0.9427256740000001,0.641016844,0.38303563700000004,0.022046471,0.013965769
cur_3,14,0.425630174,0.835660032,0.904201349,0.9515658370000001,0.680650065,0.425630174,0.023627985,0.015547283
cur_3_60,14,0.398377279,0.819617211,0.894000795,0.9461080190000001,0.655709584,0.398377279,0.023627985,0.015547283
cur_3_70,14,0.37173341200000004,0.802374186,0.882851898,0.940072331,0.629873899,0.37173341200000004,0.023627985,0.015547283
recover,0,0.8703552309999999,0.907064683,0.9482446809999999,0.9506068809999999,0.894837488,0.8703552309999999,0.005553521999999999,0.005553521999999999
recover_60,0,0.773225011,0.83213276,0.90296341,0.9071900420000001,0.812089347,0.773225011,0.005553521999999999,0.005553521999999999
recover_70,0,0.773225011,0.83213276,0.90296341,0.9071900420000001,0.812089347,0.773225011,0.005553521999999999,0.005553521999999999
