name,effectDays,infectReduct,reduceHosp,reduceIcu,reduceMort,reduceSympt,riskReduct,waneRate,waneRateOut
cur_2,14,0.641311991,0.921879311,0.9692210240000001,0.9849729290000001,0.6818917640000001,0.641311991,0.021662964,0.02142453
cur_2_60,14,0.593484425,0.9059778959999999,0.962564674,0.981658666,0.6364073889999999,0.593484425,0.021662964,0.02142453
cur_2_70,14,0.543845399,0.8872475670000001,0.954541485,0.9776326340000001,0.58837442,0.543845399,0.021662964,0.02142453
cur_3,14,0.650475375,0.9247164640000001,0.970394058,0.9855545809999999,0.690518738,0.650475375,0.020345715,0.020107281
cur_3_60,14,0.603113495,0.9093357540000001,0.963981964,0.982366306,0.645626833,0.603113495,0.020345715,0.020107281
cur_3_70,14,0.5537661979999999,0.891194015,0.956248724,0.978492202,0.598042552,0.5537661979999999,0.020345715,0.020107281
recover,0,0.9410416540000001,0.987746472,0.9953725609999999,0.99777154,0.9360718240000001,0.9410416540000001,0.0029946490000000003,0.0029946490000000003
recover_60,0,0.918332733,0.982645001,0.9934249009999999,0.99683038,0.9113868509999999,0.918332733,0.0029946490000000003,0.0029946490000000003
recover_70,0,0.81901774,0.957862715,0.983781846,0.992142303,0.805039025,0.81901774,0.0029946490000000003,0.0029946490000000003
