name,effectDays,infectReduct,reduceHosp,reduceIcu,reduceMort,reduceSympt,riskReduct,waneRate,waneRateOut
cur_2,14,0.5232503270000001,0.881135815,0.941002647,0.970760333,0.6885735820000001,0.5232503270000001,0.021636778,0.014572536
cur_2_60,14,0.496262902,0.8693487870000001,0.93471237,0.9675333429999999,0.66495221,0.496262902,0.021636778,0.014572536
cur_2_70,14,0.469288384,0.856578793,0.9278005009999999,0.9639621979999999,0.640466477,0.469288384,0.021636778,0.014572536
cur_3,14,0.5381236739999999,0.887249924,0.944232238,0.9724087140000001,0.701234195,0.5381236739999999,0.019673288,0.012609046
cur_3_60,14,0.5111916679999999,0.8759838609999999,0.9382637079999999,0.969357902,0.678124225,0.5111916679999999,0.019673288,0.012609046
cur_3_70,14,0.484185655,0.8637607540000001,0.93170034,0.965980391,0.654100374,0.484185655,0.019673288,0.012609046
recover,0,0.860134052,0.9009463320000001,0.927518958,0.904544475,0.8853814309999999,0.860134052,0.0045894759999999995,0.0045894759999999995
recover_60,0,0.753336569,0.818744943,0.864041572,0.8247482340000001,0.7932277190000001,0.753336569,0.0045894759999999995,0.0045894759999999995
recover_70,0,0.753336569,0.818744943,0.864041572,0.8247482340000001,0.7932277190000001,0.753336569,0.0045894759999999995,0.0045894759999999995
