name,effectDays,infectReduct,reduceHosp,reduceIcu,reduceMort,reduceSympt,riskReduct,waneRate,waneRateOut
cur_2,14,0.432444431,0.8390722429999999,0.908514562,0.9538553540000001,0.673146767,0.432444431,0.020633954,0.012945191000000002
cur_2_60,14,0.37706112799999997,0.8055241209999999,0.887501953,0.9425987640000001,0.6206471370000001,0.37706112799999997,0.020633954,0.012945191000000002
cur_2_70,14,0.324748624,0.76695427,0.862413533,0.928812016,0.565202424,0.324748624,0.020633954,0.012945191000000002
cur_3,14,0.465570639,0.85634889,0.9190553090000001,0.95940546,0.701908223,0.465570639,0.016230148,0.008541385
cur_3_60,14,0.40900214799999995,0.825654021,0.90019777,0.949430992,0.65163754,0.40900214799999995,0.016230148,0.008541385
cur_3_70,14,0.35478205,0.7900358590000001,0.87755003,0.937175852,0.597786942,0.35478205,0.016230148,0.008541385
recover,0,0.9044722479999999,0.9881761459999999,0.993757,0.996990994,0.97059809,0.9044722479999999,0.007627966999999999,0.007627966999999999
recover_60,0,0.851186062,0.983250527,0.991135415,0.995721593,0.95865612,0.851186062,0.007627966999999999,0.007627966999999999
recover_70,0,0.670563166,0.959297093,0.97820825,0.989410969,0.903000053,0.670563166,0.007627966999999999,0.007627966999999999
