name,effectDays,infectReduct,reduceHosp,reduceIcu,reduceMort,reduceSympt,riskReduct,waneRate,waneRateOut
cur_2,14,0.574367148,0.900345802,0.954750123,0.977737764,0.690512224,0.574367148,0.019832254,0.017750154
cur_2_60,14,0.534320425,0.884819067,0.947202843,0.9739198859999999,0.654826087,0.534320425,0.019832254,0.017750154
cur_2_70,14,0.49383955700000004,0.867235999,0.93848091,0.969469268,0.617318102,0.49383955700000004,0.019832254,0.017750154
cur_3,14,0.566251519,0.897334684,0.953297598,0.977005372,0.6833904190000001,0.566251519,0.020921071,0.018838971
cur_3_60,14,0.52607127,0.8814005979999999,0.9455218740000001,0.973065352,0.647302535,0.52607127,0.020921071,0.018838971
cur_3_70,14,0.48556371600000003,0.863376259,0.9365408540000001,0.9684736270000001,0.6094645870000001,0.48556371600000003,0.020921071,0.018838971
recover,0,0.94410728,0.9879181659999999,0.9947906329999999,0.997490537,0.952814754,0.94410728,0.0063789369999999995,0.0063789369999999995
recover_60,0,0.8792498320000001,0.9828869379999999,0.9925998629999999,0.9964311229999999,0.934139963,0.8792498320000001,0.0063789369999999995,0.0063789369999999995
recover_70,0,0.664224446,0.9584355170000001,0.9817690109999999,0.9911577579999999,0.850623366,0.664224446,0.0063789369999999995,0.0063789369999999995
