name,effectDays,infectReduct,reduceHosp,reduceIcu,reduceMort,reduceSympt,riskReduct,waneRate,waneRateOut
cur_2,14,0.617363369,0.914384854,0.965196954,0.982972095,0.6738197920000001,0.617363369,0.020102136,0.012351053
cur_2_60,14,0.578497183,0.900842825,0.9593346079999999,0.9800419440000001,0.637319294,0.578497183,0.020102136,0.012351053
cur_2_70,14,0.5386464120000001,0.88543249,0.952535707,0.9766207579999999,0.599176566,0.5386464120000001,0.020102136,0.012351053
cur_3,14,0.619166795,0.914981157,0.965452726,0.9830995229999999,0.6754969940000001,0.619166795,0.019850918000000002,0.012099835
cur_3_60,14,0.580359277,0.901523289,0.959631661,0.9801908570000001,0.63908365,0.580359277,0.019850918000000002,0.012099835
cur_3_70,14,0.5405447329999999,0.886205349,0.952879985,0.976794594,0.601010312,0.5405447329999999,0.019850918000000002,0.012099835
recover,0,0.8447530040000001,0.8995567609999999,0.923650878,0.943712717,0.884333464,0.8447530040000001,0.004890865,0.004890865
recover_60,0,0.693186812,0.788072013,0.833973083,0.874394625,0.760451497,0.693186812,0.004890865,0.004890865
recover_70,0,0.693186812,0.788072013,0.833973083,0.874394625,0.760451497,0.693186812,0.004890865,0.004890865
