name,effectDays,infectReduct,reduceHosp,reduceIcu,reduceMort,reduceSympt,riskReduct,waneRate,waneRateOut
cur_2,14,0.570353255,0.899848897,0.949895481,0.975285515,0.737063688,0.570353255,0.022102958,0.018253836000000002
cur_2_60,14,0.5319270939999999,0.884947176,0.94196001,0.971249565,0.705858172,0.5319270939999999,0.022102958,0.018253836000000002
cur_2_70,14,0.493128922,0.86815785,0.932859186,0.9665784690000001,0.672603462,0.493128922,0.022102958,0.018253836000000002
cur_3,14,0.54432368,0.8899289490000001,0.944627601,0.972610115,0.716106805,0.54432368,0.025572478,0.021723356
cur_3_60,14,0.505587553,0.873758288,0.9359141,0.968151532,0.68348218,0.505587553,0.025572478,0.021723356
cur_3_70,14,0.466794628,0.855602619,0.9259397979999999,0.962996273,0.6489558360000001,0.466794628,0.025572478,0.021723356
recover,0,0.837535145,0.898848317,0.919745079,0.9326591470000001,0.8686907429999999,0.837535145,0.004061823,0.004061823
recover_60,0,0.761472742,0.846220779,0.876495905,0.89557922,0.803797669,0.761472742,0.004061823,0.004061823
recover_70,0,0.761472742,0.846220779,0.876495905,0.89557922,0.803797669,0.761472742,0.004061823,0.004061823
