name,effectDays,infectReduct,reduceHosp,reduceIcu,reduceMort,reduceSympt,riskReduct,waneRate,waneRateOut
cur_2,14,0.493904365,0.8681112240000001,0.9348571370000001,0.967607856,0.655684312,0.493904365,0.020721168999999998,0.012653157
cur_2_60,14,0.444854586,0.843863747,0.9217750159999999,0.960827205,0.609930866,0.444854586,0.020721168999999998,0.012653157
cur_2_70,14,0.39688251,0.816119231,0.906338275,0.9527014970000001,0.562184508,0.39688251,0.020721168999999998,0.012653157
cur_3,14,0.5439428000000001,0.889433785,0.946059332,0.97333874,0.6994604959999999,0.5439428000000001,0.014125785,0.006057773000000001
cur_3_60,14,0.49478193299999995,0.868512662,0.9350706109999999,0.967717712,0.6564764679999999,0.49478193299999995,0.014125785,0.006057773000000001
cur_3_70,14,0.44574888100000004,0.844340183,0.922035677,0.960963248,0.6107918960000001,0.44574888100000004,0.014125785,0.006057773000000001
recover,0,0.915924163,0.988005742,0.994462783,0.9973321490000001,0.95972903,0.915924163,0.006173864,0.006173864
recover_60,0,0.838131478,0.983010356,0.992135227,0.996206123,0.943628844,0.838131478,0.006173864,0.006173864
recover_70,0,0.60332328,0.9587278709999999,0.9806376,0.990603433,0.870476617,0.60332328,0.006173864,0.006173864
