name,effectDays,infectReduct,reduceHosp,reduceIcu,reduceMort,reduceSympt,riskReduct,waneRate,waneRateOut
cur_2,14,0.41438363,0.8285362159999999,0.90368446,0.95129074,0.6461147389999999,0.41438363,0.020933553,0.007376365
cur_2_60,14,0.40341825200000003,0.821994433,0.8996625629999999,0.9491448920000001,0.6356735139999999,0.40341825200000003,0.020933553,0.007376365
cur_2_70,14,0.39251569399999997,0.815237969,0.8954792540000001,0.9469028620000001,0.625070695,0.39251569399999997,0.020933553,0.007376365
cur_3,14,0.477038464,0.861672405,0.923636412,0.96179785,0.70181721,0.477038464,0.012584119,-0.000973068
cur_3_60,14,0.46573368,0.856175397,0.9203742490000001,0.960095468,0.6922366259999999,0.46573368,0.012584119,-0.000973068
cur_3_70,14,0.454429838,0.850480329,0.91697477,0.9583150090000001,0.682457634,0.454429838,0.012584119,-0.000973068
recover,0,0.895421754,0.988151995,0.993862852,0.9970421759999999,0.969242857,0.895421754,0.008380976,0.008380976
recover_60,0,0.833641456,0.9832164859999999,0.991285328,0.995794277,0.956774955,0.833641456,0.008380976,0.008380976
recover_70,0,0.63485383,0.95921639,0.978572055,0.989589739,0.8988537,0.63485383,0.008380976,0.008380976
