name,effectDays,infectReduct,reduceHosp,reduceIcu,reduceMort,reduceSympt,riskReduct,waneRate,waneRateOut
cur_2,14,0.554661931,0.892847045,0.9514465240000001,0.97607038,0.669409406,0.554661931,0.021761146000000002,0.016782702
cur_2_60,14,0.538532865,0.8864589709999999,0.948349845,0.974502093,0.654850136,0.538532865,0.021761146000000002,0.016782702
cur_2_70,14,0.5222963820000001,0.879730188,0.945061587,0.972831094,0.63997018,0.5222963820000001,0.021761146000000002,0.016782702
cur_3,14,0.579403443,0.902115808,0.9558967970000001,0.97831514,0.6913236890000001,0.579403443,0.018447178,0.013468734
cur_3_60,14,0.563465216,0.896216074,0.9530699509999999,0.976890485,0.677264229,0.563465216,0.018447178,0.013468734
cur_3_70,14,0.54736866,0.889993769,0.950066372,0.975372053,0.662853082,0.54736866,0.018447178,0.013468734
recover,0,0.910774442,0.9365570670000001,0.953946627,0.9748998090000001,0.9283721109999999,0.910774442,0.006940526,0.006940526
recover_60,0,0.805892575,0.8572311359999999,0.893900551,0.940468368,0.840554426,0.805892575,0.006940526,0.006940526
recover_70,0,0.805892575,0.8572311359999999,0.893900551,0.940468368,0.840554426,0.805892575,0.006940526,0.006940526
