name,effectDays,infectReduct,reduceHosp,reduceIcu,reduceMort,reduceSympt,riskReduct,waneRate,waneRateOut
cur_2,14,0.635933506,0.920598884,0.967048225,0.9838936340000001,0.7040135609999999,0.635933506,0.020796548999999998,0.017163865
cur_2_60,14,0.575994949,0.900169384,0.958024984,0.979384867,0.649098751,0.575994949,0.020796548999999998,0.017163865
cur_2_70,14,0.5137834920000001,0.875217745,0.9466771759999999,0.9736528240000001,0.5899780020000001,0.5137834920000001,0.020796548999999998,0.017163865
cur_3,14,0.6124482720000001,0.9129636059999999,0.963703449,0.98222733,0.682728989,0.6124482720000001,0.024088899,0.020456215
cur_3_60,14,0.551370891,0.89080261,0.953808051,0.977262882,0.62596327,0.551370891,0.024088899,0.020456215
cur_3_70,14,0.48875330100000003,0.863863901,0.941389955,0.9709583159999999,0.565553505,0.48875330100000003,0.024088899,0.020456215
recover,0,0.8416577959999999,0.894116135,0.909272596,0.9204452,0.833434995,0.8416577959999999,0.0045096929999999995,0.0045096929999999995
recover_60,0,0.661645494,0.7564867279999999,0.786642754,0.80975702,0.647984326,0.661645494,0.0045096929999999995,0.0045096929999999995
recover_70,0,0.661645494,0.7564867279999999,0.786642754,0.80975702,0.647984326,0.661645494,0.0045096929999999995,0.0045096929999999995
