name,effectDays,infectReduct,reduceHosp,reduceIcu,reduceMort,reduceSympt,riskReduct,waneRate,waneRateOut
cur_2,14,0.427684697,0.8362509220000001,0.907818523,0.953486616,0.662204902,0.427684697,0.020666344,0.011919797
cur_2_60,14,0.411523687,0.826959094,0.9021123809999999,0.9504530959999999,0.647203479,0.411523687,0.020666344,0.011919797
cur_2_70,14,0.39552655,0.817239773,0.896083815,0.9472275109999999,0.631882095,0.39552655,0.020666344,0.011919797
cur_3,14,0.457002684,0.8518874790000001,0.917296893,0.958484001,0.688265813,0.457002684,0.016757674,0.008011126
cur_3_60,14,0.440586684,0.843316691,0.9121206759999999,0.95576128,0.6738517279999999,0.440586684,0.016757674,0.008011126
cur_3_70,14,0.42427431,0.8343320790000001,0.9066447009999999,0.9528641290000001,0.659078018,0.42427431,0.016757674,0.008011126
recover,0,0.9312870440000001,0.98816061,0.993825324,0.99702403,0.9697327790000001,0.9312870440000001,0.008500886,0.008500886
recover_60,0,0.870888283,0.9832286290000001,0.9912321759999999,0.9957685079999999,0.957454757,0.870888283,0.008500886,0.008500886
recover_70,0,0.672739205,0.959245177,0.97844305,0.989526355,0.900349556,0.672739205,0.008500886,0.008500886
