name,effectDays,infectReduct,reduceHosp,reduceIcu,reduceMort,reduceSympt,riskReduct,waneRate,waneRateOut
cur_2,14,0.428365819,0.837332402,0.9044140820000001,0.951679012,0.68815179,0.428365819,0.021607052,0.014761473999999998
cur_2_60,14,0.390248693,0.814688405,0.8898800570000001,0.943885813,0.653338733,0.390248693,0.021607052,0.014761473999999998
cur_2_70,14,0.35343671,0.789691577,0.87345038,0.934924451,0.616814214,0.35343671,0.021607052,0.014761473999999998
cur_3,14,0.43113804299999997,0.838867331,0.9053875509999999,0.9521965659999999,0.690574199,0.43113804299999997,0.021235143999999997,0.014389565
cur_3_60,14,0.392943806,0.8163901490000001,0.890983702,0.944481969,0.655896343,0.392943806,0.021235143999999997,0.014389565
cur_3_70,14,0.356026036,0.79156414,0.8746955009999999,0.935609318,0.619484351,0.356026036,0.021235143999999997,0.014389565
recover,0,0.9250261609999999,0.988220555,0.9935570140000001,0.996894281,0.972946967,0.9250261609999999,0.006441025,0.006441025
recover_60,0,0.8498169459999999,0.983313123,0.990852223,0.995584261,0.961921595,0.8498169459999999,0.006441025,0.006441025
recover_70,0,0.6176422429999999,0.9594455159999999,0.97752145,0.9890732959999999,0.9102498790000001,0.6176422429999999,0.006441025,0.006441025
