name,effectDays,infectReduct,reduceHosp,reduceIcu,reduceMort,reduceSympt,riskReduct,waneRate,waneRateOut
cur_2,14,0.5628218389999999,0.8953257459999999,0.955472037,0.978101346,0.641733194,0.5628218389999999,0.020279768,0.016826225
cur_2_60,14,0.54315523,0.8876305590000001,0.951961293,0.9763305790000001,0.623240123,0.54315523,0.020279768,0.016826225
cur_2_70,14,0.52333272,0.8794371409999999,0.948184733,0.9744183270000001,0.604361364,0.52333272,0.020279768,0.016826225
cur_3,14,0.610429394,0.912362597,0.963122653,0.981937387,0.685548595,0.610429394,0.013819652,0.010366109
cur_3_60,14,0.591349435,0.90578809,0.960189979,0.980470616,0.668147642,0.591349435,0.013819652,0.010366109
cur_3_70,14,0.571970159,0.898767635,0.957031117,0.978885604,0.650256354,0.571970159,0.013819652,0.010366109
recover,0,0.830987582,0.8790762259999999,0.9209166790000001,0.932783342,0.899223219,0.830987582,0.005078587,0.005078587
recover_60,0,0.717493576,0.789702197,0.857452147,0.877575867,0.821719854,0.717493576,0.005078587,0.005078587
recover_70,0,0.717493576,0.789702197,0.857452147,0.877575867,0.821719854,0.717493576,0.005078587,0.005078587
