name,effectDays,infectReduct,reduceHosp,reduceIcu,reduceMort,reduceSympt,riskReduct,waneRate,waneRateOut
cur_2,14,0.521056026,0.8805208390000001,0.939128847,0.969801328,0.700718512,0.521056026,0.021332913999999998,0.012701663
cur_2_60,14,0.47291078799999997,0.858712169,0.927132671,0.9636157390000001,0.6588075320000001,0.47291078799999997,0.021332913999999998,0.012701663
cur_2_70,14,0.42528924100000004,0.833688916,0.91299954,0.956224649,0.6142826610000001,0.42528924100000004,0.021332913999999998,0.012701663
cur_3,14,0.505716993,0.8739083679999999,0.9355224670000001,0.967950157,0.6876845970000001,0.505716993,0.023351707000000003,0.014720457
cur_3_60,14,0.457634814,0.8510968259999999,0.922873933,0.9614004840000001,0.64487341,0.457634814,0.023351707000000003,0.014720457
cur_3_70,14,0.410353951,0.824999698,0.907996758,0.9535810659999999,0.5996352110000001,0.410353951,0.023351707000000003,0.014720457
recover,0,0.93143128,0.988057218,0.994259405,0.997233868,0.9633485959999999,0.93143128,0.00089316,0.00089316
recover_60,0,0.873973296,0.9830829040000001,0.991847061,0.9960665240000001,0.9486180259999999,0.873973296,0.00089316,0.00089316
recover_70,0,0.683237885,0.958899772,0.979936678,0.9902596929999999,0.881124578,0.683237885,0.00089316,0.00089316
