name,effectDays,infectReduct,reduceHosp,reduceIcu,reduceMort,reduceSympt,riskReduct,waneRate,waneRateOut
cur_2,14,0.508457988,0.875091817,0.93627184,0.9683354040000001,0.6891537529999999,0.508457988,0.019994732,0.013701321
cur_2_60,14,0.483702111,0.863856836,0.930100197,0.965153333,0.667548076,0.483702111,0.019994732,0.013701321
cur_2_70,14,0.45901351100000004,0.85177614,0.923376234,0.961662296,0.6452023020000001,0.45901351100000004,0.019994732,0.013701321
cur_3,14,0.509173479,0.875404409,0.9364424440000001,0.968423068,0.6897667040000001,0.509173479,0.019900611000000002,0.0136072
cur_3_60,14,0.484417098,0.86419318,0.930286093,0.9652494890000001,0.668183118,0.484417098,0.019900611000000002,0.0136072
cur_3_70,14,0.459724499,0.8521372209999999,0.923578543,0.9617677040000001,0.645857384,0.459724499,0.019900611000000002,0.0136072
recover,0,0.935006892,0.988055059,0.994268101,0.997238071,0.963202958,0.935006892,0.006539176999999999,0.006539176999999999
recover_60,0,0.884732472,0.98307986,0.991859382,0.996072493,0.948416988,0.884732472,0.006539176999999999,0.006539176999999999
recover_70,0,0.712065127,0.95889256,0.9799666340000001,0.9902743890000001,0.880692677,0.712065127,0.006539176999999999,0.006539176999999999
