name,effectDays,infectReduct,reduceHosp,reduceIcu,reduceMort,reduceSympt,riskReduct,waneRate,waneRateOut
cur_2,14,0.49114244700000004,0.867095182,0.9330421659999999,0.966672836,0.664336304,0.49114244700000004,0.021453073,0.017541466999999998
cur_2_60,14,0.433325466,0.837895666,0.9169435340000001,0.95829862,0.610595639,0.433325466,0.021453073,0.017541466999999998
cur_2_70,14,0.377308043,0.8037595479999999,0.8974154190000001,0.947941822,0.554068425,0.377308043,0.021453073,0.017541466999999998
cur_3,14,0.522936113,0.881086382,0.940566824,0.9705374529999999,0.692092788,0.522936113,0.017269748,0.013358142
cur_3_60,14,0.464795045,0.854444766,0.926134118,0.9630972390000001,0.640390505,0.464795045,0.017269748,0.013358142
cur_3_70,14,0.40763587799999995,0.8230576470000001,0.90855137,0.9538748459999999,0.5852505570000001,0.40763587799999995,0.017269748,0.013358142
recover,0,0.852337204,0.9063974020000001,0.934549435,0.933459558,0.8765968909999999,0.852337204,0.005439345999999999,0.005439345999999999
recover_60,0,0.733007918,0.821611843,0.8716532309999999,0.869662081,0.771619327,0.733007918,0.005439345999999999,0.005439345999999999
recover_70,0,0.733007918,0.821611843,0.8716532309999999,0.869662081,0.771619327,0.733007918,0.005439345999999999,0.005439345999999999
