name,effectDays,infectReduct,reduceHosp,reduceIcu,reduceMort,reduceSympt,riskReduct,waneRate,waneRateOut
cur_2,14,0.567955176,0.89890124,0.9497041759999999,0.97518862,0.732121263,0.567955176,0.020287468,0.015544298
cur_2_60,14,0.530444359,0.884268759,0.941949787,0.971244344,0.7013692979999999,0.530444359,0.020287468,0.015544298
cur_2_70,14,0.492595269,0.867833923,0.933086317,0.966695603,0.668692532,0.492595269,0.020287468,0.015544298
cur_3,14,0.520607411,0.8801697390000001,0.9397545509999999,0.9701217759999999,0.693040998,0.520607411,0.02656813,0.021824958999999998
cur_3_60,14,0.482729741,0.863238636,0.930578305,0.9654005999999999,0.65988686,0.482729741,0.02656813,0.021824958999999998
cur_3_70,14,0.445058274,0.844343044,0.920125796,0.959965565,0.625097282,0.445058274,0.02656813,0.021824958999999998
recover,0,0.93303745,0.991749911,0.99609817,0.998121685,0.9736499940000001,0.93303745,0.003872027,0.003872027
recover_60,0,0.913052272,0.990536648,0.995521477,0.9978434209999999,0.9698558509999999,0.913052272,0.003872027,0.003872027
recover_70,0,0.816861279,0.980354747,0.9906522870000001,0.9954872779999999,0.938797697,0.816861279,0.003872027,0.003872027
