name,effectDays,infectReduct,reduceHosp,reduceIcu,reduceMort,reduceSympt,riskReduct,waneRate,waneRateOut
cur_2,14,0.347409925,0.7864238509999999,0.8638612790000001,0.9296181059999999,0.646821322,0.347409925,0.020397213,0.006651318000000001
cur_2_60,14,0.301247465,0.748867547,0.83710136,0.9145043709999999,0.597287378,0.301247465,0.020397213,0.006651318000000001
cur_2_70,14,0.258811864,0.707193663,0.806281755,0.8965187240000001,0.5457186079999999,0.258811864,0.020397213,0.006651318000000001
cur_3,14,0.434771061,0.8417803629999999,0.9016567790000001,0.95021007,0.725742632,0.434771061,0.008297514,-0.0054483809999999995
cur_3_60,14,0.38382788700000003,0.811626585,0.8813053040000001,0.9392291629999999,0.681832848,0.38382788700000003,0.008297514,-0.0054483809999999995
cur_3_70,14,0.335342252,0.777269674,0.8574244440000001,0.926024106,0.634464783,0.335342252,0.008297514,-0.0054483809999999995
recover,0,0.8772221659999999,0.909683728,0.9399559040000001,0.949372203,0.9122573709999999,0.8772221659999999,0.0058250459999999995,0.0058250459999999995
recover_60,0,0.7733035859999999,0.827848537,0.881991932,0.899526666,0.832324312,0.7733035859999999,0.0058250459999999995,0.0058250459999999995
recover_70,0,0.7733035859999999,0.827848537,0.881991932,0.899526666,0.832324312,0.7733035859999999,0.0058250459999999995,0.0058250459999999995
