name,effectDays,infectReduct,reduceHosp,reduceIcu,reduceMort,reduceSympt,riskReduct,waneRate,waneRateOut
cur_2,14,0.443800827,0.844880427,0.913915136,0.956706913,0.671033191,0.443800827,0.021695902000000003,0.013626761999999999
cur_2_60,14,0.41145213700000005,0.826752459,0.9029279379999999,0.950887825,0.641216215,0.41145213700000005,0.021695902000000003,0.013626761999999999
cur_2_70,14,0.37985197,0.806990557,0.890706507,0.944332304,0.610267253,0.37985197,0.021695902000000003,0.013626761999999999
cur_3,14,0.457742207,0.852118468,0.918243653,0.9589803490000001,0.683342827,0.457742207,0.019844443,0.011775303
cur_3_60,14,0.425154095,0.834670848,0.907753151,0.95345197,0.654066392,0.425154095,0.019844443,0.011775303
cur_3_70,14,0.39320465200000004,0.81561073,0.8960692920000001,0.947219714,0.623575173,0.39320465200000004,0.019844443,0.011775303
recover,0,0.930853623,0.9881471740000001,0.993883747,0.997052278,0.96896546,0.930853623,0.008739081999999999,0.008739081999999999
recover_60,0,0.91715323,0.98320969,0.991314921,0.995808623,0.95639017,0.91715323,0.008739081999999999,0.008739081999999999
recover_70,0,0.8344923479999999,0.959200279,0.9786438890000001,0.98962503,0.8980082690000001,0.8344923479999999,0.008739081999999999,0.008739081999999999
