name,effectDays,infectReduct,reduceHosp,reduceIcu,reduceMort,reduceSympt,riskReduct,waneRate,waneRateOut
cur_2,14,0.5016823029999999,0.8723614279999999,0.933424878,0.96687015,0.694681605,0.5016823029999999,0.020299371,0.012508826
cur_2_60,14,0.485472619,0.864963954,0.9292795220000001,0.9647286009999999,0.680754935,0.485472619,0.020299371,0.012508826
cur_2_70,14,0.469267053,0.857194956,0.92488946,0.962450166,0.666474438,0.469267053,0.020299371,0.012508826
cur_3,14,0.50863233,0.8754253470000001,0.9351319859999999,0.967749291,0.7005465809999999,0.50863233,0.019385283,0.011594738
cur_3_60,14,0.492419988,0.868178613,0.931085077,0.9656625520000001,0.686766807,0.492419988,0.019385283,0.011594738
cur_3_70,14,0.476197146,0.86056475,0.926798268,0.963442162,0.672625908,0.476197146,0.019385283,0.011594738
recover,0,0.895435632,0.92773404,0.941505571,0.9447668840000001,0.9149664190000001,0.895435632,0.006510014000000001,0.006510014000000001
recover_60,0,0.8236459909999999,0.8750242429999999,0.897733277,0.903184124,0.8544055629999999,0.8236459909999999,0.006510014000000001,0.006510014000000001
recover_70,0,0.8236459909999999,0.8750242429999999,0.897733277,0.903184124,0.8544055629999999,0.8236459909999999,0.006510014000000001,0.006510014000000001
