name,effectDays,infectReduct,reduceHosp,reduceIcu,reduceMort,reduceSympt,riskReduct,waneRate,waneRateOut
cur_2,14,0.562085662,0.8953889829999999,0.954022892,0.977371221,0.659798317,0.562085662,0.019636807,0.017631985
cur_2_60,14,0.511088502,0.8745431440000001,0.944132008,0.9723576420000001,0.6123321429999999,0.511088502,0.019636807,0.017631985
cur_2_70,14,0.459890056,0.8502538159999999,0.9322721829999999,0.9662756109999999,0.562663631,0.459890056,0.019636807,0.017631985
cur_3,14,0.589610145,0.9054867320000001,0.9587218259999999,0.979734607,0.68462711,0.589610145,0.015930845,0.013926022
cur_3_60,14,0.5391905229999999,0.886397777,0.949788603,0.9752313840000001,0.6387283189999999,0.5391905229999999,0.015930845,0.013926022
cur_3_70,14,0.487986752,0.8640467959999999,0.93905206,0.969761988,0.5901782729999999,0.487986752,0.015930845,0.013926022
recover,0,0.935939392,0.9878702979999999,0.994960664,0.99757266,0.9485966579999999,0.935939392,0.005477215,0.005477215
recover_60,0,0.911404515,0.982819483,0.992840886,0.996547796,0.928377934,0.911404515,0.005477215,0.005477215
recover_70,0,0.805378205,0.958275772,0.982356525,0.9914453459999999,0.8388153290000001,0.805378205,0.005477215,0.005477215
