name,effectDays,infectReduct,reduceHosp,reduceIcu,reduceMort,reduceSympt,riskReduct,waneRate,waneRateOut
cur_2,14,0.588423228,0.905591987,0.956447168,0.978592015,0.7126360009999999,0.588423228,0.021138072,0.012589699
cur_2_60,14,0.571653072,0.899538822,0.953487214,0.977101045,0.698332308,0.571653072,0.021138072,0.012589699
cur_2_70,14,0.554692133,0.8931338529999999,0.9503318470000001,0.975506458,0.68361121,0.554692133,0.021138072,0.012589699
cur_3,14,0.560389906,0.8953184540000001,0.951410795,0.976052316,0.688585527,0.560389906,0.024909237,0.016360864
cur_3_60,14,0.543363925,0.8886875479999999,0.948127121,0.9743890959999999,0.673632958,0.543363925,0.024909237,0.016360864
cur_3_70,14,0.526211223,0.8816817459999999,0.944629249,0.9726109540000001,0.6582963270000001,0.526211223,0.024909237,0.016360864
recover,0,0.9289421520000001,0.987943575,0.9946977929999999,0.9974456909999999,0.9549241820000001,0.9289421520000001,0.010165626,0.010165626
recover_60,0,0.89059904,0.982922745,0.992468275,0.996367413,0.937029077,0.89059904,0.010165626,0.010165626
recover_70,0,0.7479922259999999,0.958520325,0.981448432,0.99100076,0.856613788,0.7479922259999999,0.010165626,0.010165626
