name,effectDays,infectReduct,reduceHosp,reduceIcu,reduceMort,reduceSympt,riskReduct,waneRate,waneRateOut
cur_2,14,0.561247494,0.89536916,0.952688407,0.9766978690000001,0.674987415,0.561247494,0.020946494,0.013091176999999999
cur_2_60,14,0.526679301,0.881570793,0.9459931640000001,0.973305091,0.643691424,0.526679301,0.020946494,0.013091176999999999
cur_2_70,14,0.49185734600000003,0.8662264340000001,0.9384126079999999,0.96943425,0.611121814,0.49185734600000003,0.020946494,0.013091176999999999
cur_3,14,0.5819448939999999,0.903028218,0.956356173,0.9785462490000001,0.69325182,0.5819448939999999,0.018167228,0.01031191
cur_3_60,14,0.547693228,0.890115944,0.9501528109999999,0.97541582,0.662836043,0.547693228,0.018167228,0.01031191
cur_3_70,14,0.5129877079999999,0.8757226640000001,0.94312101,0.971842187,0.6310132620000001,0.5129877079999999,0.018167228,0.01031191
recover,0,0.9429402929999999,0.987908497,0.994825486,0.9975073720000001,0.9519888259999999,0.9429402929999999,0.008616014,0.008616014
recover_60,0,0.9055203740000001,0.9828733129999999,0.992649265,0.99645504,0.9330101340000001,0.9055203740000001,0.008616014,0.008616014
recover_70,0,0.767509627,0.9584032459999999,0.9818894,0.991216702,0.848293489,0.767509627,0.008616014,0.008616014
