name,effectDays,infectReduct,reduceHosp,reduceIcu,reduceMort,reduceSympt,riskReduct,waneRate,waneRateOut
cur_2,14,0.43581256700000004,0.841028478,0.9090648509999999,0.9541466809999999,0.680323017,0.43581256700000004,0.020529773,0.015381738
cur_2_60,14,0.41202294,0.8275647859999999,0.900682874,0.949690165,0.658770965,0.41202294,0.020529773,0.015381738
cur_2_70,14,0.38862483600000003,0.813206048,0.8916152940000001,0.94482281,0.6365299520000001,0.38862483600000003,0.020529773,0.015381738
cur_3,14,0.47382371700000003,0.860478961,0.9209731459999999,0.960408458,0.712719731,0.47382371700000003,0.015487362,0.010339328
cur_3_60,14,0.44961272,0.848365575,0.913584477,0.956532803,0.692364165,0.44961272,0.015487362,0.010339328
cur_3_70,14,0.425625195,0.835394407,0.90557131,0.952294202,0.6712199520000001,0.425625195,0.015487362,0.010339328
recover,0,0.90495969,0.9881860570000001,0.9937129720000001,0.9969697040000001,0.971138114,0.90495969,0.005582355,0.005582355
recover_60,0,0.862097515,0.9832644970000001,0.991073065,0.9956913609999999,0.9594063079999999,0.862097515,0.005582355,0.005582355
recover_70,0,0.70395593,0.959330215,0.97805699,0.989336621,0.904659689,0.70395593,0.005582355,0.005582355
