name,effectDays,infectReduct,reduceHosp,reduceIcu,reduceMort,reduceSympt,riskReduct,waneRate,waneRateOut
cur_2,14,0.44462353600000004,0.8447063229999999,0.917175218,0.958420176,0.648246446,0.44462353600000004,0.020724209,0.009430979
cur_2_60,14,0.410288891,0.825392439,0.905869934,0.9524528259999999,0.615617376,0.410288891,0.020724209,0.009430979
cur_2_70,14,0.376810785,0.804235895,0.893202849,0.945678495,0.581917859,0.376810785,0.020724209,0.009430979
cur_3,14,0.48756733399999996,0.866035185,0.929382905,0.9647821259999999,0.686545327,0.48756733399999996,0.015047146,0.003753915
cur_3_60,14,0.452619116,0.848899465,0.919597853,0.959689413,0.655581354,0.452619116,0.015047146,0.003753915
cur_3_70,14,0.41813607799999997,0.83000456,0.908591722,0.953896214,0.623241273,0.41813607799999997,0.015047146,0.003753915
recover,0,0.935362492,0.988092468,0.994115346,0.99716424,0.965652482,0.935362492,0.01052904,0.01052904
recover_60,0,0.88874375,0.983132585,0.991642974,0.99596763,0.9518015390000001,0.88874375,0.01052904,0.01052904
recover_70,0,0.725645331,0.9590175120000001,0.979440627,0.9900162709999999,0.887996095,0.725645331,0.01052904,0.01052904
