name,effectDays,infectReduct,reduceHosp,reduceIcu,reduceMort,reduceSympt,riskReduct,waneRate,waneRateOut
cur_2,14,0.540140874,0.888075517,0.944588106,0.97259,0.703687244,0.540140874,0.020970164,0.018064507
cur_2_60,14,0.512617132,0.876619705,0.938516072,0.9694872940000001,0.680155815,0.512617132,0.020970164,0.018064507
cur_2_70,14,0.48500877,0.864166984,0.931824678,0.966044597,0.655662934,0.48500877,0.020970164,0.018064507
cur_3,14,0.519768306,0.87968357,0.940147827,0.970323078,0.6863528390000001,0.519768306,0.023659326,0.020753668
cur_3_60,14,0.49217162,0.867496973,0.9336234179999999,0.966972479,0.662105822,0.49217162,0.023659326,0.020753668
cur_3_70,14,0.46461469899999996,0.854276558,0.926441282,0.9632567940000001,0.6369684760000001,0.46461469899999996,0.023659326,0.020753668
recover,0,0.865360748,0.9210412240000001,0.9344925909999999,0.95070805,0.881883234,0.865360748,0.005437361,0.005437361
recover_60,0,0.727312214,0.828787706,0.855489458,0.888936838,0.755998838,0.727312214,0.005437361,0.005437361
recover_70,0,0.727312214,0.828787706,0.855489458,0.888936838,0.755998838,0.727312214,0.005437361,0.005437361
