name,effectDays,infectReduct,reduceHosp,reduceIcu,reduceMort,reduceSympt,riskReduct,waneRate,waneRateOut
cur_2,14,0.489580429,0.86714215,0.929080725,0.9646256590000001,0.695558022,0.489580429,0.021783936,0.015673068000000002
cur_2_60,14,0.45992566799999995,0.8528292129999999,0.920831298,0.960334345,0.669799051,0.45992566799999995,0.021783936,0.015673068000000002
cur_2_70,14,0.43054763799999995,0.837261294,0.9117120470000001,0.955545685,0.642975239,0.43054763799999995,0.021783936,0.015673068000000002
cur_3,14,0.478464843,0.8619300320000001,0.9260914000000001,0.963075045,0.6860516170000001,0.478464843,0.023247267000000002,0.017136398
cur_3_60,14,0.448891245,0.847154561,0.9175251179999999,0.958603697,0.659881617,0.448891245,0.023247267000000002,0.017136398
cur_3_70,14,0.419670349,0.831105248,0.9080630590000001,0.953616195,0.6326939629999999,0.419670349,0.023247267000000002,0.017136398
recover,0,0.870535012,0.910513417,0.926601467,0.958283025,0.881590093,0.870535012,0.0052702569999999995,0.0052702569999999995
recover_60,0,0.744776113,0.8153514479999999,0.845647624,0.9088339670000001,0.763654333,0.744776113,0.0052702569999999995,0.0052702569999999995
recover_70,0,0.744776113,0.8153514479999999,0.845647624,0.9088339670000001,0.763654333,0.744776113,0.0052702569999999995,0.0052702569999999995
