name,effectDays,infectReduct,reduceHosp,reduceIcu,reduceMort,reduceSympt,riskReduct,waneRate,waneRateOut
cur_2,14,0.461832784,0.8529239409999999,0.925466019,0.962750016,0.636276683,0.461832784,0.020631858,0.009778176
cur_2_60,14,0.43345190299999997,0.8379299440000001,0.917149109,0.9584064790000001,0.6093129939999999,0.43345190299999997,0.020631858,0.009778176
cur_2_70,14,0.40549507100000004,0.821723268,0.9079943709999999,0.953579801,0.581658687,0.40549507100000004,0.020631858,0.009778176
cur_3,14,0.520086215,0.8798568290000001,0.9400485709999999,0.970272281,0.68838817,0.520086215,0.012959927,0.002106245
cur_3_60,14,0.491394205,0.867180995,0.933241485,0.966775609,0.663243014,0.491394205,0.012959927,0.002106245
cur_3_70,14,0.462752699,0.853387569,0.925720887,0.962882505,0.6371326999999999,0.462752699,0.012959927,0.002106245
recover,0,0.815960803,0.8796978240000001,0.8915690609999999,0.928842292,0.8321824309999999,0.815960803,0.004001518,0.004001518
recover_60,0,0.662652728,0.764136355,0.784619063,0.85257743,0.687207193,0.662652728,0.004001518,0.004001518
recover_70,0,0.662652728,0.764136355,0.784619063,0.85257743,0.687207193,0.662652728,0.004001518,0.004001518
