name,effectDays,infectReduct,reduceHosp,reduceIcu,reduceMort,reduceSympt,riskReduct,waneRate,waneRateOut
cur_2,14,0.547959713,0.8913820859999999,0.9452813259999999,0.972942942,0.720224073,0.547959713,0.023057413,0.015274065
cur_2_60,14,0.535904439,0.886589865,0.942714312,0.971634676,0.710334314,0.535904439,0.023057413,0.015274065
cur_2_70,14,0.523774003,0.88160046,0.94002704,0.970261261,0.700212646,0.523774003,0.023057413,0.015274065
cur_3,14,0.508864738,0.875225015,0.9365713309999999,0.968489284,0.687531839,0.508864738,0.028217997999999998,0.02043465
cur_3_60,14,0.49672444200000004,0.869824048,0.933624398,0.9669729840000001,0.677004707,0.49672444200000004,0.028217997999999998,0.02043465
cur_3_70,14,0.484554909,0.864210012,0.930542135,0.965381898,0.666265588,0.484554909,0.028217997999999998,0.02043465
recover,0,0.805962897,0.89490504,0.889525674,0.8940446320000001,0.831294448,0.805962897,0.004052702,0.004052702
recover_60,0,0.621221079,0.77075854,0.7607236909999999,0.769143943,0.6605116560000001,0.621221079,0.004052702,0.004052702
recover_70,0,0.621221079,0.77075854,0.7607236909999999,0.769143943,0.6605116560000001,0.621221079,0.004052702,0.004052702
