name,effectDays,infectReduct,reduceHosp,reduceIcu,reduceMort,reduceSympt,riskReduct,waneRate,waneRateOut
cur_2,14,0.655409404,0.926809358,0.968906195,0.9848166970000001,0.734902753,0.655409404,0.020713979,0.02103909
cur_2_60,14,0.616246967,0.9144659629999999,0.9633818120000001,0.982066785,0.700648319,0.616246967,0.020713979,0.02103909
cur_2_70,14,0.575532074,0.900270682,0.9569222140000001,0.978830865,0.664005785,0.575532074,0.020713979,0.02103909
cur_3,14,0.586973901,0.904412788,0.958819015,0.979783365,0.674411903,0.586973901,0.030295354,0.030620465
cur_3_60,14,0.545428157,0.888745682,0.951591999,0.9761439279999999,0.6362103729999999,0.545428157,0.030295354,0.030620465
cur_3_70,14,0.503256214,0.870884533,0.943175306,0.9718698840000001,0.596225752,0.503256214,0.030295354,0.030620465
recover,0,0.851335684,0.90138916,0.922938193,0.950717895,0.9135569990000001,0.851335684,0.0051954670000000005,0.0051954670000000005
recover_60,0,0.7177633609999999,0.802347965,0.8417401290000001,0.89547563,0.824355375,0.7177633609999999,0.0051954670000000005,0.0051954670000000005
recover_70,0,0.7177633609999999,0.802347965,0.8417401290000001,0.89547563,0.824355375,0.7177633609999999,0.0051954670000000005,0.0051954670000000005
