name,effectDays,infectReduct,reduceHosp,reduceIcu,reduceMort,reduceSympt,riskReduct,waneRate,waneRateOut
cur_2,14,0.419567618,0.8319371809999999,0.9035047079999999,0.951195036,0.665182304,0.419567618,0.021987197000000003,0.012705731000000001
cur_2_60,14,0.372441465,0.802534451,0.8848903570000001,0.9411814490000001,0.619933623,0.372441465,0.021987197000000003,0.012705731000000001
cur_2_70,14,0.327645048,0.76943296,0.863241768,0.929273329,0.572526815,0.327645048,0.021987197000000003,0.012705731000000001
cur_3,14,0.447433322,0.847214785,0.912957207,0.9562023390000001,0.6899695570000001,0.447433322,0.018255623000000002,0.008974157
cur_3_60,14,0.399330605,0.819906283,0.895956304,0.947159055,0.646289446,0.399330605,0.018255623000000002,0.008974157
cur_3_70,14,0.353119849,0.788951052,0.876097475,0.936379327,0.600049183,0.353119849,0.018255623000000002,0.008974157
recover,0,0.82791522,0.894208607,0.921867897,0.9430928,0.8586740390000001,0.82791522,0.004599164,0.004599164
recover_60,0,0.672972076,0.78333443,0.834620693,0.8763680979999999,0.7221306740000001,0.672972076,0.004599164,0.004599164
recover_70,0,0.672972076,0.78333443,0.834620693,0.8763680979999999,0.7221306740000001,0.672972076,0.004599164,0.004599164
