name,effectDays,infectReduct,reduceHosp,reduceIcu,reduceMort,reduceSympt,riskReduct,waneRate,waneRateOut
cur_2,14,0.400611216,0.821391008,0.8927190140000001,0.945417869,0.67150821,0.400611216,0.021627181000000002,0.009068451
cur_2_60,14,0.36326767600000004,0.7969775379999999,0.8765903079999999,0.9366497220000001,0.635694205,0.36326767600000004,0.021627181000000002,0.009068451
cur_2_70,14,0.32751338399999996,0.7701690459999999,0.858427004,0.92658559,0.598322441,0.32751338399999996,0.021627181000000002,0.009068451
cur_3,14,0.403198913,0.8229648829999999,0.8937456640000001,0.9459707270000001,0.673878445,0.403198913,0.021273258,0.008714527
cur_3_60,14,0.36576135299999996,0.7987138220000001,0.8777501679999999,0.9372855,0.638183619,0.36576135299999996,0.021273258,0.008714527
cur_3_70,14,0.329888784,0.7720690309999999,0.859730255,0.9273145340000001,0.6009069029999999,0.329888784,0.021273258,0.008714527
recover,0,0.888588863,0.929612553,0.953854392,0.970296298,0.914445092,0.888588863,0.005920262,0.005920262
recover_60,0,0.760706496,0.840359095,0.891761215,0.92867283,0.8098919809999999,0.760706496,0.005920262,0.005920262
recover_70,0,0.760706496,0.840359095,0.891761215,0.92867283,0.8098919809999999,0.760706496,0.005920262,0.005920262
