name,effectDays,infectReduct,reduceHosp,reduceIcu,reduceMort,reduceSympt,riskReduct,waneRate,waneRateOut
cur_2,14,0.535070465,0.885345119,0.946449523,0.97353712,0.666384042,0.535070465,0.020652257,0.016568818
cur_2_60,14,0.520409164,0.8792365609999999,0.9433883059999999,0.9719785209999999,0.653179606,0.520409164,0.020652257,0.016568818
cur_2_70,14,0.505683685,0.872836443,0.940156643,0.97032759,0.639708405,0.505683685,0.020652257,0.016568818
cur_3,14,0.559967812,0.895160252,0.9513213690000001,0.976007097,0.6883452390000001,0.559967812,0.017347528,0.013264089
cur_3_60,14,0.545424624,0.8895093620000001,0.948523503,0.9745901770000001,0.675586864,0.545424624,0.017347528,0.013264089
cur_3_70,14,0.5307746879999999,0.8835815859999999,0.9455680679999999,0.973088856,0.662536345,0.5307746879999999,0.017347528,0.013264089
recover,0,0.8491020020000001,0.90035283,0.899455201,0.951644988,0.8733053820000001,0.8491020020000001,0.004779582,0.004779582
recover_60,0,0.748652605,0.8270717790000001,0.825641865,0.912415065,0.7848858559999999,0.748652605,0.004779582,0.004779582
recover_70,0,0.748652605,0.8270717790000001,0.825641865,0.912415065,0.7848858559999999,0.748652605,0.004779582,0.004779582
