name,effectDays,infectReduct,reduceHosp,reduceIcu,reduceMort,reduceSympt,riskReduct,waneRate,waneRateOut
cur_2,14,0.578744835,0.901633008,0.9567424259999999,0.9787404829999999,0.6773582770000001,0.578744835,0.020629803000000002,0.018814371
cur_2_60,14,0.57668,0.900879788,0.956390782,0.978563656,0.675505791,0.57668,0.020629803000000002,0.018814371
cur_2_70,14,0.5745640999999999,0.9001036440000001,0.956028091,0.978381205,0.673604276,0.5745640999999999,0.020629803000000002,0.018814371
cur_3,14,0.606380158,0.911331407,0.9612409359999999,0.980996775,0.701857003,0.606380158,0.016865466000000003,0.015050033
cur_3_60,14,0.604358179,0.9106450909999999,0.9609243679999999,0.980838347,0.700082898,0.604358179,0.016865466000000003,0.015050033
cur_3_70,14,0.6022852129999999,0.9099377670000001,0.9605978279999999,0.980674875,0.6982610709999999,0.6022852129999999,0.016865466000000003,0.015050033
recover,0,0.836138242,0.8939469240000001,0.9216978690000001,0.9341212040000001,0.888245352,0.836138242,0.004524216,0.004524216
recover_60,0,0.66798745,0.76870841,0.822732094,0.848272445,0.7580957979999999,0.66798745,0.004524216,0.004524216
recover_70,0,0.66798745,0.76870841,0.822732094,0.848272445,0.7580957979999999,0.66798745,0.004524216,0.004524216
