name,effectDays,infectReduct,reduceHosp,reduceIcu,reduceMort,reduceSympt,riskReduct,waneRate,waneRateOut
cur_2,14,0.583306741,0.9030315259999999,0.958474029,0.979610269,0.66725796,0.583306741,0.020691606,0.016836837
cur_2_60,14,0.5565278229999999,0.893031822,0.95389986,0.977309182,0.642568216,0.5565278229999999,0.020691606,0.016836837
cur_2_70,14,0.5294079939999999,0.8821320290000001,0.9488471009999999,0.974754273,0.617089846,0.5294079939999999,0.020691606,0.016836837
cur_3,14,0.576615325,0.900599448,0.9573668609999999,0.979054322,0.661131482,0.576615325,0.021594684,0.017739916
cur_3_60,14,0.5497383229999999,0.890379385,0.952676757,0.976691986,0.636234975,0.5497383229999999,0.021594684,0.017739916
cur_3_70,14,0.522559491,0.8792458609999999,0.947497319,0.974069427,0.610578753,0.522559491,0.021594684,0.017739916
recover,0,0.882502153,0.926328213,0.948208087,0.957862255,0.8893209459999999,0.882502153,0.0058462340000000005,0.0058462340000000005
recover_60,0,0.8175907609999999,0.8824021000000001,0.9161467209999999,0.931344505,0.827439994,0.8175907609999999,0.0058462340000000005,0.0058462340000000005
recover_70,0,0.8175907609999999,0.8824021000000001,0.9161467209999999,0.931344505,0.827439994,0.8175907609999999,0.0058462340000000005,0.0058462340000000005
