name,effectDays,infectReduct,reduceHosp,reduceIcu,reduceMort,reduceSympt,riskReduct,waneRate,waneRateOut
cur_2,14,0.594236599,0.9068362809999999,0.9605234659999999,0.980637639,0.6727001,0.594236599,0.019437046,0.018370138
cur_2_60,14,0.5714906470000001,0.898624315,0.956818444,0.978778701,0.651775086,0.5714906470000001,0.019437046,0.018370138
cur_2_70,14,0.548423914,0.8897706870000001,0.952780128,0.97674418,0.630233834,0.548423914,0.019437046,0.018370138
cur_3,14,0.6014651639999999,0.9093455340000001,0.961647873,0.9812003490000001,0.679285267,0.6014651639999999,0.018448561999999998,0.017381654
cur_3_60,14,0.5788372310000001,0.901330682,0.958043772,0.9793943000000002,0.658567574,0.5788372310000001,0.018448561999999998,0.017381654
cur_3_70,14,0.555858624,0.892685188,0.9541145520000001,0.977417436,0.6372126260000001,0.555858624,0.018448561999999998,0.017381654
recover,0,0.926686692,0.9878309059999999,0.9950959629999999,0.997637997,0.9448740609999999,0.926686692,0.010150408,0.010150408
recover_60,0,0.8849445979999999,0.982763975,0.993032699,0.9966406259999999,0.923309487,0.8849445979999999,0.010150408,0.010150408
recover_70,0,0.7335485190000001,0.958144342,0.982824386,0.9916742359999999,0.828579136,0.7335485190000001,0.010150408,0.010150408
