name,effectDays,infectReduct,reduceHosp,reduceIcu,reduceMort,reduceSympt,riskReduct,waneRate,waneRateOut
cur_2,14,0.523179088,0.881697913,0.938310814,0.969382057,0.715164457,0.523179088,0.022881417,0.013689246
cur_2_60,14,0.474915837,0.860013762,0.926134171,0.963097267,0.674233745,0.474915837,0.022881417,0.013689246
cur_2_70,14,0.427142005,0.83511262,0.911788314,0.9555859309999999,0.630484611,0.427142005,0.022881417,0.013689246
cur_3,14,0.515712759,0.87854219,0.936556582,0.968481707,0.709032427,0.515712759,0.023864796,0.014672625
cur_3_60,14,0.467463026,0.856373835,0.924061699,0.962019347,0.667630067,0.467463026,0.023864796,0.014672625
cur_3_70,14,0.419839461,0.8309524840000001,0.909352734,0.954299019,0.623489325,0.419839461,0.023864796,0.014672625
recover,0,0.9065878740000001,0.9880893609999999,0.994128204,0.997170454,0.9654548959999999,0.9065878740000001,0.003872402,0.003872402
recover_60,0,0.820983547,0.983128206,0.9916611879999999,0.995976457,0.9515282740000001,0.820983547,0.003872402,0.003872402
recover_70,0,0.572806819,0.959007133,0.979484887,0.990037995,0.887403875,0.572806819,0.003872402,0.003872402
