name,effectDays,infectReduct,reduceHosp,reduceIcu,reduceMort,reduceSympt,riskReduct,waneRate,waneRateOut
cur_2,14,0.553710868,0.892699107,0.950370545,0.975526047,0.6799425290000001,0.553710868,0.019666354,0.013546398999999999
cur_2_60,14,0.520368608,0.8791554290000001,0.943646718,0.972110288,0.650071069,0.520368608,0.019666354,0.013546398999999999
cur_2_70,14,0.48684567799999995,0.8641632090000001,0.936073642,0.968233543,0.6189756470000001,0.48684567799999995,0.019666354,0.013546398999999999
cur_3,14,0.560011654,0.8951205059999999,0.951561123,0.9761283190000001,0.685473482,0.560011654,0.018826889,0.012706934
cur_3_60,14,0.5267377870000001,0.881842006,0.9449892590000001,0.972794272,0.655856962,0.5267377870000001,0.018826889,0.012706934
cur_3_70,14,0.49322648700000005,0.867132716,0.937584668,0.969009572,0.6249790789999999,0.49322648700000005,0.018826889,0.012706934
recover,0,0.9307017870000001,0.9879367240000001,0.994723006,0.99745787,0.954363985,0.9307017870000001,0.006668259,0.006668259
recover_60,0,0.885330698,0.98291309,0.99250401,0.996384715,0.9362613259999999,0.885330698,0.006668259,0.006668259
recover_70,0,0.725322793,0.9584974559999999,0.981535479,0.991043395,0.8550173000000001,0.725322793,0.006668259,0.006668259
