name,effectDays,infectReduct,reduceHosp,reduceIcu,reduceMort,reduceSympt,riskReduct,waneRate,waneRateOut
cur_2,14,0.443735613,0.843558061,0.9201017640000001,0.959952998,0.6206488,0.443735613,0.020712509,0.012804771999999999
cur_2_60,14,0.408642857,0.8236652459999999,0.908890845,0.95405458,0.586311796,0.408642857,0.020712509,0.012804771999999999
cur_2_70,14,0.37446243,0.801840691,0.896286272,0.947336182,0.551120208,0.37446243,0.020712509,0.012804771999999999
cur_3,14,0.546994096,0.890853737,0.9457450159999999,0.973178876,0.712355263,0.546994096,0.007083546,-0.000824191
cur_3_60,14,0.51124037,0.876091552,0.93788934,0.969165893,0.682066906,0.51124037,0.007083546,-0.000824191
cur_3_70,14,0.475376863,0.8596500309999999,0.928983122,0.9645751090000001,0.6501606529999999,0.475376863,0.007083546,-0.000824191
recover,0,0.91260901,0.9437978229999999,0.951881215,0.959455773,0.9143238359999999,0.91260901,0.006939428,0.006939428
recover_60,0,0.868837135,0.9141785570000001,0.9261888359999999,0.937542358,0.8712897359999999,0.868837135,0.006939428,0.006939428
recover_70,0,0.868837135,0.9141785570000001,0.9261888359999999,0.937542358,0.8712897359999999,0.868837135,0.006939428,0.006939428
