name,effectDays,infectReduct,reduceHosp,reduceIcu,reduceMort,reduceSympt,riskReduct,waneRate,waneRateOut
cur_2,14,0.41511170000000003,0.830327082,0.896725283,0.9475717440000001,0.69473181,0.41511170000000003,0.02049426,0.012904475
cur_2_60,14,0.400620728,0.821704853,0.8910344000000001,0.9445093370000001,0.681859177,0.400620728,0.02049426,0.012904475
cur_2_70,14,0.386274519,0.812725955,0.885058535,0.941272843,0.668677356,0.386274519,0.02049426,0.012904475
cur_3,14,0.420755641,0.833570736,0.89885422,0.948712465,0.6996299309999999,0.420755641,0.019731485,0.0121417
cur_3_60,14,0.406204478,0.825078615,0.893266688,0.945712872,0.6868707490000001,0.406204478,0.019731485,0.0121417
cur_3_70,14,0.391789016,0.8162316209999999,0.8873977740000001,0.942542304,0.673797237,0.391789016,0.019731485,0.0121417
recover,0,0.847463277,0.894533515,0.9150702829999999,0.9420761870000001,0.891784496,0.847463277,0.0053385559999999995,0.0053385559999999995
recover_60,0,0.700801181,0.781457957,0.819572023,0.872720664,0.7764979909999999,0.700801181,0.0053385559999999995,0.0053385559999999995
recover_70,0,0.700801181,0.781457957,0.819572023,0.872720664,0.7764979909999999,0.700801181,0.0053385559999999995,0.0053385559999999995
