name,effectDays,infectReduct,reduceHosp,reduceIcu,reduceMort,reduceSympt,riskReduct,waneRate,waneRateOut
cur_2,14,0.49355930600000003,0.868568639,0.931984798,0.9661272679999999,0.682183012,0.49355930600000003,0.02097505,0.014700575
cur_2_60,14,0.45455992,0.849650545,0.921368396,0.9606149079999999,0.6473299579999999,0.45455992,0.02097505,0.014700575
cur_2_70,14,0.416120761,0.82855311,0.9092598340000001,0.9542498640000001,0.61084554,0.416120761,0.02097505,0.014700575
cur_3,14,0.525783511,0.882606888,0.9397196309999999,0.970103898,0.709470143,0.525783511,0.016734289,0.010459814
cur_3_60,14,0.486684797,0.865396301,0.930220154,0.9652153840000001,0.6761890970000001,0.486684797,0.016734289,0.010459814
cur_3_70,14,0.447759134,0.846108162,0.919355375,0.959562528,0.641034639,0.447759134,0.016734289,0.010459814
recover,0,0.8151995670000001,0.89384228,0.912630156,0.916944243,0.879488741,0.8151995670000001,0.0044927,0.0044927
recover_60,0,0.7329781479999999,0.839731595,0.8666675090000001,0.872935125,0.819538885,0.7329781479999999,0.0044927,0.0044927
recover_70,0,0.7329781479999999,0.839731595,0.8666675090000001,0.872935125,0.819538885,0.7329781479999999,0.0044927,0.0044927
