name,effectDays,infectReduct,reduceHosp,reduceIcu,reduceMort,reduceSympt,riskReduct,waneRate,waneRateOut
cur_2,14,0.471978246,0.859079156,0.922962845,0.961446837,0.691375968,0.471978246,0.022214095,0.013240287
cur_2_60,14,0.431055795,0.83785071,0.910353668,0.9548283059999999,0.655029126,0.431055795,0.022214095,0.013240287
cur_2_70,14,0.39106753299999997,0.814125105,0.895918818,0.9471389290000001,0.616788103,0.39106753299999997,0.022214095,0.013240287
cur_3,14,0.465601389,0.8559504520000001,0.92112225,0.96048635,0.6858853420000001,0.465601389,0.023055987000000003,0.014082178999999998
cur_3_60,14,0.42478703700000003,0.834341579,0.9082417620000001,0.9537108670000001,0.649219945,0.42478703700000003,0.023055987000000003,0.014082178999999998
cur_3_70,14,0.384986805,0.8102188229999999,0.8935066340000001,0.945842063,0.6107176639999999,0.384986805,0.023055987000000003,0.014082178999999998
recover,0,0.926646153,0.988136837,0.9939282709999999,0.997073804,0.968363022,0.926646153,0.0042863879999999995,0.0042863879999999995
recover_60,0,0.8282486590000001,0.983195122,0.991377983,0.995839193,0.955554819,0.8282486590000001,0.0042863879999999995,0.0042863879999999995
recover_70,0,0.54310691,0.959165743,0.978796986,0.9897002340000001,0.896176008,0.54310691,0.0042863879999999995,0.0042863879999999995
