name,effectDays,infectReduct,reduceHosp,reduceIcu,reduceMort,reduceSympt,riskReduct,waneRate,waneRateOut
cur_2,14,0.545259452,0.889864225,0.946719505,0.973674334,0.696194325,0.545259452,0.021328826000000002,0.01844555
cur_2_60,14,0.51809556,0.878706118,0.9409392329999999,0.97072791,0.672633377,0.51809556,0.021328826000000002,0.01844555
cur_2_70,14,0.490815855,0.8665831409999999,0.934573147,0.967461673,0.648160931,0.490815855,0.021328826000000002,0.01844555
cur_3,14,0.566793622,0.8981285309999999,0.9509526840000001,0.975820627,0.7143257390000001,0.566793622,0.018460453999999998,0.015577178
cur_3_60,14,0.539830468,0.8877020379999999,0.945605273,0.973107785,0.691547935,0.539830468,0.018460453999999998,0.015577178
cur_3_70,14,0.512623716,0.8763516570000001,0.939709908,0.97009892,0.667791106,0.512623716,0.018460453999999998,0.015577178
recover,0,0.787906465,0.857020986,0.8949401440000001,0.9183592159999999,0.848699778,0.787906465,0.003254565,0.003254565
recover_60,0,0.603199468,0.710379267,0.777072805,0.821526181,0.6965455420000001,0.603199468,0.003254565,0.003254565
recover_70,0,0.603199468,0.710379267,0.777072805,0.821526181,0.6965455420000001,0.603199468,0.003254565,0.003254565
