name,effectDays,infectReduct,reduceHosp,reduceIcu,reduceMort,reduceSympt,riskReduct,waneRate,waneRateOut
cur_2,14,0.5544081710000001,0.89328183,0.949203254,0.974934812,0.696362796,0.5544081710000001,0.02153714,0.016390417
cur_2_60,14,0.5113380479999999,0.875618042,0.940175585,0.970337283,0.658563523,0.5113380479999999,0.02153714,0.016390417
cur_2_70,14,0.468116521,0.8555122470000001,0.929667018,0.964929192,0.618652376,0.468116521,0.02153714,0.016390417
cur_3,14,0.54883432,0.891114382,0.94810559,0.9743781709999999,0.6915768,0.54883432,0.022278045,0.017131322
cur_3_60,14,0.50570578,0.8731427890000001,0.9388953999999999,0.969681716,0.653478207,0.50570578,0.022278045,0.017131322
cur_3_70,14,0.46250973100000004,0.8527041870000001,0.928179138,0.964158518,0.613321651,0.46250973100000004,0.022278045,0.017131322
recover,0,0.895176739,0.930244447,0.94665302,0.969374121,0.903659612,0.895176739,0.006219117,0.006219117
recover_60,0,0.7951818490000001,0.858410841,0.889713513,0.9350211970000001,0.810039671,0.7951818490000001,0.006219117,0.006219117
recover_70,0,0.7951818490000001,0.858410841,0.889713513,0.9350211970000001,0.810039671,0.7951818490000001,0.006219117,0.006219117
