name,effectDays,infectReduct,reduceHosp,reduceIcu,reduceMort,reduceSympt,riskReduct,waneRate,waneRateOut
cur_2,14,0.522970931,0.8803817279999999,0.943685222,0.9721299179999999,0.658357436,0.522970931,0.02044712,0.013155315
cur_2_60,14,0.517622676,0.878106637,0.94253555,0.9715434359999999,0.6535214420000001,0.517622676,0.02044712,0.013155315
cur_2_70,14,0.51222621,0.875775147,0.9413541059999999,0.9709399940000001,0.648613234,0.51222621,0.02044712,0.013155315
cur_3,14,0.535692029,0.885655567,0.946338198,0.973480528,0.6697480729999999,0.535692029,0.01876834,0.011476533999999998
cur_3_60,14,0.530358317,0.8834675059999999,0.9452395440000001,0.972921677,0.6649912689999999,0.530358317,0.01876834,0.011476533999999998
cur_3_70,14,0.524973576,0.881224685,0.9441103959999999,0.972346629,0.66016105,0.524973576,0.01876834,0.011476533999999998
recover,0,0.929897214,0.987950595,0.99467182,0.997433143,0.9554916990000001,0.929897214,0.003242428,0.003242428
recover_60,0,0.8819430909999999,0.982932638,0.992431464,0.996349588,0.937807223,0.8819430909999999,0.003242428,0.003242428
recover_70,0,0.715376172,0.958543757,0.981358772,0.9909568409999999,0.858235304,0.715376172,0.003242428,0.003242428
