name,effectDays,infectReduct,reduceHosp,reduceIcu,reduceMort,reduceSympt,riskReduct,waneRate,waneRateOut
cur_2,14,0.46878187,0.856709189,0.9259138440000001,0.962982786,0.65588468,0.46878187,0.020648394,0.013058719
cur_2_60,14,0.450299544,0.8473281229999999,0.92064384,0.9602363840000001,0.6388976470000001,0.450299544,0.020648394,0.013058719
cur_2_70,14,0.43193121799999995,0.837437124,0.9150263390000001,0.957291563,0.621534656,0.43193121799999995,0.020648394,0.013058719
cur_3,14,0.5034050379999999,0.872903442,0.934881313,0.9676202979999999,0.6864691820000001,0.5034050379999999,0.016089856,0.008500182
cur_3_60,14,0.48480344200000003,0.8644148000000001,0.93020111,0.9652055340000001,0.670232841,0.48480344200000003,0.016089856,0.008500182
cur_3_70,14,0.466221375,0.855441923,0.92520519,0.96261439,0.653559546,0.466221375,0.016089856,0.008500182
recover,0,0.917381764,0.99176377,0.996042875,0.998095011,0.9746111409999999,0.917381764,0.007659109,0.007659109
recover_60,0,0.892859933,0.990552526,0.995458046,0.997812805,0.9709512640000001,0.892859933,0.007659109,0.007659109
recover_70,0,0.779145249,0.980387371,0.9905205490000001,0.9954233659999999,0.940953025,0.779145249,0.007659109,0.007659109
