name,effectDays,infectReduct,reduceHosp,reduceIcu,reduceMort,reduceSympt,riskReduct,waneRate,waneRateOut
cur_2,14,0.465161796,0.855535871,0.9219534690000001,0.9609203470000001,0.6777336409999999,0.465161796,0.021619652000000003,0.010318364
cur_2_60,14,0.415786183,0.82894659,0.9062490740000001,0.952654145,0.632477251,0.415786183,0.021619652000000003,0.010318364
cur_2_70,14,0.368071871,0.798633953,0.887780833,0.942749871,0.584787351,0.368071871,0.021619652000000003,0.010318364
cur_3,14,0.465892973,0.855898695,0.9221646609999999,0.961030552,0.6783751440000001,0.465892973,0.021523037999999998,0.01022175
cur_3_60,14,0.416500187,0.8293628740000001,0.9064984509999999,0.952786515,0.6331600789999999,0.416500187,0.021523037999999998,0.01022175
cur_3_70,14,0.368755657,0.79910613,0.888073268,0.942908272,0.585500716,0.368755657,0.021523037999999998,0.01022175
recover,0,0.910698397,0.945786846,0.958895885,0.942451888,0.930266452,0.910698397,0.0067044140000000006,0.0067044140000000006
recover_60,0,0.8334684859999999,0.895417386,0.919671589,0.8893464329999999,0.867497203,0.8334684859999999,0.0067044140000000006,0.0067044140000000006
recover_70,0,0.8334684859999999,0.895417386,0.919671589,0.8893464329999999,0.867497203,0.8334684859999999,0.0067044140000000006,0.0067044140000000006
