name,effectDays,infectReduct,reduceHosp,reduceIcu,reduceMort,reduceSympt,riskReduct,waneRate,waneRateOut
cur_2,14,0.365576774,0.79760746,0.8829944829999999,0.940149992,0.605892265,0.365576774,0.019750491999999998,0.011815599
cur_2_60,14,0.345391445,0.7830090190000001,0.873578761,0.93499511,0.584666264,0.345391445,0.019750491999999998,0.011815599
cur_2_70,14,0.325733451,0.767652198,0.863514433,0.929425105,0.56310464,0.325733451,0.019750491999999998,0.011815599
cur_3,14,0.45729969299999995,0.852132972,0.916912635,0.958282405,0.69213072,0.45729969299999995,0.0072566290000000006,-0.000678265
cur_3_60,14,0.435526608,0.840681845,0.909948025,0.9546138740000001,0.6730429859999999,0.435526608,0.0072566290000000006,-0.000678265
cur_3_70,14,0.413982873,0.828512713,0.90245574,0.950636169,0.653349114,0.413982873,0.0072566290000000006,-0.000678265
recover,0,0.9458499579999999,0.988169383,0.9937868440000001,0.997005424,0.9702242729999999,0.9458499579999999,0.0041025820000000005,0.0041025820000000005
recover_60,0,0.918222387,0.983240995,0.99117768,0.9957420859999999,0.95813702,0.918222387,0.0041025820000000005,0.0041025820000000005
recover_70,0,0.807667496,0.959274493,0.9783108009999999,0.989461369,0.9018536970000001,0.807667496,0.0041025820000000005,0.0041025820000000005
