name,effectDays,infectReduct,reduceHosp,reduceIcu,reduceMort,reduceSympt,riskReduct,waneRate,waneRateOut
cur_2,14,0.48247119899999996,0.863048941,0.930818127,0.965524583,0.656767004,0.48247119899999996,0.021803679,0.013710273
cur_2_60,14,0.42519869600000004,0.8333452729999999,0.9143544579999999,0.956938143,0.602907831,0.42519869600000004,0.021803679,0.013710273
cur_2_70,14,0.369904595,0.79872838,0.894432875,0.9463404459999999,0.546474869,0.369904595,0.021803679,0.013710273
cur_3,14,0.513712225,0.877165135,0.9384472220000001,0.9694519970000001,0.6843696440000001,0.513712225,0.017693873,0.009600466
cur_3_60,14,0.455998809,0.849991002,0.92365018,0.9618050229999999,0.6324176229999999,0.455998809,0.017693873,0.009600466
cur_3_70,14,0.399483053,0.81807689,0.9056677559999999,0.9523454379999999,0.577237745,0.399483053,0.017693873,0.009600466
recover,0,0.848101025,0.8961082229999999,0.922836593,0.948276867,0.875582539,0.848101025,0.004647087,0.004647087
recover_60,0,0.7533730540000001,0.82514629,0.8674302759999999,0.909343144,0.793826432,0.7533730540000001,0.004647087,0.004647087
recover_70,0,0.7533730540000001,0.82514629,0.8674302759999999,0.909343144,0.793826432,0.7533730540000001,0.004647087,0.004647087
