name,effectDays,infectReduct,reduceHosp,reduceIcu,reduceMort,reduceSympt,riskReduct,waneRate,waneRateOut
cur_2,14,0.387724195,0.8123831359999999,0.892546642,0.945324983,0.627190575,0.387724195,0.019456381000000002,0.010376357
cur_2_60,14,0.363013501,0.7957841259999999,0.8820098479999999,0.939613444,0.602229462,0.363013501,0.019456381000000002,0.010376357
cur_2_70,14,0.338996794,0.778110787,0.8705851520000001,0.933344851,0.576715276,0.338996794,0.019456381000000002,0.010376357
cur_3,14,0.468828925,0.857858061,0.920492997,0.960157543,0.701033775,0.468828925,0.008539919,-0.000540105
cur_3_60,14,0.44268650600000004,0.844512303,0.9124277270000001,0.955923218,0.6784822629999999,0.44268650600000004,0.008539919,-0.000540105
cur_3_70,14,0.416848138,0.8301559740000001,0.903626499,0.951259882,0.655057666,0.416848138,0.008539919,-0.000540105
recover,0,0.914833276,0.988167177,0.993796547,0.9970101159999999,0.970101359,0.914833276,0.010259109,0.010259109
recover_60,0,0.904105998,0.983237885,0.9911914209999999,0.995748748,0.957966373,0.904105998,0.010259109,0.010259109
recover_70,0,0.81896647,0.95926712,0.978344146,0.989477755,0.9014772109999999,0.81896647,0.010259109,0.010259109
