name,effectDays,infectReduct,reduceHosp,reduceIcu,reduceMort,reduceSympt,riskReduct,waneRate,waneRateOut
cur_2,14,0.40484124899999996,0.822196959,0.90353148,0.951209291,0.6131904,0.40484124899999996,0.021680518,0.01206394
cur_2_60,14,0.392632196,0.814629284,0.899000327,0.9487906540000001,0.601043474,0.392632196,0.021680518,0.01206394
cur_2_70,14,0.380525578,0.8067951390000001,0.894269083,0.9462523509999999,0.588739762,0.380525578,0.021680518,0.01206394
cur_3,14,0.49906804,0.8713455920000001,0.9320553970000001,0.966163715,0.69895955,0.49906804,0.009134589,-0.00048198800000000003
cur_3_60,14,0.48633941700000005,0.865527657,0.928758382,0.9644586940000001,0.688136181,0.48633941700000005,0.009134589,-0.00048198800000000003
cur_3_70,14,0.473596412,0.859473514,0.9253053059999999,0.962666453,0.677075313,0.473596412,0.009134589,-0.00048198800000000003
recover,0,0.852113453,0.888512124,0.937757858,0.937605538,0.8627965,0.852113453,0.004985337,0.004985337
recover_60,0,0.7631523309999999,0.816737567,0.8939013090000001,0.893653835,0.77859197,0.7631523309999999,0.004985337,0.004985337
recover_70,0,0.7631523309999999,0.816737567,0.8939013090000001,0.893653835,0.77859197,0.7631523309999999,0.004985337,0.004985337
