name,effectDays,infectReduct,reduceHosp,reduceIcu,reduceMort,reduceSympt,riskReduct,waneRate,waneRateOut
cur_2,14,0.513188407,0.8766496090000001,0.939605481,0.970045451,0.670742911,0.513188407,0.021856192000000003,0.019299909
cur_2_60,14,0.5072916120000001,0.874075145,0.938252428,0.969352118,0.665510672,0.5072916120000001,0.021856192000000003,0.019299909
cur_2_70,14,0.501349475,0.87143542,0.936860852,0.968637993,0.660198539,0.501349475,0.021856192000000003,0.019299909
cur_3,14,0.533475474,0.88517895,0.9440593840000001,0.9723206329999999,0.688450179,0.533475474,0.019182111,0.016625827
cur_3_60,14,0.52759821,0.8827586959999999,0.94280004,0.971678425,0.683366494,0.52759821,0.019182111,0.016625827
cur_3_70,14,0.521670055,0.880276068,0.9415045609999999,0.9710168840000001,0.6782008159999999,0.521670055,0.019182111,0.016625827
recover,0,0.914692695,0.98800062,0.994482577,0.997341714,0.959351556,0.914692695,0.00794175,0.00794175
recover_60,0,0.8554410509999999,0.9830031379999999,0.9921632770000001,0.996219709,0.9431094040000001,0.8554410509999999,0.00794175,0.00794175
recover_70,0,0.662042856,0.958710768,0.980705858,0.990636895,0.8693764140000001,0.662042856,0.00794175,0.00794175
