name,effectDays,infectReduct,reduceHosp,reduceIcu,reduceMort,reduceSympt,riskReduct,waneRate,waneRateOut
cur_2,14,0.39551099,0.81692128,0.897670023,0.9480782809999999,0.620989939,0.39551099,0.018520569,0.007658577
cur_2_60,14,0.380382822,0.807198393,0.891666827,0.94485061,0.60588164,0.380382822,0.018520569,0.007658577
cur_2_70,14,0.36545844299999997,0.797069968,0.8853454890000001,0.9414287440000001,0.590542099,0.36545844299999997,0.018520569,0.007658577
cur_3,14,0.50034413,0.872273075,0.930679954,0.9654531540000001,0.714906295,0.50034413,0.00452885,-0.006333141
cur_3_60,14,0.48441949,0.865004025,0.92645463,0.963263726,0.70174365,0.48441949,0.00452885,-0.006333141
cur_3_70,14,0.468499583,0.857375742,0.921985589,0.9609371090000001,0.688215178,0.468499583,0.00452885,-0.006333141
recover,0,0.8551232320000001,0.9164115490000001,0.9190006709999999,0.9345517590000001,0.871778154,0.8551232320000001,0.004778931,0.004778931
recover_60,0,0.740398399,0.8412072759999999,0.845733695,0.8734137590000001,0.7666429020000001,0.740398399,0.004778931,0.004778931
recover_70,0,0.740398399,0.8412072759999999,0.845733695,0.8734137590000001,0.7666429020000001,0.740398399,0.004778931,0.004778931
