name,effectDays,infectReduct,reduceHosp,reduceIcu,reduceMort,reduceSympt,riskReduct,waneRate,waneRateOut
cur_2,14,0.48358712600000003,0.8636534140000001,0.9307544659999999,0.965491674,0.661082662,0.48358712600000003,0.021165301,0.015465191000000001
cur_2_60,14,0.486087293,0.8648278559999999,0.9313968340000001,0.9658236290000001,0.663321773,0.486087293,0.021165301,0.015465191000000001
cur_2_70,14,0.48853116799999996,0.8659672820000001,0.93201923,0.966145044,0.665502806,0.48853116799999996,0.021165301,0.015465191000000001
cur_3,14,0.5359607679999999,0.8865261720000001,0.9431121709999999,0.971837678,0.706384705,0.5359607679999999,0.014268853,0.008568743
cur_3_60,14,0.5384493810000001,0.887529254,0.943646842,0.972110351,0.708456513,0.5384493810000001,0.014268853,0.008568743
cur_3_70,14,0.540879442,0.88850199,0.944164763,0.972374333,0.7104727809999999,0.540879442,0.014268853,0.008568743
recover,0,0.840249446,0.9065883140000001,0.920589248,0.9247620759999999,0.8454654090000001,0.840249446,0.004298738,0.004298738
recover_60,0,0.7240490009999999,0.828810797,0.8525736279999999,0.859776102,0.7318481859999999,0.7240490009999999,0.004298738,0.004298738
recover_70,0,0.7240490009999999,0.828810797,0.8525736279999999,0.859776102,0.7318481859999999,0.7240490009999999,0.004298738,0.004298738
