name,effectDays,infectReduct,reduceHosp,reduceIcu,reduceMort,reduceSympt,riskReduct,waneRate,waneRateOut
cur_2,14,0.5568034239999999,0.8926914979999999,0.955630236,0.978180983,0.618331237,0.5568034239999999,0.019543418,0.015984154
cur_2_60,14,0.533846581,0.883492589,0.951533758,0.976114484,0.596250446,0.533846581,0.019543418,0.015984154
cur_2_70,14,0.510730316,0.873610055,0.9470769720000001,0.9738559509999999,0.573757937,0.510730316,0.019543418,0.015984154
cur_3,14,0.625068987,0.916938134,0.966194248,0.98346876,0.6825233159999999,0.625068987,0.010241901999999999,0.006682638
cur_3_60,14,0.603127805,0.909607275,0.963035375,0.9818938009999999,0.6621269679999999,0.603127805,0.010241901999999999,0.006682638
cur_3_70,14,0.58074903,0.901693394,0.9595913229999999,0.980170639,0.641095321,0.58074903,0.010241901999999999,0.006682638
recover,0,0.843217645,0.885190633,0.91272952,0.9073868270000001,0.842312855,0.843217645,0.004452717,0.004452717
recover_60,0,0.705339355,0.774346379,0.823161495,0.81345614,0.703918265,0.705339355,0.004452717,0.004452717
recover_70,0,0.705339355,0.774346379,0.823161495,0.81345614,0.703918265,0.705339355,0.004452717,0.004452717
