name,effectDays,infectReduct,reduceHosp,reduceIcu,reduceMort,reduceSympt,riskReduct,waneRate,waneRateOut
cur_2,14,0.429363675,0.8375934509999999,0.9063026190000001,0.952682569,0.678536646,0.429363675,0.021238702999999998,0.009275845
cur_2_60,14,0.37456627299999995,0.8041129109999999,0.885042606,0.941264187,0.626873234,0.37456627299999995,0.021238702999999998,0.009275845
cur_2_70,14,0.322841284,0.76569012,0.85972478,0.927311474,0.572181665,0.322841284,0.021238702999999998,0.009275845
cur_3,14,0.47711299700000004,0.862150325,0.9214446190000001,0.960654711,0.719077582,0.47711299700000004,0.014898897,0.002936039
cur_3_60,14,0.42071453600000003,0.8327212070000001,0.903253579,0.951061299,0.670768276,0.42071453600000003,0.014898897,0.002936039
cur_3_70,14,0.366349653,0.798503737,0.8814090609999999,0.939285775,0.618596106,0.366349653,0.014898897,0.002936039
recover,0,0.91186335,0.98819543,0.993671017,0.996949415,0.9716403570000001,0.91186335,0.006617616,0.006617616
recover_60,0,0.841085063,0.9832777090000001,0.991013653,0.99566255,0.9601043159999999,0.841085063,0.006617616,0.006617616
recover_70,0,0.62248315,0.9593615409999999,0.977912882,0.9892657779999999,0.906207036,0.62248315,0.006617616,0.006617616
