name,effectDays,infectReduct,reduceHosp,reduceIcu,reduceMort,reduceSympt,riskReduct,waneRate,waneRateOut
cur_2,14,0.49655198899999997,0.869260908,0.935756525,0.968070518,0.655470984,0.49655198899999997,0.020817846,0.012919086000000001
cur_2_60,14,0.43475498700000004,0.8383165340000001,0.919085845,0.9594214459999999,0.597363424,0.43475498700000004,0.020817846,0.012919086000000001
cur_2_70,14,0.374966835,0.8017494909999999,0.898575885,0.94856348,0.536435514,0.374966835,0.020817846,0.012919086000000001
cur_3,14,0.5228071879999999,0.880747093,0.9417918829999999,0.9711636859999999,0.6787994629999999,0.5228071879999999,0.017363016999999998,0.009464257
cur_3_60,14,0.46073295200000003,0.85205867,0.9265644270000001,0.963320746,0.62235961,0.46073295200000003,0.017363016999999998,0.009464257
cur_3_70,14,0.399899766,0.817924581,0.907759874,0.953455533,0.562443592,0.399899766,0.017363016999999998,0.009464257
recover,0,0.892891607,0.938175746,0.953712165,0.9517633459999999,0.918789599,0.892891607,0.006238494,0.006238494
recover_60,0,0.814799525,0.888995448,0.915781416,0.912382342,0.85654595,0.814799525,0.006238494,0.006238494
recover_70,0,0.814799525,0.888995448,0.915781416,0.912382342,0.85654595,0.814799525,0.006238494,0.006238494
