name,effectDays,infectReduct,reduceHosp,reduceIcu,reduceMort,reduceSympt,riskReduct,waneRate,waneRateOut
cur_2,14,0.5494459970000001,0.891170573,0.9489953190000001,0.974829415,0.682961875,0.5494459970000001,0.022171506,0.020879494
cur_2_60,14,0.530463068,0.8835334359999999,0.9451663709999999,0.9728844320000001,0.666186639,0.530463068,0.022171506,0.020879494
cur_2_70,14,0.511369826,0.875425778,0.941063002,0.9707911909999999,0.648960158,0.511369826,0.022171506,0.020879494
cur_3,14,0.568039802,0.8982728440000001,0.952524948,0.976615325,0.69906354,0.568039802,0.019691764,0.018399752
cur_3_60,14,0.5491975179999999,0.891073192,0.9489467159999999,0.9748047759999999,0.6827445129999999,0.5491975179999999,0.019691764,0.018399752
cur_3_70,14,0.530191384,0.883421149,0.945109813,0.9728556429999999,0.6659440320000001,0.530191384,0.019691764,0.018399752
recover,0,0.868800738,0.9087815,0.9220748129999999,0.947273026,0.89268459,0.868800738,0.005246051999999999,0.005246051999999999
recover_60,0,0.6863437840000001,0.7670148640000001,0.796337959,0.8558381629999999,0.73324429,0.6863437840000001,0.005246051999999999,0.005246051999999999
recover_70,0,0.6863437840000001,0.7670148640000001,0.796337959,0.8558381629999999,0.73324429,0.6863437840000001,0.005246051999999999,0.005246051999999999
