name,effectDays,infectReduct,reduceHosp,reduceIcu,reduceMort,reduceSympt,riskReduct,waneRate,waneRateOut
cur_2,14,0.56921666,0.899156263,0.9508657140000001,0.9757766290000001,0.72273204,0.56921666,0.022960915,0.01783508
cur_2_60,14,0.527437045,0.8827866059999999,0.942351734,0.9714495999999999,0.6876717290000001,0.527437045,0.022960915,0.01783508
cur_2_70,14,0.485285456,0.864168618,0.93247124,0.9663783340000001,0.650337507,0.485285456,0.022960915,0.01783508
cur_3,14,0.531717409,0.8845528109999999,0.943278065,0.971922298,0.691350048,0.531717409,0.027945539,0.022819704
cur_3_60,14,0.489562239,0.8661654609999999,0.933541194,0.9669301029999999,0.654220046,0.489562239,0.027945539,0.022819704
cur_3_70,14,0.447570731,0.845369837,0.9222751859999999,0.961088217,0.61512513,0.447570731,0.027945539,0.022819704
recover,0,0.945418713,0.9880114790000001,0.99444052,0.997321392,0.960147972,0.945418713,0.0072608230000000005,0.0072608230000000005
recover_60,0,0.892390487,0.9830184409999999,0.9921036809999999,0.9961908429999999,0.944205541,0.892390487,0.0072608230000000005,0.0072608230000000005
recover_70,0,0.7101599679999999,0.958747025,0.98056084,0.990565802,0.871699935,0.7101599679999999,0.0072608230000000005,0.0072608230000000005
