name,effectDays,infectReduct,reduceHosp,reduceIcu,reduceMort,reduceSympt,riskReduct,waneRate,waneRateOut
cur_2,14,0.5220209,0.880511635,0.94119986,0.9708611540000001,0.6825726120000001,0.5220209,0.021452051,0.015197953
cur_2_60,14,0.49123316899999997,0.866928809,0.933998647,0.967165815,0.655297654,0.49123316899999997,0.021452051,0.015197953
cur_2_70,14,0.460509125,0.85206002,0.925984123,0.963019306,0.626957407,0.460509125,0.021452051,0.015197953
cur_3,14,0.56471971,0.897475393,0.9500366109999999,0.975356984,0.718658805,0.56471971,0.015790723,0.009536625
cur_3_60,14,0.534228335,0.885570315,0.9438530690000001,0.972215481,0.6930903629999999,0.534228335,0.015790723,0.009536625
cur_3_70,14,0.503476328,0.872478057,0.9369543920000001,0.9686860290000001,0.666274898,0.503476328,0.015790723,0.009536625
recover,0,0.91119596,0.939546833,0.944901467,0.9451825420000001,0.932773203,0.91119596,0.007229826,0.007229826
recover_60,0,0.8073507440000001,0.863902675,0.8750665479999999,0.875656992,0.8500064070000001,0.8073507440000001,0.007229826,0.007229826
recover_70,0,0.8073507440000001,0.863902675,0.8750665479999999,0.875656992,0.8500064070000001,0.8073507440000001,0.007229826,0.007229826
