name,effectDays,infectReduct,reduceHosp,reduceIcu,reduceMort,reduceSympt,riskReduct,waneRate,waneRateOut
cur_2,14,0.483756112,0.86365817,0.931138822,0.965690325,0.658020014,0.483756112,0.022826042,0.012770676000000002
cur_2_60,14,0.45485914299999997,0.84940652,0.923314539,0.961630146,0.631445988,0.45485914299999997,0.022826042,0.012770676000000002
cur_2_70,14,0.426257557,0.8339484709999999,0.9146809379999999,0.957109909,0.604044185,0.426257557,0.022826042,0.012770676000000002
cur_3,14,0.527876598,0.8831529340000001,0.9416369259999999,0.971084519,0.696588251,0.527876598,0.017019338999999998,0.006963972
cur_3_60,14,0.49889104,0.870633815,0.9349221120000001,0.967641295,0.671515117,0.49889104,0.017019338999999998,0.006963972
cur_3_70,14,0.46990734799999995,0.856987835,0.92749272,0.9638025570000001,0.6454195460000001,0.46990734799999995,0.017019338999999998,0.006963972
recover,0,0.899530032,0.935846058,0.970876121,0.95124328,0.920246239,0.899530032,0.0065524,0.0065524
recover_60,0,0.785874957,0.8567296990000001,0.9318121220000001,0.888860167,0.825479373,0.785874957,0.0065524,0.0065524
recover_70,0,0.785874957,0.8567296990000001,0.9318121220000001,0.888860167,0.825479373,0.785874957,0.0065524,0.0065524
