name,effectDays,infectReduct,reduceHosp,reduceIcu,reduceMort,reduceSympt,riskReduct,waneRate,waneRateOut
cur_2,14,0.6003422389999999,0.90940714,0.9597632709999999,0.9802568190000001,0.704325305,0.6003422389999999,0.020940371,0.020806965
cur_2_60,14,0.582986288,0.903311305,0.9568952070000001,0.9788172890000001,0.689146843,0.582986288,0.020940371,0.020806965
cur_2_70,14,0.565398993,0.8968430690000001,0.953828378,0.977273133,0.673529555,0.565398993,0.020940371,0.020806965
cur_3,14,0.589244298,0.905541148,0.9579468240000001,0.9793456229999999,0.6946461690000001,0.589244298,0.022454312999999997,0.022320907999999997
cur_3_60,14,0.571750193,0.899214007,0.95495536,0.9778411570000001,0.679197145,0.571750193,0.022454312999999997,0.022320907999999997
cur_3_70,14,0.554051507,0.89250429,0.951757473,0.976227572,0.6633241910000001,0.554051507,0.022454312999999997,0.022320907999999997
recover,0,0.8562877809999999,0.915788763,0.9411904329999999,0.9477142059999999,0.907716575,0.8562877809999999,0.005396945,0.005396945
recover_60,0,0.686319192,0.799733657,0.854583742,0.869381533,0.7831707940000001,0.686319192,0.005396945,0.005396945
recover_70,0,0.686319192,0.799733657,0.854583742,0.869381533,0.7831707940000001,0.686319192,0.005396945,0.005396945
