name,effectDays,infectReduct,reduceHosp,reduceIcu,reduceMort,reduceSympt,riskReduct,waneRate,waneRateOut
cur_2,14,0.434456888,0.84006976,0.909734843,0.9545011440000001,0.671040144,0.434456888,0.023633542999999996,0.014393813
cur_2_60,14,0.38712974,0.81199775,0.892323568,0.9452047509999999,0.626490381,0.38712974,0.023633542999999996,0.014393813
cur_2_70,14,0.34186606,0.780305502,0.8720382640000001,0.9341465809999999,0.579712576,0.34186606,0.023633542999999996,0.014393813
cur_3,14,0.458291172,0.852609122,0.917349492,0.95851159,0.691972923,0.458291172,0.020462061,0.011222332
cur_3_60,14,0.41025109,0.826282964,0.90124757,0.949991687,0.648774234,0.41025109,0.020462061,0.011222332
cur_3_70,14,0.36388915200000005,0.7963950040000001,0.8824219440000001,0.939838075,0.6030188120000001,0.36388915200000005,0.020462061,0.011222332
recover,0,0.936009506,0.988166923,0.9937976620000001,0.9970106559999999,0.970087183,0.936009506,0.003404126,0.003404126
recover_60,0,0.9008667779999999,0.983237527,0.991193001,0.9957495140000001,0.957946693,0.9008667779999999,0.003404126,0.003404126
recover_70,0,0.7678292170000001,0.959266271,0.97834798,0.989479639,0.9014338040000001,0.7678292170000001,0.003404126,0.003404126
