name,effectDays,infectReduct,reduceHosp,reduceIcu,reduceMort,reduceSympt,riskReduct,waneRate,waneRateOut
cur_2,14,0.49229839,0.868260947,0.9304058540000001,0.965311427,0.6924712129999999,0.49229839,0.022534118,0.015431592
cur_2_60,14,0.439527512,0.8420283690000001,0.915341327,0.9574571629999999,0.6455252029999999,0.439527512,0.022534118,0.015431592
cur_2_70,14,0.388121269,0.811725589,0.8973879640000001,0.947927105,0.59563029,0.388121269,0.022534118,0.015431592
cur_3,14,0.494448881,0.869241933,0.9309608779999999,0.9655983659999999,0.694300328,0.494448881,0.022251264,0.015148736999999999
cur_3_60,14,0.44164801200000003,0.843169411,0.916005647,0.957806232,0.6474914,0.44164801200000003,0.022251264,0.015148736999999999
cur_3_70,14,0.39016640799999996,0.813036911,0.8981774929999999,0.9483501520000001,0.597700766,0.39016640799999996,0.022251264,0.015148736999999999
recover,0,0.9299087540000001,0.988097042,0.994096361,0.997155062,0.9659414690000001,0.9299087540000001,0.009264719,0.009264719
recover_60,0,0.898724091,0.9831390309999999,0.991616079,0.9959545959999999,0.952201295,0.898724091,0.009264719,0.009264719
recover_70,0,0.7740632829999999,0.9590327909999999,0.97937528,0.989984194,0.888863258,0.7740632829999999,0.009264719,0.009264719
