name,effectDays,infectReduct,reduceHosp,reduceIcu,reduceMort,reduceSympt,riskReduct,waneRate,waneRateOut
cur_2,14,0.428468523,0.834691445,0.9177158190000001,0.95870369,0.58638416,0.428468523,0.02011776,0.015873372
cur_2_60,14,0.39817358700000005,0.8167182609999999,0.90777206,0.953461991,0.555781533,0.39817358700000005,0.02011776,0.015873372
cur_2_70,14,0.368637229,0.7972643009999999,0.896761085,0.9475909490000001,0.524747819,0.368637229,0.02011776,0.015873372
cur_3,14,0.561418215,0.896067161,0.9501087579999999,0.975393515,0.707662764,0.561418215,0.002527993,-0.001716395
cur_3_60,14,0.530447553,0.883838383,0.94384002,0.97220883,0.6811541520000001,0.530447553,0.002527993,-0.001716395
cur_3_70,14,0.499238629,0.8703780109999999,0.936835525,0.968624987,0.653417255,0.499238629,0.002527993,-0.001716395
recover,0,0.809108797,0.8797883240000001,0.906646745,0.9304998179999999,0.8400607309999999,0.809108797,0.00394495,0.00394495
recover_60,0,0.66363169,0.773068251,0.8188614959999999,0.8617240009999999,0.709708938,0.66363169,0.00394495,0.00394495
recover_70,0,0.66363169,0.773068251,0.8188614959999999,0.8617240009999999,0.709708938,0.66363169,0.00394495,0.00394495
