name,effectDays,infectReduct,reduceHosp,reduceIcu,reduceMort,reduceSympt,riskReduct,waneRate,waneRateOut
cur_2,14,0.667664415,0.930179938,0.9714436809999999,0.9860744290000001,0.728149863,0.667664415,0.022789429,0.021909342999999998
cur_2_60,14,0.619719337,0.9153028759999999,0.9650284179999999,0.98288811,0.6848114790000001,0.619719337,0.022789429,0.021909342999999998
cur_2_70,14,0.569350941,0.89761672,0.9572406990000001,0.97899093,0.638028857,0.569350941,0.022789429,0.021909342999999998
cur_3,14,0.633110602,0.91963521,0.9669092009999999,0.983824493,0.697031173,0.633110602,0.027788521,0.026908435
cur_3_60,14,0.583291812,0.902746223,0.959517704,0.980133736,0.651108868,0.583291812,0.027788521,0.026908435
cur_3_70,14,0.531744191,0.882773845,0.950565683,0.9756248129999999,0.6022294770000001,0.531744191,0.027788521,0.026908435
recover,0,0.851083148,0.90473367,0.9134104340000001,0.940432484,0.902838847,0.851083148,0.005418534,0.005418534
recover_60,0,0.742849612,0.827594635,0.84207074,0.88864161,0.824463217,0.742849612,0.005418534,0.005418534
recover_70,0,0.742849612,0.827594635,0.84207074,0.88864161,0.824463217,0.742849612,0.005418534,0.005418534
