name,effectDays,infectReduct,reduceHosp,reduceIcu,reduceMort,reduceSympt,riskReduct,waneRate,waneRateOut
cur_2,14,0.51615149,0.878226838,0.9389493520000001,0.969709362,0.687079188,0.51615149,0.022203695,0.015676883
cur_2_60,14,0.480038584,0.8619079940000001,0.930120457,0.965163813,0.655201542,0.480038584,0.022203695,0.015676883
cur_2_70,14,0.444138999,0.843794403,0.920125145,0.9599652240000001,0.6218693510000001,0.444138999,0.022203695,0.015676883
cur_3,14,0.531659699,0.8847218029999999,0.942417937,0.9714833979999999,0.700290043,0.531659699,0.020159421,0.013632608999999999
cur_3_60,14,0.495573086,0.869143662,0.934055425,0.967195063,0.669110077,0.495573086,0.020159421,0.013632608999999999
cur_3_70,14,0.459538499,0.851816001,0.9245773159999999,0.962287752,0.636376242,0.459538499,0.020159421,0.013632608999999999
recover,0,0.878022773,0.918911165,0.9412602840000001,0.949619801,0.900493841,0.878022773,0.005643854,0.005643854
recover_60,0,0.7298937409999999,0.809673419,0.857459647,0.8761763309999999,0.772585642,0.7298937409999999,0.005643854,0.005643854
recover_70,0,0.7298937409999999,0.809673419,0.857459647,0.8761763309999999,0.772585642,0.7298937409999999,0.005643854,0.005643854
