name,effectDays,infectReduct,reduceHosp,reduceIcu,reduceMort,reduceSympt,riskReduct,waneRate,waneRateOut
cur_2,14,0.432369341,0.8387451309999999,0.909943609,0.9546115390000001,0.662525326,0.432369341,0.02019753,0.017545985
cur_2_60,14,0.39663215700000004,0.817812062,0.897119378,0.947783108,0.628839474,0.39663215700000004,0.02019753,0.017545985
cur_2_70,14,0.36197181700000003,0.794830989,0.8827073129999999,0.939993568,0.593859355,0.36197181700000003,0.02019753,0.017545985
cur_3,14,0.47241181299999996,0.859440001,0.922347079,0.961125722,0.6976841490000001,0.47241181299999996,0.014880516000000002,0.012228971000000002
cur_3_60,14,0.43590658600000004,0.840683119,0.9111165990000001,0.9552313509999999,0.6657371360000001,0.43590658600000004,0.014880516000000002,0.012228971000000002
cur_3_70,14,0.40008996700000005,0.819951843,0.8984433709999999,0.948492532,0.632200546,0.40008996700000005,0.014880516000000002,0.012228971000000002
recover,0,0.927015136,0.9881514140000001,0.993865378,0.997043397,0.969209511,0.927015136,0.00283214,0.00283214
recover_60,0,0.897493847,0.983215666,0.991288904,0.99579601,0.956728695,0.897493847,0.00283214,0.00283214
recover_70,0,0.775921677,0.9592144459999999,0.978580736,0.9895940040000001,0.8987520109999999,0.775921677,0.00283214,0.00283214
