name,effectDays,infectReduct,reduceHosp,reduceIcu,reduceMort,reduceSympt,riskReduct,waneRate,waneRateOut
cur_2,14,0.398421717,0.8198816240000001,0.89274514,0.945431945,0.6638523620000001,0.398421717,0.021493143,0.010644158
cur_2_60,14,0.388697413,0.8137859340000001,0.888780841,0.9432913279999999,0.654700126,0.388697413,0.021493143,0.010644158
cur_2_70,14,0.379026706,0.807509796,0.884674121,0.9410639140000001,0.6453985489999999,0.379026706,0.021493143,0.010644158
cur_3,14,0.424019605,0.83497398,0.902458518,0.95063765,0.687027937,0.424019605,0.018016375,0.007167389000000001
cur_3_60,14,0.414100597,0.829282702,0.898812547,0.9486901609999999,0.678200826,0.414100597,0.018016375,0.007167389000000001
cur_3_70,14,0.404215783,0.823415531,0.8950324959999999,0.9466628140000001,0.669212452,0.404215783,0.018016375,0.007167389000000001
recover,0,0.9307493290000001,0.9882270409999999,0.9935272140000001,0.996879867,0.973275094,0.9307493290000001,-8.43052e-05,-8.43052e-05
recover_60,0,0.870991565,0.983322266,0.990810028,0.995563795,0.962378278,0.870991565,-8.43052e-05,-8.43052e-05
recover_70,0,0.674575338,0.959467197,0.9774191659999999,0.9890229859999999,0.911269109,0.674575338,-8.43052e-05,-8.43052e-05
