name,effectDays,infectReduct,reduceHosp,reduceIcu,reduceMort,reduceSympt,riskReduct,waneRate,waneRateOut
cur_2,14,0.49007963,0.866977853,0.9310656959999999,0.9656525359999999,0.6794432359999999,0.49007963,0.021325216,0.009498901
cur_2_60,14,0.462557571,0.853726643,0.9236363740000001,0.9617978309999999,0.654945667,0.462557571,0.021325216,0.009498901
cur_2_70,14,0.435254012,0.839395643,0.915476596,0.95752826,0.629589169,0.435254012,0.021325216,0.009498901
cur_3,14,0.491054056,0.8674268820000001,0.931315529,0.965781626,0.6802918640000001,0.491054056,0.021197026,0.009370712
cur_3_60,14,0.46352701799999996,0.85421288,0.9239109320000001,0.961940837,0.6558262970000001,0.46352701799999996,0.021197026,0.009370712
cur_3_70,14,0.436212681,0.839920587,0.915777816,0.9576865459999999,0.6304980029999999,0.436212681,0.021197026,0.009370712
recover,0,0.8851153270000001,0.991771339,0.99601231,0.9980802670000001,0.9751221720000001,0.8851153270000001,0.001798551,0.001798551
recover_60,0,0.7977012640000001,0.990561197,0.9954229840000001,0.99779588,0.97153381,0.7977012640000001,0.001798551,0.001798551
recover_70,0,0.55135533,0.980405187,0.990447739,0.995388037,0.942101285,0.55135533,0.001798551,0.001798551
