name,effectDays,infectReduct,reduceHosp,reduceIcu,reduceMort,reduceSympt,riskReduct,waneRate,waneRateOut
cur_2,14,0.45192655,0.849106637,0.916623856,0.958130846,0.677025135,0.45192655,0.021604803,0.013483061000000001
cur_2_60,14,0.403978314,0.822238128,0.9003669759999999,0.949521408,0.6327674520000001,0.403978314,0.021604803,0.013483061000000001
cur_2_70,14,0.357821044,0.791776481,0.8813618940000001,0.9392600409999999,0.5861784720000001,0.357821044,0.021604803,0.013483061000000001
cur_3,14,0.48448857,0.865114478,0.9260924429999999,0.9630755870000001,0.7049449790000001,0.48448857,0.017303739,0.009181996999999999
cur_3_60,14,0.435832833,0.840561145,0.911503527,0.955435632,0.662606568,0.435832833,0.017303739,0.009181996999999999
cur_3_70,14,0.38840777200000004,0.812523453,0.894373539,0.946308534,0.617514906,0.38840777200000004,0.017303739,0.009181996999999999
recover,0,0.926992543,0.9881442640000001,0.993896317,0.997058355,0.9687969559999999,0.926992543,0.0074706880000000005,0.0074706880000000005
recover_60,0,0.894323034,0.9832055890000001,0.991332724,0.995817253,0.9561564779999999,0.894323034,0.0074706880000000005,0.0074706880000000005
recover_70,0,0.765148588,0.959190557,0.9786871079999999,0.989646261,0.8974952559999999,0.765148588,0.0074706880000000005,0.0074706880000000005
