name,effectDays,infectReduct,reduceHosp,reduceIcu,reduceMort,reduceSympt,riskReduct,waneRate,waneRateOut
cur_2,14,0.37744760899999996,0.80611573,0.885879042,0.94171849,0.632276779,0.37744760899999996,0.02102589,0.008759638
cur_2_60,14,0.360056395,0.794169274,0.8781041409999999,0.937479368,0.614738188,0.360056395,0.02102589,0.008759638
cur_2_70,14,0.34300472600000004,0.781670738,0.86986718,0.932948243,0.596874782,0.34300472600000004,0.02102589,0.008759638
cur_3,14,0.45440002700000004,0.850998472,0.9142610859999999,0.956889007,0.702552958,0.45440002700000004,0.010587932,-0.001678319
cur_3_60,14,0.435946027,0.84127299,0.908219482,0.953699065,0.686705357,0.435946027,0.010587932,-0.001678319
cur_3_70,14,0.417645906,0.831026135,0.901789926,0.950281105,0.67038967,0.417645906,0.010587932,-0.001678319
recover,0,0.883663726,0.920805842,0.9572636309999999,0.945703374,0.908476862,0.883663726,0.005956953,0.005956953
recover_60,0,0.746251213,0.818240592,0.896613862,0.870860966,0.793524633,0.746251213,0.005956953,0.005956953
recover_70,0,0.746251213,0.818240592,0.896613862,0.870860966,0.793524633,0.746251213,0.005956953,0.005956953
