name,effectDays,infectReduct,reduceHosp,reduceIcu,reduceMort,reduceSympt,riskReduct,waneRate,waneRateOut
cur_2,14,0.5164224239999999,0.878220728,0.9395542579999999,0.970019222,0.681763681,0.5164224239999999,0.021589665,0.017322799
cur_2_60,14,0.497271279,0.86978504,0.9350529670000001,0.967708633,0.664911777,0.497271279,0.021589665,0.017322799
cur_2_70,14,0.478106494,0.8608471999999999,0.9302357309999999,0.9652234409999999,0.647608929,0.478106494,0.021589665,0.017322799
cur_3,14,0.519775666,0.879649839,0.940312523,0.9704073540000001,0.684670474,0.519775666,0.021148111,0.016881244
cur_3_60,14,0.500628906,0.871298638,0.9358638440000001,0.968125695,0.667897516,0.500628906,0.021148111,0.016881244
cur_3_70,14,0.481458646,0.8624482609999999,0.93110232,0.965671462,0.650667841,0.481458646,0.021148111,0.016881244
recover,0,0.947984004,0.988020308,0.994406061,0.997304741,0.960785001,0.947984004,0.007774225,0.007774225
recover_60,0,0.8945063109999999,0.983030883,0.992054853,0.996167191,0.945082832,0.8945063109999999,0.007774225,0.007774225
recover_70,0,0.710021488,0.958776506,0.9804420429999999,0.990507555,0.873564615,0.710021488,0.007774225,0.007774225
