name,effectDays,infectReduct,reduceHosp,reduceIcu,reduceMort,reduceSympt,riskReduct,waneRate,waneRateOut
cur_2,14,0.51409017,0.8770311609999999,0.9398460809999999,0.9701686340000001,0.671159515,0.51409017,0.019484492,0.014868379
cur_2_60,14,0.511800422,0.8760393009999999,0.9393258309999999,0.969902235,0.6691335620000001,0.511800422,0.019484492,0.014868379
cur_2_70,14,0.509460998,0.875019062,0.938790068,0.969627737,0.667057613,0.509460998,0.019484492,0.014868379
cur_3,14,0.575678536,0.9014369809999999,0.9524606940000001,0.9765828740000001,0.723545366,0.575678536,0.01130863,0.006692516999999999
cur_3_60,14,0.573438201,0.900619671,0.952043977,0.97637236,0.7217083329999999,0.573438201,0.01130863,0.006692516999999999
cur_3_70,14,0.571146646,0.899778592,0.951614732,0.97615542,0.7198241320000001,0.571146646,0.01130863,0.006692516999999999
recover,0,0.9226338190000001,0.987999712,0.994486077,0.997343405,0.959284323,0.9226338190000001,0.006002338,0.006002338
recover_60,0,0.8549940979999999,0.983001858,0.9921682359999999,0.9962221109999999,0.9430169009999999,0.8549940979999999,0.006002338,0.006002338
recover_70,0,0.641258385,0.958707738,0.980717928,0.990642811,0.869180653,0.641258385,0.006002338,0.006002338
