name,effectDays,infectReduct,reduceHosp,reduceIcu,reduceMort,reduceSympt,riskReduct,waneRate,waneRateOut
cur_2,14,0.439300185,0.842438645,0.9126417290000001,0.9560360509999999,0.66568673,0.439300185,0.021687697000000002,0.012817088
cur_2_60,14,0.397875992,0.818492247,0.898073993,0.948294715,0.62677832,0.397875992,0.021687697000000002,0.012817088
cur_2_70,14,0.357880045,0.7918167559999999,0.881399585,0.939280605,0.5861728,0.357880045,0.021687697000000002,0.012817088
cur_3,14,0.473104656,0.859700335,0.92291604,0.9614224370000001,0.695308975,0.473104656,0.01720603,0.00833542
cur_3_60,14,0.430942785,0.8378725090000001,0.909892472,0.9545845,0.658077308,0.430942785,0.01720603,0.00833542
cur_3_70,14,0.389774574,0.813395903,0.894925278,0.9466051870000001,0.618806031,0.389774574,0.01720603,0.00833542
recover,0,0.9203637370000001,0.988144118,0.9938969459999999,0.99705866,0.968788487,0.9203637370000001,0.0061630569999999996,0.0061630569999999996
recover_60,0,0.84547459,0.983205384,0.991333615,0.995817686,0.956144732,0.84547459,0.0061630569999999996,0.0061630569999999996
recover_70,0,0.615698901,0.959190069,0.978689272,0.9896473240000001,0.89746948,0.615698901,0.0061630569999999996,0.0061630569999999996
