name,effectDays,infectReduct,reduceHosp,reduceIcu,reduceMort,reduceSympt,riskReduct,waneRate,waneRateOut
cur_2,14,0.51492746,0.8774080409999999,0.939966126,0.970230083,0.6726285870000001,0.51492746,0.021393272,0.016742355
cur_2_60,14,0.507583409,0.874211355,0.938285956,0.9693693109999999,0.666124035,0.507583409,0.021393272,0.016742355
cur_2_70,14,0.500195135,0.870925161,0.936552204,0.968479458,0.659518876,0.500195135,0.021393272,0.016742355
cur_3,14,0.5109965120000001,0.875705519,0.939072063,0.969772237,0.669154507,0.5109965120000001,0.021910568999999998,0.017259652
cur_3_60,14,0.5036503139999999,0.872470891,0.937368538,0.96889865,0.662615551,0.5036503139999999,0.021910568999999998,0.017259652
cur_3_70,14,0.49626159200000003,0.869146034,0.935610782,0.967995576,0.655976829,0.49626159200000003,0.021910568999999998,0.017259652
recover,0,0.905936106,0.9880014579999999,0.9944793470000001,0.997340153,0.959413483,0.905936106,0.010892468999999998,0.010892468999999998
recover_60,0,0.88314248,0.983004318,0.9921586990000001,0.996217492,0.94319461,0.88314248,0.010892468999999998,0.010892468999999998
recover_70,0,0.7682685929999999,0.9587135640000001,0.980694718,0.9906314340000001,0.869556777,0.7682685929999999,0.010892468999999998,0.010892468999999998
