name,effectDays,infectReduct,reduceHosp,reduceIcu,reduceMort,reduceSympt,riskReduct,waneRate,waneRateOut
cur_2,14,0.466822723,0.8567944829999999,0.920291541,0.960052228,0.6963197859999999,0.466822723,0.020663714,0.014467398999999999
cur_2_60,14,0.447236836,0.8468337359999999,0.914305635,0.9569124509999999,0.679374085,0.447236836,0.020663714,0.014467398999999999
cur_2_70,14,0.427793026,0.836301165,0.907908246,0.953534164,0.661923305,0.427793026,0.020663714,0.014467398999999999
cur_3,14,0.48036351899999996,0.863330898,0.9241861729999999,0.962084156,0.707681846,0.48036351899999996,0.018877915,0.0126816
cur_3_60,14,0.460700406,0.8537471879999999,0.918466832,0.959097278,0.6910888909999999,0.460700406,0.018877915,0.0126816
cur_3_70,14,0.441138394,0.8436022240000001,0.912350311,0.9558823940000001,0.67396973,0.441138394,0.018877915,0.0126816
recover,0,0.8925892240000001,0.927425152,0.95612287,0.938541038,0.9243250040000001,0.8925892240000001,0.005978255,0.005978255
recover_60,0,0.7660134140000001,0.83427919,0.8956653309999999,0.8574691640000001,0.827938352,0.7660134140000001,0.005978255,0.005978255
recover_70,0,0.7660134140000001,0.83427919,0.8956653309999999,0.8574691640000001,0.827938352,0.7660134140000001,0.005978255,0.005978255
