name,effectDays,infectReduct,reduceHosp,reduceIcu,reduceMort,reduceSympt,riskReduct,waneRate,waneRateOut
cur_2,14,0.57403399,0.8995095259999999,0.9574631029999999,0.9791026740000001,0.6508724029999999,0.57403399,0.019451772,0.018720853
cur_2_60,14,0.526386119,0.880702579,0.9488859340000001,0.974773962,0.605918971,0.526386119,0.019451772,0.018720853
cur_2_70,14,0.478278372,0.8589403240000001,0.93869591,0.9695794790000001,0.5591235689999999,0.478278372,0.019451772,0.018720853
cur_3,14,0.6115272070000001,0.91271093,0.963361268,0.9820565290000001,0.6853100320000001,0.6115272070000001,0.014342493000000001,0.013611573
cur_3_60,14,0.564894355,0.896089237,0.9559186540000001,0.9783261390000001,0.64235425,0.564894355,0.014342493000000001,0.013611573
cur_3_70,14,0.517109821,0.8767409859999999,0.94705243,0.9738434840000001,0.597007835,0.517109821,0.014342493000000001,0.013611573
recover,0,0.939634231,0.987823227,0.995121864,0.9976505040000001,0.944120856,0.939634231,0.006313293,0.006313293
recover_60,0,0.942908317,0.9827531540000001,0.993069422,0.996658397,0.9222858709999999,0.942908317,0.006313293,0.006313293
recover_70,0,0.9021817040000001,0.9581187240000001,0.982913987,0.9917180590000001,0.8265286759999999,0.9021817040000001,0.006313293,0.006313293
