name,effectDays,infectReduct,reduceHosp,reduceIcu,reduceMort,reduceSympt,riskReduct,waneRate,waneRateOut
cur_2,14,0.525782262,0.8818482320000001,0.943073087,0.97181774,0.674505048,0.525782262,0.021887047000000003,0.016187905
cur_2_60,14,0.518889388,0.8789392109999999,0.941571609,0.971051145,0.668410586,0.518889388,0.021887047000000003,0.016187905
cur_2_70,14,0.51194767,0.875950531,0.940023651,0.9702595270000001,0.662221869,0.51194767,0.021887047000000003,0.016187905
cur_3,14,0.549127092,0.891288813,0.947910632,0.9742792370000001,0.6947786429999999,0.549127092,0.018799141000000002,0.013099998
cur_3_60,14,0.542278142,0.888582862,0.946529513,0.973577778,0.6888886909999999,0.542278142,0.018799141000000002,0.013099998
cur_3_70,14,0.535371713,0.8858013259999999,0.945105249,0.97285332,0.682900855,0.535371713,0.018799141000000002,0.013099998
recover,0,0.89016209,0.987983025,0.9945499790000001,0.99737428,0.9580301390000001,0.89016209,0.010654563,0.010654563
recover_60,0,0.80633338,0.98297834,0.9922587909999999,0.9962659690000001,0.9412922909999999,0.80633338,0.010654563,0.010654563
recover_70,0,0.56550336,0.9586520209999999,0.980938332,0.990750838,0.8655399979999999,0.56550336,0.010654563,0.010654563
