name,effectDays,infectReduct,reduceHosp,reduceIcu,reduceMort,reduceSympt,riskReduct,waneRate,waneRateOut
cur_2,14,0.39928896799999997,0.8207933590000001,0.891029563,0.944506726,0.677418069,0.39928896799999997,0.022348188999999997,0.013285813999999998
cur_2_60,14,0.35750019899999996,0.7931354629999999,0.8725281109999999,0.934416554,0.637407486,0.35750019899999996,0.022348188999999997,0.013285813999999998
cur_2_70,14,0.317788373,0.762458585,0.851419158,0.9226475709999999,0.595417179,0.317788373,0.022348188999999997,0.013285813999999998
cur_3,14,0.433146123,0.840390174,0.9038455879999999,0.9513765120000001,0.7070985129999999,0.433146123,0.017765103,0.008702728
cur_3_60,14,0.39011511,0.815075342,0.8872447379999999,0.942459354,0.668970329,0.39011511,0.017765103,0.008702728
cur_3_70,14,0.34874687,0.786777355,0.8682046999999998,0.932028669,0.628504874,0.34874687,0.017765103,0.008702728
recover,0,0.920028576,0.988256894,0.993388068,0.996812563,0.97473821,0.920028576,0.008397797,0.008397797
recover_60,0,0.860548765,0.9833643459999999,0.990613023,0.99546823,0.964416154,0.860548765,0.008397797,0.008397797
recover_70,0,0.6663119279999999,0.9595669920000001,0.976941782,0.988788105,0.915833322,0.6663119279999999,0.008397797,0.008397797
