name,effectDays,infectReduct,reduceHosp,reduceIcu,reduceMort,reduceSympt,riskReduct,waneRate,waneRateOut
cur_2,14,0.499166225,0.871429288,0.931893235,0.9660799959999999,0.7007155409999999,0.499166225,0.019878786000000002,0.015231449
cur_2_60,14,0.480600166,0.8628721079999999,0.927023301,0.963558975,0.684904645,0.480600166,0.019878786000000002,0.015231449
cur_2_70,14,0.462065027,0.8538296190000001,0.921827829,0.960854772,0.668633391,0.462065027,0.019878786000000002,0.015231449
cur_3,14,0.48844437399999996,0.866546197,0.929119768,0.964645878,0.691643036,0.48844437399999996,0.021289053999999998,0.016641717
cur_3_60,14,0.469902944,0.857717081,0.924067677,0.96202246,0.6755747559999999,0.469902944,0.021289053999999998,0.016641717
cur_3_70,14,0.4514218,0.848394386,0.918680243,0.959209063,0.6590615439999999,0.4514218,0.021289053999999998,0.016641717
recover,0,0.936366465,0.98810307,0.994071233,0.9971429159999999,0.966318947,0.936366465,0.007402189,0.007402189
recover_60,0,0.8957477490000001,0.9831475279999999,0.991580485,0.995937346,0.9527236029999999,0.8957477490000001,0.007402189,0.007402189
recover_70,0,0.748462434,0.959052929,0.9792888009999999,0.989941741,0.889997722,0.748462434,0.007402189,0.007402189
