name,effectDays,infectReduct,reduceHosp,reduceIcu,reduceMort,reduceSympt,riskReduct,waneRate,waneRateOut
cur_2,14,0.347409925,0.7864238509999999,0.8638612790000001,0.9296181059999999,0.646821322,0.347409925,0.020397213,0.006651318000000001
cur_2_60,14,0.301247465,0.748867547,0.83710136,0.9145043709999999,0.597287378,0.301247465,0.020397213,0.006651318000000001
cur_2_70,14,0.258811864,0.707193663,0.806281755,0.8965187240000001,0.5457186079999999,0.258811864,0.020397213,0.006651318000000001
cur_3,14,0.434771061,0.8417803629999999,0.9016567790000001,0.95021007,0.725742632,0.434771061,0.008297514,-0.0054483809999999995
cur_3_60,14,0.38382788700000003,0.811626585,0.8813053040000001,0.9392291629999999,0.681832848,0.38382788700000003,0.008297514,-0.0054483809999999995
cur_3_70,14,0.335342252,0.777269674,0.8574244440000001,0.926024106,0.634464783,0.335342252,0.008297514,-0.0054483809999999995
recover,0,0.942037013,0.988300747,0.993177595,0.996710738,0.976752952,0.942037013,0.008611205,0.008611205
recover_60,0,0.915810916,0.983426164,0.990315075,0.995323662,0.967226448,0.915810916,0.008611205,0.008611205
recover_70,0,0.807764356,0.959713618,0.976220318,0.98843291,0.922170884,0.807764356,0.008611205,0.008611205
