name,effectDays,infectReduct,reduceHosp,reduceIcu,reduceMort,reduceSympt,riskReduct,waneRate,waneRateOut
cur_2,14,0.37151143200000003,0.80357619,0.875177275,0.9358740590000001,0.673281028,0.37151143200000003,0.019987053,0.008837844000000001
cur_2_60,14,0.33584170799999996,0.777759118,0.857097557,0.925840896,0.6380521920000001,0.33584170799999996,0.019987053,0.008837844000000001
cur_2_70,14,0.301960397,0.7496141759999999,0.8368930509999999,0.9143849190000001,0.601284643,0.301960397,0.019987053,0.008837844000000001
cur_3,14,0.39219829799999995,0.8170450779999999,0.8844424759999999,0.9409379729999999,0.692262809,0.39219829799999995,0.017105176,0.0059559669999999995
cur_3_60,14,0.35566638100000003,0.7925412629999999,0.8675015859999999,0.931639239,0.658041171,0.35566638100000003,0.017105176,0.0059559669999999995
cur_3_70,14,0.320750953,0.765704415,0.848508073,0.921002552,0.6221015320000001,0.320750953,0.017105176,0.0059559669999999995
recover,0,0.87459422,0.92513237,0.940120435,0.949983975,0.8924700609999999,0.87459422,0.005730965,0.005730965
recover_60,0,0.7462964559999999,0.839021617,0.8688038509999999,0.8890281999999999,0.777814393,0.7462964559999999,0.005730965,0.005730965
recover_70,0,0.7462964559999999,0.839021617,0.8688038509999999,0.8890281999999999,0.777814393,0.7462964559999999,0.005730965,0.005730965
