name,effectDays,infectReduct,reduceHosp,reduceIcu,reduceMort,reduceSympt,riskReduct,waneRate,waneRateOut
cur_2,14,0.518932789,0.879174172,0.940640804,0.970575293,0.678523071,0.518932789,0.020781774,0.01570106
cur_2_60,14,0.49728046299999995,0.86966356,0.935614114,0.967997289,0.659338348,0.49728046299999995,0.020781774,0.01570106
cur_2_70,14,0.475620775,0.85951545,0.9301887679999999,0.96519915,0.639600594,0.475620775,0.020781774,0.01570106
cur_3,14,0.536453205,0.886445582,0.944446835,0.972518042,0.6936623340000001,0.536453205,0.018470389,0.013389675
cur_3_60,14,0.514852219,0.8774275309999999,0.939721795,0.9701050059999999,0.674948263,0.514852219,0.018470389,0.013389675
cur_3_70,14,0.493178004,0.867792032,0.934618388,0.9674849640000001,0.655642576,0.493178004,0.018470389,0.013389675
recover,0,0.870798305,0.9164828859999999,0.9317350590000001,0.9365259440000001,0.903023674,0.870798305,0.005528678,0.005528678
recover_60,0,0.755183058,0.833952919,0.862007654,0.871014623,0.8099515890000001,0.755183058,0.005528678,0.005528678
recover_70,0,0.755183058,0.833952919,0.862007654,0.871014623,0.8099515890000001,0.755183058,0.005528678,0.005528678
