name,effectDays,infectReduct,reduceHosp,reduceIcu,reduceMort,reduceSympt,riskReduct,waneRate,waneRateOut
cur_2,14,0.51477627,0.876706084,0.94265071,0.971602215,0.642593164,0.51477627,0.021208311,0.015901847
cur_2_60,14,0.48563103399999996,0.8635374140000001,0.9360113179999999,0.9682015070000001,0.615389221,0.48563103399999996,0.021208311,0.015901847
cur_2_70,14,0.45657786,0.8492014040000001,0.928660023,0.964407736,0.587438818,0.45657786,0.021208311,0.015901847
cur_3,14,0.580157799,0.902551317,0.955376047,0.978053018,0.70076345,0.580157799,0.012519032,0.007212568000000001
cur_3_60,14,0.551518318,0.8918024240000001,0.950131946,0.9754052559999999,0.6757529870000001,0.551518318,0.012519032,0.007212568000000001
cur_3_70,14,0.522527666,0.880023228,0.944306364,0.97244648,0.649692195,0.522527666,0.012519032,0.007212568000000001
recover,0,0.93882928,0.9879312579999999,0.994743026,0.9974675409999999,0.95391252,0.93882928,0.004621465999999999,0.004621465999999999
recover_60,0,0.900995828,0.9829053870000001,0.9925323859999999,0.996398454,0.9356428520000001,0.900995828,0.004621465999999999,0.004621465999999999
recover_70,0,0.7613758740000001,0.9584792109999999,0.981604606,0.99107725,0.85373365,0.7613758740000001,0.004621465999999999,0.004621465999999999
