name,effectDays,infectReduct,reduceHosp,reduceIcu,reduceMort,reduceSympt,riskReduct,waneRate,waneRateOut
cur_2,14,0.46568808899999997,0.85446672,0.9282956640000001,0.9642189179999999,0.623365278,0.46568808899999997,0.019940818,0.017239943
cur_2_60,14,0.437248352,0.839592528,0.9202629940000001,0.960037303,0.5960379720000001,0.437248352,0.019940818,0.017239943
cur_2_70,14,0.409209366,0.823508578,0.9114143690000001,0.9553885679999999,0.568095682,0.409209366,0.019940818,0.017239943
cur_3,14,0.546165192,0.8901940420000001,0.94702227,0.973828163,0.69561622,0.546165192,0.009333084,0.006632209
cur_3_60,14,0.517571472,0.878451925,0.940954008,0.9707354640000001,0.670762423,0.517571472,0.009333084,0.006632209
cur_3_70,14,0.488856129,0.865640843,0.9342374370000001,0.96728881,0.644909586,0.488856129,0.009333084,0.006632209
recover,0,0.834102892,0.873072492,0.9068582559999999,0.9304803859999999,0.899199382,0.834102892,0.0045948379999999995,0.0045948379999999995
recover_60,0,0.703973225,0.764894558,0.821591159,0.8635853379999999,0.808402262,0.703973225,0.0045948379999999995,0.0045948379999999995
recover_70,0,0.703973225,0.764894558,0.821591159,0.8635853379999999,0.808402262,0.703973225,0.0045948379999999995,0.0045948379999999995
