name,effectDays,infectReduct,reduceHosp,reduceIcu,reduceMort,reduceSympt,riskReduct,waneRate,waneRateOut
cur_2,14,0.46230142399999996,0.8540979590000001,0.921172835,0.9605127720000001,0.674800263,0.46230142399999996,0.020687899,0.011625416000000001
cur_2_60,14,0.431338954,0.83777987,0.911579962,0.9554759759999999,0.646723512,0.431338954,0.020687899,0.011625416000000001
cur_2_70,14,0.40090229,0.820020222,0.9009445629999999,0.9498299179999999,0.617594664,0.40090229,0.020687899,0.011625416000000001
cur_3,14,0.5114106079999999,0.8769481259999999,0.934325944,0.96733439,0.7164070459999999,0.5114106079999999,0.014220018000000001,0.005157535
cur_3_60,14,0.480095785,0.8627750590000001,0.9262055109999999,0.963134328,0.690273713,0.480095785,0.014220018000000001,0.005157535
cur_3_70,14,0.448934769,0.847252934,0.917169462,0.958417156,0.662863816,0.448934769,0.014220018000000001,0.005157535
recover,0,0.913944437,0.988117177,0.9940119709999999,0.9971142679999999,0.9671872220000001,0.913944437,0.008367254000000001,0.008367254000000001
recover_60,0,0.878236418,0.98316741,0.9914965379999999,0.995896659,0.953925646,0.878236418,0.008367254000000001,0.008367254000000001
recover_70,0,0.7381317540000001,0.959100055,0.979084885,0.989841623,0.892614861,0.7381317540000001,0.008367254000000001,0.008367254000000001
