name,effectDays,infectReduct,reduceHosp,reduceIcu,reduceMort,reduceSympt,riskReduct,waneRate,waneRateOut
cur_2,14,0.40802434600000004,0.825657456,0.896734452,0.947576662,0.671237145,0.40802434600000004,0.020384626,0.013493821000000001
cur_2_60,14,0.35041786399999997,0.7875288340000001,0.87173552,0.933979654,0.615081114,0.35041786399999997,0.020384626,0.013493821000000001
cur_2_70,14,0.29690512399999996,0.7436863420000001,0.841777764,0.917178577,0.555728814,0.29690512399999996,0.020384626,0.013493821000000001
cur_3,14,0.48647924299999995,0.8668281590000001,0.9226920270000001,0.961305635,0.737270188,0.48647924299999995,0.009928436,0.003037631
cur_3_60,14,0.425762719,0.835914149,0.903299373,0.9510856879999999,0.687136071,0.425762719,0.009928436,0.003037631
cur_3_70,14,0.36724903200000003,0.799514043,0.879696356,0.9383504690000001,0.632251441,0.36724903200000003,0.009928436,0.003037631
recover,0,0.835845101,0.899950983,0.926392195,0.92323677,0.8433349659999999,0.835845101,0.004234177,0.004234177
recover_60,0,0.664096032,0.777412133,0.830125259,0.8236287309999999,0.676388277,0.664096032,0.004234177,0.004234177
recover_70,0,0.664096032,0.777412133,0.830125259,0.8236287309999999,0.676388277,0.664096032,0.004234177,0.004234177
