name,effectDays,infectReduct,reduceHosp,reduceIcu,reduceMort,reduceSympt,riskReduct,waneRate,waneRateOut
cur_2,14,0.518380249,0.8792157629999999,0.93929104,0.969884415,0.690698802,0.518380249,0.020539338,0.016284201
cur_2_60,14,0.481537858,0.8626632240000001,0.9303188659999999,0.96526644,0.658350474,0.481537858,0.020539338,0.016284201
cur_2_70,14,0.44490223700000003,0.844247925,0.920135557,0.959970669,0.624465202,0.44490223700000003,0.020539338,0.016284201
cur_3,14,0.5085896670000001,0.874991502,0.93701732,0.9687183420000001,0.68226408,0.5085896670000001,0.021827845,0.017572708
cur_3_60,14,0.47176151899999996,0.857953588,0.927734965,0.96392821,0.649481281,0.47176151899999996,0.021827845,0.017572708
cur_3_70,14,0.43524528100000004,0.839024622,0.9172076459999999,0.958437187,0.615230461,0.43524528100000004,0.021827845,0.017572708
recover,0,0.9455487770000001,0.9880380009999999,0.994336287,0.9972710229999999,0.96203368,0.9455487770000001,0.003739925,0.003739925
recover_60,0,0.947342754,0.983055819,0.99195599,0.996119298,0.946803814,0.947342754,0.003739925,0.003739925
recover_70,0,0.9078929240000001,0.958835592,0.9802015609999999,0.990389625,0.877235689,0.9078929240000001,0.003739925,0.003739925
