name,effectDays,infectReduct,reduceHosp,reduceIcu,reduceMort,reduceSympt,riskReduct,waneRate,waneRateOut
cur_2,14,0.503551669,0.873483184,0.932519467,0.966403218,0.7086545009999999,0.503551669,0.021889167999999997,0.013028837
cur_2_60,14,0.49126646399999996,0.867951783,0.929360435,0.964770493,0.698404903,0.49126646399999996,0.021889167999999997,0.013028837
cur_2_70,14,0.47895896299999996,0.862201062,0.926056233,0.963056774,0.687925254,0.47895896299999996,0.021889167999999997,0.013028837
cur_3,14,0.482487096,0.8638716999999999,0.9270182379999999,0.963556347,0.690951425,0.482487096,0.024660254,0.015799923
cur_3_60,14,0.47022903299999996,0.857988399,0.9236227659999999,0.961790742,0.680359943,0.47022903299999996,0.024660254,0.015799923
cur_3_70,14,0.457974118,0.851877821,0.9200732620000001,0.959938093,0.66954995,0.457974118,0.024660254,0.015799923
recover,0,0.8823366029999999,0.9358981259999999,0.958638483,0.962968981,0.8850291690000001,0.8823366029999999,0.005562858,0.005562858
recover_60,0,0.765196752,0.863853592,0.909685636,0.918706805,0.769870759,0.765196752,0.005562858,0.005562858
recover_70,0,0.765196752,0.863853592,0.909685636,0.918706805,0.769870759,0.765196752,0.005562858,0.005562858
