name,effectDays,infectReduct,reduceHosp,reduceIcu,reduceMort,reduceSympt,riskReduct,waneRate,waneRateOut
cur_2,14,0.50912227,0.875315521,0.936732082,0.968571858,0.686778984,0.50912227,0.020302382,0.016305616999999998
cur_2_60,14,0.45953389200000005,0.8519636070000001,0.923882491,0.961926025,0.642536669,0.45953389200000005,0.020302382,0.016305616999999998
cur_2_70,14,0.41076128100000003,0.8251282129999999,0.9086869240000001,0.953946623,0.595750852,0.41076128100000003,0.020302382,0.016305616999999998
cur_3,14,0.520084466,0.880027015,0.939283788,0.9698806999999999,0.696141635,0.520084466,0.018859489,0.014862723999999999
cur_3_60,14,0.470451658,0.857413767,0.926912008,0.9635012070000001,0.652552741,0.470451658,0.018859489,0.014862723999999999
cur_3_70,14,0.42142382100000003,0.8313708040000001,0.9122637990000001,0.95583677,0.60627456,0.42142382100000003,0.018859489,0.014862723999999999
recover,0,0.9157615720000001,0.98804786,0.9942969890000001,0.997252032,0.96271356,0.9157615720000001,0.00867092,0.00867092
recover_60,0,0.884941854,0.9830697140000001,0.99190031,0.996092323,0.947741607,0.884941854,0.00867092,0.00867092
recover_70,0,0.7564414770000001,0.958868517,0.980066155,0.990323209,0.879243477,0.7564414770000001,0.00867092,0.00867092
