name,effectDays,infectReduct,reduceHosp,reduceIcu,reduceMort,reduceSympt,riskReduct,waneRate,waneRateOut
cur_2,14,0.548329033,0.891249561,0.946576187,0.973601499,0.70738838,0.548329033,0.022363567999999997,0.018079143
cur_2_60,14,0.524806111,0.8817339040000001,0.941584305,0.9710576320000001,0.687427098,0.524806111,0.022363567999999997,0.018079143
cur_2_70,14,0.501158245,0.8714992420000001,0.9361540140000001,0.968274851,0.6667328610000001,0.501158245,0.022363567999999997,0.018079143
cur_3,14,0.526916124,0.8826135409999999,0.942048045,0.9712945279999999,0.689242598,0.526916124,0.025195992,0.020911567
cur_3_60,14,0.503288224,0.872450377,0.9366613690000001,0.968535536,0.668623331,0.503288224,0.025195992,0.020911567
cur_3_70,14,0.47963130299999995,0.8615384840000001,0.9308070740000001,0.9655188690000001,0.647322865,0.47963130299999995,0.025195992,0.020911567
recover,0,0.89362323,0.927225052,0.9482667220000001,0.95993163,0.9172981290000001,0.89362323,0.006316575,0.006316575
recover_60,0,0.8278078409999999,0.879393311,0.912966615,0.932020448,0.86389955,0.8278078409999999,0.006316575,0.006316575
recover_70,0,0.8278078409999999,0.879393311,0.912966615,0.932020448,0.86389955,0.8278078409999999,0.006316575,0.006316575
