name,effectDays,infectReduct,reduceHosp,reduceIcu,reduceMort,reduceSympt,riskReduct,waneRate,waneRateOut
cur_2,14,0.43727338600000004,0.8411941940000001,0.912724688,0.956079784,0.658241898,0.43727338600000004,0.021505523999999998,0.012332191000000001
cur_2_60,14,0.382552063,0.808554632,0.892915336,0.9455236370000001,0.605628795,0.382552063,0.021505523999999998,0.012332191000000001
cur_2_70,14,0.330689784,0.77106046,0.869271751,0.9326190870000001,0.550486787,0.330689784,0.021505523999999998,0.012332191000000001
cur_3,14,0.493686232,0.869224503,0.929192143,0.964683356,0.707329295,0.493686232,0.014043203999999998,0.004869871
cur_3_60,14,0.437392545,0.841258872,0.912763254,0.9561001140000001,0.658350825,0.437392545,0.014043203999999998,0.004869871
cur_3_70,14,0.382703714,0.808653987,0.892976705,0.945556695,0.6057821170000001,0.382703714,0.014043203999999998,0.004869871
recover,0,0.88572751,0.922572153,0.9394989559999999,0.952202931,0.90973377,0.88572751,0.005947971,0.005947971
recover_60,0,0.808887626,0.8667812359999999,0.894510102,0.915814318,0.84623394,0.808887626,0.005947971,0.005947971
recover_70,0,0.808887626,0.8667812359999999,0.894510102,0.915814318,0.84623394,0.808887626,0.005947971,0.005947971
