name,effectDays,infectReduct,reduceHosp,reduceIcu,reduceMort,reduceSympt,riskReduct,waneRate,waneRateOut
cur_2,14,0.398779719,0.819481804,0.896188523,0.947283717,0.642799664,0.398779719,0.023579574,0.009640345
cur_2_60,14,0.37475519,0.804005977,0.8863769770000001,0.94198874,0.619215145,0.37475519,0.023579574,0.009640345
cur_2_70,14,0.351321645,0.7875395940000001,0.875761605,0.936194965,0.595043224,0.351321645,0.023579574,0.009640345
cur_3,14,0.45765039700000004,0.8524047290000001,0.916546348,0.958090159,0.695991817,0.45765039700000004,0.015664605,0.001725376
cur_3_60,14,0.43263134200000003,0.839197544,0.908462355,0.9538277070000001,0.674138956,0.43263134200000003,0.015664605,0.001725376
cur_3_70,14,0.40794000399999997,0.825044398,0.8996768,0.9491525040000001,0.65149126,0.40794000399999997,0.015664605,0.001725376
recover,0,0.89082065,0.927390884,0.946032395,0.9443571690000001,0.91502353,0.89082065,0.006115718000000001,0.006115718000000001
recover_60,0,0.783694377,0.850109518,0.8861564590000001,0.88285276,0.827034035,0.783694377,0.006115718000000001,0.006115718000000001
recover_70,0,0.783694377,0.850109518,0.8861564590000001,0.88285276,0.827034035,0.783694377,0.006115718000000001,0.006115718000000001
