name,effectDays,infectReduct,reduceHosp,reduceIcu,reduceMort,reduceSympt,riskReduct,waneRate,waneRateOut
cur_2,14,0.34065225299999996,0.781132883,0.8615748990000001,0.928344475,0.633305302,0.34065225299999996,0.021114166,0.010256364
cur_2_60,14,0.308455349,0.754973965,0.843099203,0.91793168,0.598558223,0.308455349,0.021114166,0.010256364
cur_2_70,14,0.278024025,0.726787664,0.822669188,0.906161062,0.562798526,0.278024025,0.021114166,0.010256364
cur_3,14,0.42050707600000004,0.8336857240000001,0.897350786,0.947907175,0.70808878,0.42050707600000004,0.009946053,-0.0009117489999999999
cur_3_60,14,0.385171695,0.812298594,0.8830016940000001,0.940153919,0.676811719,0.385171695,0.009946053,-0.0009117489999999999
cur_3_70,14,0.351013423,0.7888623990000001,0.866947421,0.9313320909999999,0.643875351,0.351013423,0.009946053,-0.0009117489999999999
recover,0,0.827484367,0.891462263,0.896051803,0.928561214,0.850337487,0.827484367,0.003994988,0.003994988
recover_60,0,0.7406383329999999,0.8302149990000001,0.836920618,0.8855612559999999,0.771823606,0.7406383329999999,0.003994988,0.003994988
recover_70,0,0.7406383329999999,0.8302149990000001,0.836920618,0.8855612559999999,0.771823606,0.7406383329999999,0.003994988,0.003994988
