name,effectDays,infectReduct,reduceHosp,reduceIcu,reduceMort,reduceSympt,riskReduct,waneRate,waneRateOut
cur_2,14,0.45291590299999995,0.848564317,0.921999493,0.960944365,0.636261701,0.45291590299999995,0.019949317,0.013769921000000001
cur_2_60,14,0.439163853,0.841272235,0.917901415,0.958800986,0.623285054,0.439163853,0.019949317,0.013769921000000001
cur_2_70,14,0.42547503299999995,0.8336810640000001,0.913598655,0.95654027,0.610100359,0.42547503299999995,0.019949317,0.013769921000000001
cur_3,14,0.49934317100000003,0.87098023,0.93438585,0.967365238,0.6781851740000001,0.49934317100000003,0.013825413,0.007646015999999999
cur_3_60,14,0.48543226100000003,0.8645953040000001,0.930889761,0.9655616090000001,0.665918859,0.48543226100000003,0.013825413,0.007646015999999999
cur_3_70,14,0.47151374799999995,0.857931195,0.927213738,0.963657808,0.653396541,0.47151374799999995,0.013825413,0.007646015999999999
recover,0,0.881362497,0.9283183159999999,0.9528147440000001,0.955473817,0.92242526,0.881362497,0.00648368,0.00648368
recover_60,0,0.771459625,0.854745268,0.901722712,0.906979932,0.8438212620000001,0.771459625,0.00648368,0.00648368
recover_70,0,0.771459625,0.854745268,0.901722712,0.906979932,0.8438212620000001,0.771459625,0.00648368,0.00648368
