name,effectDays,infectReduct,reduceHosp,reduceIcu,reduceMort,reduceSympt,riskReduct,waneRate,waneRateOut
cur_2,14,0.369853295,0.803174678,0.870159758,0.933109902,0.693959135,0.369853295,0.02191855,0.006782319
cur_2_60,14,0.322260938,0.76775914,0.84446303,0.91870776,0.647516372,0.322260938,0.02191855,0.006782319
cur_2_70,14,0.278116523,0.7281542790000001,0.81478315,0.90154361,0.598139047,0.278116523,0.02191855,0.006782319
cur_3,14,0.370980534,0.803937682,0.870704893,0.933410965,0.694984735,0.370980534,0.021759637000000002,0.006623405
cur_3_60,14,0.323317549,0.768619883,0.8450968459999999,0.919068023,0.6486188039999999,0.323317549,0.021759637000000002,0.006623405
cur_3_70,14,0.279087998,0.729110017,0.81551149,0.901971823,0.599300344,0.279087998,0.021759637000000002,0.006623405
recover,0,0.851755617,0.903453095,0.915900233,0.941693447,0.898389352,0.851755617,0.005177615,0.005177615
recover_60,0,0.75081896,0.830720555,0.8509981209999999,0.8944016929999999,0.8225911840000001,0.75081896,0.005177615,0.005177615
recover_70,0,0.75081896,0.830720555,0.8509981209999999,0.8944016929999999,0.8225911840000001,0.75081896,0.005177615,0.005177615
