name,effectDays,infectReduct,reduceHosp,reduceIcu,reduceMort,reduceSympt,riskReduct,waneRate,waneRateOut
cur_2,14,0.509992031,0.87501132,0.939953156,0.970223445,0.656475766,0.509992031,0.021177552000000002,0.013749677
cur_2_60,14,0.458792379,0.850793095,0.927272399,0.963688247,0.608842535,0.458792379,0.021177552000000002,0.013749677
cur_2_70,14,0.408477983,0.822850325,0.912173803,0.955789303,0.559071289,0.408477983,0.021177552000000002,0.013749677
cur_3,14,0.5681546439999999,0.89847249,0.9518945,0.9762968259999999,0.7072325159999999,0.5681546439999999,0.013472807,0.006044931999999999
cur_3_60,14,0.517279975,0.878167227,0.941578791,0.971054815,0.6630245889999999,0.517279975,0.013472807,0.006044931999999999
cur_3_70,14,0.46607514200000005,0.8544740809999999,0.929223572,0.9646996309999999,0.61579703,0.46607514200000005,0.013472807,0.006044931999999999
recover,0,0.851744301,0.9073198140000001,0.9289937640000001,0.953257974,0.868919022,0.851744301,0.004786185,0.004786185
recover_60,0,0.712762245,0.808737881,0.849645588,0.8980489359999999,0.741144262,0.712762245,0.004786185,0.004786185
recover_70,0,0.712762245,0.808737881,0.849645588,0.8980489359999999,0.741144262,0.712762245,0.004786185,0.004786185
