name,effectDays,infectReduct,reduceHosp,reduceIcu,reduceMort,reduceSympt,riskReduct,waneRate,waneRateOut
cur_2,14,0.42710258,0.837121028,0.9013237390000001,0.950032344,0.704235776,0.42710258,0.02136671,0.010765038000000001
cur_2_60,14,0.400833482,0.82180874,0.8912631609999999,0.944632809,0.681188621,0.400833482,0.02136671,0.010765038000000001
cur_2_70,14,0.375113935,0.805386095,0.880309366,0.9386854370000001,0.657211792,0.375113935,0.02136671,0.010765038000000001
cur_3,14,0.429251869,0.838314405,0.9021017290000001,0.950447415,0.706060905,0.429251869,0.021078107999999998,0.010476436
cur_3_60,14,0.402943555,0.823090598,0.8921109770000001,0.945090141,0.683091971,0.402943555,0.021078107999999998,0.010476436
cur_3_70,14,0.377173844,0.806758312,0.8812312059999999,0.9391887309999999,0.6591866679999999,0.377173844,0.021078107999999998,0.010476436
recover,0,0.917748978,0.9882625009999999,0.993361565,0.996799742,0.975004565,0.917748978,0.007483878,0.007483878
recover_60,0,0.873341535,0.98337225,0.990575502,0.9954500270000001,0.964787411,0.873341535,0.007483878,0.007483878
recover_70,0,0.714181472,0.959585737,0.9768508920000001,0.9887433729999999,0.91666766,0.714181472,0.007483878,0.007483878
