name,effectDays,infectReduct,reduceHosp,reduceIcu,reduceMort,reduceSympt,riskReduct,waneRate,waneRateOut
cur_2,14,0.413269884,0.827686768,0.90428141,0.951608433,0.637942949,0.413269884,0.020427893,0.009328971
cur_2_60,14,0.37893621899999996,0.806233419,0.8911096709999999,0.944549967,0.6041638979999999,0.37893621899999996,0.020427893,0.009328971
cur_2_70,14,0.34577905,0.7828137959999999,0.87637562,0.936531951,0.5693662660000001,0.34577905,0.020427893,0.009328971
cur_3,14,0.493304009,0.8690971390000001,0.928866498,0.964514702,0.708916089,0.493304009,0.009786406999999999,-0.001312515
cur_3_60,14,0.45750592,0.8518768040000001,0.918774003,0.9592581659999999,0.678420782,0.45750592,0.009786406999999999,-0.001312515
cur_3_70,14,0.422146828,0.832830005,0.9073942290000001,0.953261701,0.6463296789999999,0.422146828,0.009786406999999999,-0.001312515
recover,0,0.853143407,0.908306195,0.918667942,0.9355724879999999,0.875219867,0.853143407,0.005192025,0.005192025
recover_60,0,0.665403284,0.772261106,0.7945185709999999,0.8325229,0.705975638,0.665403284,0.005192025,0.005192025
recover_70,0,0.665403284,0.772261106,0.7945185709999999,0.8325229,0.705975638,0.665403284,0.005192025,0.005192025
