name,effectDays,infectReduct,reduceHosp,reduceIcu,reduceMort,reduceSympt,riskReduct,waneRate,waneRateOut
cur_2,14,0.632222132,0.919442636,0.966458598,0.983600322,0.701998308,0.632222132,0.020794768999999998,0.018827228999999997
cur_2_60,14,0.586803367,0.904114622,0.959684262,0.980217222,0.660570223,0.586803367,0.020794768999999998,0.018827228999999997
cur_2_70,14,0.5398827270000001,0.886241025,0.95161482,0.9761554640000001,0.616552486,0.5398827270000001,0.020794768999999998,0.018827228999999997
cur_3,14,0.6168625839999999,0.914455259,0.964268902,0.982509443,0.688115275,0.6168625839999999,0.022948492999999997,0.020980952
cur_3_60,14,0.570834596,0.898283258,0.9570719590000001,0.9789061309999999,0.6457311720000001,0.570834596,0.022948492999999997,0.020980952
cur_3_70,14,0.523572872,0.879467575,0.948507703,0.9745821640000001,0.600951579,0.523572872,0.022948492999999997,0.020980952
recover,0,0.918542822,0.98781816,0.995138874,0.9976587170000001,0.943618774,0.918542822,0.005198768,0.005198768
recover_60,0,0.804116782,0.9827460140000001,0.993093538,0.996670066,0.921603891,0.804116782,0.005198768,0.005198768
recover_70,0,0.49345979700000003,0.95810182,0.982972834,0.991746838,0.8251656740000001,0.49345979700000003,0.005198768,0.005198768
