name,effectDays,infectReduct,reduceHosp,reduceIcu,reduceMort,reduceSympt,riskReduct,waneRate,waneRateOut
cur_2,14,0.43686771399999996,0.840664324,0.9141181490000001,0.9568137790000001,0.6460664110000001,0.43686771399999996,0.019483251,0.011941193999999999
cur_2_60,14,0.391358661,0.8138856640000001,0.898189397,0.9483565270000001,0.602063963,0.391358661,0.019483251,0.011941193999999999
cur_2_70,14,0.34768496299999996,0.7837801059999999,0.879705108,0.938355253,0.556370898,0.34768496299999996,0.019483251,0.011941193999999999
cur_3,14,0.503874924,0.873532882,0.9330411740000001,0.966672325,0.704990578,0.503874924,0.010626786000000001,0.003084729
cur_3_60,14,0.457050955,0.8513011509999999,0.9203161879999999,0.960065114,0.664509726,0.457050955,0.010626786000000001,0.003084729
cur_3_70,14,0.410996675,0.825953608,0.905426152,0.952217078,0.621478969,0.410996675,0.010626786000000001,0.003084729
recover,0,0.871191272,0.918763665,0.931953467,0.953425849,0.922125548,0.871191272,0.006104908,0.006104908
recover_60,0,0.7225013579999999,0.81321489,0.840568138,0.8873932170000001,0.820089463,0.7225013579999999,0.006104908,0.006104908
recover_70,0,0.7225013579999999,0.81321489,0.840568138,0.8873932170000001,0.820089463,0.7225013579999999,0.006104908,0.006104908
