name,effectDays,infectReduct,reduceHosp,reduceIcu,reduceMort,reduceSympt,riskReduct,waneRate,waneRateOut
cur_2,14,0.379031921,0.807970709,0.882148103,0.9396888170000001,0.660422242,0.379031921,0.021899317,0.010089471
cur_2_60,14,0.331714658,0.7738355579999999,0.8588959690000001,0.9268480179999999,0.612633494,0.331714658,0.021899317,0.010089471
cur_2_70,14,0.28759458,0.7356424709999999,0.831947808,0.911540815,0.5626048029999999,0.28759458,0.021899317,0.010089471
cur_3,14,0.455796674,0.852363641,0.911275918,0.955315475,0.727417559,0.455796674,0.01149768,-0.000312166
cur_3_60,14,0.40514877899999996,0.824404778,0.893074103,0.945609157,0.684553717,0.40514877899999996,0.01149768,-0.000312166
cur_3_70,14,0.356471449,0.792461144,0.871678099,0.933947987,0.638330056,0.356471449,0.01149768,-0.000312166
recover,0,0.8827343120000001,0.929320888,0.9511038009999999,0.962025261,0.910588664,0.8827343120000001,0.006014421999999999,0.006014421999999999
recover_60,0,0.762792131,0.8488706429999999,0.89258196,0.915412338,0.81310457,0.762792131,0.006014421999999999,0.006014421999999999
recover_70,0,0.762792131,0.8488706429999999,0.89258196,0.915412338,0.81310457,0.762792131,0.006014421999999999,0.006014421999999999
