name,effectDays,infectReduct,reduceHosp,reduceIcu,reduceMort,reduceSympt,riskReduct,waneRate,waneRateOut
cur_2,14,0.577678101,0.901325803,0.9562431,0.9784893729999999,0.6808914429999999,0.577678101,0.021512572999999997,0.015503574
cur_2_60,14,0.558623316,0.8941992540000001,0.952875472,0.976792315,0.663783174,0.558623316,0.021512572999999997,0.015503574
cur_2_70,14,0.539373169,0.886614199,0.94925832,0.9749627190000001,0.646214796,0.539373169,0.021512572999999997,0.015503574
cur_3,14,0.586067138,0.904350358,0.9576634009999999,0.9792032890000001,0.688336368,0.586067138,0.020378932,0.014369933
cur_3_60,14,0.5671072189999999,0.89741739,0.95439987,0.977561263,0.671434634,0.5671072189999999,0.020378932,0.014369933
cur_3_70,14,0.547927649,0.890034677,0.950893697,0.9757907859999999,0.654057699,0.547927649,0.020378932,0.014369933
recover,0,0.8670722609999999,0.919721875,0.9346743940000001,0.946308728,0.9210767790000001,0.8670722609999999,0.005832761,0.005832761
recover_60,0,0.7205612459999999,0.819136001,0.849763167,0.874489298,0.821859738,0.7205612459999999,0.005832761,0.005832761
recover_70,0,0.7205612459999999,0.819136001,0.849763167,0.874489298,0.821859738,0.7205612459999999,0.005832761,0.005832761
