name,effectDays,infectReduct,reduceHosp,reduceIcu,reduceMort,reduceSympt,riskReduct,waneRate,waneRateOut
cur_2,14,0.56921666,0.899156263,0.9508657140000001,0.9757766290000001,0.72273204,0.56921666,0.022960915,0.01783508
cur_2_60,14,0.527437045,0.8827866059999999,0.942351734,0.9714495999999999,0.6876717290000001,0.527437045,0.022960915,0.01783508
cur_2_70,14,0.485285456,0.864168618,0.93247124,0.9663783340000001,0.650337507,0.485285456,0.022960915,0.01783508
cur_3,14,0.531717409,0.8845528109999999,0.943278065,0.971922298,0.691350048,0.531717409,0.027945539,0.022819704
cur_3_60,14,0.489562239,0.8661654609999999,0.933541194,0.9669301029999999,0.654220046,0.489562239,0.027945539,0.022819704
cur_3_70,14,0.447570731,0.845369837,0.9222751859999999,0.961088217,0.61512513,0.447570731,0.027945539,0.022819704
recover,0,0.886162844,0.9219013220000001,0.93412616,0.954070341,0.8997567590000001,0.886162844,0.005739786,0.005739786
recover_60,0,0.804963564,0.8622308909999999,0.8826066090000001,0.9167590440000001,0.826353882,0.804963564,0.005739786,0.005739786
recover_70,0,0.804963564,0.8622308909999999,0.8826066090000001,0.9167590440000001,0.826353882,0.804963564,0.005739786,0.005739786
