name,effectDays,infectReduct,reduceHosp,reduceIcu,reduceMort,reduceSympt,riskReduct,waneRate,waneRateOut
cur_2,14,0.628049079,0.918655998,0.963801041,0.982276032,0.7318230020000001,0.628049079,0.021553226,0.017183283
cur_2_60,14,0.6090803889999999,0.912441477,0.9608886729999999,0.980820481,0.71575134,0.6090803889999999,0.021553226,0.017183283
cur_2_70,14,0.589756697,0.905793988,0.957749003,0.9792462820000001,0.699095569,0.589756697,0.021553226,0.017183283
cur_3,14,0.587259665,0.904910427,0.9573297740000001,0.979035688,0.696922041,0.587259665,0.027181982,0.022812038
cur_3_60,14,0.567642821,0.8977626409999999,0.953921655,0.977320173,0.679674298,0.567642821,0.027181982,0.022812038
cur_3_70,14,0.5477915729999999,0.8901349129999999,0.950251662,0.975465866,0.661903128,0.5477915729999999,0.027181982,0.022812038
recover,0,0.9277113709999999,0.987906072,0.9948341890000001,0.997511576,0.951779582,0.9277113709999999,0.0028859890000000003,0.0028859890000000003
recover_60,0,0.913369178,0.982869894,0.9926616009999999,0.996461012,0.932724022,0.913369178,0.0028859890000000003,0.0028859890000000003
recover_70,0,0.827530995,0.958395151,0.981919465,0.991231422,0.847704615,0.827530995,0.0028859890000000003,0.0028859890000000003
