name,effectDays,infectReduct,reduceHosp,reduceIcu,reduceMort,reduceSympt,riskReduct,waneRate,waneRateOut
cur_2,14,0.555581648,0.893114827,0.9519708240000001,0.976335396,0.665631535,0.555581648,0.021197592,0.014697742
cur_2_60,14,0.528208233,0.8821202859999999,0.94666888,0.973648608,0.640652277,0.528208233,0.021197592,0.014697742
cur_2_70,14,0.500656174,0.870155632,0.94081627,0.970665032,0.614879055,0.500656174,0.021197592,0.014697742
cur_3,14,0.595309069,0.9076830840000001,0.958886397,0.9798171659999999,0.7008189220000001,0.595309069,0.015848293,0.009348443
cur_3_60,14,0.568482071,0.898015962,0.954311225,0.977516582,0.6771935440000001,0.568482071,0.015848293,0.009348443
cur_3_70,14,0.541239239,0.8874588640000001,0.9492523340000001,0.9749596859999999,0.652620059,0.541239239,0.015848293,0.009348443
recover,0,0.91819263,0.987898215,0.994862267,0.997525137,0.9510961640000001,0.91819263,0.00359532,0.00359532
recover_60,0,0.859211009,0.9828588220000001,0.9927014009999999,0.996480279,0.931789888,0.859211009,0.00359532,0.00359532
recover_70,0,0.666260996,0.958368929,0.9820164690000001,0.99127891,0.845785158,0.666260996,0.00359532,0.00359532
