name,effectDays,infectReduct,reduceHosp,reduceIcu,reduceMort,reduceSympt,riskReduct,waneRate,waneRateOut
cur_2,14,0.466008443,0.8557666079999999,0.9231105559999999,0.9615238359999999,0.670898283,0.466008443,0.021507758,0.01572834
cur_2_60,14,0.407401943,0.8237589240000001,0.904377663,0.9516596390000001,0.616261689,0.407401943,0.021507758,0.01572834
cur_2_70,14,0.35135727,0.7864507629999999,0.881684363,0.939435951,0.558567028,0.35135727,0.021507758,0.01572834
cur_3,14,0.49365665299999995,0.868911254,0.930615451,0.965419806,0.6948838509999999,0.49365665299999995,0.017864968000000002,0.01208555
cur_3_60,14,0.43440166799999996,0.839272713,0.913539751,0.9565092479999999,0.6421050429999999,0.43440166799999996,0.017864968000000002,0.01208555
cur_3_70,14,0.37700572,0.8044691140000001,0.8927629909999999,0.9454415629999999,0.585683645,0.37700572,0.017864968000000002,0.01208555
recover,0,0.928229552,0.9881001359999999,0.994083479,0.9971488359999999,0.9661356959999999,0.928229552,0.005507982,0.005507982
recover_60,0,0.910976474,0.983143392,0.991597831,0.995945753,0.9524700209999999,0.910976474,0.005507982,0.005507982
recover_70,0,0.8188038670000001,0.959043127,0.979330943,0.98996243,0.889446732,0.8188038670000001,0.005507982,0.005507982
