name,effectDays,infectReduct,reduceHosp,reduceIcu,reduceMort,reduceSympt,riskReduct,waneRate,waneRateOut
cur_2,14,0.447615014,0.846021577,0.9193627990000001,0.959566413,0.6404759870000001,0.447615014,0.022060664,0.014835796000000002
cur_2_60,14,0.42330520899999996,0.832691581,0.9117194679999999,0.955549601,0.6173989639999999,0.42330520899999996,0.022060664,0.014835796000000002
cur_2_70,14,0.399349059,0.818447741,0.903423357,0.951151717,0.5937680089999999,0.399349059,0.022060664,0.014835796000000002
cur_3,14,0.505554285,0.873940927,0.935005545,0.9676842309999999,0.692101073,0.505554285,0.014415849,0.007190981999999999
cur_3_60,14,0.48083690700000004,0.8626354890000001,0.928729996,0.964443988,0.67063367,0.48083690700000004,0.014415849,0.007190981999999999
cur_3_70,14,0.456200471,0.850483185,0.921895495,0.9608900890000001,0.6484183370000001,0.456200471,0.014415849,0.007190981999999999
recover,0,0.8571548920000001,0.915510594,0.926854548,0.947578425,0.913729652,0.8571548920000001,0.005237164,0.005237164
recover_60,0,0.7627098929999999,0.853033267,0.8715891440000001,0.906389619,0.8501509290000001,0.7627098929999999,0.005237164,0.005237164
recover_70,0,0.7627098929999999,0.853033267,0.8715891440000001,0.906389619,0.8501509290000001,0.7627098929999999,0.005237164,0.005237164
