name,effectDays,infectReduct,reduceHosp,reduceIcu,reduceMort,reduceSympt,riskReduct,waneRate,waneRateOut
cur_2,14,0.552103915,0.8927069190000001,0.9473955279999999,0.97401774,0.7099426790000001,0.552103915,0.023409004,0.017655554
cur_2_60,14,0.521336523,0.8802623709999999,0.940873999,0.970694553,0.683808225,0.521336523,0.023409004,0.017655554
cur_2_70,14,0.490403941,0.866588996,0.9336000329999999,0.9669604270000001,0.656456275,0.490403941,0.023409004,0.017655554
cur_3,14,0.511952847,0.8762447520000001,0.9387485999999999,0.969606484,0.675627894,0.511952847,0.028713811000000002,0.02296036
cur_3_60,14,0.48101998,0.8621855829999999,0.931232897,0.9657389340000001,0.647934886,0.48101998,0.028713811000000002,0.02296036
cur_3_70,14,0.45022949700000003,0.8468071840000001,0.9228700679999999,0.961398469,0.619207815,0.45022949700000003,0.028713811000000002,0.02296036
recover,0,0.9221037059999999,0.988014917,0.994427128,0.997314921,0.960397176,0.9221037059999999,0.0055203330000000005,0.0055203330000000005
recover_60,0,0.876187933,0.9830232859999999,0.992084705,0.9961816509999999,0.9445486790000001,0.876187933,0.0055203330000000005,0.0055203330000000005
recover_70,0,0.7140722409999999,0.9587585059999999,0.98051467,0.990543165,0.872428738,0.7140722409999999,0.0055203330000000005,0.0055203330000000005
