name,effectDays,infectReduct,reduceHosp,reduceIcu,reduceMort,reduceSympt,riskReduct,waneRate,waneRateOut
cur_2,14,0.428213915,0.8365579540000001,0.907942102,0.953552104,0.663101079,0.428213915,0.021633605,0.014155532
cur_2_60,14,0.384160145,0.81000643,0.891482807,0.9447513329999999,0.62113279,0.384160145,0.021633605,0.014155532
cur_2_70,14,0.341947751,0.7802892920000001,0.8725035940000001,0.934403045,0.57729044,0.341947751,0.021633605,0.014155532
cur_3,14,0.46792500299999995,0.8573562159999999,0.9205196520000001,0.960171476,0.698003807,0.46792500299999995,0.016351446999999998,0.008873373
cur_3_60,14,0.42280678,0.833510993,0.9060765059999999,0.952562523,0.658141888,0.42280678,0.016351446999999998,0.008873373
cur_3_70,14,0.378960966,0.806592414,0.8893328229999999,0.9435899440000001,0.615934102,0.378960966,0.016351446999999998,0.008873373
recover,0,0.939051458,0.9881615709999999,0.9938211240000001,0.997022,0.9697869490000001,0.939051458,0.006679437,0.006679437
recover_60,0,0.867072576,0.983229983,0.9912262279999999,0.995765624,0.957529939,0.867072576,0.006679437,0.006679437
recover_70,0,0.635920804,0.959248386,0.978428615,0.9895192629999999,0.9005151640000001,0.635920804,0.006679437,0.006679437
