name,effectDays,infectReduct,reduceHosp,reduceIcu,reduceMort,reduceSympt,riskReduct,waneRate,waneRateOut
cur_2,14,0.552534112,0.892593045,0.9486832070000001,0.97467117,0.696558177,0.552534112,0.021551856,0.016102223
cur_2_60,14,0.528593812,0.882993788,0.94378115,0.972178821,0.675802226,0.528593812,0.021551856,0.016102223
cur_2_70,14,0.504507635,0.8726529590000001,0.9384380609999999,0.9694473,0.654318765,0.504507635,0.021551856,0.016102223
cur_3,14,0.522993928,0.880653329,0.9425775390000001,0.971564869,0.670862186,0.522993928,0.02546005,0.020010417
cur_3_60,14,0.498906488,0.870142229,0.937130887,0.9687766529999999,0.649233685,0.498906488,0.02546005,0.020010417
cur_3_70,14,0.47481054100000003,0.858847166,0.931201825,0.9657228790000001,0.626961462,0.47481054100000003,0.02546005,0.020010417
recover,0,0.934071777,0.987980194,0.9945607390000001,0.9973794779999999,0.957813888,0.934071777,0.005709775,0.005709775
recover_60,0,0.882679744,0.98297435,0.9922740390000001,0.996273354,0.940995109,0.882679744,0.005709775,0.005709775
recover_70,0,0.707176385,0.9586425679999999,0.9809754509999999,0.9907690290000001,0.8649143840000001,0.707176385,0.005709775,0.005709775
