name,effectDays,infectReduct,reduceHosp,reduceIcu,reduceMort,reduceSympt,riskReduct,waneRate,waneRateOut
cur_2,14,0.38541434700000005,0.812467574,0.883035097,0.940172111,0.677449593,0.38541434700000005,0.021091508999999998,0.008602608000000001
cur_2_60,14,0.36412850799999996,0.7982292879999999,0.873319214,0.9348522490000001,0.6572843,0.36412850799999996,0.021091508999999998,0.008602608000000001
cur_2_70,14,0.343347146,0.783187649,0.862914037,0.9290908390000001,0.6365200010000001,0.343347146,0.021091508999999998,0.008602608000000001
cur_3,14,0.424408706,0.835902693,0.898750657,0.948657036,0.7117716540000001,0.424408706,0.015767836,0.003278935
cur_3_60,14,0.40237926399999996,0.823056199,0.8901778570000001,0.944046747,0.692779024,0.40237926399999996,0.015767836,0.003278935
cur_3_70,14,0.380721941,0.8094234840000001,0.8809686640000001,0.939045444,0.67309568,0.380721941,0.015767836,0.003278935
recover,0,0.8107743479999999,0.860501143,0.903716548,0.927757411,0.8450622609999999,0.8107743479999999,0.003795981,0.003795981
recover_60,0,0.634981325,0.71464585,0.792130689,0.839071811,0.6889005909999999,0.634981325,0.003795981,0.003795981
recover_70,0,0.634981325,0.71464585,0.792130689,0.839071811,0.6889005909999999,0.634981325,0.003795981,0.003795981
