name,effectDays,infectReduct,reduceHosp,reduceIcu,reduceMort,reduceSympt,riskReduct,waneRate,waneRateOut
cur_2,14,0.590239847,0.905469018,0.959739325,0.980244818,0.6713941090000001,0.590239847,0.021331591,0.014786114
cur_2_60,14,0.5515053839999999,0.891031738,0.9531617520000001,0.976936818,0.635594871,0.5515053839999999,0.021331591,0.014786114
cur_2_70,14,0.51214741,0.874699731,0.945572898,0.973091313,0.598240549,0.51214741,0.021331591,0.014786114
cur_3,14,0.601902265,0.909534634,0.961569931,0.981161365,0.681991208,0.601902265,0.019739023999999997,0.013193547
cur_3_60,14,0.563454871,0.8956467159999999,0.9552774959999999,0.978003396,0.646739007,0.563454871,0.019739023999999997,0.013193547
cur_3_70,14,0.524240922,0.879913175,0.9480127429999999,0.974331057,0.609825782,0.524240922,0.019739023999999997,0.013193547
recover,0,0.930733554,0.9878365809999999,0.9950767229999999,0.997628706,0.945424866,0.930733554,0.008585457,0.008585457
recover_60,0,0.861000923,0.982771972,0.99300542,0.996627426,0.924058442,0.861000923,0.008585457,0.008585457
recover_70,0,0.639713518,0.958163275,0.982757833,0.991641683,0.830082971,0.639713518,0.008585457,0.008585457
