name,effectDays,infectReduct,reduceHosp,reduceIcu,reduceMort,reduceSympt,riskReduct,waneRate,waneRateOut
cur_2,14,0.34675082700000004,0.785530547,0.865860785,0.930729268,0.633704595,0.34675082700000004,0.02091375,0.009713486
cur_2_60,14,0.316142441,0.7613304340000001,0.8489823120000001,0.921270907,0.601073061,0.316142441,0.02091375,0.009713486
cur_2_70,14,0.287051479,0.735322403,0.8303979890000001,0.9106461859999999,0.567521822,0.287051479,0.02091375,0.009713486
cur_3,14,0.429207616,0.838411958,0.90142093,0.9500842159999999,0.710211237,0.429207616,0.009463863000000001,-0.001736401
cur_3_60,14,0.395729901,0.818802432,0.88844042,0.943107073,0.680964025,0.395729901,0.009463863000000001,-0.001736401
cur_3_70,14,0.36320503,0.79739049,0.8739911290000001,0.935222001,0.6502219,0.36320503,0.009463863000000001,-0.001736401
recover,0,0.920763039,0.988272942,0.9933118940000001,0.996775713,0.975493637,0.920763039,0.003302582,0.003302582
recover_60,0,0.842992325,0.9833869679999999,0.990505185,0.9954159109999999,0.965469317,0.842992325,0.003302582,0.003302582
recover_70,0,0.606586427,0.959620646,0.976680584,0.9886595420000001,0.918202418,0.606586427,0.003302582,0.003302582
