name,effectDays,infectReduct,reduceHosp,reduceIcu,reduceMort,reduceSympt,riskReduct,waneRate,waneRateOut
cur_2,14,0.580853824,0.902701126,0.955904778,0.978319157,0.695897005,0.580853824,0.021071307999999997,0.013635348
cur_2_60,14,0.551826545,0.891811348,0.9506440279999999,0.97566446,0.670314814,0.551826545,0.021071307999999997,0.013635348
cur_2_70,14,0.522437068,0.879862982,0.944790912,0.972693282,0.6436781429999999,0.522437068,0.021071307999999997,0.013635348
cur_3,14,0.588027749,0.905264884,0.957133228,0.978936923,0.702111708,0.588027749,0.020100171,0.012664211000000002
cur_3_60,14,0.5591201929999999,0.89462855,0.95201168,0.976356041,0.676809518,0.5591201929999999,0.020100171,0.012664211000000002
cur_3_70,14,0.529801466,0.88295048,0.946311593,0.973467003,0.6504239270000001,0.529801466,0.020100171,0.012664211000000002
recover,0,0.942697297,0.9879174940000001,0.994793065,0.997491712,0.952757733,0.942697297,0.004571472,0.004571472
recover_60,0,0.917325301,0.982885991,0.99260331,0.996432792,0.934061936,0.917325301,0.004571472,0.004571472
recover_70,0,0.811757317,0.9584332720000001,0.981777412,0.991161871,0.8504622340000001,0.811757317,0.004571472,0.004571472
