name,effectDays,infectReduct,reduceHosp,reduceIcu,reduceMort,reduceSympt,riskReduct,waneRate,waneRateOut
cur_2,14,0.410826911,0.826583675,0.9016684770000001,0.9502163109999999,0.647864663,0.410826911,0.021143104,0.012555226000000001
cur_2_60,14,0.38268293299999995,0.80906991,0.890735336,0.944347872,0.620586482,0.38268293299999995,0.021143104,0.012555226000000001
cur_2_70,14,0.355299724,0.790232954,0.8787479290000001,0.93783177,0.5925194429999999,0.355299724,0.021143104,0.012555226000000001
cur_3,14,0.45780768,0.852328572,0.917380658,0.958527937,0.690197475,0.45780768,0.014851276000000002,0.006263398000000001
cur_3_60,14,0.42878757100000003,0.836901821,0.9080162820000001,0.95359141,0.6645004,0.42878757100000003,0.014851276000000002,0.006263398000000001
cur_3_70,14,0.400244284,0.8202005179999999,0.897707039,0.9480981159999999,0.637785837,0.400244284,0.014851276000000002,0.006263398000000001
recover,0,0.926100515,0.988163613,0.993812185,0.997017677,0.969901819,0.926100515,0.006968649,0.006968649
recover_60,0,0.81441306,0.983232861,0.9912135679999999,0.995759486,0.957689378,0.81441306,0.006968649,0.006968649
recover_70,0,0.502369501,0.95925521,0.978397891,0.989504165,0.900866484,0.502369501,0.006968649,0.006968649
