name,effectDays,infectReduct,reduceHosp,reduceIcu,reduceMort,reduceSympt,riskReduct,waneRate,waneRateOut
cur_2,14,0.43097924200000004,0.83800063,0.909360215,0.954302977,0.662123001,0.43097924200000004,0.022470701000000003,0.008790707
cur_2_60,14,0.391168241,0.814403227,0.894853068,0.946566372,0.624389622,0.391168241,0.022470701000000003,0.008790707
cur_2_70,14,0.352767868,0.788246605,0.878340723,0.9376088990000001,0.585096697,0.352767868,0.022470701000000003,0.008790707
cur_3,14,0.476141446,0.8612578359999999,0.9233103229999999,0.961627949,0.701640004,0.476141446,0.016475625,0.00279563
cur_3_60,14,0.43535043799999995,0.8404029679999999,0.910816959,0.955073095,0.666094254,0.43535043799999995,0.016475625,0.00279563
cur_3_70,14,0.395429797,0.817087586,0.896521694,0.9474625170000001,0.62856881,0.395429797,0.016475625,0.00279563
recover,0,0.9213297029999999,0.9881534259999999,0.993856638,0.997039171,0.969324712,0.9213297029999999,0.006541628000000001,0.006541628000000001
recover_60,0,0.868802438,0.983218503,0.991276527,0.99579001,0.956888515,0.868802438,0.006541628000000001,0.006541628000000001
recover_70,0,0.690893283,0.95922117,0.978550693,0.9895792440000001,0.8991033820000001,0.690893283,0.006541628000000001,0.006541628000000001
