name,effectDays,infectReduct,reduceHosp,reduceIcu,reduceMort,reduceSympt,riskReduct,waneRate,waneRateOut
cur_2,14,0.314892203,0.7604843590000001,0.847013302,0.920155775,0.605817265,0.314892203,0.020760028,0.004692564000000001
cur_2_60,14,0.297267319,0.745041262,0.83594574,0.91384134,0.585832846,0.297267319,0.020760028,0.004692564000000001
cur_2_70,14,0.280210025,0.7289422459999999,0.824232593,0.907071525,0.565543053,0.280210025,0.020760028,0.004692564000000001
cur_3,14,0.425115663,0.836289478,0.899067275,0.948826477,0.712037853,0.425115663,0.005125894000000001,-0.01094157
cur_3_60,14,0.40496814600000003,0.8246067659999999,0.891282118,0.94464304,0.694725005,0.40496814600000003,0.005125894000000001,-0.01094157
cur_3_70,14,0.38511771100000003,0.812265852,0.882966747,0.940134886,0.676826976,0.38511771100000003,0.005125894000000001,-0.01094157
recover,0,0.918769002,0.9882861279999999,0.993248573,0.9967450790000001,0.976098575,0.918769002,-0.003177909,-0.003177909
recover_60,0,0.85743713,0.983405557,0.990415547,0.995372417,0.966313159,0.85743713,-0.003177909,-0.003177909
recover_70,0,0.659014666,0.9596647359999999,0.9764635340000001,0.988552682,0.9201057579999999,0.659014666,-0.003177909,-0.003177909
