name,effectDays,infectReduct,reduceHosp,reduceIcu,reduceMort,reduceSympt,riskReduct,waneRate,waneRateOut
cur_2,14,0.604909934,0.910621784,0.961813024,0.981282942,0.688180048,0.604909934,0.020696733999999998,0.018951891999999998
cur_2_60,14,0.591291473,0.905901772,0.959676683,0.9802134229999999,0.6758939829999999,0.591291473,0.020696733999999998,0.018951891999999998
cur_2_70,14,0.5775023220000001,0.900948961,0.9574212529999999,0.979081649,0.663333989,0.5775023220000001,0.020696733999999998,0.018951891999999998
cur_3,14,0.635419221,0.9206215170000001,0.966297396,0.983520099,0.7152856470000001,0.635419221,0.016436866,0.014692024
cur_3_60,14,0.622195581,0.9163810929999999,0.964402645,0.982576144,0.7036076,0.622195581,0.016436866,0.014692024
cur_3_70,14,0.60875919,0.9119262309999999,0.9624011990000001,0.9815769759999999,0.691631595,0.60875919,0.016436866,0.014692024
recover,0,0.9439566629999999,0.9878451859999999,0.99504739,0.9976145409999999,0.946250583,0.9439566629999999,0.000998966,0.000998966
recover_60,0,0.919353367,0.982784097,0.9929638340000001,0.9966073000000001,0.9251818479999999,0.919353367,0.000998966,0.000998966
recover_70,0,0.8162739640000001,0.958191983,0.982656383,0.9915920570000001,0.832344333,0.8162739640000001,0.000998966,0.000998966
