name,effectDays,infectReduct,reduceHosp,reduceIcu,reduceMort,reduceSympt,riskReduct,waneRate,waneRateOut
cur_2,14,0.509978245,0.87613364,0.9348894879999999,0.9676245059999999,0.70694724,0.509978245,0.02160553,0.01119746
cur_2_60,14,0.5056086639999999,0.874223849,0.933817172,0.96707232,0.703312243,0.5056086639999999,0.02160553,0.01119746
cur_2_70,14,0.501192419,0.8722684909999999,0.932716969,0.9665051109999999,0.69961281,0.501192419,0.02160553,0.01119746
cur_3,14,0.50701951,0.874843165,0.934165151,0.96725158,0.70448865,0.50701951,0.021994738,0.011586668
cur_3_60,14,0.502649275,0.872916363,0.933081759,0.966693253,0.700836063,0.502649275,0.021994738,0.011586668
cur_3_70,14,0.498232829,0.870943679,0.9319702209999999,0.9661197429999999,0.6971190509999999,0.498232829,0.021994738,0.011586668
recover,0,0.9370214570000001,0.991789377,0.9959384020000001,0.998044611,0.9763017359999999,0.9370214570000001,0.0060250780000000006,0.0060250780000000006
recover_60,0,0.9333056359999999,0.990581862,0.995338205,0.997754955,0.972878782,0.9333056359999999,0.0060250780000000006,0.0060250780000000006
recover_70,0,0.876486671,0.980447649,0.9902717040000001,0.9953026140000001,0.944757812,0.876486671,0.0060250780000000006,0.0060250780000000006
