name,effectDays,infectReduct,reduceHosp,reduceIcu,reduceMort,reduceSympt,riskReduct,waneRate,waneRateOut
cur_2,14,0.60891507,0.912673478,0.959718133,0.980234197,0.731810317,0.60891507,0.02222033,0.018622521
cur_2_60,14,0.583034818,0.903716095,0.9553502079999999,0.978040008,0.7101920540000001,0.583034818,0.02222033,0.018622521
cur_2_70,14,0.556679814,0.89394324,0.950531355,0.97560744,0.687567327,0.556679814,0.02222033,0.018622521
cur_3,14,0.56381363,0.896657389,0.951875292,0.976287118,0.69375362,0.56381363,0.028338682999999996,0.024740874
cur_3_60,14,0.537217108,0.886261912,0.9467041629999999,0.9736665379999999,0.670449124,0.537217108,0.028338682999999996,0.024740874
cur_3_70,14,0.510398014,0.8749625679999999,0.941009799,0.97076399,0.646267116,0.510398014,0.028338682999999996,0.024740874
recover,0,0.9561355779999999,0.987949028,0.99467763,0.99743595,0.9553655759999999,0.9561355779999999,0.007954712,0.007954712
recover_60,0,0.94241305,0.982930429,0.9924396990000001,0.996353576,0.9376342590000001,0.94241305,0.007954712,0.007954712
recover_70,0,0.8738931870000001,0.9585385259999999,0.981378828,0.9909666659999999,0.85787458,0.8738931870000001,0.007954712,0.007954712
