name,effectDays,infectReduct,reduceHosp,reduceIcu,reduceMort,reduceSympt,riskReduct,waneRate,waneRateOut
cur_2,14,0.547735604,0.890639319,0.948072015,0.974361134,0.6884599459999999,0.547735604,0.019579813999999997,0.013025098
cur_2_60,14,0.528372098,0.8828161409999999,0.94409945,0.9723410509999999,0.671508104,0.528372098,0.019579813999999997,0.013025098
cur_2_70,14,0.508901681,0.87450289,0.939837477,0.97016423,0.6540781529999999,0.508901681,0.019579813999999997,0.013025098
cur_3,14,0.567477635,0.898195156,0.951874186,0.97628656,0.70536348,0.567477635,0.016948311,0.010393594
cur_3_60,14,0.548262269,0.890846246,0.948176593,0.974414197,0.688915808,0.548262269,0.016948311,0.010393594
cur_3_70,14,0.528880828,0.883027185,0.9442071,0.972395905,0.6719582959999999,0.528880828,0.016948311,0.010393594
recover,0,0.8198305770000001,0.887697464,0.8882721709999999,0.929609285,0.867623177,0.8198305770000001,0.004429875,0.004429875
recover_60,0,0.610609072,0.731472762,0.732606127,0.819856576,0.6931267309999999,0.610609072,0.004429875,0.004429875
recover_70,0,0.610609072,0.731472762,0.732606127,0.819856576,0.6931267309999999,0.610609072,0.004429875,0.004429875
