name,effectDays,infectReduct,reduceHosp,reduceIcu,reduceMort,reduceSympt,riskReduct,waneRate,waneRateOut
cur_2,14,0.58583498,0.903590977,0.960182331,0.980466785,0.6493307970000001,0.58583498,0.020020145,0.0177058
cur_2_60,14,0.555633406,0.892300902,0.9551908000000001,0.977959738,0.620762087,0.555633406,0.020020145,0.0177058
cur_2_70,14,0.525012472,0.879863355,0.949605866,0.9751388190000001,0.591328191,0.525012472,0.020020145,0.0177058
cur_3,14,0.630433681,0.9187199770000001,0.966757437,0.983749003,0.690701956,0.630433681,0.013862201999999999,0.011547857
cur_3_60,14,0.601270807,0.909023218,0.962558017,0.98165534,0.663758394,0.601270807,0.013862201999999999,0.011547857
cur_3_70,14,0.5713686929999999,0.898296723,0.957850801,0.9792974059999999,0.635703201,0.5713686929999999,0.013862201999999999,0.011547857
recover,0,0.922911316,0.991579986,0.996710496,0.998416959,0.958790749,0.922911316,0.007045654,0.007045654
recover_60,0,0.86512383,0.990341977,0.9962239620000001,0.99818236,0.952960389,0.86512383,0.007045654,0.007045654
recover_70,0,0.674644329,0.979954863,0.992112485,0.996195107,0.906178467,0.674644329,0.007045654,0.007045654
