name,effectDays,infectReduct,reduceHosp,reduceIcu,reduceMort,reduceSympt,riskReduct,waneRate,waneRateOut
cur_2,14,0.41501141399999997,0.8290270679999999,0.903275846,0.9510731579999999,0.651178985,0.41501141399999997,0.021849347999999998,0.013738668999999998
cur_2_60,14,0.384301874,0.81010698,0.8914968529999999,0.944758911,0.621562021,0.384301874,0.021849347999999998,0.013738668999999998
cur_2_70,14,0.35448706700000004,0.789624001,0.878476101,0.937683005,0.591009105,0.35448706700000004,0.021849347999999998,0.013738668999999998
cur_3,14,0.46457111100000004,0.855706795,0.9194944359999999,0.9596353009999999,0.695414972,0.46457111100000004,0.015230185,0.007119507
cur_3_60,14,0.43290818700000006,0.839166344,0.909492628,0.9543730290000001,0.667636888,0.43290818700000006,0.015230185,0.007119507
cur_3_70,14,0.401783216,0.8211257679999999,0.8983852809999999,0.948461428,0.638641193,0.401783216,0.015230185,0.007119507
recover,0,0.840782583,0.896387315,0.916360161,0.9301880309999999,0.8883743209999999,0.840782583,0.004716631,0.004716631
recover_60,0,0.6538993670000001,0.7558156979999999,0.79674138,0.8266032809999999,0.740083679,0.6538993670000001,0.004716631,0.004716631
recover_70,0,0.6538993670000001,0.7558156979999999,0.79674138,0.8266032809999999,0.740083679,0.6538993670000001,0.004716631,0.004716631
