name,effectDays,infectReduct,reduceHosp,reduceIcu,reduceMort,reduceSympt,riskReduct,waneRate,waneRateOut
cur_2,14,0.420577519,0.832702814,0.90289056,0.9508679090000001,0.672778575,0.420577519,0.021449666000000003,0.013605313
cur_2_60,14,0.38459614299999995,0.8108009840000001,0.88895202,0.943383953,0.639016339,0.38459614299999995,0.021449666000000003,0.013605313
cur_2_70,14,0.34984187299999997,0.786771542,0.8732971709999999,0.9348401140000001,0.60382967,0.34984187299999997,0.021449666000000003,0.013605313
cur_3,14,0.45638222,0.852002285,0.914920425,0.9572358679999999,0.703968246,0.45638222,0.01666652,0.008822166999999999
cur_3_60,14,0.41955569299999995,0.832117667,0.902522167,0.9506715790000001,0.6718544959999999,0.41955569299999995,0.01666652,0.008822166999999999
cur_3_70,14,0.38361153,0.810161685,0.88854049,0.943161244,0.638055701,0.38361153,0.01666652,0.008822166999999999
recover,0,0.892247549,0.988200448,0.9936484320000001,0.9969384929999999,0.971905865,0.892247549,0.0077714459999999996,0.0077714459999999996
recover_60,0,0.832419815,0.9832847809999999,0.99098167,0.9956470409999999,0.960473433,0.832419815,0.0077714459999999996,0.0077714459999999996
recover_70,0,0.637388926,0.9593783090000001,0.977835316,0.989227642,0.907026525,0.637388926,0.0077714459999999996,0.0077714459999999996
