name,effectDays,infectReduct,reduceHosp,reduceIcu,reduceMort,reduceSympt,riskReduct,waneRate,waneRateOut
cur_2,14,0.529011783,0.8831893259999999,0.9437744029999999,0.972175382,0.6772356079999999,0.529011783,0.021201362,0.015207753999999999
cur_2_60,14,0.507639769,0.874062812,0.939054808,0.9697633959999999,0.658244401,0.507639769,0.021201362,0.015207753999999999
cur_2_70,14,0.48622179,0.864324317,0.933962321,0.9671471009999999,0.638715221,0.48622179,0.021201362,0.015207753999999999
cur_3,14,0.545319357,0.889788625,0.947155704,0.9738959429999999,0.691404844,0.545319357,0.019044693,0.013051085
cur_3_60,14,0.524021527,0.88110831,0.942702705,0.971628752,0.672844601,0.524021527,0.019044693,0.013051085
cur_3_70,14,0.5026179470000001,0.871834743,0.937894872,0.96916873,0.653710817,0.5026179470000001,0.019044693,0.013051085
recover,0,0.916822555,0.987982765,0.994550968,0.997374757,0.958010327,0.916822555,0.008055646999999999,0.008055646999999999
recover_60,0,0.8246315059999999,0.9829779740000001,0.992260192,0.996266648,0.941265062,0.8246315059999999,0.008055646999999999,0.008055646999999999
recover_70,0,0.558859518,0.9586511529999999,0.9809417429999999,0.99075251,0.865482655,0.558859518,0.008055646999999999,0.008055646999999999
