name,effectDays,infectReduct,reduceHosp,reduceIcu,reduceMort,reduceSympt,riskReduct,waneRate,waneRateOut
cur_2,14,0.428142756,0.838876196,0.895101503,0.9466998999999999,0.744041284,0.428142756,0.022488036,0.011828098
cur_2_60,14,0.410298875,0.828721437,0.8880172829999999,0.9428779509999999,0.729834503,0.410298875,0.022488036,0.011828098
cur_2_70,14,0.39266601700000003,0.818051761,0.880508801,0.938794365,0.715122302,0.39266601700000003,0.022488036,0.011828098
cur_3,14,0.38182052899999996,0.81114919,0.875615392,0.936114687,0.7057195959999999,0.38182052899999996,0.028813366,0.018153428
cur_3_60,14,0.36467609100000004,0.799664272,0.867410129,0.931588561,0.6902712320000001,0.36467609100000004,0.028813366,0.018153428
cur_3_70,14,0.347847361,0.7876483190000001,0.858739725,0.9267606009999999,0.674365834,0.347847361,0.028813366,0.018153428
recover,0,0.952646219,0.98836275,0.992867196,0.99656053,0.979347071,0.952646219,0.001612189,0.001612189
recover_60,0,0.889776344,0.9835135709999999,0.989875768,0.995110422,0.9708518979999999,0.889776344,0.001612189,0.001612189
recover_70,0,0.6743547959999999,0.959920982,0.975157712,0.98790927,0.930421899,0.6743547959999999,0.001612189,0.001612189
