name,effectDays,infectReduct,reduceHosp,reduceIcu,reduceMort,reduceSympt,riskReduct,waneRate,waneRateOut
cur_2,14,0.467306691,0.8582165979999999,0.914313082,0.95691637,0.740755866,0.467306691,0.023501411,0.010725047
cur_2_60,14,0.419898824,0.833179025,0.898004303,0.948257384,0.7021740870000001,0.419898824,0.023501411,0.010725047
cur_2_70,14,0.373948264,0.8047420820000001,0.8790130890000001,0.9379768409999999,0.660504987,0.373948264,0.023501411,0.010725047
cur_3,14,0.424742761,0.8359205,0.8998085690000001,0.949222957,0.70630957,0.424742761,0.029168485,0.016392122
cur_3_60,14,0.378584121,0.807827291,0.881098156,0.939116122,0.664920289,0.378584121,0.029168485,0.016392122
cur_3_70,14,0.334547349,0.776229452,0.859451758,0.927158853,0.620853367,0.334547349,0.029168485,0.016392122
recover,0,0.927644072,0.988272615,0.993313454,0.996776468,0.9754784759999999,0.927644072,0.008914867,0.008914867
recover_60,0,0.8357741259999999,0.9833865079999999,0.990507393,0.9954169820000001,0.965448174,0.8357741259999999,0.008914867,0.008914867
recover_70,0,0.564136606,0.9596195540000001,0.976685932,0.988662175,0.9181547870000001,0.564136606,0.008914867,0.008914867
