name,effectDays,infectReduct,reduceHosp,reduceIcu,reduceMort,reduceSympt,riskReduct,waneRate,waneRateOut
cur_2,14,0.461735302,0.8544703090000001,0.917753321,0.958723351,0.699779437,0.461735302,0.021166446000000002,0.012918486000000002
cur_2_60,14,0.42763354200000003,0.836436246,0.906705069,0.952896162,0.66997978,0.42763354200000003,0.021166446000000002,0.012918486000000002
cur_2_70,14,0.39420910600000003,0.816648982,0.894344846,0.946293102,0.638752344,0.39420910600000003,0.021166446000000002,0.012918486000000002
cur_3,14,0.46943964,0.8582786840000001,0.92006057,0.959931455,0.706244236,0.46943964,0.02014843,0.01190047
cur_3_60,14,0.43522895899999997,0.840628532,0.90929162,0.954266683,0.676789889,0.43522895899999997,0.02014843,0.01190047
cur_3_70,14,0.40162743,0.8212400440000001,0.8972352379999999,0.947845229,0.645866237,0.40162743,0.02014843,0.01190047
recover,0,0.88244725,0.9290594870000001,0.9376244640000001,0.94332694,0.912279816,0.88244725,0.006023753000000001,0.006023753000000001
recover_60,0,0.7340592429999999,0.8280451040000001,0.846794864,0.8595573459999999,0.7927034909999999,0.7340592429999999,0.006023753000000001,0.006023753000000001
recover_70,0,0.7340592429999999,0.8280451040000001,0.846794864,0.8595573459999999,0.7927034909999999,0.7340592429999999,0.006023753000000001,0.006023753000000001
