name,effectDays,infectReduct,reduceHosp,reduceIcu,reduceMort,reduceSympt,riskReduct,waneRate,waneRateOut
cur_2,14,0.506559863,0.8742252229999999,0.935972428,0.9681815159999999,0.6860219559999999,0.506559863,0.021664002,0.016915745
cur_2_60,14,0.475300744,0.859811682,0.928052642,0.964092939,0.658466553,0.475300744,0.021664002,0.016915745
cur_2_70,14,0.444232096,0.844040043,0.919237194,0.959500673,0.62979606,0.444232096,0.021664002,0.016915745
cur_3,14,0.515606804,0.878152687,0.938108267,0.969278188,0.693767679,0.515606804,0.02047365,0.015725392
cur_3_60,14,0.48433738600000004,0.86411927,0.930433035,0.965325483,0.6665616520000001,0.48433738600000004,0.02047365,0.015725392
cur_3_70,14,0.453188233,0.848746997,0.921884698,0.9608844540000001,0.638197324,0.453188233,0.02047365,0.015725392
recover,0,0.92258032,0.9880513940000001,0.994282826,0.997245187,0.962954579,0.92258032,0.004558398,0.004558398
recover_60,0,0.8914479270000001,0.983074696,0.9918802440000001,0.9960826009999999,0.9480741840000001,0.8914479270000001,0.004558398,0.004558398
recover_70,0,0.764545512,0.958880321,0.9800173609999999,0.9902992740000001,0.879956767,0.764545512,0.004558398,0.004558398
