name,effectDays,infectReduct,reduceHosp,reduceIcu,reduceMort,reduceSympt,riskReduct,waneRate,waneRateOut
cur_2,14,0.47166991700000005,0.858823123,0.923392841,0.961670949,0.68688833,0.47166991700000005,0.022155629,0.015987314
cur_2_60,14,0.444325944,0.844928772,0.9152260329999999,0.957396555,0.662717998,0.444325944,0.022155629,0.015987314
cur_2_70,14,0.417307279,0.8299332290000001,0.906274241,0.952667505,0.637658679,0.417307279,0.022155629,0.015987314
cur_3,14,0.487617078,0.866394562,0.9277925029999999,0.96395805,0.700464731,0.487617078,0.020054807,0.013886492
cur_3_60,14,0.460153806,0.8531179329999999,0.9200541190000001,0.959928082,0.676849369,0.460153806,0.020054807,0.013886492
cur_3_70,14,0.43292252700000006,0.8387631729999999,0.91156289,0.955466965,0.65228911,0.43292252700000006,0.020054807,0.013886492
recover,0,0.9040694140000001,0.9881265640000001,0.9939721690000001,0.9970950270000001,0.9677535509999999,0.9040694140000001,0.0070973,0.0070973
recover_60,0,0.835576577,0.9831806409999999,0.99144016,0.995869333,0.954710145,0.835576577,0.0070973,0.0070973
recover_70,0,0.622833777,0.959131417,0.978947965,0.9897743859999999,0.8943276440000001,0.622833777,0.0070973,0.0070973
