name,effectDays,infectReduct,reduceHosp,reduceIcu,reduceMort,reduceSympt,riskReduct,waneRate,waneRateOut
cur_2,14,0.43801045299999997,0.84240636,0.908832845,0.954023877,0.6890926359999999,0.43801045299999997,0.022370761,0.011715745
cur_2_60,14,0.386061361,0.8117749,0.889417835,0.943635918,0.6413486589999999,0.386061361,0.022370761,0.011715745
cur_2_70,14,0.336614386,0.7767913409999999,0.866491661,0.931079343,0.59066201,0.336614386,0.022370761,0.011715745
cur_3,14,0.48394931799999996,0.8654435540000001,0.923046777,0.9614905909999999,0.727286043,0.48394931799999996,0.016288053,0.005633037
cur_3_60,14,0.43072764799999996,0.838431025,0.906346848,0.9527060479999999,0.6827065790000001,0.43072764799999996,0.016288053,0.005633037
cur_3_70,14,0.379092297,0.807225262,0.886482485,0.9420459840000001,0.63453419,0.379092297,0.016288053,0.005633037
recover,0,0.891056658,0.929176078,0.938362758,0.948765607,0.9194129659999999,0.891056658,0.006727729,0.006727729
recover_60,0,0.7667647040000001,0.8405938890000001,0.859533703,0.881561701,0.820972432,0.7667647040000001,0.006727729,0.006727729
recover_70,0,0.7667647040000001,0.8405938890000001,0.859533703,0.881561701,0.820972432,0.7667647040000001,0.006727729,0.006727729
