name,effectDays,infectReduct,reduceHosp,reduceIcu,reduceMort,reduceSympt,riskReduct,waneRate,waneRateOut
cur_2,14,0.5544081710000001,0.89328183,0.949203254,0.974934812,0.696362796,0.5544081710000001,0.02153714,0.016390417
cur_2_60,14,0.5113380479999999,0.875618042,0.940175585,0.970337283,0.658563523,0.5113380479999999,0.02153714,0.016390417
cur_2_70,14,0.468116521,0.8555122470000001,0.929667018,0.964929192,0.618652376,0.468116521,0.02153714,0.016390417
cur_3,14,0.54883432,0.891114382,0.94810559,0.9743781709999999,0.6915768,0.54883432,0.022278045,0.017131322
cur_3_60,14,0.50570578,0.8731427890000001,0.9388953999999999,0.969681716,0.653478207,0.50570578,0.022278045,0.017131322
cur_3_70,14,0.46250973100000004,0.8527041870000001,0.928179138,0.964158518,0.613321651,0.46250973100000004,0.022278045,0.017131322
recover,0,0.93942604,0.9879757029999999,0.9945777570000001,0.9973877,0.957468801,0.93942604,0.005616212,0.005616212
recover_60,0,0.907949893,0.9829680209999999,0.9922981559999999,0.996285034,0.9405209859999999,0.907949893,0.005616212,0.005616212
recover_70,0,0.785298941,0.958627575,0.9810341640000001,0.9907978009999999,0.8639173370000001,0.785298941,0.005616212,0.005616212
