name,effectDays,infectReduct,reduceHosp,reduceIcu,reduceMort,reduceSympt,riskReduct,waneRate,waneRateOut
cur_2,14,0.49518905799999996,0.868823355,0.934614143,0.9674827779999999,0.662373841,0.49518905799999996,0.022068365,0.016075673000000002
cur_2_60,14,0.445598889,0.844404255,0.92133337,0.960596617,0.6164875329999999,0.445598889,0.022068365,0.016075673000000002
cur_2_70,14,0.397095766,0.816417012,0.905637148,0.9523291779999999,0.568455975,0.397095766,0.022068365,0.016075673000000002
cur_3,14,0.559017573,0.895389532,0.948643815,0.9746511940000001,0.7171383990000001,0.559017573,0.013638111000000001,0.0076454190000000005
cur_3_60,14,0.509486609,0.8752055000000001,0.938023698,0.9692348120000001,0.6750435909999999,0.509486609,0.013638111000000001,0.0076454190000000005
cur_3_70,14,0.459796817,0.85178607,0.925387982,0.9627094420000001,0.629943534,0.459796817,0.013638111000000001,0.0076454190000000005
recover,0,0.9415337659999999,0.988018708,0.994412321,0.9973077659999999,0.960670292,0.9415337659999999,0.006193186999999999,0.006193186999999999
recover_60,0,0.880108907,0.9830286290000001,0.9920637240000001,0.996171488,0.9449248240000001,0.880108907,0.006193186999999999,0.006193186999999999
recover_70,0,0.675897747,0.958771165,0.980463623,0.990518137,0.8732284359999999,0.675897747,0.006193186999999999,0.006193186999999999
