name,effectDays,infectReduct,reduceHosp,reduceIcu,reduceMort,reduceSympt,riskReduct,waneRate,waneRateOut
cur_2,14,0.412863734,0.8280367740000001,0.901110537,0.949918534,0.658749453,0.412863734,0.020991004,0.010366852
cur_2_60,14,0.36406654299999996,0.796758871,0.881217178,0.9391810759999999,0.611140405,0.36406654299999996,0.020991004,0.010366852
cur_2_70,14,0.317940743,0.76145348,0.8579678340000001,0.92632851,0.56134295,0.317940743,0.020991004,0.010366852
cur_3,14,0.462996556,0.855156589,0.917849438,0.95877374,0.702990815,0.462996556,0.01428894,0.003664788
cur_3_60,14,0.41243631799999997,0.827785523,0.90095328,0.949834573,0.658352912,0.41243631799999997,0.01428894,0.003664788
cur_3_70,14,0.363686977,0.796493201,0.8810454259999999,0.939087343,0.610750638,0.363686977,0.01428894,0.003664788
recover,0,0.928154184,0.988184207,0.993721216,0.99697369,0.971038015,0.928154184,0.008224127,0.008224127
recover_60,0,0.883781501,0.9832618890000001,0.99108474,0.995697022,0.959267228,0.883781501,0.008224127,0.008224127
recover_70,0,0.726072759,0.959324032,0.978085312,0.9893505429999999,0.9043517390000001,0.726072759,0.008224127,0.008224127
