name,effectDays,infectReduct,reduceHosp,reduceIcu,reduceMort,reduceSympt,riskReduct,waneRate,waneRateOut
cur_2,14,0.42877464200000004,0.836169899,0.911634895,0.955504968,0.637404791,0.42877464200000004,0.019354472,0.011859346000000002
cur_2_60,14,0.402988622,0.821101245,0.9026996159999999,0.950766158,0.6125259239999999,0.402988622,0.019354472,0.011859346000000002
cur_2_70,14,0.37771884299999997,0.804963833,0.892963218,0.945549431,0.587036617,0.37771884299999997,0.019354472,0.011859346000000002
cur_3,14,0.477135601,0.861204792,0.9261563690000001,0.963108799,0.6812340370000001,0.477135601,0.012932633999999998,0.005437508000000001
cur_3_60,14,0.45073611399999997,0.8480202579999999,0.91855829,0.9591451870000001,0.657747697,0.45073611399999997,0.012932633999999998,0.005437508000000001
cur_3_70,14,0.424601689,0.833819616,0.9102510220000001,0.954774054,0.633453029,0.424601689,0.012932633999999998,0.005437508000000001
recover,0,0.9271279990000001,0.988101465,0.9940779359999999,0.9971461559999999,0.966218805,0.9271279990000001,0.005093938,0.005093938
recover_60,0,0.8589005759999999,0.983145265,0.99158998,0.995941948,0.9525850229999999,0.8589005759999999,0.005093938,0.005093938
recover_70,0,0.6425454629999999,0.959047566,0.9793118679999999,0.989953065,0.889696562,0.6425454629999999,0.005093938,0.005093938
