name,effectDays,infectReduct,reduceHosp,reduceIcu,reduceMort,reduceSympt,riskReduct,waneRate,waneRateOut
cur_2,14,0.48971788899999996,0.86676121,0.931202468,0.965723212,0.677017588,0.48971788899999996,0.022432459,0.015391803
cur_2_60,14,0.45661355,0.8506580359999999,0.922188452,0.961042965,0.6473132979999999,0.45661355,0.022432459,0.015391803
cur_2_70,14,0.423889302,0.8329843509999999,0.9121052740000001,0.955753155,0.616426099,0.423889302,0.022432459,0.015391803
cur_3,14,0.5150810029999999,0.8780505059999999,0.937425851,0.9689280659999999,0.6987970240000001,0.5150810029999999,0.019096244,0.012055587
cur_3_60,14,0.48188123899999996,0.8630962440000001,0.9291652109999999,0.96466941,0.6701197760000001,0.48188123899999996,0.019096244,0.012055587
cur_3_70,14,0.448841916,0.846629148,0.9199075940000001,0.9598514490000001,0.640119467,0.448841916,0.019096244,0.012055587
recover,0,0.8491758359999999,0.895081025,0.9358662440000001,0.945008025,0.863435575,0.8491758359999999,0.005119495,0.005119495
recover_60,0,0.702632115,0.781672168,0.859629188,0.878223955,0.726280932,0.702632115,0.005119495,0.005119495
recover_70,0,0.702632115,0.781672168,0.859629188,0.878223955,0.726280932,0.702632115,0.005119495,0.005119495
