name,effectDays,infectReduct,reduceHosp,reduceIcu,reduceMort,reduceSympt,riskReduct,waneRate,waneRateOut
cur_2,14,0.597150275,0.908137627,0.959902266,0.980326472,0.691915078,0.597150275,0.021555822999999998,0.01965524
cur_2_60,14,0.549710511,0.890611285,0.95172708,0.97621221,0.6490768060000001,0.549710511,0.021555822999999998,0.01965524
cur_2_70,14,0.5013754770000001,0.8702308190000001,0.941991592,0.9712656959999999,0.603718806,0.5013754770000001,0.021555822999999998,0.01965524
cur_3,14,0.6091939510000001,0.912250185,0.9617948829999999,0.981273871,0.702536924,0.6091939510000001,0.019901464,0.018000881
cur_3_60,14,0.562132493,0.895418116,0.95398707,0.977353158,0.660450799,0.562132493,0.019901464,0.018000881
cur_3_70,14,0.5139518820000001,0.875808338,0.944680875,0.972637247,0.615692488,0.5139518820000001,0.019901464,0.018000881
recover,0,0.827663789,0.890093496,0.912885032,0.9135995259999999,0.878845207,0.827663789,0.004222888,0.004222888
recover_60,0,0.6289734339999999,0.7408425040000001,0.787184465,0.78869128,0.719139124,0.6289734339999999,0.004222888,0.004222888
recover_70,0,0.6289734339999999,0.7408425040000001,0.787184465,0.78869128,0.719139124,0.6289734339999999,0.004222888,0.004222888
