name,effectDays,infectReduct,reduceHosp,reduceIcu,reduceMort,reduceSympt,riskReduct,waneRate,waneRateOut
cur_2,14,0.43870916600000004,0.8413558040000001,0.916193791,0.957905047,0.635826334,0.43870916600000004,0.020637676,0.012270188999999999
cur_2_60,14,0.412560469,0.8265488009999999,0.9076046959999999,0.953373281,0.610712121,0.412560469,0.020637676,0.012270188999999999
cur_2_70,14,0.386887194,0.81066507,0.8982296999999999,0.948378112,0.584987374,0.386887194,0.020637676,0.012270188999999999
cur_3,14,0.49886083700000006,0.8710412270000001,0.932990876,0.966646387,0.689790583,0.49886083700000006,0.012686581,0.0043190929999999995
cur_3_60,14,0.47214270399999997,0.8585390559999999,0.9259842009999999,0.9630193459999999,0.666445569,0.47214270399999997,0.012686581,0.0043190929999999995
cur_3_70,14,0.44557401399999996,0.8450355890000001,0.918306243,0.959013144,0.642246309,0.44557401399999996,0.012686581,0.0043190929999999995
recover,0,0.9174464379999999,0.988076738,0.994180122,0.9971955490000001,0.964641338,0.9174464379999999,0.0064389619999999995,0.0064389619999999995
recover_60,0,0.8849036259999999,0.983110415,0.9917347390000001,0.9960120990000001,0.950403584,0.8849036259999999,0.0064389619999999995,0.0064389619999999995
recover_70,0,0.7530523859999999,0.958964968,0.9796636329999999,0.99012572,0.8849711729999999,0.7530523859999999,0.0064389619999999995,0.0064389619999999995
