name,effectDays,infectReduct,reduceHosp,reduceIcu,reduceMort,reduceSympt,riskReduct,waneRate,waneRateOut
cur_2,14,0.35690571,0.795053527,0.8583408570000001,0.926537369,0.707596167,0.35690571,0.022440683,0.00744721
cur_2_60,14,0.334942278,0.778778931,0.846119155,0.919648563,0.687109808,0.334942278,0.022440683,0.00744721
cur_2_70,14,0.313659712,0.761589816,0.8330406920000001,0.9121707309999999,0.665854035,0.313659712,0.022440683,0.00744721
cur_3,14,0.338495721,0.7815078879999999,0.848179353,0.920816457,0.690520207,0.338495721,0.025109787999999997,0.010116315
cur_3_60,14,0.317106574,0.764476292,0.835249235,0.9134413020000001,0.669396444,0.317106574,0.025109787999999997,0.010116315
cur_3_70,14,0.296452133,0.7465375409999999,0.821441889,0.9054451920000001,0.647554575,0.296452133,0.025109787999999997,0.010116315
recover,0,0.909704669,0.939071379,0.9644481109999999,0.966510095,0.9314111509999999,0.909704669,0.006742363,0.006742363
recover_60,0,0.873080539,0.9132222720000001,0.948777896,0.951703229,0.902649079,0.873080539,0.006742363,0.006742363
recover_70,0,0.873080539,0.9132222720000001,0.948777896,0.951703229,0.902649079,0.873080539,0.006742363,0.006742363
