name,effectDays,infectReduct,reduceHosp,reduceIcu,reduceMort,reduceSympt,riskReduct,waneRate,waneRateOut
cur_2,14,0.601316935,0.9105190479999999,0.956758129,0.9787483779999999,0.747620803,0.601316935,0.022591537000000002,0.015477558999999998
cur_2_60,14,0.587995198,0.9059124940000001,0.95441282,0.97756779,0.737049957,0.587995198,0.022591537000000002,0.015477558999999998
cur_2_70,14,0.5745135570000001,0.9010837159999999,0.951941135,0.976320393,0.726174329,0.5745135570000001,0.022591537000000002,0.015477558999999998
cur_3,14,0.5240660070000001,0.8813599670000001,0.941702185,0.971117861,0.6838120540000001,0.5240660070000001,0.032935106,0.025821128
cur_3_60,14,0.510265278,0.8754576070000001,0.938592698,0.9695265740000001,0.671742058,0.510265278,0.032935106,0.025821128
cur_3_70,14,0.49641849,0.869291334,0.935321393,0.9678467340000001,0.659413472,0.49641849,0.032935106,0.025821128
recover,0,0.910868899,0.9880091670000001,0.994449503,0.9973257320000001,0.959979638,0.910868899,0.005733968000000001,0.005733968000000001
recover_60,0,0.86763949,0.983015183,0.99211641,0.996197008,0.943973795,0.86763949,0.005733968000000001,0.005733968000000001
recover_70,0,0.7099233909999999,0.958739307,0.9805918109999999,0.9905809859999999,0.871208111,0.7099233909999999,0.005733968000000001,0.005733968000000001
