name,effectDays,infectReduct,reduceHosp,reduceIcu,reduceMort,reduceSympt,riskReduct,waneRate,waneRateOut
cur_2,14,0.482441621,0.8636596009999999,0.927914322,0.964021221,0.683073426,0.482441621,0.021426367999999998,0.014769869
cur_2_60,14,0.444204534,0.8445094790000001,0.916921139,0.958286868,0.648870808,0.444204534,0.021426367999999998,0.014769869
cur_2_70,14,0.406626534,0.823225841,0.9044275490000001,0.9516861759999999,0.6130772329999999,0.406626534,0.021426367999999998,0.014769869
cur_3,14,0.49067391200000005,0.867493665,0.93008773,0.965146884,0.690163967,0.49067391200000005,0.020342958,0.013686459
cur_3_60,14,0.452354625,0.848787781,0.919397205,0.959584419,0.656341576,0.452354625,0.020342958,0.013686459
cur_3_70,14,0.41460147399999997,0.827970468,0.9072383009999999,0.953179019,0.620864582,0.41460147399999997,0.020342958,0.013686459
recover,0,0.819081712,0.875308175,0.893108663,0.9094254390000001,0.884381045,0.819081712,0.004761622,0.004761622
recover_60,0,0.67647436,0.7642654040000001,0.79419065,0.822607945,0.779381538,0.67647436,0.004761622,0.004761622
recover_70,0,0.67647436,0.7642654040000001,0.79419065,0.822607945,0.779381538,0.67647436,0.004761622,0.004761622
