name,effectDays,infectReduct,reduceHosp,reduceIcu,reduceMort,reduceSympt,riskReduct,waneRate,waneRateOut
cur_2,14,0.43714662600000004,0.841147155,0.912575281,0.956001019,0.658951086,0.43714662600000004,0.022401692,0.007823915
cur_2_60,14,0.390450927,0.813683052,0.8959325459999999,0.9471463,0.614426322,0.390450927,0.022401692,0.007823915
cur_2_70,14,0.345703015,0.78271479,0.8765612740000001,0.936633796,0.567925594,0.345703015,0.022401692,0.007823915
cur_3,14,0.48855164700000003,0.866890136,0.9277373720000001,0.963929458,0.703823587,0.48855164700000003,0.015597887,0.001020109
cur_3_60,14,0.4406639,0.843046264,0.91370806,0.956597884,0.66215351,0.4406639,0.015597887,0.001020109
cur_3_70,14,0.393879876,0.81585402,0.897266143,0.9478617979999999,0.617828553,0.393879876,0.015597887,0.001020109
recover,0,0.881760958,0.923908355,0.935471759,0.944208906,0.916839759,0.881760958,0.006200962,0.006200962
recover_60,0,0.81814293,0.879878253,0.897389648,0.9107914090000001,0.869298073,0.81814293,0.006200962,0.006200962
recover_70,0,0.81814293,0.879878253,0.897389648,0.9107914090000001,0.869298073,0.81814293,0.006200962,0.006200962
