name,effectDays,infectReduct,reduceHosp,reduceIcu,reduceMort,reduceSympt,riskReduct,waneRate,waneRateOut
cur_2,14,0.31701794,0.76467226,0.8334673770000001,0.9124164509999999,0.6767231440000001,0.31701794,0.023095176000000002,0.008205576
cur_2_60,14,0.299352043,0.749433474,0.821644385,0.905563375,0.658333853,0.299352043,0.023095176000000002,0.008205576
cur_2_70,14,0.282248225,0.7335367759999999,0.809162377,0.898226882,0.639438175,0.282248225,0.023095176000000002,0.008205576
cur_3,14,0.348151211,0.788982431,0.852045842,0.923000998,0.706633126,0.348151211,0.018481438,0.0035918390000000003
cur_3_60,14,0.329587623,0.77485436,0.841290669,0.916900692,0.689163739,0.329587623,0.018481438,0.0035918390000000003
cur_3_70,14,0.31152436699999997,0.760054077,0.8298989390000001,0.9103577740000001,0.6711213229999999,0.31152436699999997,0.018481438,0.0035918390000000003
recover,0,0.9315672770000001,0.988439053,0.992463478,0.99636509,0.9821682009999999,0.9315672770000001,0.00239243,0.00239243
recover_60,0,0.87479189,0.9836211420000001,0.989304559,0.99483301,0.9748035890000001,0.87479189,0.00239243,0.00239243
recover_70,0,0.685766743,0.960176257,0.973778107,0.987228543,0.9395133059999999,0.685766743,0.00239243,0.00239243
