name,effectDays,infectReduct,reduceHosp,reduceIcu,reduceMort,reduceSympt,riskReduct,waneRate,waneRateOut
cur_2,14,0.432444431,0.8390722429999999,0.908514562,0.9538553540000001,0.673146767,0.432444431,0.020633954,0.012945191000000002
cur_2_60,14,0.37706112799999997,0.8055241209999999,0.887501953,0.9425987640000001,0.6206471370000001,0.37706112799999997,0.020633954,0.012945191000000002
cur_2_70,14,0.324748624,0.76695427,0.862413533,0.928812016,0.565202424,0.324748624,0.020633954,0.012945191000000002
cur_3,14,0.465570639,0.85634889,0.9190553090000001,0.95940546,0.701908223,0.465570639,0.016230148,0.008541385
cur_3_60,14,0.40900214799999995,0.825654021,0.90019777,0.949430992,0.65163754,0.40900214799999995,0.016230148,0.008541385
cur_3_70,14,0.35478205,0.7900358590000001,0.87755003,0.937175852,0.597786942,0.35478205,0.016230148,0.008541385
recover,0,0.858131146,0.907521789,0.919902227,0.941342082,0.89302619,0.858131146,0.005305236999999999,0.005305236999999999
recover_60,0,0.75343341,0.83214402,0.8529808190000001,0.8901954129999999,0.80832865,0.75343341,0.005305236999999999,0.005305236999999999
recover_70,0,0.75343341,0.83214402,0.8529808190000001,0.8901954129999999,0.80832865,0.75343341,0.005305236999999999,0.005305236999999999
