name,effectDays,infectReduct,reduceHosp,reduceIcu,reduceMort,reduceSympt,riskReduct,waneRate,waneRateOut
cur_2,14,0.539085174,0.887464155,0.945185517,0.972894178,0.6938585490000001,0.539085174,0.020640282,0.014389365
cur_2_60,14,0.506641217,0.873802083,0.9380417040000001,0.969244048,0.665550136,0.506641217,0.020640282,0.014389365
cur_2_70,14,0.47414134799999996,0.8587454609999999,0.9300358059999999,0.965120022,0.6359974270000001,0.47414134799999996,0.020640282,0.014389365
cur_3,14,0.533751234,0.885304065,0.944063537,0.97232275,0.689283366,0.533751234,0.021345479,0.015094563
cur_3_60,14,0.501279165,0.871417749,0.936783279,0.968598154,0.660758736,0.501279165,0.021345479,0.015094563
cur_3_70,14,0.46879642,0.856123493,0.928627147,0.964390702,0.63101737,0.46879642,0.021345479,0.015094563
recover,0,0.964891043,0.988002085,0.9944769259999999,0.997338983,0.959459803,0.964891043,0.009793316,0.009793316
recover_60,0,0.941210202,0.983005201,0.9921552690000001,0.9962158309999999,0.943258345,0.941210202,0.009793316,0.009793316
recover_70,0,0.846954221,0.9587156579999999,0.9806863709999999,0.990627342,0.869691718,0.846954221,0.009793316,0.009793316
