name,effectDays,infectReduct,reduceHosp,reduceIcu,reduceMort,reduceSympt,riskReduct,waneRate,waneRateOut
cur_2,14,0.487798396,0.86497981,0.93471225,0.9675332809999999,0.636484417,0.487798396,0.020133682,0.012489395
cur_2_60,14,0.478764901,0.860698837,0.932469613,0.966377495,0.628073831,0.478764901,0.020133682,0.012489395
cur_2_70,14,0.46970723,0.856285885,0.930145775,0.96517691,0.619548956,0.46970723,0.020133682,0.012489395
cur_3,14,0.552555689,0.892554141,0.948887083,0.9747745440000001,0.694227004,0.552555689,0.011591711999999999,0.003947425
cur_3_60,14,0.543595698,0.889035287,0.947103797,0.973869577,0.6864943490000001,0.543595698,0.011591711999999999,0.003947425
cur_3_70,14,0.534569404,0.885400489,0.9452539809999999,0.972929024,0.67862335,0.534569404,0.011591711999999999,0.003947425
recover,0,0.885731127,0.9256534909999999,0.948042174,0.9473773329999999,0.90964503,0.885731127,0.005853351999999999,0.005853351999999999
recover_60,0,0.803151848,0.86761287,0.9056992859999999,0.904547186,0.8412502829999999,0.803151848,0.005853351999999999,0.005853351999999999
recover_70,0,0.803151848,0.86761287,0.9056992859999999,0.904547186,0.8412502829999999,0.803151848,0.005853351999999999,0.005853351999999999
