name,effectDays,infectReduct,reduceHosp,reduceIcu,reduceMort,reduceSympt,riskReduct,waneRate,waneRateOut
cur_2,14,0.618445429,0.9152275590000001,0.963571504,0.9821614759999999,0.7048011059999999,0.618445429,0.020604877,0.016664896999999998
cur_2_60,14,0.5937362660000001,0.9068427259999999,0.959758117,0.980254236,0.682816115,0.5937362660000001,0.020604877,0.016664896999999998
cur_2_70,14,0.56853278,0.8977172940000001,0.955562129,0.9781466999999999,0.659974067,0.56853278,0.020604877,0.016664896999999998
cur_3,14,0.577695524,0.901105397,0.95712564,0.97893311,0.668327795,0.577695524,0.026181907999999997,0.022241927
cur_3_60,14,0.552257963,0.8914893509999999,0.9526706340000001,0.976688894,0.644994666,0.552257963,0.026181907999999997,0.022241927
cur_3_70,14,0.52653324,0.881057208,0.947775852,0.9742108279999999,0.620940947,0.52653324,0.026181907999999997,0.022241927
recover,0,0.838464965,0.881951763,0.9213430429999999,0.946164627,0.8936243759999999,0.838464965,0.004589177,0.004589177
recover_60,0,0.6787360040000001,0.7525320190000001,0.826619324,0.877353542,0.773718337,0.6787360040000001,0.004589177,0.004589177
recover_70,0,0.6787360040000001,0.7525320190000001,0.826619324,0.877353542,0.773718337,0.6787360040000001,0.004589177,0.004589177
