name,effectDays,infectReduct,reduceHosp,reduceIcu,reduceMort,reduceSympt,riskReduct,waneRate,waneRateOut
cur_2,14,0.47401298799999997,0.8598444559999999,0.924609318,0.9623044059999999,0.684303195,0.47401298799999997,0.021824474,0.011606874
cur_2_60,14,0.46394266100000003,0.8548998720000001,0.921741635,0.9608097809999999,0.6755028120000001,0.46394266100000003,0.021824474,0.011606874
cur_2_70,14,0.45386552,0.849792709,0.9187635759999999,0.959252705,0.666544239,0.45386552,0.021824474,0.011606874
cur_3,14,0.474124573,0.859898382,0.924640509,0.962320637,0.684399871,0.474124573,0.02180976,0.01159216
cur_3_60,14,0.464053967,0.8549553790000001,0.921773912,0.960826629,0.675600905,0.464053967,0.02180976,0.01159216
cur_3_70,14,0.45397645600000003,0.849849827,0.918796972,0.959270195,0.666643704,0.45397645600000003,0.02180976,0.01159216
recover,0,0.8682283559999999,0.924577428,0.9261401440000001,0.95127176,0.890254372,0.8682283559999999,0.005405714,0.005405714
recover_60,0,0.727566009,0.832458776,0.8355907440000001,0.887800162,0.76678865,0.727566009,0.005405714,0.005405714
recover_70,0,0.727566009,0.832458776,0.8355907440000001,0.887800162,0.76678865,0.727566009,0.005405714,0.005405714
