name,effectDays,infectReduct,reduceHosp,reduceIcu,reduceMort,reduceSympt,riskReduct,waneRate,waneRateOut
cur_2,14,0.503081976,0.8724140340000001,0.936365338,0.96838345,0.670921504,0.503081976,0.020708113,0.013036265
cur_2_60,14,0.46523173799999995,0.8545630740000001,0.926710338,0.96339651,0.636621412,0.46523173799999995,0.020708113,0.013036265
cur_2_70,14,0.42778644299999996,0.8346927059999999,0.9157250259999999,0.9576588090000001,0.600881555,0.42778644299999996,0.020708113,0.013036265
cur_3,14,0.562221642,0.896630053,0.949150773,0.974908213,0.721157646,0.562221642,0.012888211,0.005216363
cur_3_60,14,0.5246194470000001,0.8817078309999999,0.941314069,0.970919532,0.689671774,0.5246194470000001,0.012888211,0.005216363
cur_3_70,14,0.486744901,0.864960073,0.9323579209999999,0.9663198590000001,0.656332963,0.486744901,0.012888211,0.005216363
recover,0,0.849980235,0.908838598,0.9288781859999999,0.9419194590000001,0.9043659690000001,0.849980235,0.00548036,0.00548036
recover_60,0,0.708263509,0.81031452,0.848399481,0.87419917,0.802060812,0.708263509,0.00548036,0.00548036
recover_70,0,0.708263509,0.81031452,0.848399481,0.87419917,0.802060812,0.708263509,0.00548036,0.00548036
