name,effectDays,infectReduct,reduceHosp,reduceIcu,reduceMort,reduceSympt,riskReduct,waneRate,waneRateOut
cur_2,14,0.49164336,0.8670713320000001,0.9343073279999999,0.9673248040000001,0.653606812,0.49164336,0.02178749,0.013916574
cur_2_60,14,0.47491649399999997,0.859158702,0.930074182,0.965139875,0.638288354,0.47491649399999997,0.02178749,0.013916574
cur_2_70,14,0.458220288,0.850843083,0.9255829240000001,0.9628107920000001,0.622659462,0.458220288,0.02178749,0.013916574
cur_3,14,0.528630022,0.883230445,0.942831968,0.971694717,0.686327749,0.528630022,0.016919265,0.00904835
cur_3_60,14,0.511911958,0.876142292,0.93911234,0.9697928720000001,0.671729547,0.511911958,0.016919265,0.00904835
cur_3_70,14,0.49514158700000005,0.8686761540000001,0.935161123,0.967764282,0.656768594,0.49514158700000005,0.016919265,0.00904835
recover,0,0.901450093,0.988005667,0.994463075,0.99733229,0.959723498,0.901450093,0.007478518000000001,0.007478518000000001
recover_60,0,0.847394932,0.98301025,0.992135641,0.996206323,0.94362123,0.847394932,0.007478518000000001,0.007478518000000001
recover_70,0,0.664856198,0.958727619,0.980638606,0.990603927,0.870460479,0.664856198,0.007478518000000001,0.007478518000000001
