name,effectDays,infectReduct,reduceHosp,reduceIcu,reduceMort,reduceSympt,riskReduct,waneRate,waneRateOut
cur_2,14,0.587261354,0.904294272,0.959697754,0.9802239840000001,0.661925044,0.587261354,0.019902003,0.016082399999999997
cur_2_60,14,0.5550705420000001,0.892294998,0.954293697,0.977507747,0.631907503,0.5550705420000001,0.019902003,0.016082399999999997
cur_2_70,14,0.522411541,0.878992897,0.9482042620000001,0.974428236,0.600832624,0.522411541,0.019902003,0.016082399999999997
cur_3,14,0.612731025,0.9130952790000001,0.9636089390000001,0.9821801609999999,0.685256648,0.612731025,0.016412101000000002,0.012592497
cur_3_60,14,0.581109743,0.9020799620000001,0.958706761,0.9797270490000001,0.65623484,0.581109743,0.016412101000000002,0.012592497
cur_3_70,14,0.548808442,0.889837153,0.9531764290000001,0.976944225,0.625998175,0.548808442,0.016412101000000002,0.012592497
recover,0,0.79380947,0.865976203,0.882157463,0.921891468,0.8467102009999999,0.79380947,0.0036451179999999997,0.0036451179999999997
recover_60,0,0.61213245,0.725932378,0.7542229540000001,0.8287182190000001,0.69365657,0.61213245,0.0036451179999999997,0.0036451179999999997
recover_70,0,0.61213245,0.725932378,0.7542229540000001,0.8287182190000001,0.69365657,0.61213245,0.0036451179999999997,0.0036451179999999997
