name,effectDays,infectReduct,reduceHosp,reduceIcu,reduceMort,reduceSympt,riskReduct,waneRate,waneRateOut
cur_2,14,0.538627101,0.886912044,0.946656873,0.9736425059999999,0.675624426,0.538627101,0.019989474,0.014249778000000001
cur_2_60,14,0.519205266,0.8788539540000001,0.942580293,0.971566275,0.658311181,0.519205266,0.019989474,0.014249778000000001
cur_2_70,14,0.499704075,0.8702960999999999,0.938207605,0.969329133,0.640546,0.499704075,0.019989474,0.014249778000000001
cur_3,14,0.5751036820000001,0.9009181559999999,0.9536501940000001,0.977183262,0.707158555,0.5751036820000001,0.015127393999999999,0.009387696999999999
cur_3_60,14,0.555951471,0.8937385,0.950079874,0.97537889,0.690758037,0.555951471,0.015127393999999999,0.009387696999999999
cur_3_70,14,0.536610504,0.8860958290000001,0.9462457320000001,0.9734335190000001,0.673844035,0.536610504,0.015127393999999999,0.009387696999999999
recover,0,0.84867049,0.9070304790000001,0.9291670470000001,0.9292543409999999,0.8701043490000001,0.84867049,0.004533047,0.004533047
recover_60,0,0.7620673729999999,0.8478375570000001,0.88223842,0.8823762270000001,0.792772285,0.7620673729999999,0.004533047,0.004533047
recover_70,0,0.7620673729999999,0.8478375570000001,0.88223842,0.8823762270000001,0.792772285,0.7620673729999999,0.004533047,0.004533047
