name,effectDays,infectReduct,reduceHosp,reduceIcu,reduceMort,reduceSympt,riskReduct,waneRate,waneRateOut
cur_2,14,0.509532662,0.875364844,0.9374137309999999,0.968921846,0.681346714,0.509532662,0.022007269,0.013970811000000001
cur_2_60,14,0.473191364,0.858608121,0.9283160970000001,0.964229509,0.64896547,0.473191364,0.022007269,0.013970811000000001
cur_2_70,14,0.43713821700000005,0.8400137129999999,0.918013605,0.958859791,0.6151583429999999,0.43713821700000005,0.022007269,0.013970811000000001
cur_3,14,0.522799405,0.881046283,0.940459087,0.97048234,0.6927682759999999,0.522799405,0.020260672,0.012224215
cur_3_60,14,0.48645035700000006,0.86493555,0.9317719109999999,0.966017351,0.660970156,0.48645035700000006,0.020260672,0.012224215
cur_3_70,14,0.4502504,0.847025006,0.92192432,0.9609051340000001,0.6276558320000001,0.4502504,0.020260672,0.012224215
recover,0,0.8434128870000001,0.90362472,0.913443628,0.92931501,0.866052855,0.8434128870000001,0.004808120999999999,0.004808120999999999
recover_60,0,0.72118451,0.818269221,0.835198323,0.8632695090000001,0.756392353,0.72118451,0.004808120999999999,0.004808120999999999
recover_70,0,0.72118451,0.818269221,0.835198323,0.8632695090000001,0.756392353,0.72118451,0.004808120999999999,0.004808120999999999
