name,effectDays,infectReduct,reduceHosp,reduceIcu,reduceMort,reduceSympt,riskReduct,waneRate,waneRateOut
cur_2,14,0.531551179,0.8845681479999999,0.9428763859999999,0.971717382,0.695121057,0.531551179,0.020291741000000002,0.014704924
cur_2_60,14,0.470070031,0.8569497640000001,0.9280745429999999,0.9641042940000001,0.6405922070000001,0.470070031,0.020291741000000002,0.014704924
cur_2_70,14,0.40952991,0.8240654000000001,0.909819739,0.95454604,0.5822190629999999,0.40952991,0.020291741000000002,0.014704924
cur_3,14,0.532111667,0.8847978009999999,0.942997509,0.971779182,0.695597913,0.532111667,0.020217733,0.014630916
cur_3_60,14,0.470630822,0.857225495,0.928224662,0.9641821159999999,0.641110318,0.470630822,0.020217733,0.014630916
cur_3_70,14,0.410074366,0.8243915270000001,0.910004265,0.954643609,0.582766514,0.410074366,0.020217733,0.014630916
recover,0,0.820959695,0.87363707,0.917932447,0.89628368,0.887713517,0.820959695,0.004437238,0.004437238
recover_60,0,0.677190865,0.759791312,0.83652686,0.7981265809999999,0.78340566,0.677190865,0.004437238,0.004437238
recover_70,0,0.677190865,0.759791312,0.83652686,0.7981265809999999,0.78340566,0.677190865,0.004437238,0.004437238
