name,effectDays,infectReduct,reduceHosp,reduceIcu,reduceMort,reduceSympt,riskReduct,waneRate,waneRateOut
cur_2,14,0.38510489600000003,0.810922206,0.8902748220000001,0.944099136,0.632435259,0.38510489600000003,0.020762233,0.008317204
cur_2_60,14,0.331071495,0.7721702979999999,0.8650805220000001,0.930295957,0.576219124,0.331071495,0.020762233,0.008317204
cur_2_70,14,0.28118777899999997,0.728172851,0.83519604,0.9134107370000001,0.518001433,0.28118777899999997,0.020762233,0.008317204
cur_3,14,0.45037155799999995,0.848743502,0.913908339,0.9567033340000001,0.6924172890000001,0.45037155799999995,0.011926079,-0.000518951
cur_3_60,14,0.393034046,0.815984154,0.893491385,0.9458338540000001,0.64015521,0.393034046,0.011926079,-0.000518951
cur_3_70,14,0.33853914399999996,0.7780154229999999,0.868946532,0.932439212,0.5843856270000001,0.33853914399999996,0.011926079,-0.000518951
recover,0,0.858930168,0.915173447,0.9285035620000001,0.928856425,0.893721882,0.858930168,0.005548923000000001,0.005548923000000001
recover_60,0,0.67872079,0.789176993,0.818377487,0.8191680109999999,0.744749386,0.67872079,0.005548923000000001,0.005548923000000001
recover_70,0,0.67872079,0.789176993,0.818377487,0.8191680109999999,0.744749386,0.67872079,0.005548923000000001,0.005548923000000001
