name,effectDays,infectReduct,reduceHosp,reduceIcu,reduceMort,reduceSympt,riskReduct,waneRate,waneRateOut
cur_2,14,0.381877404,0.80949164,0.885306087,0.94140734,0.651776651,0.381877404,0.020290235,0.012857793999999999
cur_2_60,14,0.33764547799999994,0.778076665,0.864297166,0.929860549,0.606981248,0.33764547799999994,0.020290235,0.012857793999999999
cur_2_70,14,0.296103985,0.743144647,0.840148545,0.916248515,0.5603358270000001,0.296103985,0.020290235,0.012857793999999999
cur_3,14,0.441743965,0.844777054,0.9081428,0.953658442,0.7056516559999999,0.441743965,0.01215325,0.00472081
cur_3_60,14,0.395009117,0.8178715390000001,0.8908009990000001,0.944383328,0.664216269,0.395009117,0.01215325,0.00472081
cur_3_70,14,0.350140881,0.7874926640000001,0.87066301,0.9333878409999999,0.620112332,0.350140881,0.01215325,0.00472081
recover,0,0.898946107,0.988235255,0.9934892559999999,0.996861508,0.9736853120000001,0.898946107,0.007440262,0.007440262
recover_60,0,0.7428820709999999,0.983333844,0.990756285,0.995537727,0.9629493920000001,0.7428820709999999,0.007440262,0.007440262
recover_70,0,0.384935619,0.9594946529999999,0.977288908,0.988958909,0.912545577,0.384935619,0.007440262,0.007440262
