name,effectDays,infectReduct,reduceHosp,reduceIcu,reduceMort,reduceSympt,riskReduct,waneRate,waneRateOut
cur_2,14,0.50988107,0.8754224859999999,0.9379168840000001,0.969180022,0.6774075340000001,0.50988107,0.021400573,0.016361536
cur_2_60,14,0.477512741,0.8605948390000001,0.9299321840000001,0.96506641,0.64847533,0.477512741,0.021400573,0.016361536
cur_2_70,14,0.44533207399999997,0.844316154,0.921007006,0.9604261470000001,0.618409888,0.44533207399999997,0.021400573,0.016361536
cur_3,14,0.519079309,0.879383327,0.940026888,0.970261184,0.68540162,0.519079309,0.020189892,0.015150853999999998
cur_3_60,14,0.486706915,0.864954388,0.9322939720000001,0.966286857,0.656823163,0.486706915,0.020189892,0.015150853999999998
cur_3_70,14,0.45444555799999997,0.849095513,0.923644935,0.9618022909999999,0.62706109,0.45444555799999997,0.020189892,0.015150853999999998
recover,0,0.844611331,0.8909209459999999,0.8946344540000001,0.9465484340000001,0.874847775,0.844611331,0.004353944,0.004353944
recover_60,0,0.65008013,0.7362614909999999,0.743725698,0.858208647,0.704946145,0.65008013,0.004353944,0.004353944
recover_70,0,0.65008013,0.7362614909999999,0.743725698,0.858208647,0.704946145,0.65008013,0.004353944,0.004353944
