name,effectDays,infectReduct,reduceHosp,reduceIcu,reduceMort,reduceSympt,riskReduct,waneRate,waneRateOut
cur_2,14,0.40638543,0.8250259440000001,0.894220358,0.946226142,0.68161236,0.40638543,0.020845222,0.010498933
cur_2_60,14,0.410995525,0.8277627740000001,0.89601131,0.9471885870000001,0.685737918,0.410995525,0.020845222,0.010498933
cur_2_70,14,0.415562316,0.830431397,0.897753114,0.948122806,0.689782377,0.415562316,0.020845222,0.010498933
cur_3,14,0.44496594,0.846664162,0.908253202,0.953716927,0.714856229,0.44496594,0.015654106,0.005307816999999999
cur_3_60,14,0.449682155,0.849124435,0.909830521,0.954551741,0.71872878,0.449682155,0.015654106,0.005307816999999999
cur_3_70,14,0.454347221,0.85152145,0.9113637520000001,0.955361847,0.7225204609999999,0.454347221,0.015654106,0.005307816999999999
recover,0,0.919257012,0.9882516109999999,0.993412933,0.99682459,0.974484824,0.919257012,0.00789771,0.00789771
recover_60,0,0.8191987070000001,0.983356899,0.9906482259999999,0.995485308,0.9640630509999999,0.8191987070000001,0.00789771,0.00789771
recover_70,0,0.535896841,0.95954933,0.977027065,0.9888300740000001,0.915040595,0.535896841,0.00789771,0.00789771
