name,effectDays,infectReduct,reduceHosp,reduceIcu,reduceMort,reduceSympt,riskReduct,waneRate,waneRateOut
cur_2,14,0.44061323399999996,0.8435741990000001,0.9108909209999999,0.955112163,0.682919281,0.44061323399999996,0.020957796,0.012940528
cur_2_60,14,0.39120238799999996,0.8147958540000001,0.892925159,0.9455289290000001,0.637292753,0.39120238799999996,0.020957796,0.012940528
cur_2_70,14,0.34395294299999996,0.7821111959999999,0.8718602759999999,0.9340484490000001,0.589080686,0.34395294299999996,0.020957796,0.012940528
cur_3,14,0.46623141700000004,0.856738298,0.9189343459999999,0.959342128,0.7048733759999999,0.46623141700000004,0.017558562,0.009541293000000001
cur_3_60,14,0.416084611,0.8298934440000001,0.902416533,0.950615268,0.660837021,0.416084611,0.017558562,0.009541293000000001
cur_3_70,14,0.36764473700000005,0.7992166270000001,0.8829741729999999,0.9401389309999999,0.613858288,0.36764473700000005,0.017558562,0.009541293000000001
recover,0,0.8115107159999999,0.8816073190000001,0.909746245,0.911191819,0.842300238,0.8115107159999999,0.003908798,0.003908798
recover_60,0,0.70658698,0.806394183,0.849354741,0.851609818,0.749219168,0.70658698,0.003908798,0.003908798
recover_70,0,0.70658698,0.806394183,0.849354741,0.851609818,0.749219168,0.70658698,0.003908798,0.003908798
