name,effectDays,infectReduct,reduceHosp,reduceIcu,reduceMort,reduceSympt,riskReduct,waneRate,waneRateOut
cur_2,14,0.5824117529999999,0.903225387,0.956319968,0.9785280390000001,0.695256111,0.5824117529999999,0.021021887000000003,0.015912809
cur_2_60,14,0.555758049,0.893296951,0.951546473,0.9761209129999999,0.6717455309999999,0.555758049,0.021021887000000003,0.015912809
cur_2_70,14,0.528770981,0.8824788840000001,0.94627887,0.973450367,0.647333319,0.528770981,0.021021887000000003,0.015912809
cur_3,14,0.582178466,0.903141517,0.9562798859999999,0.9785078770000001,0.6950528559999999,0.582178466,0.02105342,0.015944343
cur_3_60,14,0.555521235,0.893205494,0.9515022320000001,0.9760985459999999,0.6715340040000001,0.555521235,0.02105342,0.015944343
cur_3_70,14,0.528531985,0.882379375,0.946230091,0.973425567,0.647114325,0.528531985,0.02105342,0.015944343
recover,0,0.9311018640000001,0.9879124909999999,0.994811123,0.9975004340000001,0.952331512,0.9311018640000001,0.011554884,0.011554884
recover_60,0,0.899909669,0.98287894,0.992628906,0.996445184,0.933478817,0.899909669,0.011554884,0.011554884
recover_70,0,0.775599991,0.958416574,0.981839785,0.991192411,0.849259117,0.775599991,0.011554884,0.011554884
