name,effectDays,infectReduct,reduceHosp,reduceIcu,reduceMort,reduceSympt,riskReduct,waneRate,waneRateOut
cur_2,14,0.52267878,0.8802314240000001,0.9437360859999999,0.9721558490000001,0.656799687,0.52267878,0.021222197,0.018160235
cur_2_60,14,0.514658182,0.8768027840000001,0.94200563,0.971272866,0.649521581,0.514658182,0.021222197,0.018160235
cur_2_70,14,0.506590201,0.8732724890000001,0.940216368,0.970358153,0.642136605,0.506590201,0.021222197,0.018160235
cur_3,14,0.566861354,0.897789662,0.95248698,0.97659615,0.6957930959999999,0.566861354,0.015360955,0.012298992
cur_3_60,14,0.5589567120000001,0.8948035940000001,0.9510116959999999,0.975850478,0.688950293,0.5589567120000001,0.015360955,0.012298992
cur_3_70,14,0.550982651,0.891725425,0.949485392,0.9750777829999999,0.681989355,0.550982651,0.015360955,0.012298992
recover,0,0.9219590240000001,0.987947554,0.994683089,0.997438587,0.9552466490000001,0.9219590240000001,0.005144503,0.005144503
recover_60,0,0.8350861540000001,0.9829283520000001,0.992447435,0.996357322,0.93747118,0.8350861540000001,0.005144503,0.005144503
recover_70,0,0.5779558770000001,0.9585336059999999,0.981397671,0.9909758959999999,0.8575346290000001,0.5779558770000001,0.005144503,0.005144503
