name,effectDays,infectReduct,reduceHosp,reduceIcu,reduceMort,reduceSympt,riskReduct,waneRate,waneRateOut
cur_2,14,0.5006648539999999,0.871188602,0.9364326740000001,0.968418048,0.6622929439999999,0.5006648539999999,0.021146116,0.013944548999999999
cur_2_60,14,0.46310396200000004,0.853334465,0.926862616,0.963475567,0.62785293,0.46310396200000004,0.021146116,0.013944548999999999
cur_2_70,14,0.425965425,0.8334833359999999,0.915983656,0.957794681,0.5920721760000001,0.425965425,0.021146116,0.013944548999999999
cur_3,14,0.523744231,0.881205755,0.9417155009999999,0.9711246640000001,0.6826372479999999,0.523744231,0.018108668999999997,0.010907102
cur_3_60,14,0.486137576,0.864524152,0.932883769,0.966591148,0.649172956,0.486137576,0.018108668999999997,0.010907102
cur_3_70,14,0.448695589,0.845914066,0.922825863,0.961375422,0.614182413,0.448695589,0.018108668999999997,0.010907102
recover,0,0.856086983,0.906282092,0.924838637,0.928738359,0.877071059,0.856086983,0.004839736,0.004839736
recover_60,0,0.71498705,0.803075483,0.8384240740000001,0.8460610940000001,0.750550122,0.71498705,0.004839736,0.004839736
recover_70,0,0.71498705,0.803075483,0.8384240740000001,0.8460610940000001,0.750550122,0.71498705,0.004839736,0.004839736
