name,effectDays,infectReduct,reduceHosp,reduceIcu,reduceMort,reduceSympt,riskReduct,waneRate,waneRateOut
cur_2,14,0.527154664,0.8823722420000001,0.943575055,0.97207375,0.6734103779999999,0.527154664,0.021707669,0.010530278
cur_2_60,14,0.49871917299999996,0.870031806,0.937198469,0.9688113490000001,0.647895533,0.49871917299999996,0.021707669,0.010530278
cur_2_70,14,0.470285481,0.856603917,0.9301529140000001,0.965180604,0.621501585,0.470285481,0.021707669,0.010530278
cur_3,14,0.5597565879999999,0.895344782,0.95017897,0.9754290640000001,0.701635703,0.5597565879999999,0.017386071,0.00620868
cur_3_60,14,0.53153939,0.884186678,0.9445047990000001,0.972547568,0.677269171,0.53153939,0.017386071,0.00620868
cur_3_70,14,0.503112536,0.87200608,0.9382248959999999,0.9693379990000001,0.651894054,0.503112536,0.017386071,0.00620868
recover,0,0.7901530240000001,0.837914869,0.879043638,0.920912045,0.8465584190000001,0.7901530240000001,0.0033827040000000003,0.0033827040000000003
recover_60,0,0.655757814,0.7234005920000001,0.786171849,0.8548802320000001,0.7362285009999999,0.655757814,0.0033827040000000003,0.0033827040000000003
recover_70,0,0.655757814,0.7234005920000001,0.786171849,0.8548802320000001,0.7362285009999999,0.655757814,0.0033827040000000003,0.0033827040000000003
