name,effectDays,infectReduct,reduceHosp,reduceIcu,reduceMort,reduceSympt,riskReduct,waneRate,waneRateOut
cur_2,14,0.436318824,0.840293913,0.91429039,0.9569044290000001,0.642816005,0.436318824,0.020443246,0.01012722
cur_2_60,14,0.42322404399999997,0.832991667,0.91000915,0.954646192,0.630455373,0.42322404399999997,0.020443246,0.01012722
cur_2_70,14,0.41020610799999996,0.8254069540000001,0.9055254979999999,0.9522698629999999,0.617891828,0.41020610799999996,0.020443246,0.01012722
cur_3,14,0.492038061,0.86814795,0.930309182,0.965261431,0.692508405,0.492038061,0.013070145,0.00275412
cur_3_60,14,0.47869114700000004,0.861909982,0.9267639959999999,0.9634243690000001,0.681014075,0.47869114700000004,0.013070145,0.00275412
cur_3_70,14,0.465343591,0.8554106340000001,0.9230445340000001,0.9614894209999999,0.669267689,0.465343591,0.013070145,0.00275412
recover,0,0.8538648120000001,0.908874774,0.9237508440000001,0.937760989,0.904378958,0.8538648120000001,0.005271026999999999,0.005271026999999999
recover_60,0,0.767114993,0.849005701,0.872281905,0.8946707190000001,0.8420694009999999,0.767114993,0.005271026999999999,0.005271026999999999
recover_70,0,0.767114993,0.849005701,0.872281905,0.8946707190000001,0.8420694009999999,0.767114993,0.005271026999999999,0.005271026999999999
