name,effectDays,infectReduct,reduceHosp,reduceIcu,reduceMort,reduceSympt,riskReduct,waneRate,waneRateOut
cur_2,14,0.50994214,0.8745356479999999,0.94186134,0.9711991659999999,0.635114005,0.50994214,0.020569423,0.017167212
cur_2_60,14,0.47381215600000004,0.857789487,0.9334172079999999,0.966866197,0.600991587,0.47381215600000004,0.020569423,0.017167212
cur_2_70,14,0.43796029,0.839222349,0.923847504,0.9619078040000001,0.565865369,0.43796029,0.020569423,0.017167212
cur_3,14,0.5606957220000001,0.895283495,0.95208563,0.9763934059999999,0.681013172,0.5606957220000001,0.013855593999999999,0.010453383
cur_3_60,14,0.524820823,0.880929574,0.9450398329999999,0.972820019,0.648809588,0.524820823,0.013855593999999999,0.010453383
cur_3_70,14,0.48869393299999997,0.8649078240000001,0.93702791,0.96872378,0.615197651,0.48869393299999997,0.013855593999999999,0.010453383
recover,0,0.91834433,0.98792433,0.994768278,0.9974797390000001,0.95333454,0.91834433,0.010269202,0.010269202
recover_60,0,0.836797872,0.982895625,0.992568177,0.996415783,0.934851402,0.836797872,0.010269202,0.010269202
recover_70,0,0.592960753,0.958456089,0.981691805,0.991119952,0.8520941320000001,0.592960753,0.010269202,0.010269202
