name,effectDays,infectReduct,reduceHosp,reduceIcu,reduceMort,reduceSympt,riskReduct,waneRate,waneRateOut
cur_2,14,0.527648574,0.88238638,0.944492219,0.97254116,0.664655679,0.527648574,0.021088852,0.016565925
cur_2_60,14,0.487516761,0.8646633220000001,0.935443122,0.967909348,0.627956646,0.487516761,0.021088852,0.016565925
cur_2_70,14,0.447557689,0.8447461159999999,0.925039383,0.962528154,0.589732705,0.447557689,0.021088852,0.016565925
cur_3,14,0.5643380889999999,0.896905547,0.951763658,0.976230698,0.696818024,0.5643380889999999,0.016220475,0.011697549
cur_3_60,14,0.524514441,0.881075492,0.943829481,0.972203458,0.661848023,0.524514441,0.016220475,0.011697549
cur_3_70,14,0.48438913,0.86319147,0.9346828859999999,0.967518166,0.625026875,0.48438913,0.016220475,0.011697549
recover,0,0.904449682,0.987955551,0.994653397,0.997424243,0.955888466,0.904449682,0.003536219,0.003536219
recover_60,0,0.8946001,0.9829396220000001,0.9924053540000001,0.996336945,0.938351466,0.8946001,0.003536219,0.003536219
recover_70,0,0.805552829,0.958560302,0.981295183,0.99092569,0.859371456,0.805552829,0.003536219,0.003536219
