name,effectDays,infectReduct,reduceHosp,reduceIcu,reduceMort,reduceSympt,riskReduct,waneRate,waneRateOut
cur_2,14,0.414421599,0.8295327259999999,0.8985960270000001,0.9485742629999999,0.680665593,0.414421599,0.021618376,0.010799568
cur_2_60,14,0.379744617,0.808052193,0.884607557,0.941027728,0.648377793,0.379744617,0.021618376,0.010799568
cur_2_70,14,0.34625910299999996,0.784572025,0.86897359,0.93245418,0.614679327,0.34625910299999996,0.021618376,0.010799568
cur_3,14,0.45213728200000003,0.8501778459999999,0.9117666179999999,0.9555744829999999,0.7131044440000001,0.45213728200000003,0.016565969,0.005747161
cur_3_60,14,0.416549344,0.830768073,0.899391585,0.948999974,0.68256693,0.416549344,0.016565969,0.005747161
cur_3_70,14,0.381816229,0.8094112440000001,0.885501377,0.941513417,0.650378233,0.381816229,0.016565969,0.005747161
recover,0,0.9212346690000001,0.988232208,0.9935033670000001,0.9968683340000001,0.973533808,0.9212346690000001,0.009406302,0.009406302
recover_60,0,0.872414756,0.983329549,0.9907762640000001,0.995547418,0.962738443,0.872414756,0.009406302,0.009406302
recover_70,0,0.703301855,0.959484467,0.97733733,0.9889827290000001,0.9120738540000001,0.703301855,0.009406302,0.009406302
