name,effectDays,infectReduct,reduceHosp,reduceIcu,reduceMort,reduceSympt,riskReduct,waneRate,waneRateOut
cur_2,14,0.46848155,0.856934326,0.924071903,0.96202466,0.67089356,0.46848155,0.02030411,0.010540051000000002
cur_2_60,14,0.440696129,0.842634392,0.9158234279999999,0.9577105090000001,0.6456867629999999,0.440696129,0.02030411,0.010540051000000002
cur_2_70,14,0.413270305,0.8271892340000001,0.9067668409999999,0.952928938,0.61963708,0.413270305,0.02030411,0.010540051000000002
cur_3,14,0.499983069,0.871717547,0.932464428,0.9663748190000001,0.6981287079999999,0.499983069,0.016155941,0.006391882
cur_3_60,14,0.471988394,0.858651519,0.9250537329999999,0.962535618,0.673994257,0.471988394,0.016155941,0.006391882
cur_3_70,14,0.444161662,0.844488285,0.916900127,0.958275842,0.648894084,0.444161662,0.016155941,0.006391882
recover,0,0.9295107440000001,0.988094932,0.994105128,0.9971593000000001,0.965808428,0.9295107440000001,0.006117455999999999,0.006117455999999999
recover_60,0,0.8980719159999999,0.9831360570000001,0.991628499,0.995960615,0.952017247,0.8980719159999999,0.006117455999999999,0.006117455999999999
recover_70,0,0.7726631429999999,0.959025742,0.979405455,0.9899990059999999,0.888463896,0.7726631429999999,0.006117455999999999,0.006117455999999999
