name,effectDays,infectReduct,reduceHosp,reduceIcu,reduceMort,reduceSympt,riskReduct,waneRate,waneRateOut
cur_2,14,0.453108089,0.8500352729999999,0.9153897440000001,0.9574826120000001,0.690207437,0.453108089,0.021009943,0.011905713
cur_2_60,14,0.39624018,0.817849086,0.8955059740000001,0.946917215,0.638313981,0.39624018,0.021009943,0.011905713
cur_2_70,14,0.342083545,0.780567276,0.8716236940000001,0.933917982,0.58302086,0.342083545,0.021009943,0.011905713
cur_3,14,0.466889041,0.85697144,0.919589082,0.9596848240000001,0.701943905,0.466889041,0.019185861000000002,0.01008163
cur_3_60,14,0.40958689200000004,0.825969145,0.900584997,0.949637884,0.651022405,0.40958689200000004,0.019185861000000002,0.01008163
cur_3_70,14,0.354677688,0.789922407,0.877705009,0.9372607609999999,0.596443808,0.354677688,0.019185861000000002,0.01008163
recover,0,0.8236962259999999,0.87745537,0.9133720559999999,0.927138205,0.891823142,0.8236962259999999,0.004636602,0.004636602
recover_60,0,0.69683513,0.778893452,0.838376756,0.8622633209999999,0.802212312,0.69683513,0.004636602,0.004636602
recover_70,0,0.69683513,0.778893452,0.838376756,0.8622633209999999,0.802212312,0.69683513,0.004636602,0.004636602
