name,effectDays,infectReduct,reduceHosp,reduceIcu,reduceMort,reduceSympt,riskReduct,waneRate,waneRateOut
cur_2,14,0.40977700100000003,0.826919555,0.896215161,0.947298015,0.680424487,0.40977700100000003,0.021313442000000002,0.00917921
cur_2_60,14,0.376271536,0.805876223,0.882398696,0.939825405,0.64912756,0.376271536,0.021313442000000002,0.00917921
cur_2_70,14,0.343913305,0.78294895,0.867017844,0.931371134,0.6164972910000001,0.343913305,0.021313442000000002,0.00917921
cur_3,14,0.429675937,0.8383042759999999,0.9035733340000001,0.951231576,0.697925173,0.429675937,0.018626958,0.006492726999999999
cur_3_60,14,0.395634059,0.818341036,0.890616878,0.944283902,0.667504629,0.395634059,0.018626958,0.006492726999999999
cur_3_70,14,0.362578656,0.79651421,0.876160018,0.93641365,0.635624053,0.362578656,0.018626958,0.006492726999999999
recover,0,0.9521995740000001,0.9882415390000001,0.993460047,0.99684738,0.97399523,0.9521995740000001,0.0031006640000000004,0.0031006640000000004
recover_60,0,0.917493007,0.9833427029999999,0.990714929,0.9955176659999999,0.9633809959999999,0.917493007,0.0031006640000000004,0.0031006640000000004
recover_70,0,0.787911038,0.959515662,0.977188686,0.9889096009999999,0.913511601,0.787911038,0.0031006640000000004,0.0031006640000000004
