name,effectDays,infectReduct,reduceHosp,reduceIcu,reduceMort,reduceSympt,riskReduct,waneRate,waneRateOut
cur_2,14,0.381925401,0.8096164490000001,0.884812881,0.941139341,0.6549117760000001,0.381925401,0.021377547,0.009088268
cur_2_60,14,0.34438799600000003,0.7833172540000001,0.8671972920000001,0.931470606,0.617342595,0.34438799600000003,0.021377547,0.009088268
cur_2_70,14,0.308708651,0.754496666,0.8473593890000001,0.920351958,0.5783298170000001,0.308708651,0.021377547,0.009088268
cur_3,14,0.41194190700000005,0.8282052190000001,0.8969937020000001,0.9477157140000001,0.6826854990000001,0.41194190700000005,0.017253477,0.0049641979999999995
cur_3_60,14,0.373235851,0.803851726,0.880990375,0.939057295,0.64650795,0.373235851,0.017253477,0.0049641979999999995
cur_3_70,14,0.336099964,0.7769847870000001,0.8628870959999999,0.929075835,0.6085833589999999,0.336099964,0.017253477,0.0049641979999999995
recover,0,0.940660892,0.988242301,0.9934564990000001,0.9968456640000001,0.974032531,0.940660892,0.011649752,0.011649752
recover_60,0,0.922217315,0.9833437759999999,0.9907099070000001,0.99551523,0.96343295,0.922217315,0.011649752,0.011649752
recover_70,0,0.833480847,0.9595182059999999,0.977176516,0.988903613,0.913627965,0.833480847,0.011649752,0.011649752
