name,effectDays,infectReduct,reduceHosp,reduceIcu,reduceMort,reduceSympt,riskReduct,waneRate,waneRateOut
cur_2,14,0.612549063,0.912820808,0.964359758,0.982554756,0.671903507,0.612549063,0.019498305,0.020327951
cur_2_60,14,0.5798866420000001,0.901396828,0.9593889840000001,0.980069207,0.64131478,0.5798866420000001,0.019498305,0.020327951
cur_2_70,14,0.546511636,0.888659402,0.953758604,0.977237943,0.60953384,0.546511636,0.019498305,0.020327951
cur_3,14,0.631667064,0.919079788,0.9670520859999999,0.983895555,0.689576978,0.631667064,0.016824265,0.01765391
cur_3_60,14,0.599562725,0.9083936770000001,0.96244219,0.9815974609999999,0.659801695,0.599562725,0.016824265,0.01765391
cur_3_70,14,0.566582537,0.89645627,0.9572162340000001,0.9789786359999999,0.628710439,0.566582537,0.016824265,0.01765391
recover,0,0.911841542,0.9877880109999999,0.995238715,0.997706923,0.940547419,0.911841542,0.007139938,0.007139938
recover_60,0,0.856721686,0.982703532,0.993235102,0.996738562,0.917438208,0.856721686,0.007139938,0.007139938
recover_70,0,0.6725892059999999,0.9580012529999999,0.983318363,0.9919157820000001,0.8168937390000001,0.6725892059999999,0.007139938,0.007139938
