name,effectDays,infectReduct,reduceHosp,reduceIcu,reduceMort,reduceSympt,riskReduct,waneRate,waneRateOut
cur_2,14,0.5275797210000001,0.882383362,0.9443696220000001,0.972478708,0.665832645,0.5275797210000001,0.022285382000000003,0.015385906999999999
cur_2_60,14,0.49565032,0.868454908,0.9372597979999999,0.968842832,0.636814872,0.49565032,0.022285382000000003,0.015385906999999999
cur_2_70,14,0.46375555799999996,0.853151115,0.929309112,0.964743921,0.6067647070000001,0.46375555799999996,0.022285382000000003,0.015385906999999999
cur_3,14,0.541006752,0.887869499,0.947137672,0.9738867840000001,0.677730532,0.541006752,0.020511181,0.013611706000000001
cur_3_60,14,0.509140513,0.874498323,0.940359275,0.970431275,0.649201594,0.509140513,0.020511181,0.013611706000000001
cur_3_70,14,0.47719902,0.859784097,0.932773195,0.966534115,0.619564044,0.47719902,0.020511181,0.013611706000000001
recover,0,0.8937282329999999,0.9879584920000001,0.994642432,0.9974189459999999,0.956122371,0.8937282329999999,0.004438320999999999,0.004438320999999999
recover_60,0,0.81475868,0.9829437670000001,0.992389813,0.99632942,0.938672397,0.81475868,0.004438320999999999,0.004438320999999999
recover_70,0,0.58241544,0.9585701190000001,0.9812573379999999,0.99090715,0.860042218,0.58241544,0.004438320999999999,0.004438320999999999
