name,effectDays,infectReduct,reduceHosp,reduceIcu,reduceMort,reduceSympt,riskReduct,waneRate,waneRateOut
cur_2,14,0.6037927160000001,0.91125148,0.95763067,0.9791868490000001,0.7439716340000001,0.6037927160000001,0.023448542000000003,0.016818677
cur_2_60,14,0.571840425,0.8999872329999999,0.951942572,0.9763211190000001,0.7180450970000001,0.571840425,0.023448542000000003,0.016818677
cur_2_70,14,0.539278416,0.8874701909999999,0.945534456,0.973071754,0.690585777,0.539278416,0.023448542000000003,0.016818677
cur_3,14,0.517321331,0.878364393,0.940813812,0.970663775,0.671446419,0.517321331,0.035020499,0.028390635
cur_3_60,14,0.484351022,0.863551037,0.93302594,0.966664469,0.641712549,0.484351022,0.035020499,0.028390635
cur_3_70,14,0.451517234,0.847247825,0.924296021,0.962141342,0.610848182,0.451517234,0.035020499,0.028390635
recover,0,0.942252157,0.9879935790000001,0.9945096609999999,0.9973548000000001,0.95882736,0.942252157,0.005768031,0.005768031
recover_60,0,0.8724958690000001,0.9829932140000001,0.9922016570000001,0.996238298,0.94238833,0.8724958690000001,0.005768031,0.005768031
recover_70,0,0.645204772,0.958687258,0.9807992640000001,0.99068268,0.867851742,0.645204772,0.005768031,0.005768031
