name,effectDays,infectReduct,reduceHosp,reduceIcu,reduceMort,reduceSympt,riskReduct,waneRate,waneRateOut
cur_2,14,0.501476396,0.871989769,0.9346627270000001,0.967507789,0.6823946120000001,0.501476396,0.021917999,0.014624218000000001
cur_2_60,14,0.49061254,0.8670596970000001,0.9319580409999999,0.966113454,0.6729017079999999,0.49061254,0.021917999,0.014624218000000001
cur_2_70,14,0.47972239,0.861953049,0.9291406059999999,0.964656669,0.663233623,0.47972239,0.021917999,0.014624218000000001
cur_3,14,0.481762997,0.8629228659999999,0.929676921,0.964934318,0.665057008,0.481762997,0.02451151,0.01721773
cur_3_60,14,0.47092278600000004,0.857700584,0.9267820109999999,0.963433722,0.655307657,0.47092278600000004,0.02451151,0.01721773
cur_3_70,14,0.46007494600000004,0.852295667,0.923767782,0.9618662809999999,0.645393588,0.46007494600000004,0.02451151,0.01721773
recover,0,0.9235553209999999,0.988053255,0.9942753529999999,0.997241575,0.96308091,0.9235553209999999,0.009001673,0.009001673
recover_60,0,0.904742157,0.9830773190000001,0.9918696570000001,0.996077471,0.948248533,0.904742157,0.009001673,0.009001673
recover_70,0,0.806680287,0.958886537,0.979991617,0.990286645,0.880330962,0.806680287,0.009001673,0.009001673
