name,effectDays,infectReduct,reduceHosp,reduceIcu,reduceMort,reduceSympt,riskReduct,waneRate,waneRateOut
cur_2,14,0.315187932,0.761834289,0.840543388,0.916474075,0.6381570120000001,0.315187932,0.019278353,0.012241358999999999
cur_2_60,14,0.30039253,0.749004199,0.83101287,0.911001313,0.621970395,0.30039253,0.019278353,0.012241358999999999
cur_2_70,14,0.28598149,0.7357035670000001,0.821019543,0.905198609,0.605483787,0.28598149,0.019278353,0.012241358999999999
cur_3,14,0.414735147,0.8312221,0.890301817,0.9441137209999999,0.730847164,0.414735147,0.005090374,-0.001946619
cur_3_60,14,0.397982529,0.8212529359999999,0.8833325059999999,0.940334053,0.716967949,0.397982529,0.005090374,-0.001946619
cur_3_70,14,0.38144232200000006,0.810813837,0.875971405,0.9363101340000001,0.702643639,0.38144232200000006,0.005090374,-0.001946619
recover,0,0.95191747,0.991969317,0.9951113420000001,0.9976454229999999,0.9855290320000001,0.95191747,0.009129743000000001,0.009129743000000001
recover_60,0,0.9049754990000001,0.99078802,0.9943896170000001,0.997296794,0.98341622,0.9049754990000001,0.009129743000000001,0.009129743000000001
recover_70,0,0.738530364,0.980871354,0.988304292,0.994346825,0.965837463,0.738530364,0.009129743000000001,0.009129743000000001
