name,effectDays,infectReduct,reduceHosp,reduceIcu,reduceMort,reduceSympt,riskReduct,waneRate,waneRateOut
cur_2,14,0.518956105,0.87903005,0.941316802,0.970920928,0.671388971,0.518956105,0.020194263,0.015930088999999998
cur_2_60,14,0.503133165,0.872132742,0.937719258,0.969078633,0.657268649,0.503133165,0.020194263,0.015930088999999998
cur_2_70,14,0.487276855,0.8648899409999999,0.933909958,0.967120125,0.642839435,0.487276855,0.020194263,0.015930088999999998
cur_3,14,0.527866846,0.88277748,0.943259251,0.971912702,0.679221431,0.527866846,0.019019833,0.014755658999999999
cur_3_60,14,0.512061424,0.876063712,0.939773168,0.970131308,0.665269873,0.512061424,0.019019833,0.014755658999999999
cur_3_70,14,0.496204739,0.8690101309999999,0.93608093,0.968237288,0.650998648,0.496204739,0.019019833,0.014755658999999999
recover,0,0.777578975,0.8457043059999999,0.921065755,0.89843547,0.828922695,0.777578975,0.0030222540000000003,0.0030222540000000003
recover_60,0,0.558749126,0.6650259070000001,0.80866983,0.762137535,0.637027383,0.558749126,0.0030222540000000003,0.0030222540000000003
recover_70,0,0.558749126,0.6650259070000001,0.80866983,0.762137535,0.637027383,0.558749126,0.0030222540000000003,0.0030222540000000003
