name,effectDays,infectReduct,reduceHosp,reduceIcu,reduceMort,reduceSympt,riskReduct,waneRate,waneRateOut
cur_2,14,0.44065683200000005,0.843661971,0.9105744,0.95494495,0.68533231,0.44065683200000005,0.020270621000000003,0.014740122
cur_2_60,14,0.424012661,0.83450611,0.9048954859999999,0.9519350240000001,0.670525135,0.424012661,0.020270621000000003,0.014740122
cur_2_70,14,0.407514699,0.824910712,0.89888679,0.9487298959999999,0.655348732,0.407514699,0.020270621000000003,0.014740122
cur_3,14,0.47883413700000005,0.862891228,0.92233124,0.961117459,0.7175152029999999,0.47883413700000005,0.015214751,0.009684253
cur_3_60,14,0.461938854,0.854667524,0.917331153,0.958501972,0.7035674,0.461938854,0.015214751,0.009684253
cur_3_70,14,0.445105574,0.8460254070000001,0.912031763,0.9557143770000001,0.689207545,0.445105574,0.015214751,0.009684253
recover,0,0.853286928,0.908048215,0.9232690709999999,0.918798929,0.89528945,0.853286928,0.004938642,0.004938642
recover_60,0,0.728443554,0.819971757,0.8473206040000001,0.83919652,0.797714426,0.728443554,0.004938642,0.004938642
recover_70,0,0.728443554,0.819971757,0.8473206040000001,0.83919652,0.797714426,0.728443554,0.004938642,0.004938642
