name,effectDays,infectReduct,reduceHosp,reduceIcu,reduceMort,reduceSympt,riskReduct,waneRate,waneRateOut
cur_2,14,0.575898453,0.9005612690000001,0.9563828390000001,0.9785596609999999,0.6730176999999999,0.575898453,0.02152585,0.016677729
cur_2_60,14,0.568123116,0.89768066,0.955038573,0.9778830709999999,0.66599023,0.568123116,0.02152585,0.016677729
cur_2_70,14,0.560274661,0.894711293,0.9536478159999999,0.977182063,0.658852329,0.560274661,0.02152585,0.016677729
cur_3,14,0.5845172160000001,0.903685555,0.957835372,0.979289657,0.680756864,0.5845172160000001,0.020362454,0.015514333
cur_3_60,14,0.5767837720000001,0.9008854909999999,0.956533838,0.9786356009999999,0.67381511,0.5767837720000001,0.020362454,0.015514333
cur_3_70,14,0.568973297,0.8979985620000001,0.955187163,0.977957906,0.666760758,0.568973297,0.020362454,0.015514333
recover,0,0.8910878740000001,0.929388098,0.947783917,0.954742085,0.918305831,0.8910878740000001,0.006294949,0.006294949
recover_60,0,0.79956837,0.865183248,0.8984785890000001,0.911392799,0.845697274,0.79956837,0.006294949,0.006294949
recover_70,0,0.79956837,0.865183248,0.8984785890000001,0.911392799,0.845697274,0.79956837,0.006294949,0.006294949
