name,effectDays,infectReduct,reduceHosp,reduceIcu,reduceMort,reduceSympt,riskReduct,waneRate,waneRateOut
cur_2,14,0.597584759,0.908174211,0.96040745,0.9805795409999999,0.685705564,0.597584759,0.020391396000000003,0.016188753
cur_2_60,14,0.561229761,0.894945718,0.954325275,0.977523664,0.6526846479999999,0.561229761,0.020391396000000003,0.016188753
cur_2_70,14,0.524213309,0.880066542,0.947361555,0.974000489,0.618134,0.524213309,0.020391396000000003,0.016188753
cur_3,14,0.595211881,0.907348803,0.960030895,0.9803909209999999,0.6835771620000001,0.595211881,0.020715493999999997,0.01651285
cur_3_60,14,0.558800783,0.894015278,0.9538936509999999,0.9773060509999999,0.650446623,0.558800783,0.020715493999999997,0.01651285
cur_3_70,14,0.5217540310000001,0.8790221359999999,0.946867789,0.9737496809999999,0.61580439,0.5217540310000001,0.020715493999999997,0.01651285
recover,0,0.9136187640000001,0.9423850890000001,0.960566512,0.96529892,0.936195652,0.9136187640000001,0.0070534759999999995,0.0070534759999999995
recover_60,0,0.8288331729999999,0.8821937009999999,0.917711004,0.927196692,0.8704271140000001,0.8288331729999999,0.0070534759999999995,0.0070534759999999995
recover_70,0,0.8288331729999999,0.8821937009999999,0.917711004,0.927196692,0.8704271140000001,0.8288331729999999,0.0070534759999999995,0.0070534759999999995
