name,effectDays,infectReduct,reduceHosp,reduceIcu,reduceMort,reduceSympt,riskReduct,waneRate,waneRateOut
cur_2,14,0.509154113,0.874734318,0.9393744559999999,0.96992714,0.659885002,0.509154113,0.020348604,0.015967956000000002
cur_2_60,14,0.46793845799999995,0.8555041729999999,0.929265098,0.964721132,0.62192781,0.46793845799999995,0.020348604,0.015967956000000002
cur_2_70,14,0.427169785,0.8338905040000001,0.91762218,0.958654593,0.58242918,0.427169785,0.020348604,0.015967956000000002
cur_3,14,0.558653057,0.8949714940000001,0.9497684390000001,0.9752211709999999,0.7030488220000001,0.558653057,0.013803613000000001,0.009422965
cur_3_60,14,0.517656262,0.87841624,0.94128395,0.970904137,0.667481388,0.517656262,0.013803613000000001,0.009422965
cur_3_70,14,0.47643472,0.8596675770000001,0.931473443,0.965863203,0.629909885,0.47643472,0.013803613000000001,0.009422965
recover,0,0.91248924,0.98798342,0.994548474,0.997373552,0.95806027,0.91248924,0.004198155,0.004198155
recover_60,0,0.825230707,0.9829788979999999,0.992256658,0.996264936,0.941333703,0.825230707,0.004198155,0.004198155
recover_70,0,0.57160966,0.9586533420000001,0.980933139,0.9907482940000001,0.865627217,0.57160966,0.004198155,0.004198155
