name,effectDays,infectReduct,reduceHosp,reduceIcu,reduceMort,reduceSympt,riskReduct,waneRate,waneRateOut
cur_2,14,0.41101853,0.8279591140000001,0.8950200309999999,0.946656115,0.691944239,0.41101853,0.02167912,0.009415333
cur_2_60,14,0.38158266799999996,0.809713868,0.882880695,0.940088017,0.665108812,0.38158266799999996,0.02167912,0.009415333
cur_2_70,14,0.35298896700000004,0.7900225759999999,0.869540993,0.9327679520000001,0.637158985,0.35298896700000004,0.02167912,0.009415333
cur_3,14,0.45310035200000004,0.8510469759999999,0.910085658,0.9546866409999999,0.727272735,0.45310035200000004,0.01603732,0.003773533
cur_3_60,14,0.42281422700000004,0.8347615820000001,0.899492801,0.949054108,0.702190291,0.42281422700000004,0.01603732,0.003773533
cur_3_70,14,0.393094795,0.8170767290000001,0.8878047459999999,0.9427628259999999,0.6758268620000001,0.393094795,0.01603732,0.003773533
recover,0,0.903267936,0.924612312,0.955588393,0.9652469570000001,0.9238544,0.903267936,0.00638195,0.00638195
recover_60,0,0.8214842940000001,0.85803843,0.9138194390000001,0.931914626,0.8567149359999999,0.8214842940000001,0.00638195,0.00638195
recover_70,0,0.8214842940000001,0.85803843,0.9138194390000001,0.931914626,0.8567149359999999,0.8214842940000001,0.00638195,0.00638195
