name,effectDays,infectReduct,reduceHosp,reduceIcu,reduceMort,reduceSympt,riskReduct,waneRate,waneRateOut
cur_2,14,0.468465425,0.857452847,0.921514162,0.9606910240000001,0.6918810470000001,0.468465425,0.02065244,0.010171244
cur_2_60,14,0.44597714299999996,0.846012285,0.914703587,0.9571218220000001,0.672231638,0.44597714299999996,0.02065244,0.010171244
cur_2_70,14,0.42369225299999996,0.8338226120000001,0.907356066,0.9532414659999999,0.65194499,0.42369225299999996,0.02065244,0.010171244
cur_3,14,0.477578248,0.861863204,0.92411789,0.962048605,0.6996195559999999,0.477578248,0.019450508999999998,0.008969313000000001
cur_3_60,14,0.45502700100000004,0.8507149820000001,0.917513028,0.958597357,0.680235567,0.45502700100000004,0.019450508999999998,0.008969313000000001
cur_3_70,14,0.432643037,0.838826655,0.910383805,0.954844233,0.660193895,0.432643037,0.019450508999999998,0.008969313000000001
recover,0,0.8707769879999999,0.905124255,0.94059812,0.9607098070000001,0.901985226,0.8707769879999999,0.0055010269999999995,0.0055010269999999995
recover_60,0,0.760813411,0.818289602,0.8819979840000001,0.9202681109999999,0.8128715590000001,0.760813411,0.0055010269999999995,0.0055010269999999995
recover_70,0,0.760813411,0.818289602,0.8819979840000001,0.9202681109999999,0.8128715590000001,0.760813411,0.0055010269999999995,0.0055010269999999995
