name,effectDays,infectReduct,reduceHosp,reduceIcu,reduceMort,reduceSympt,riskReduct,waneRate,waneRateOut
cur_2,14,0.40966889799999995,0.8264738340000001,0.8982211859999999,0.9483735520000001,0.667152509,0.40966889799999995,0.021733649,0.007722756999999999
cur_2_60,14,0.391108068,0.815103255,0.890931536,0.944453806,0.649766201,0.391108068,0.021733649,0.007722756999999999
cur_2_70,14,0.37283701399999997,0.8031515159999999,0.8831788490000001,0.940250392,0.631952792,0.37283701399999997,0.021733649,0.007722756999999999
cur_3,14,0.426237045,0.836026222,0.904281401,0.951608428,0.682101834,0.426237045,0.019494298,0.005483406
cur_3_60,14,0.40744365899999996,0.8251491540000001,0.897376208,0.9479208029999999,0.665104421,0.40744365899999996,0.019494298,0.005483406
cur_3_70,14,0.38889688200000005,0.813698362,0.8900250690000001,0.943964185,0.647648095,0.38889688200000005,0.019494298,0.005483406
recover,0,0.913864118,0.988210542,0.99360272,0.996916386,0.972433071,0.913864118,0.006102041,0.006102041
recover_60,0,0.884177329,0.9832990090000001,0.9909169409999999,0.9956156490000001,0.9612066140000001,0.884177329,0.006102041,0.006102041
recover_70,0,0.75754568,0.959412048,0.977678355,0.9891504609999999,0.908656813,0.75754568,0.006102041,0.006102041
