name,effectDays,infectReduct,reduceHosp,reduceIcu,reduceMort,reduceSympt,riskReduct,waneRate,waneRateOut
cur_2,14,0.503812578,0.872535699,0.93743914,0.9689348870000001,0.662426165,0.503812578,0.020724463999999998,0.01096847
cur_2_60,14,0.476994631,0.860113158,0.930840654,0.9655362270000001,0.638021634,0.476994631,0.020724463999999998,0.01096847
cur_2_70,14,0.450299606,0.8466878940000001,0.923600337,0.961779057,0.612875151,0.450299606,0.020724463999999998,0.01096847
cur_3,14,0.552306518,0.892670214,0.947933162,0.9742906709999999,0.704510225,0.552306518,0.014321928999999999,0.004565935
cur_3_60,14,0.525641803,0.8819444609999999,0.942373473,0.971460698,0.681686149,0.525641803,0.014321928999999999,0.004565935
cur_3_70,14,0.49882088399999996,0.87029845,0.936257852,0.968328216,0.6579467929999999,0.49882088399999996,0.014321928999999999,0.004565935
recover,0,0.8294770920000001,0.897111703,0.913491658,0.9368174979999999,0.856472984,0.8294770920000001,0.004348275,0.004348275
recover_60,0,0.6937703270000001,0.802408525,0.831025565,0.8735082890000001,0.73539687,0.6937703270000001,0.004348275,0.004348275
recover_70,0,0.6937703270000001,0.802408525,0.831025565,0.8735082890000001,0.73539687,0.6937703270000001,0.004348275,0.004348275
