name,effectDays,infectReduct,reduceHosp,reduceIcu,reduceMort,reduceSympt,riskReduct,waneRate,waneRateOut
cur_2,14,0.438529151,0.843401141,0.905212032,0.9521032909999999,0.7149633740000001,0.438529151,0.021197422,0.014522633
cur_2_60,14,0.407183697,0.825673381,0.8935988090000001,0.9458916829999999,0.688073279,0.407183697,0.021197422,0.014522633
cur_2_70,14,0.376575555,0.806399089,0.880749972,0.938926057,0.6598528020000001,0.376575555,0.021197422,0.014522633
cur_3,14,0.41931800399999997,0.832759932,0.89826435,0.9483966690000001,0.6987123159999999,0.41931800399999997,0.023776275,0.017101486000000003
cur_3_60,14,0.388395838,0.8140930670000001,0.885907199,0.941733776,0.670994604,0.388395838,0.023776275,0.017101486000000003
cur_3_70,14,0.35834628399999996,0.79385807,0.8722623079999999,0.934270079,0.642032843,0.35834628399999996,0.023776275,0.017101486000000003
recover,0,0.9153524890000001,0.988265343,0.9933480840000001,0.99679322,0.975138596,0.9153524890000001,0.005425148,0.005425148
recover_60,0,0.8850610790000001,0.983376257,0.9905564170000001,0.9954407679999999,0.964974262,0.8850610790000001,0.005425148,0.005425148
recover_70,0,0.757607957,0.95959524,0.976804665,0.98872062,0.917087907,0.757607957,0.005425148,0.005425148
