name,effectDays,infectReduct,reduceHosp,reduceIcu,reduceMort,reduceSympt,riskReduct,waneRate,waneRateOut
cur_2,14,0.430766493,0.838012932,0.908627898,0.95391537,0.66673648,0.430766493,0.020504242,0.013519335
cur_2_60,14,0.43096399799999996,0.8381222359999999,0.908694745,0.953950764,0.666915419,0.43096399799999996,0.020504242,0.013519335
cur_2_70,14,0.431109271,0.838202587,0.90874388,0.953976778,0.6670469920000001,0.431109271,0.020504242,0.013519335
cur_3,14,0.45083523299999995,0.848764689,0.9151671159999999,0.9573655809999999,0.684577606,0.45083523299999995,0.017827158,0.01084225
cur_3_60,14,0.451034648,0.848868046,0.915229625,0.9573984440000001,0.684751495,0.451034648,0.017827158,0.01084225
cur_3_70,14,0.45118132200000005,0.848944025,0.915275572,0.957422597,0.684879351,0.45118132200000005,0.017827158,0.01084225
recover,0,0.9428781999999999,0.988164638,0.9938076920000001,0.997015505,0.969959323,0.9428781999999999,0.004569516,0.004569516
recover_60,0,0.9240878859999999,0.983234306,0.9912072059999999,0.995756402,0.9577691979999999,0.9240878859999999,0.004569516,0.004569516
recover_70,0,0.8355679979999999,0.959258635,0.9783824520000001,0.989496578,0.901042426,0.8355679979999999,0.004569516,0.004569516
