name,effectDays,infectReduct,reduceHosp,reduceIcu,reduceMort,reduceSympt,riskReduct,waneRate,waneRateOut
cur_2,14,0.428142756,0.838876196,0.895101503,0.9466998999999999,0.744041284,0.428142756,0.022488036,0.011828098
cur_2_60,14,0.410298875,0.828721437,0.8880172829999999,0.9428779509999999,0.729834503,0.410298875,0.022488036,0.011828098
cur_2_70,14,0.39266601700000003,0.818051761,0.880508801,0.938794365,0.715122302,0.39266601700000003,0.022488036,0.011828098
cur_3,14,0.38182052899999996,0.81114919,0.875615392,0.936114687,0.7057195959999999,0.38182052899999996,0.028813366,0.018153428
cur_3_60,14,0.36467609100000004,0.799664272,0.867410129,0.931588561,0.6902712320000001,0.36467609100000004,0.028813366,0.018153428
cur_3_70,14,0.347847361,0.7876483190000001,0.858739725,0.9267606009999999,0.674365834,0.347847361,0.028813366,0.018153428
recover,0,0.812910145,0.875986472,0.882499136,0.920012698,0.8670952679999999,0.812910145,0.00445304,0.00445304
recover_60,0,0.667499041,0.7654551190000001,0.7762900290000001,0.8416269059999999,0.7508928640000001,0.667499041,0.00445304,0.00445304
recover_70,0,0.667499041,0.7654551190000001,0.7762900290000001,0.8416269059999999,0.7508928640000001,0.667499041,0.00445304,0.00445304
