name,effectDays,infectReduct,reduceHosp,reduceIcu,reduceMort,reduceSympt,riskReduct,waneRate,waneRateOut
cur_2,14,0.338091985,0.780899151,0.849826048,0.921747993,0.6816136209999999,0.338091985,0.022543491000000002,0.009352014
cur_2_60,14,0.295872652,0.745677942,0.8231761059999999,0.9064564490000001,0.6378340889999999,0.295872652,0.022543491000000002,0.009352014
cur_2_70,14,0.256899778,0.7069419,0.79296662,0.8885486359999999,0.5916670079999999,0.256899778,0.022543491000000002,0.009352014
cur_3,14,0.356837588,0.7947185309999999,0.860076974,0.9275082840000001,0.699283723,0.356837588,0.019824848,0.006633371
cur_3_60,14,0.313385692,0.761039035,0.834892739,0.913236426,0.6567101989999999,0.313385692,0.019824848,0.006633371
cur_3_70,14,0.273000368,0.723775967,0.806213748,0.896478329,0.61148367,0.273000368,0.019824848,0.006633371
recover,0,0.9339177590000001,0.988401788,0.992663733,0.996462044,0.980838819,0.9339177590000001,0.007246905,0.007246905
recover_60,0,0.9121819,0.983568605,0.9895878690000001,0.9949706229999999,0.972940293,0.9121819,0.007246905,0.007246905
recover_70,0,0.8121800929999999,0.960051572,0.974462079,0.987566154,0.935213711,0.8121800929999999,0.007246905,0.007246905
