name,effectDays,infectReduct,reduceHosp,reduceIcu,reduceMort,reduceSympt,riskReduct,waneRate,waneRateOut
cur_2,14,0.5507140460000001,0.891628292,0.949401273,0.975035161,0.6821443420000001,0.5507140460000001,0.022672899,0.014774056
cur_2_60,14,0.514886892,0.8769102940000001,0.942019223,0.971279808,0.65013961,0.514886892,0.022672899,0.014774056
cur_2_70,14,0.478911855,0.860508938,0.933636894,0.966979424,0.61672846,0.478911855,0.022672899,0.014774056
cur_3,14,0.582696448,0.903591116,0.955306385,0.978017942,0.70970263,0.582696448,0.018389184,0.010490341
cur_3_60,14,0.547323305,0.890297901,0.9487393390000001,0.974699634,0.6791676440000001,0.547323305,0.018389184,0.010490341
cur_3_70,14,0.511471407,0.8754269920000001,0.9412679709999999,0.97089597,0.64702357,0.511471407,0.018389184,0.010490341
recover,0,0.8492379000000001,0.902094177,0.93232965,0.9072367570000001,0.87940748,0.8492379000000001,0.004377130999999999,0.004377130999999999
recover_60,0,0.716282758,0.805051922,0.860625987,0.814242111,0.76571859,0.716282758,0.004377130999999999,0.004377130999999999
recover_70,0,0.716282758,0.805051922,0.860625987,0.814242111,0.76571859,0.716282758,0.004377130999999999,0.004377130999999999
