name,effectDays,infectReduct,reduceHosp,reduceIcu,reduceMort,reduceSympt,riskReduct,waneRate,waneRateOut
cur_2,14,0.484669091,0.865285637,0.92571623,0.962880084,0.708567775,0.484669091,0.021297864,0.01251109
cur_2_60,14,0.44606397700000006,0.84614225,0.914309824,0.956914655,0.675505846,0.44606397700000006,0.021297864,0.01251109
cur_2_70,14,0.40810874700000005,0.8248352309999999,0.901342304,0.950042253,0.6406052010000001,0.40810874700000005,0.021297864,0.01251109
cur_3,14,0.46035128799999997,0.853499648,0.91872061,0.959230204,0.688014365,0.46035128799999997,0.02450616,0.015719386000000002
cur_3_60,14,0.42209661299999995,0.833004663,0.906348686,0.9527070240000001,0.653760111,0.42209661299999995,0.02450616,0.015719386000000002
cur_3_70,14,0.384764204,0.810286202,0.8923182940000001,0.9452019079999999,0.617843785,0.384764204,0.02450616,0.015719386000000002
recover,0,0.898476895,0.9421072890000001,0.93112963,0.971804813,0.898599679,0.898476895,0.006011338000000001,0.006011338000000001
recover_60,0,0.80456172,0.8833111109999999,0.862808019,0.941290052,0.804773407,0.80456172,0.006011338000000001,0.006011338000000001
recover_70,0,0.80456172,0.8833111109999999,0.862808019,0.941290052,0.804773407,0.80456172,0.006011338000000001,0.006011338000000001
