name,effectDays,infectReduct,reduceHosp,reduceIcu,reduceMort,reduceSympt,riskReduct,waneRate,waneRateOut
cur_2,14,0.5318905829999999,0.883578102,0.947695035,0.974169805,0.640494322,0.5318905829999999,0.021664713999999998,0.016362248
cur_2_60,14,0.510889025,0.8746360009999999,0.9433619329999999,0.971965072,0.620892356,0.510889025,0.021664713999999998,0.016362248
cur_2_70,14,0.489830355,0.865103242,0.938688803,0.969575836,0.600869745,0.489830355,0.021664713999999998,0.016362248
cur_3,14,0.58370392,0.90352505,0.95718888,0.97896489,0.6873526679999999,0.58370392,0.014752011,0.009449544
cur_3_60,14,0.563117588,0.895934584,0.953603773,0.9771598459999999,0.66898522,0.563117588,0.014752011,0.009449544
cur_3_70,14,0.5422930020000001,0.887813648,0.9497306529999999,0.975202032,0.6500711029999999,0.5422930020000001,0.014752011,0.009449544
recover,0,0.841964815,0.9028769390000001,0.938558474,0.941130988,0.8770604940000001,0.841964815,0.0049424,0.0049424
recover_60,0,0.6903189390000001,0.795482887,0.864707185,0.869943325,0.749054097,0.6903189390000001,0.0049424,0.0049424
recover_70,0,0.6903189390000001,0.795482887,0.864707185,0.869943325,0.749054097,0.6903189390000001,0.0049424,0.0049424
