name,effectDays,infectReduct,reduceHosp,reduceIcu,reduceMort,reduceSympt,riskReduct,waneRate,waneRateOut
cur_2,14,0.536262321,0.8851632290000001,0.949393258,0.9750310999999999,0.633802102,0.536262321,0.020879261,0.015382963000000001
cur_2_60,14,0.502920306,0.870865977,0.9425738909999999,0.971563007,0.6022717639999999,0.502920306,0.020879261,0.015382963000000001
cur_2_70,14,0.469553851,0.8550809070000001,0.934898991,0.9676293970000001,0.56987055,0.469553851,0.020879261,0.015382963000000001
cur_3,14,0.585322467,0.903925035,0.9581573409999999,0.9794513159999999,0.6787253529999999,0.585322467,0.014325046999999999,0.008828749
cur_3_60,14,0.5525647260000001,0.891677789,0.952459816,0.97658243,0.648920418,0.5525647260000001,0.014325046999999999,0.008828749
cur_3_70,14,0.519345808,0.878080557,0.946030502,0.9733240790000001,0.617908517,0.519345808,0.014325046999999999,0.008828749
recover,0,0.9189340359999999,0.99162954,0.9965437840000001,0.998336587,0.963769235,0.9189340359999999,0.00922166,0.00922166
recover_60,0,0.91134108,0.9903987459999999,0.99603269,0.998090099,0.9586128359999999,0.91134108,0.00922166,0.00922166
recover_70,0,0.835050953,0.980071458,0.991714683,0.99600238,0.91696256,0.835050953,0.00922166,0.00922166
