name,effectDays,infectReduct,reduceHosp,reduceIcu,reduceMort,reduceSympt,riskReduct,waneRate,waneRateOut
cur_2,14,0.516634697,0.877881005,0.941477108,0.971002855,0.662001845,0.516634697,0.02018222,0.015226409
cur_2_60,14,0.485381258,0.8638286159999999,0.934194242,0.9672665640000001,0.633479436,0.485381258,0.02018222,0.015226409
cur_2_70,14,0.45423981399999996,0.848437377,0.926075695,0.9630668859999999,0.603988086,0.45423981399999996,0.02018222,0.015226409
cur_3,14,0.563379714,0.896677555,0.951030973,0.975860229,0.70277649,0.563379714,0.013990661000000001,0.00903485
cur_3_60,14,0.532413216,0.884503547,0.944867412,0.972732235,0.676010937,0.532413216,0.013990661000000001,0.00903485
cur_3_70,14,0.50119305,0.87110046,0.937978207,0.969211479,0.648040426,0.50119305,0.013990661000000001,0.00903485
recover,0,0.876346025,0.905317575,0.926277473,0.949475779,0.898858486,0.876346025,0.006228888,0.006228888
recover_60,0,0.75648242,0.807364227,0.8463273720000001,0.891743339,0.795730642,0.75648242,0.006228888,0.006228888
recover_70,0,0.75648242,0.807364227,0.8463273720000001,0.891743339,0.795730642,0.75648242,0.006228888,0.006228888
