name,effectDays,infectReduct,reduceHosp,reduceIcu,reduceMort,reduceSympt,riskReduct,waneRate,waneRateOut
cur_2,14,0.413269884,0.827686768,0.90428141,0.951608433,0.637942949,0.413269884,0.020427893,0.009328971
cur_2_60,14,0.37893621899999996,0.806233419,0.8911096709999999,0.944549967,0.6041638979999999,0.37893621899999996,0.020427893,0.009328971
cur_2_70,14,0.34577905,0.7828137959999999,0.87637562,0.936531951,0.5693662660000001,0.34577905,0.020427893,0.009328971
cur_3,14,0.493304009,0.8690971390000001,0.928866498,0.964514702,0.708916089,0.493304009,0.009786406999999999,-0.001312515
cur_3_60,14,0.45750592,0.8518768040000001,0.918774003,0.9592581659999999,0.678420782,0.45750592,0.009786406999999999,-0.001312515
cur_3_70,14,0.422146828,0.832830005,0.9073942290000001,0.953261701,0.6463296789999999,0.422146828,0.009786406999999999,-0.001312515
recover,0,0.9264166970000001,0.9918169179999999,0.995822587,0.997988733,0.97800277,0.9264166970000001,0.0058431609999999995,0.0058431609999999995
recover_60,0,0.901386789,0.990613416,0.9952053590000001,0.9976908179999999,0.9748191740000001,0.901386789,0.0058431609999999995,0.0058431609999999995
recover_70,0,0.790275657,0.980512488,0.9899959290000001,0.9951687579999999,0.9486038370000001,0.790275657,0.0058431609999999995,0.0058431609999999995
