name,effectDays,infectReduct,reduceHosp,reduceIcu,reduceMort,reduceSympt,riskReduct,waneRate,waneRateOut
cur_2,14,0.48422987799999995,0.863641168,0.93234139,0.966311328,0.648043175,0.48422987799999995,0.02128822,0.014151723
cur_2_60,14,0.468676186,0.856129658,0.928300138,0.9642212379999999,0.6336924979999999,0.468676186,0.02128822,0.014151723
cur_2_70,14,0.45315585399999997,0.848262898,0.9240294459999999,0.9620025529999999,0.619074666,0.45315585399999997,0.02128822,0.014151723
cur_3,14,0.551594812,0.89245679,0.9475213140000001,0.97408161,0.70696036,0.551594812,0.012404344,0.005267846999999999
cur_3_60,14,0.53612652,0.8863236940000001,0.944332623,0.9724598590000001,0.6938771779999999,0.53612652,0.012404344,0.005267846999999999
cur_3_70,14,0.520560943,0.879876278,0.940956143,0.970736556,0.68044996,0.520560943,0.012404344,0.005267846999999999
recover,0,0.904525955,0.9880084000000001,0.994452482,0.997327172,0.959923601,0.904525955,0.009929905,0.009929905
recover_60,0,0.8315277529999999,0.983014101,0.9921206309999999,0.996199053,0.943896657,0.8315277529999999,0.009929905,0.009929905
recover_70,0,0.609412485,0.9587367440000001,0.980602083,0.9905860209999999,0.871044472,0.609412485,0.009929905,0.009929905
