name,effectDays,infectReduct,reduceHosp,reduceIcu,reduceMort,reduceSympt,riskReduct,waneRate,waneRateOut
cur_2,14,0.462421629,0.854353677,0.920253054,0.9600321059999999,0.682608555,0.462421629,0.020549796000000002,0.013646459
cur_2_60,14,0.438578576,0.841952588,0.912890888,0.956167388,0.6613800710000001,0.438578576,0.020549796000000002,0.013646459
cur_2_70,14,0.415002556,0.8286995559999999,0.90491458,0.951945176,0.639469041,0.415002556,0.020549796000000002,0.013646459
cur_3,14,0.470633632,0.858411747,0.922641258,0.96127916,0.689713956,0.470633632,0.019464975,0.012561638
cur_3_60,14,0.44671901399999997,0.84629402,0.915479319,0.957529691,0.668730077,0.44671901399999997,0.019464975,0.012561638
cur_3_70,14,0.42303513,0.833332973,0.907716065,0.953432313,0.6470408320000001,0.42303513,0.019464975,0.012561638
recover,0,0.926122557,0.988135597,0.9939335909999999,0.997076376,0.968289985,0.926122557,0.004115521,0.004115521
recover_60,0,0.908797865,0.983193373,0.991385518,0.995842846,0.955453573,0.908797865,0.004115521,0.004115521
recover_70,0,0.815386935,0.959161597,0.978815283,0.9897092209999999,0.895954226,0.815386935,0.004115521,0.004115521
