name,effectDays,infectReduct,reduceHosp,reduceIcu,reduceMort,reduceSympt,riskReduct,waneRate,waneRateOut
cur_2,14,0.470527596,0.8568151359999999,0.9298099040000001,0.9650031379999999,0.625684033,0.470527596,0.020709867,0.013854208
cur_2_60,14,0.45584220200000003,0.849414915,0.9258558109999999,0.9629526279999999,0.6117511529999999,0.45584220200000003,0.020709867,0.013854208
cur_2_70,14,0.441204744,0.841687513,0.9216893970000001,0.9607825109999999,0.5976054239999999,0.441204744,0.020709867,0.013854208
cur_3,14,0.572673094,0.900238537,0.9523279920000001,0.976515847,0.7159657290000001,0.572673094,0.007204370999999999,0.000348712
cur_3_60,14,0.558160434,0.894807035,0.9495736370000001,0.975122492,0.7038024890000001,0.558160434,0.007204370999999999,0.000348712
cur_3_70,14,0.54351912,0.889104863,0.94666323,0.9736457359999999,0.6913183070000001,0.54351912,0.007204370999999999,0.000348712
recover,0,0.949646422,0.98798638,0.9945371959999999,0.9973681040000001,0.958285123,0.949646422,0.00544822,0.00544822
recover_60,0,0.9321039259999999,0.9829830690000001,0.992240676,0.996257196,0.94164277,0.9321039259999999,0.00544822,0.00544822
recover_70,0,0.8501047620000001,0.958663224,0.9808942359999999,0.990729228,0.8662784659999999,0.8501047620000001,0.00544822,0.00544822
