name,effectDays,infectReduct,reduceHosp,reduceIcu,reduceMort,reduceSympt,riskReduct,waneRate,waneRateOut
cur_2,14,0.588736805,0.905234447,0.958358631,0.979552355,0.6870673140000001,0.588736805,0.021696401,0.017280900000000002
cur_2_60,14,0.552114836,0.891606942,0.951965134,0.9763325209999999,0.654056327,0.552114836,0.021696401,0.017280900000000002
cur_2_70,14,0.514926743,0.876291073,0.9446483790000001,0.972620697,0.619499178,0.514926743,0.021696401,0.017280900000000002
cur_3,14,0.588199655,0.905044002,0.958270025,0.979507881,0.686590225,0.588199655,0.021769322,0.017353821999999998
cur_3_60,14,0.551566288,0.891392396,0.9518636070000001,0.976281214,0.6535542879999999,0.551566288,0.021769322,0.017353821999999998
cur_3_70,14,0.51437271,0.8760504259999999,0.944532288,0.97256157,0.618976204,0.51437271,0.021769322,0.017353821999999998
recover,0,0.917337139,0.9878782490000001,0.9949328559999999,0.99755923,0.9493199809999999,0.917337139,0.008333446999999999,0.008333446999999999
recover_60,0,0.87404903,0.982830687,0.992801465,0.996528715,0.929364579,0.87404903,0.008333446999999999,0.008333446999999999
recover_70,0,0.7174149959999999,0.958302302,0.982260405,0.991398307,0.8408242229999999,0.7174149959999999,0.008333446999999999,0.008333446999999999
