name,effectDays,infectReduct,reduceHosp,reduceIcu,reduceMort,reduceSympt,riskReduct,waneRate,waneRateOut
cur_2,14,0.489665865,0.866079692,0.934161048,0.967249467,0.648415716,0.489665865,0.019645201,0.01374199
cur_2_60,14,0.460541761,0.851941779,0.926601344,0.9633399159999999,0.62134551,0.460541761,0.019645201,0.01374199
cur_2_70,14,0.43167942299999995,0.8365900409999999,0.9182479990000001,0.958982626,0.593492589,0.43167942299999995,0.019645201,0.01374199
cur_3,14,0.557219305,0.8945381929999999,0.949003908,0.9748337690000001,0.7075075140000001,0.557219305,0.010728159,0.004824948
cur_3_60,14,0.528236145,0.8829987659999999,0.94304457,0.971803192,0.682761092,0.528236145,0.010728159,0.004824948
cur_3_70,14,0.49905607399999996,0.870377285,0.936434215,0.96841884,0.6569314239999999,0.49905607399999996,0.010728159,0.004824948
recover,0,0.86336683,0.9024874759999999,0.9383032170000001,0.92940574,0.8956112890000001,0.86336683,0.005553863000000001,0.005553863000000001
recover_60,0,0.720243486,0.7903942970000001,0.8610419509999999,0.84286829,0.7775619579999999,0.720243486,0.005553863000000001,0.005553863000000001
recover_70,0,0.720243486,0.7903942970000001,0.8610419509999999,0.84286829,0.7775619579999999,0.720243486,0.005553863000000001,0.005553863000000001
