name,effectDays,infectReduct,reduceHosp,reduceIcu,reduceMort,reduceSympt,riskReduct,waneRate,waneRateOut
cur_2,14,0.484568062,0.864379659,0.9297911259999999,0.964993421,0.673213304,0.484568062,0.020427567,0.011775593999999999
cur_2_60,14,0.417166818,0.8291316059999999,0.90976901,0.954519213,0.610659945,0.417166818,0.020427567,0.011775593999999999
cur_2_70,14,0.35277826700000003,0.78701924,0.884768552,0.941115246,0.544296737,0.35277826700000003,0.020427567,0.011775593999999999
cur_3,14,0.48946042700000003,0.866658967,0.931058775,0.96564896,0.6775067690000001,0.48946042700000003,0.019783748,0.011131775
cur_3_60,14,0.421935743,0.831888097,0.9113637040000001,0.9553618209999999,0.615305631,0.421935743,0.019783748,0.011131775
cur_3_70,14,0.357262315,0.790283262,0.8867500890000001,0.942191146,0.549149652,0.357262315,0.019783748,0.011131775
recover,0,0.920717894,0.991769018,0.996021712,0.998084802,0.9749664640000001,0.920717894,0.006343535,0.006343535
recover_60,0,0.816087122,0.9905585379999999,0.99543377,0.997801087,0.971356303,0.816087122,0.006343535,0.006343535
recover_70,0,0.5225829129999999,0.980399723,0.990470135,0.995398905,0.9417512490000001,0.5225829129999999,0.006343535,0.006343535
