name,effectDays,infectReduct,reduceHosp,reduceIcu,reduceMort,reduceSympt,riskReduct,waneRate,waneRateOut
cur_2,14,0.580320768,0.902560903,0.955603013,0.9781672809999999,0.698255099,0.580320768,0.020910831,0.018227837
cur_2_60,14,0.55505684,0.8931226790000001,0.951023801,0.9758566009999999,0.676128477,0.55505684,0.020910831,0.018227837
cur_2_70,14,0.5294941870000001,0.882884338,0.9459967309999999,0.973306905,0.653175305,0.5294941870000001,0.020910831,0.018227837
cur_3,14,0.60980351,0.9128073390000001,0.960515693,0.9806337470000001,0.723401739,0.60980351,0.016886852,0.014203857
cur_3_60,14,0.585045325,0.9042563290000001,0.956420078,0.97857839,0.7023330040000001,0.585045325,0.016886852,0.014203857
cur_3_70,14,0.5598393070000001,0.8949591020000001,0.951918895,0.9763091540000001,0.680359009,0.5598393070000001,0.016886852,0.014203857
recover,0,0.840845042,0.895216053,0.9206761529999999,0.9453315859999999,0.8794619659999999,0.840845042,0.0048834609999999995,0.0048834609999999995
recover_60,0,0.7704399359999999,0.844412443,0.880569837,0.9165613640000001,0.8225343070000001,0.7704399359999999,0.0048834609999999995,0.0048834609999999995
recover_70,0,0.7704399359999999,0.844412443,0.880569837,0.9165613640000001,0.8225343070000001,0.7704399359999999,0.0048834609999999995,0.0048834609999999995
