name,effectDays,infectReduct,reduceHosp,reduceIcu,reduceMort,reduceSympt,riskReduct,waneRate,waneRateOut
cur_2,14,0.522938185,0.8810781999999999,0.940607523,0.97055827,0.691680152,0.522938185,0.02235921,0.015626135
cur_2_60,14,0.529627594,0.8838610370000001,0.942088901,0.9713153929999999,0.697372729,0.529627594,0.02235921,0.015626135
cur_2_70,14,0.536242832,0.886561443,0.943521933,0.972046663,0.70295198,0.536242832,0.02235921,0.015626135
cur_3,14,0.56407715,0.8973930990000001,0.949226215,0.974946449,0.725895072,0.56407715,0.016904682,0.010171607
cur_3_60,14,0.570663306,0.89983756,0.950503935,0.975593563,0.731201427,0.570663306,0.016904682,0.010171607
cur_3_70,14,0.577162179,0.902207588,0.9517394020000001,0.976218438,0.7363927570000001,0.577162179,0.016904682,0.010171607
recover,0,0.9399883590000001,0.98803082,0.994364719,0.997284763,0.961531389,0.9399883590000001,0.008940752,0.008940752
recover_60,0,0.8933241390000001,0.9830457,0.991996275,0.996138814,0.94611132,0.8933241390000001,0.008940752,0.008940752
recover_70,0,0.729919682,0.958811613,0.9802995440000001,0.990437679,0.875756414,0.729919682,0.008940752,0.008940752
