name,effectDays,infectReduct,reduceHosp,reduceIcu,reduceMort,reduceSympt,riskReduct,waneRate,waneRateOut
cur_2,14,0.545259452,0.889864225,0.946719505,0.973674334,0.696194325,0.545259452,0.021328826000000002,0.01844555
cur_2_60,14,0.51809556,0.878706118,0.9409392329999999,0.97072791,0.672633377,0.51809556,0.021328826000000002,0.01844555
cur_2_70,14,0.490815855,0.8665831409999999,0.934573147,0.967461673,0.648160931,0.490815855,0.021328826000000002,0.01844555
cur_3,14,0.566793622,0.8981285309999999,0.9509526840000001,0.975820627,0.7143257390000001,0.566793622,0.018460453999999998,0.015577178
cur_3_60,14,0.539830468,0.8877020379999999,0.945605273,0.973107785,0.691547935,0.539830468,0.018460453999999998,0.015577178
cur_3_70,14,0.512623716,0.8763516570000001,0.939709908,0.97009892,0.667791106,0.512623716,0.018460453999999998,0.015577178
recover,0,0.938699643,0.987994783,0.9945050390000001,0.9973525670000001,0.9589174570000001,0.938699643,0.004690578,0.004690578
recover_60,0,0.9026931909999999,0.9829949109999999,0.992195107,0.996235126,0.9425122429999999,0.9026931909999999,0.004690578,0.004690578
recover_70,0,0.767911702,0.9586912790000001,0.9807833229999999,0.990674866,0.8681135329999999,0.767911702,0.004690578,0.004690578
