name,effectDays,infectReduct,reduceHosp,reduceIcu,reduceMort,reduceSympt,riskReduct,waneRate,waneRateOut
cur_2,14,0.533937132,0.885177227,0.944974102,0.972786556,0.6797489590000001,0.533937132,0.020841599,0.018287559
cur_2_60,14,0.49690999799999996,0.8692200659999999,0.9367330840000001,0.968572372,0.646639605,0.49690999799999996,0.020841599,0.018287559
cur_2_70,14,0.459924228,0.8514213629999999,0.9273547590000001,0.9637309820000001,0.612067948,0.459924228,0.020841599,0.018287559
cur_3,14,0.55070173,0.8918662079999999,0.948382756,0.974518787,0.694271823,0.55070173,0.018620816000000002,0.016066777
cur_3_60,14,0.513793658,0.876709152,0.9406201609999999,0.9705647340000001,0.661917154,0.513793658,0.018620816000000002,0.016066777
cur_3_70,14,0.47674207399999996,0.8597652509999999,0.9317760690000001,0.966019498,0.627980281,0.47674207399999996,0.018620816000000002,0.016066777
recover,0,0.944168861,0.987978406,0.994567518,0.9973827540000001,0.957676869,0.944168861,0.009519378,0.009519378
recover_60,0,0.9161098529999999,0.982971832,0.992283646,0.996278007,0.94080684,0.9161098529999999,0.009519378,0.009519378
recover_70,0,0.803884528,0.958636602,0.9809988390000001,0.990780491,0.8645183120000001,0.803884528,0.009519378,0.009519378
