name,effectDays,infectReduct,reduceHosp,reduceIcu,reduceMort,reduceSympt,riskReduct,waneRate,waneRateOut
cur_2,14,0.515629572,0.878018658,0.93876021,0.9696124340000001,0.687329335,0.515629572,0.022256388999999998,0.013154318
cur_2_60,14,0.486161458,0.864817499,0.931620723,0.965939274,0.6614485529999999,0.486161458,0.022256388999999998,0.013154318
cur_2_70,14,0.45678442700000005,0.8504285770000001,0.923715165,0.961838874,0.634560007,0.45678442700000005,0.022256388999999998,0.013154318
cur_3,14,0.542427033,0.889080029,0.9446606479999999,0.972626946,0.7099706809999999,0.542427033,0.01871956,0.009617489
cur_3_60,14,0.513049596,0.8769081390000001,0.938163737,0.9693066359999999,0.685105394,0.513049596,0.01871956,0.009617489
cur_3_70,14,0.483576877,0.8636031809999999,0.9309585779999999,0.965597178,0.659127462,0.483576877,0.01871956,0.009617489
recover,0,0.9147806620000001,0.9880355270000001,0.9943461020000001,0.9972757659999999,0.961861284,0.9147806620000001,0.011866153999999999,0.011866153999999999
recover_60,0,0.878239632,0.9830523320000001,0.991969896,0.996126035,0.9465661040000001,0.878239632,0.011866153999999999,0.011866153999999999
recover_70,0,0.736487503,0.958827329,0.9802353840000001,0.990406213,0.8767275840000001,0.736487503,0.011866153999999999,0.011866153999999999
