name,effectDays,infectReduct,reduceHosp,reduceIcu,reduceMort,reduceSympt,riskReduct,waneRate,waneRateOut
cur_2,14,0.43041119299999997,0.838668929,0.904056603,0.9514888159999999,0.697100115,0.43041119299999997,0.021993451,0.014815703000000001
cur_2_60,14,0.413071266,0.828814394,0.897708974,0.9480991540000001,0.6818782870000001,0.413071266,0.021993451,0.014815703000000001
cur_2_70,14,0.39592140600000003,0.81847397,0.8909827240000001,0.944481441,0.666236444,0.39592140600000003,0.021993451,0.014815703000000001
cur_3,14,0.437828454,0.842712598,0.906643802,0.952863652,0.703437392,0.437828454,0.021000777,0.013823028999999999
cur_3_60,14,0.420410264,0.833055894,0.900448495,0.9495649620000001,0.688391676,0.420410264,0.021000777,0.013823028999999999
cur_3_70,14,0.403165004,0.822916937,0.8938810890000001,0.946043608,0.67291647,0.403165004,0.021000777,0.013823028999999999
recover,0,0.8466069359999999,0.885427251,0.904713045,0.9446119759999999,0.8939199059999999,0.8466069359999999,0.00504688,0.00504688
recover_60,0,0.708234534,0.772670553,0.8067948859999999,0.8823633209999999,0.787515489,0.708234534,0.00504688,0.00504688
recover_70,0,0.708234534,0.772670553,0.8067948859999999,0.8823633209999999,0.787515489,0.708234534,0.00504688,0.00504688
