name,effectDays,infectReduct,reduceHosp,reduceIcu,reduceMort,reduceSympt,riskReduct,waneRate,waneRateOut
cur_2,14,0.472560466,0.8591065720000001,0.924367044,0.962178312,0.6816641809999999,0.472560466,0.021347038999999998,0.012341926999999999
cur_2_60,14,0.43629279600000004,0.840444128,0.913478288,0.956476876,0.649098152,0.43629279600000004,0.021347038999999998,0.012341926999999999
cur_2_70,14,0.400700482,0.81983211,0.9011918740000001,0.9499619559999999,0.6150882129999999,0.400700482,0.021347038999999998,0.012341926999999999
cur_3,14,0.502469679,0.872987587,0.932324987,0.966302863,0.707066187,0.502469679,0.017410141,0.008405028
cur_3_60,14,0.465934335,0.8558552970000001,0.92248585,0.961198109,0.6758631270000001,0.465934335,0.017410141,0.008405028
cur_3_70,14,0.429767461,0.83684767,0.9113544179999999,0.9553569190000001,0.643020633,0.429767461,0.017410141,0.008405028
recover,0,0.91692093,0.988112082,0.9940334470000001,0.99712465,0.96687608,0.91692093,0.007913505,0.007913505
recover_60,0,0.8591632240000001,0.98316023,0.9915269590000001,0.9959114040000001,0.953494801,0.8591632240000001,0.007913505,0.007913505
recover_70,0,0.669087404,0.9590830370000001,0.979158775,0.9898779040000001,0.891675797,0.669087404,0.007913505,0.007913505
