name,effectDays,infectReduct,reduceHosp,reduceIcu,reduceMort,reduceSympt,riskReduct,waneRate,waneRateOut
cur_2,14,0.520263546,0.8795558179999999,0.9417355279999999,0.9711348959999999,0.6711340109999999,0.520263546,0.02160761,0.015194089
cur_2_60,14,0.482211531,0.862468789,0.93279573,0.9665457390000001,0.6366922110000001,0.482211531,0.02160761,0.015194089
cur_2_70,14,0.444373776,0.843394145,0.922599616,0.9612574429999999,0.600797739,0.444373776,0.02160761,0.015194089
cur_3,14,0.564806819,0.897322814,0.9508428790000001,0.975765076,0.7094910759999999,0.564806819,0.015703111999999998,0.009289592
cur_3_60,14,0.527076288,0.88241938,0.9432162070000001,0.971890747,0.6771338459999999,0.527076288,0.015703111999999998,0.009289592
cur_3_70,14,0.489043095,0.865680819,0.934490037,0.9674188840000001,0.642994563,0.489043095,0.015703111999999998,0.009289592
recover,0,0.9279613879999999,0.9917135840000001,0.9962390590000001,0.998189641,0.970968277,0.9279613879999999,0.0072628530000000005,0.0072628530000000005
recover_60,0,0.885437061,0.99049503,0.9956831,0.9979214240000001,0.96680116,0.885437061,0.0072628530000000005,0.0072628530000000005
recover_70,0,0.7322939279999999,0.980269243,0.9909880409999999,0.99565013,0.9328137209999999,0.7322939279999999,0.0072628530000000005,0.0072628530000000005
