name,effectDays,infectReduct,reduceHosp,reduceIcu,reduceMort,reduceSympt,riskReduct,waneRate,waneRateOut
cur_2,14,0.434456888,0.84006976,0.909734843,0.9545011440000001,0.671040144,0.434456888,0.023633542999999996,0.014393813
cur_2_60,14,0.38712974,0.81199775,0.892323568,0.9452047509999999,0.626490381,0.38712974,0.023633542999999996,0.014393813
cur_2_70,14,0.34186606,0.780305502,0.8720382640000001,0.9341465809999999,0.579712576,0.34186606,0.023633542999999996,0.014393813
cur_3,14,0.458291172,0.852609122,0.917349492,0.95851159,0.691972923,0.458291172,0.020462061,0.011222332
cur_3_60,14,0.41025109,0.826282964,0.90124757,0.949991687,0.648774234,0.41025109,0.020462061,0.011222332
cur_3_70,14,0.36388915200000005,0.7963950040000001,0.8824219440000001,0.939838075,0.6030188120000001,0.36388915200000005,0.020462061,0.011222332
recover,0,0.800834611,0.8747322679999999,0.883501944,0.90704016,0.835068411,0.800834611,0.0034308520000000003,0.0034308520000000003
recover_60,0,0.6750062,0.7829364670000001,0.796638499,0.8344384640000001,0.723397975,0.6750062,0.0034308520000000003,0.0034308520000000003
recover_70,0,0.6750062,0.7829364670000001,0.796638499,0.8344384640000001,0.723397975,0.6750062,0.0034308520000000003,0.0034308520000000003
