name,effectDays,infectReduct,reduceHosp,reduceIcu,reduceMort,reduceSympt,riskReduct,waneRate,waneRateOut
cur_2,14,0.583909628,0.903537812,0.957461848,0.979102044,0.684140049,0.583909628,0.020929366,0.018284617
cur_2_60,14,0.583638833,0.9034406340000001,0.9574164340000001,0.979079228,0.683899171,0.583638833,0.020929366,0.018284617
cur_2_70,14,0.583316963,0.903325038,0.957362405,0.979052083,0.683612792,0.583316963,0.020929366,0.018284617
cur_3,14,0.604841697,0.910845578,0.960861403,0.98080683,0.702598032,0.604841697,0.018074465,0.015429716000000001
cur_3_60,14,0.604575299,0.910755035,0.96081947,0.98078584,0.702365107,0.604575299,0.018074465,0.015429716000000001
cur_3_70,14,0.604258639,0.910647329,0.9607695820000001,0.980760865,0.70208817,0.604258639,0.018074465,0.015429716000000001
recover,0,0.894510101,0.91840376,0.950039906,0.9457680909999999,0.907291594,0.894510101,0.005699411,0.005699411
recover_60,0,0.8044312379999999,0.845197,0.902193844,0.894286197,0.8260039840000001,0.8044312379999999,0.005699411,0.005699411
recover_70,0,0.8044312379999999,0.845197,0.902193844,0.894286197,0.8260039840000001,0.8044312379999999,0.005699411,0.005699411
