name,effectDays,infectReduct,reduceHosp,reduceIcu,reduceMort,reduceSympt,riskReduct,waneRate,waneRateOut
cur_2,14,0.43740772899999997,0.841290938,0.912649701,0.956040254,0.659267124,0.43740772899999997,0.019943544,0.013689802
cur_2_60,14,0.40197251,0.82087709,0.900326895,0.949499992,0.625852905,0.40197251,0.019943544,0.013689802
cur_2_70,14,0.36753857700000003,0.798470661,0.886484486,0.94204707,0.591200022,0.36753857700000003,0.019943544,0.013689802
cur_3,14,0.47066111299999996,0.85839996,0.922772316,0.9613475020000001,0.6887386240000001,0.47066111299999996,0.015531526,0.009277784
cur_3_60,14,0.434613078,0.839767615,0.91173944,0.95556014,0.656709608,0.434613078,0.015531526,0.009277784
cur_3_70,14,0.399249762,0.819203749,0.899304717,0.948953508,0.623193973,0.399249762,0.015531526,0.009277784
recover,0,0.9180421329999999,0.9881331659999999,0.993943997,0.997081407,0.968146471,0.9180421329999999,0.008587894,0.008587894
recover_60,0,0.889397241,0.9831899470000001,0.991400258,0.9958499909999999,0.95525465,0.889397241,0.008587894,0.008587894
recover_70,0,0.766642272,0.959153477,0.9788510709999999,0.989726799,0.89551866,0.766642272,0.008587894,0.008587894
