name,effectDays,infectReduct,reduceHosp,reduceIcu,reduceMort,reduceSympt,riskReduct,waneRate,waneRateOut
cur_2,14,0.42327663299999996,0.832721075,0.9114892520000001,0.9554280959999999,0.619117289,0.42327663299999996,0.021763308,0.013038761000000001
cur_2_60,14,0.39407932100000004,0.815202515,0.901241493,0.949988443,0.590236503,0.39407932100000004,0.021763308,0.013038761000000001
cur_2_70,14,0.365615835,0.7962957270000001,0.889949075,0.943923115,0.560716015,0.365615835,0.021763308,0.013038761000000001
cur_3,14,0.516341289,0.878655718,0.937419727,0.968924923,0.702771055,0.516341289,0.009443574,0.000719027
cur_3_60,14,0.486135641,0.8651688270000001,0.929943445,0.965072237,0.676923334,0.486135641,0.009443574,0.000719027
cur_3_70,14,0.456027312,0.850436228,0.921647593,0.9607606879999999,0.6499441429999999,0.456027312,0.009443574,0.000719027
recover,0,0.8370832229999999,0.898124742,0.9093768259999999,0.930288445,0.8671145690000001,0.8370832229999999,0.004525675,0.004525675
recover_60,0,0.68226999,0.786524085,0.8074599170000001,0.847957196,0.731691835,0.68226999,0.004525675,0.004525675
recover_70,0,0.68226999,0.786524085,0.8074599170000001,0.847957196,0.731691835,0.68226999,0.004525675,0.004525675
