name,effectDays,infectReduct,reduceHosp,reduceIcu,reduceMort,reduceSympt,riskReduct,waneRate,waneRateOut
cur_2,14,0.37653761,0.8057033029999999,0.8844366359999999,0.940934797,0.637833455,0.37653761,0.020816296,0.011582956
cur_2_60,14,0.333093333,0.774233519,0.8635595979999999,0.929450241,0.592911892,0.333093333,0.020816296,0.011582956
cur_2_70,14,0.292331752,0.739334715,0.839608267,0.9159397109999999,0.546405421,0.292331752,0.020816296,0.011582956
cur_3,14,0.43028520200000003,0.8383377909999999,0.9053996059999999,0.952202972,0.6877359670000001,0.43028520200000003,0.013465626000000001,0.004232286
cur_3_60,14,0.38446371,0.810913255,0.8878293209999999,0.9427761379999999,0.645564567,0.38446371,0.013465626000000001,0.004232286
cur_3_70,14,0.340626575,0.7800737959999999,0.86748463,0.931629844,0.601025606,0.340626575,0.013465626000000001,0.004232286
recover,0,0.90650354,0.988215499,0.9935801390000001,0.996905465,0.97268859,0.90650354,0.010659287,0.010659287
recover_60,0,0.8550580179999999,0.9833059959999999,0.9908849670000001,0.995600142,0.9615620779999999,0.8550580179999999,0.010659287,0.010659287
recover_70,0,0.678604784,0.959428616,0.977600831,0.989112337,0.9094484279999999,0.678604784,0.010659287,0.010659287
