name,effectDays,infectReduct,reduceHosp,reduceIcu,reduceMort,reduceSympt,riskReduct,waneRate,waneRateOut
cur_2,14,0.5666928720000001,0.896991345,0.955379559,0.978054786,0.656340128,0.5666928720000001,0.02134821,0.01172228
cur_2_60,14,0.537056937,0.8853767440000001,0.9499813290000001,0.97532899,0.6288195639999999,0.537056937,0.02134821,0.01172228
cur_2_70,14,0.507152809,0.8726366990000001,0.94396746,0.9722737859999999,0.6004329039999999,0.507152809,0.02134821,0.01172228
cur_3,14,0.562642811,0.895459015,0.954671905,0.977698354,0.652614338,0.562642811,0.021889885,0.012263955
cur_3_60,14,0.532958167,0.88369404,0.949192615,0.97492942,0.624965896,0.532958167,0.021889885,0.012263955
cur_3_70,14,0.503034275,0.870794262,0.9430895990000001,0.971826163,0.596473646,0.503034275,0.021889885,0.012263955
recover,0,0.95634802,0.9916204590000001,0.996575027,0.99835165,0.962900293,0.95634802,0.009541306999999999,0.009541306999999999
recover_60,0,0.9134328159999999,0.990388343,0.996068535,0.99810739,0.957625663,0.9134328159999999,0.009541306999999999,0.009541306999999999
recover_70,0,0.758013939,0.98005009,0.991789219,0.996038497,0.915069955,0.758013939,0.009541306999999999,0.009541306999999999
