name,effectDays,infectReduct,reduceHosp,reduceIcu,reduceMort,reduceSympt,riskReduct,waneRate,waneRateOut
cur_2,14,0.47401298799999997,0.8598444559999999,0.924609318,0.9623044059999999,0.684303195,0.47401298799999997,0.021824474,0.011606874
cur_2_60,14,0.46394266100000003,0.8548998720000001,0.921741635,0.9608097809999999,0.6755028120000001,0.46394266100000003,0.021824474,0.011606874
cur_2_70,14,0.45386552,0.849792709,0.9187635759999999,0.959252705,0.666544239,0.45386552,0.021824474,0.011606874
cur_3,14,0.474124573,0.859898382,0.924640509,0.962320637,0.684399871,0.474124573,0.02180976,0.01159216
cur_3_60,14,0.464053967,0.8549553790000001,0.921773912,0.960826629,0.675600905,0.464053967,0.02180976,0.01159216
cur_3_70,14,0.45397645600000003,0.849849827,0.918796972,0.959270195,0.666643704,0.45397645600000003,0.02180976,0.01159216
recover,0,0.92767809,0.988115403,0.994019456,0.997117887,0.967079224,0.92767809,0.008829577,0.008829577
recover_60,0,0.805190981,0.9831649109999999,0.9915071409999999,0.9959017990000001,0.953776087,0.805190981,0.008829577,0.008829577
recover_70,0,0.470798648,0.959094131,0.979110638,0.989854268,0.8922887559999999,0.470798648,0.008829577,0.008829577
