name,effectDays,infectReduct,reduceHosp,reduceIcu,reduceMort,reduceSympt,riskReduct,waneRate,waneRateOut
cur_2,14,0.551515654,0.892009347,0.949272805,0.97497006,0.686292928,0.551515654,0.022440072000000002,0.014615241000000001
cur_2_60,14,0.5405191460000001,0.887660945,0.9470934390000001,0.9738643159999999,0.6766636540000001,0.5405191460000001,0.022440072000000002,0.014615241000000001
cur_2_70,14,0.5294483170000001,0.8831459999999999,0.944818618,0.9727073909999999,0.6668513110000001,0.5294483170000001,0.022440072000000002,0.014615241000000001
cur_3,14,0.560420027,0.895435152,0.950981858,0.975835384,0.6940060459999999,0.560420027,0.021254194,0.013429364
cur_3_60,14,0.5494634939999999,0.891207871,0.948871962,0.974766878,0.684504688,0.5494634939999999,0.021254194,0.013429364
cur_3_70,14,0.53842414,0.8868173020000001,0.9466693070000001,0.973648825,0.6748159459999999,0.53842414,0.021254194,0.013429364
recover,0,0.925399988,0.9879569490000001,0.9946481859999999,0.9974217259999999,0.955999833,0.925399988,0.006920251,0.006920251
recover_60,0,0.8685425940000001,0.982941593,0.992397968,0.996333369,0.93850426,0.8685425940000001,0.006920251,0.006920251
recover_70,0,0.680087165,0.95856497,0.981277198,0.990916879,0.85969073,0.680087165,0.006920251,0.006920251
