name,effectDays,infectReduct,reduceHosp,reduceIcu,reduceMort,reduceSympt,riskReduct,waneRate,waneRateOut
cur_2,14,0.60433703,0.909991733,0.96332386,0.982037853,0.661396905,0.60433703,0.021636532000000003,0.018780907
cur_2_60,14,0.586822237,0.903854762,0.960666019,0.980709017,0.6449239139999999,0.586822237,0.021636532000000003,0.018780907
cur_2_70,14,0.569062121,0.897337983,0.95782024,0.979282058,0.628078393,0.569062121,0.021636532000000003,0.018780907
cur_3,14,0.611251136,0.912339364,0.96433498,0.9825423990000001,0.667861905,0.611251136,0.020682941,0.017827316
cur_3_60,14,0.593836707,0.9063459859999999,0.961747502,0.981250176,0.651537727,0.593836707,0.020682941,0.017827316
cur_3_70,14,0.576160333,0.8999793770000001,0.9589766270000001,0.979862425,0.634828313,0.576160333,0.020682941,0.017827316
recover,0,0.84432222,0.899174749,0.939641555,0.9423843759999999,0.8613088720000001,0.84432222,0.005093159,0.005093159
recover_60,0,0.678923347,0.776636351,0.858547752,0.86444403,0.7077096629999999,0.678923347,0.005093159,0.005093159
recover_70,0,0.678923347,0.776636351,0.858547752,0.86444403,0.7077096629999999,0.678923347,0.005093159,0.005093159
