name,effectDays,infectReduct,reduceHosp,reduceIcu,reduceMort,reduceSympt,riskReduct,waneRate,waneRateOut
cur_2,14,0.354393236,0.792726026,0.860300249,0.927633012,0.689848062,0.354393236,0.019999634,0.008943025
cur_2_60,14,0.339299246,0.781563509,0.8520979009999999,0.923030345,0.6754137040000001,0.339299246,0.019999634,0.008943025
cur_2_70,14,0.324502389,0.769956031,0.843487963,0.9181530240000001,0.660614944,0.324502389,0.019999634,0.008943025
cur_3,14,0.38232486,0.8117662179999999,0.874118773,0.935292212,0.714940327,0.38232486,0.016051421,0.004994812
cur_3_60,14,0.366716969,0.8013721659999999,0.86660196,0.9311405229999999,0.701167887,0.366716969,0.016051421,0.004994812
cur_3_70,14,0.351360291,0.79053519,0.858696342,0.9267363259999999,0.6869991790000001,0.351360291,0.016051421,0.004994812
recover,0,0.909279123,0.988384548,0.9927543740000001,0.9965059209999999,0.98019289,0.909279123,-0.0017574510000000002,-0.0017574510000000002
recover_60,0,0.826085485,0.9835442990000001,0.98971612,0.9950329040000001,0.9720356929999999,0.826085485,-0.0017574510000000002,-0.0017574510000000002
recover_70,0,0.581941896,0.959993896,0.97477189,0.987718997,0.933134595,0.581941896,-0.0017574510000000002,-0.0017574510000000002
