name,effectDays,infectReduct,reduceHosp,reduceIcu,reduceMort,reduceSympt,riskReduct,waneRate,waneRateOut
cur_2,14,0.45291426799999995,0.849493548,0.9175379029999999,0.958610402,0.673142172,0.45291426799999995,0.021078067000000002,0.013600886999999999
cur_2_60,14,0.41018604399999997,0.8258276440000001,0.9033541559999999,0.951114865,0.63370339,0.41018604399999997,0.021078067000000002,0.013600886999999999
cur_2_70,14,0.36878856,0.799331208,0.887038405,0.9423474940000001,0.592405005,0.36878856,0.021078067000000002,0.013600886999999999
cur_3,14,0.496159375,0.870363241,0.929752585,0.9649734759999999,0.710120865,0.496159375,0.015372647,0.007895467
cur_3_60,14,0.452727496,0.8493971459999999,0.917480851,0.958580483,0.6729762979999999,0.452727496,0.015372647,0.007895467
cur_3_70,14,0.410021245,0.825729638,0.903294665,0.9510831809999999,0.633545249,0.410021245,0.015372647,0.007895467
recover,0,0.934022185,0.9881329659999999,0.993944857,0.9970818229999999,0.968134583,0.934022185,0.007127801,0.007127801
recover_60,0,0.872179438,0.9831896640000001,0.991401475,0.9958505809999999,0.955238172,0.872179438,0.007127801,0.007127801
recover_70,0,0.6696310129999999,0.959152806,0.9788540259999999,0.98972825,0.895482592,0.6696310129999999,0.007127801,0.007127801
