name,effectDays,infectReduct,reduceHosp,reduceIcu,reduceMort,reduceSympt,riskReduct,waneRate,waneRateOut
cur_2,14,0.493114379,0.868063997,0.933251945,0.966781001,0.668806339,0.493114379,0.021135736000000002,0.014325216000000002
cur_2_60,14,0.481536859,0.86266539,0.9303065690000001,0.96526008,0.6584623279999999,0.481536859,0.021135736000000002,0.014325216000000002
cur_2_70,14,0.469945217,0.857065572,0.92723217,0.9636673729999999,0.647934242,0.469945217,0.021135736000000002,0.014325216000000002
cur_3,14,0.521170428,0.880400163,0.9399148540000001,0.9702038390000001,0.69318838,0.521170428,0.017444451,0.010633931000000001
cur_3_60,14,0.509596431,0.8754338970000001,0.93724372,0.968834579,0.68324522,0.509596431,0.017444451,0.010633931000000001
cur_3_70,14,0.497978101,0.870276424,0.93445378,0.9674002159999999,0.673101815,0.497978101,0.017444451,0.010633931000000001
recover,0,0.9218739640000001,0.988038264,0.9943352409999999,0.997270518,0.962051987,0.9218739640000001,0.005732648000000001,0.005732648000000001
recover_60,0,0.900288201,0.983056191,0.991954508,0.99611858,0.946829059,0.900288201,0.005732648000000001,0.005732648000000001
recover_70,0,0.795158921,0.9588364709999999,0.980197958,0.990387857,0.877289669,0.795158921,0.005732648000000001,0.005732648000000001
