name,effectDays,infectReduct,reduceHosp,reduceIcu,reduceMort,reduceSympt,riskReduct,waneRate,waneRateOut
cur_2,14,0.447070444,0.8470443409999999,0.91273986,0.956087782,0.690385534,0.447070444,0.022380977000000003,0.015198155
cur_2_60,14,0.44332509700000006,0.845069383,0.911524558,0.9554467320000001,0.687134936,0.44332509700000006,0.022380977000000003,0.015198155
cur_2_70,14,0.43954011200000004,0.8430489059999999,0.910278721,0.954788695,0.683825406,0.43954011200000004,0.022380977000000003,0.015198155
cur_3,14,0.44053924,0.8435846840000001,0.9106093340000001,0.954963408,0.6847014379999999,0.44053924,0.023250876,0.016068054
cur_3_60,14,0.436805383,0.84157341,0.9093673059999999,0.9543067279999999,0.681418702,0.436805383,0.023250876,0.016068054
cur_3_70,14,0.433032762,0.8395159990000001,0.908094155,0.95363267,0.6780770340000001,0.433032762,0.023250876,0.016068054
recover,0,0.89458894,0.9881865790000001,0.9937106440000001,0.9969685779999999,0.971166293,0.89458894,0.007589426,0.007589426
recover_60,0,0.880747134,0.983265233,0.9910697690000001,0.995689762,0.959445463,0.880747134,0.007589426,0.007589426
recover_70,0,0.778741337,0.959331959,0.978048994,0.98933269,0.904746407,0.778741337,0.007589426,0.007589426
