name,effectDays,infectReduct,reduceHosp,reduceIcu,reduceMort,reduceSympt,riskReduct,waneRate,waneRateOut
cur_2,14,0.638743597,0.920990423,0.9691695509999999,0.984947389,0.673902012,0.638743597,0.022024632000000002,0.022849557000000003
cur_2_60,14,0.594405995,0.9062068120000001,0.9630390320000001,0.981895627,0.631389301,0.594405995,0.022024632000000002,0.022849557000000003
cur_2_70,14,0.548496835,0.888999753,0.955749143,0.978240833,0.586755985,0.548496835,0.022024632000000002,0.022849557000000003
cur_3,14,0.649941589,0.9244739940000001,0.970596699,0.985654988,0.6845484070000001,0.649941589,0.020418035,0.02124296
cur_3_60,14,0.606130869,0.910278701,0.964739638,0.9827441709999999,0.642687734,0.606130869,0.020418035,0.02124296
cur_3_70,14,0.560567721,0.893731059,0.957770455,0.9792570559999999,0.598552648,0.560567721,0.020418035,0.02124296
recover,0,0.894770795,0.9390216690000001,0.9474068440000001,0.952489613,0.908076445,0.894770795,0.00604262,0.00604262
recover_60,0,0.796342749,0.8762604620000001,0.892286,0.9021456090000001,0.81958462,0.796342749,0.00604262,0.00604262
recover_70,0,0.796342749,0.8762604620000001,0.892286,0.9021456090000001,0.81958462,0.796342749,0.00604262,0.00604262
