name,effectDays,infectReduct,reduceHosp,reduceIcu,reduceMort,reduceSympt,riskReduct,waneRate,waneRateOut
cur_2,14,0.42327663299999996,0.832721075,0.9114892520000001,0.9554280959999999,0.619117289,0.42327663299999996,0.021763308,0.013038761000000001
cur_2_60,14,0.39407932100000004,0.815202515,0.901241493,0.949988443,0.590236503,0.39407932100000004,0.021763308,0.013038761000000001
cur_2_70,14,0.365615835,0.7962957270000001,0.889949075,0.943923115,0.560716015,0.365615835,0.021763308,0.013038761000000001
cur_3,14,0.516341289,0.878655718,0.937419727,0.968924923,0.702771055,0.516341289,0.009443574,0.000719027
cur_3_60,14,0.486135641,0.8651688270000001,0.929943445,0.965072237,0.676923334,0.486135641,0.009443574,0.000719027
cur_3_70,14,0.456027312,0.850436228,0.921647593,0.9607606879999999,0.6499441429999999,0.456027312,0.009443574,0.000719027
recover,0,0.8953886329999999,0.9880722559999999,0.9941984309999999,0.9972043979999999,0.964348306,0.8953886329999999,0.007745737,0.007745737
recover_60,0,0.890427154,0.9831040990000001,0.991760677,0.996024668,0.949998675,0.890427154,0.007745737,0.007745737
recover_70,0,0.805901625,0.95895,0.979726678,0.990156657,0.8840972140000001,0.805901625,0.007745737,0.007745737
