name,effectDays,infectReduct,reduceHosp,reduceIcu,reduceMort,reduceSympt,riskReduct,waneRate,waneRateOut
cur_2,14,0.526954115,0.882716225,0.94167351,0.97110321,0.6933040840000001,0.526954115,0.021316302999999998,0.01633725
cur_2_60,14,0.492283993,0.867567448,0.9335667440000001,0.966943271,0.6630295629999999,0.492283993,0.021316302999999998,0.01633725
cur_2_70,14,0.457691568,0.850794603,0.924424679,0.962208312,0.631359025,0.457691568,0.021316302999999998,0.01633725
cur_3,14,0.513486211,0.877013112,0.9386379979999999,0.969549795,0.681711596,0.513486211,0.023090434,0.018111381
cur_3_60,14,0.478805301,0.8612434940000001,0.930140628,0.965174248,0.650869009,0.478805301,0.023090434,0.018111381
cur_3_70,14,0.444331119,0.8438139000000001,0.9205672009999999,0.9601963290000001,0.618712807,0.444331119,0.023090434,0.018111381
recover,0,0.887137197,0.931610293,0.9380486240000001,0.9537327309999999,0.9060926979999999,0.887137197,0.006141351,0.006141351
recover_60,0,0.731976211,0.82556817,0.84027794,0.877481548,0.770242155,0.731976211,0.006141351,0.006141351
recover_70,0,0.731976211,0.82556817,0.84027794,0.877481548,0.770242155,0.731976211,0.006141351,0.006141351
