name,effectDays,infectReduct,reduceHosp,reduceIcu,reduceMort,reduceSympt,riskReduct,waneRate,waneRateOut
cur_2,14,0.46971975200000005,0.858228329,0.921080274,0.960464423,0.6992481359999999,0.46971975200000005,0.020931445,0.01512749
cur_2_60,14,0.426955566,0.835845872,0.907551792,0.953345236,0.661661269,0.426955566,0.020931445,0.01512749
cur_2_70,14,0.38527284700000003,0.81071995,0.891983017,0.945021144,0.621933429,0.38527284700000003,0.020931445,0.01512749
cur_3,14,0.500583466,0.8726122390000001,0.929610347,0.9648998609999999,0.724585667,0.500583466,0.016867776,0.011063822
cur_3_60,14,0.45743327200000006,0.8521093479999999,0.9174129879999999,0.958544893,0.688755902,0.45743327200000006,0.016867776,0.011063822
cur_3_70,14,0.414929559,0.828963377,0.903327997,0.951100933,0.6505291639999999,0.414929559,0.016867776,0.011063822
recover,0,0.9351876309999999,0.9881608959999999,0.993824073,0.9970234259999999,0.9697489220000001,0.9351876309999999,0.010376038,0.010376038
recover_60,0,0.899308036,0.983229032,0.991230405,0.995767649,0.9574771609999999,0.899308036,0.010376038,0.010376038
recover_70,0,0.7641930090000001,0.959246133,0.9784387520000001,0.989524243,0.9003989029999999,0.7641930090000001,0.010376038,0.010376038
