name,effectDays,infectReduct,reduceHosp,reduceIcu,reduceMort,reduceSympt,riskReduct,waneRate,waneRateOut
cur_2,14,0.5096813410000001,0.875407123,0.937549876,0.968991718,0.680462281,0.5096813410000001,0.021407386,0.014469328
cur_2_60,14,0.49126159799999997,0.8671452709999999,0.933093817,0.966699471,0.6642317010000001,0.49126159799999997,0.021407386,0.014469328
cur_2_70,14,0.472842734,0.8584130459999999,0.928338013,0.964240868,0.647582761,0.472842734,0.021407386,0.014469328
cur_3,14,0.563857939,0.897315075,0.9491654,0.974915627,0.7259163000000001,0.563857939,0.014236839,0.007298781999999999
cur_3_60,14,0.545659181,0.89032395,0.9454899659999999,0.9730491170000001,0.7110139870000001,0.545659181,0.014236839,0.007298781999999999
cur_3_70,14,0.527314789,0.8829094890000001,0.941560115,0.971045272,0.695621756,0.527314789,0.014236839,0.007298781999999999
recover,0,0.916525632,0.988031345,0.994362647,0.997283762,0.961568291,0.916525632,0.00745059,0.00745059
recover_60,0,0.842630868,0.9830464390000001,0.9919933390000001,0.9961373920000001,0.9461621859999999,0.842630868,0.00745059,0.00745059
recover_70,0,0.616198169,0.958813365,0.9802924040000001,0.990434177,0.875864977,0.616198169,0.00745059,0.00745059
