name,effectDays,infectReduct,reduceHosp,reduceIcu,reduceMort,reduceSympt,riskReduct,waneRate,waneRateOut
cur_2,14,0.452812628,0.8488138270000001,0.920542995,0.9601836770000001,0.648363541,0.452812628,0.019912108,0.013801575
cur_2_60,14,0.413282625,0.8269593759999999,0.907932579,0.953547058,0.610818733,0.413282625,0.019912108,0.013801575
cur_2_70,14,0.374851525,0.80268827,0.8935570820000001,0.9458692209999999,0.5719245,0.374851525,0.019912108,0.013801575
cur_3,14,0.51867325,0.879676311,0.937835373,0.9691382070000001,0.7059707040000001,0.51867325,0.01123132,0.005120788
cur_3_60,14,0.47842068299999996,0.861555484,0.927753997,0.96393808,0.671459957,0.47842068299999996,0.01123132,0.005120788
cur_3_70,14,0.438458986,0.8412051159999999,0.9161877390000001,0.9579018690000001,0.635004726,0.438458986,0.01123132,0.005120788
recover,0,0.906971037,0.9364944159999999,0.9551110629999999,0.960887877,0.916197922,0.906971037,0.0066289769999999994,0.0066289769999999994
recover_60,0,0.846759555,0.893140081,0.923426855,0.932995098,0.861043432,0.846759555,0.0066289769999999994,0.0066289769999999994
recover_70,0,0.846759555,0.893140081,0.923426855,0.932995098,0.861043432,0.846759555,0.0066289769999999994,0.0066289769999999994
