name,effectDays,infectReduct,reduceHosp,reduceIcu,reduceMort,reduceSympt,riskReduct,waneRate,waneRateOut
cur_2,14,0.594158106,0.907805442,0.9565901459999999,0.9786639159999999,0.728444221,0.594158106,0.023301365,0.017324799999999998
cur_2_60,14,0.559275496,0.895122671,0.950250679,0.9754653679999999,0.6992615520000001,0.559275496,0.023301365,0.017324799999999998
cur_2_70,14,0.52380302,0.880926295,0.94304169,0.971801722,0.66837527,0.52380302,0.023301365,0.017324799999999998
cur_3,14,0.530110844,0.8835552059999999,0.9443857929999999,0.972486946,0.6739600659999999,0.530110844,0.031868789,0.025892224
cur_3_60,14,0.494407663,0.868021437,0.936382562,0.9683923000000001,0.641801419,0.494407663,0.031868789,0.025892224
cur_3_70,14,0.458766757,0.8507681859999999,0.9273177029999999,0.963711755,0.608319386,0.458766757,0.031868789,0.025892224
recover,0,0.966010365,0.987972546,0.994589683,0.997393463,0.957224709,0.966010365,0.004527395,0.004527395
recover_60,0,0.935830154,0.9829635729999999,0.992315058,0.996293219,0.940185706,0.935830154,0.004527395,0.004527395
recover_70,0,0.8199672929999999,0.958617037,0.981075313,0.990817965,0.863213047,0.8199672929999999,0.004527395,0.004527395
