name,effectDays,infectReduct,reduceHosp,reduceIcu,reduceMort,reduceSympt,riskReduct,waneRate,waneRateOut
cur_2,14,0.416462,0.8290422209999999,0.9079629359999999,0.9535631440000001,0.622044217,0.416462,0.018994221999999998,0.011733471
cur_2_60,14,0.398171935,0.818033536,0.9014320640000001,0.950090158,0.604071858,0.398171935,0.018994221999999998,0.011733471
cur_2_70,14,0.380141055,0.806467673,0.894483299,0.946367563,0.585792544,0.380141055,0.018994221999999998,0.011733471
cur_3,14,0.508699436,0.87555238,0.934693543,0.967523652,0.704818432,0.508699436,0.006760284,-0.000500467
cur_3_60,14,0.489758363,0.8670584159999999,0.929913037,0.965056503,0.6888130490000001,0.489758363,0.006760284,-0.000500467
cur_3_70,14,0.47082469200000004,0.858067949,0.9248046129999999,0.9624060240000001,0.6723238490000001,0.47082469200000004,0.006760284,-0.000500467
recover,0,0.842527885,0.900688715,0.934605844,0.9324347,0.880066446,0.842527885,0.004985246,0.004985246
recover_60,0,0.718383213,0.812173916,0.872025712,0.868070144,0.777707618,0.718383213,0.004985246,0.004985246
recover_70,0,0.718383213,0.812173916,0.872025712,0.868070144,0.777707618,0.718383213,0.004985246,0.004985246
