name,effectDays,infectReduct,reduceHosp,reduceIcu,reduceMort,reduceSympt,riskReduct,waneRate,waneRateOut
cur_2,14,0.5426234870000001,0.8898474890000001,0.941567837,0.971049218,0.741514785,0.5426234870000001,0.022561812999999997,0.017160461000000002
cur_2_60,14,0.519155164,0.880264115,0.9361613679999999,0.9682786309999999,0.723042918,0.519155164,0.022561812999999997,0.017160461000000002
cur_2_70,14,0.495587515,0.869962254,0.930287937,0.965250443,0.703766254,0.495587515,0.022561812999999997,0.017160461000000002
cur_3,14,0.49686564299999997,0.870539562,0.930618785,0.96542153,0.704831057,0.49686564299999997,0.028592925,0.023191572999999997
cur_3_60,14,0.473328299,0.85954153,0.924280718,0.9621333759999999,0.684851847,0.473328299,0.028592925,0.023191572999999997
cur_3_70,14,0.449894555,0.84776508,0.9174106479999999,0.958543665,0.664151719,0.449894555,0.028592925,0.023191572999999997
recover,0,0.839139269,0.894277297,0.9084179840000001,0.945806748,0.879544965,0.839139269,0.005083139,0.005083139
recover_60,0,0.670212935,0.767189107,0.794420527,0.8717803209999999,0.7398980490000001,0.670212935,0.005083139,0.005083139
recover_70,0,0.670212935,0.767189107,0.794420527,0.8717803209999999,0.7398980490000001,0.670212935,0.005083139,0.005083139
