name,effectDays,infectReduct,reduceHosp,reduceIcu,reduceMort,reduceSympt,riskReduct,waneRate,waneRateOut
cur_2,14,0.403939466,0.8238564490000001,0.891601436,0.9448153340000001,0.689459272,0.403939466,0.019710808,0.007235293
cur_2_60,14,0.372860339,0.8040510940000001,0.878287922,0.937579993,0.660764833,0.372860339,0.019710808,0.007235293
cur_2_70,14,0.34279763399999996,0.782606767,0.8635896240000001,0.929466951,0.630839057,0.34279763399999996,0.019710808,0.007235293
cur_3,14,0.449611983,0.849353015,0.90838248,0.9537854029999999,0.727986578,0.449611983,0.013568168,0.001092653
cur_3_60,14,0.417480044,0.8318292709999999,0.896891667,0.9476609909999999,0.7013098520000001,0.417480044,0.013568168,0.001092653
cur_3_70,14,0.386034246,0.812716853,0.884143652,0.94077546,0.673191772,0.386034246,0.013568168,0.001092653
recover,0,0.9421671970000001,0.9882756070000001,0.99329915,0.996769548,0.9756170409999999,0.9421671970000001,0.004833324,0.004833324
recover_60,0,0.934006177,0.983390725,0.990487143,0.995407157,0.9656414209999999,0.934006177,0.004833324,0.004833324
recover_70,0,0.87072206,0.9596295570000001,0.976636893,0.988638034,0.918590239,0.87072206,0.004833324,0.004833324
