name,effectDays,infectReduct,reduceHosp,reduceIcu,reduceMort,reduceSympt,riskReduct,waneRate,waneRateOut
cur_2,14,0.529637374,0.8832402540000001,0.944790935,0.972693294,0.667792859,0.529637374,0.021045045,0.016318317
cur_2_60,14,0.5151389439999999,0.8771123470000001,0.9416800959999999,0.971106575,0.6547771960000001,0.5151389439999999,0.021045045,0.016318317
cur_2_70,14,0.500585752,0.870696742,0.93839864,0.969427088,0.641498435,0.500585752,0.021045045,0.016318317
cur_3,14,0.574170379,0.900579232,0.9534710670000001,0.977092898,0.706494196,0.574170379,0.01512072,0.010393991
cur_3_60,14,0.559904017,0.895253407,0.9508238659999999,0.9757554559999999,0.6943007040000001,0.559904017,0.01512072,0.010393991
cur_3_70,14,0.545509012,0.889665756,0.948028503,0.9743390540000001,0.6818034079999999,0.545509012,0.01512072,0.010393991
recover,0,0.89146409,0.930276138,0.946092787,0.949137591,0.8964608690000001,0.89146409,0.005682568000000001,0.005682568000000001
recover_60,0,0.810804414,0.874396115,0.9015474370000001,0.906860571,0.818759644,0.810804414,0.005682568000000001,0.005682568000000001
recover_70,0,0.810804414,0.874396115,0.9015474370000001,0.906860571,0.818759644,0.810804414,0.005682568000000001,0.005682568000000001
