name,effectDays,infectReduct,reduceHosp,reduceIcu,reduceMort,reduceSympt,riskReduct,waneRate,waneRateOut
cur_2,14,0.430725287,0.837839507,0.909378407,0.954312602,0.6611317210000001,0.430725287,0.022139911,0.008621535999999999
cur_2_60,14,0.406729464,0.8239918559999999,0.900917347,0.9498153859999999,0.638701329,0.406729464,0.022139911,0.008621535999999999
cur_2_70,14,0.383158638,0.809223083,0.8917554209999999,0.944898398,0.615637325,0.383158638,0.022139911,0.008621535999999999
cur_3,14,0.45413191,0.850323808,0.916901374,0.958276496,0.682057754,0.45413191,0.019019814,0.005501438000000001
cur_3_60,14,0.429816642,0.8373352709999999,0.9090724790000001,0.954150718,0.660300795,0.429816642,0.019019814,0.005501438000000001
cur_3_70,14,0.40582308200000006,0.8234462370000001,0.900581422,0.9496359740000001,0.637833777,0.40582308200000006,0.019019814,0.005501438000000001
recover,0,0.911276255,0.988151661,0.993864305,0.997042878,0.9692236870000001,0.911276255,0.004872596,0.004872596
recover_60,0,0.847498858,0.983216015,0.991287384,0.995795274,0.9567483609999999,0.847498858,0.004872596,0.004872596
recover_70,0,0.6442265970000001,0.959215272,0.978577047,0.989592192,0.898795239,0.6442265970000001,0.004872596,0.004872596
