name,effectDays,infectReduct,reduceHosp,reduceIcu,reduceMort,reduceSympt,riskReduct,waneRate,waneRateOut
cur_2,14,0.573331943,0.900175939,0.953713137,0.977215011,0.700769268,0.573331943,0.021536837000000003,0.015646965
cur_2_60,14,0.554375973,0.8930317390000001,0.9501884629999999,0.9754338709999999,0.684358042,0.554375973,0.021536837000000003,0.015646965
cur_2_70,14,0.535239102,0.88543259,0.9464061109999999,0.973515052,0.667454758,0.535239102,0.021536837000000003,0.015646965
cur_3,14,0.535459485,0.885522433,0.94645103,0.9735378859999999,0.667651376,0.535459485,0.026579536,0.020689664
cur_3_60,14,0.516240641,0.877472259,0.942406752,0.971477688,0.6503301260000001,0.516240641,0.026579536,0.020689664
cur_3_70,14,0.496952141,0.86892998,0.93807202,0.9692595970000001,0.632582912,0.496952141,0.026579536,0.020689664
recover,0,0.87688133,0.930316081,0.9482038190000001,0.9555173859999999,0.907712682,0.87688133,0.005861596,0.005861596
recover_60,0,0.7573164029999999,0.854003726,0.889146517,0.903954255,0.811658181,0.7573164029999999,0.005861596,0.005861596
recover_70,0,0.7573164029999999,0.854003726,0.889146517,0.903954255,0.811658181,0.7573164029999999,0.005861596,0.005861596
