name,effectDays,infectReduct,reduceHosp,reduceIcu,reduceMort,reduceSympt,riskReduct,waneRate,waneRateOut
cur_2,14,0.515822864,0.8781226259999999,0.938710231,0.9695868190000001,0.6884478959999999,0.515822864,0.021228028,0.015022642
cur_2_60,14,0.488540949,0.865949966,0.932121073,0.9661976170000001,0.664567613,0.488540949,0.021228028,0.015022642
cur_2_70,14,0.46131876200000005,0.8527611629999999,0.924877875,0.962444139,0.6398068020000001,0.46131876200000005,0.021228028,0.015022642
cur_3,14,0.545059388,0.890141387,0.9451275859999999,0.97286469,0.713059158,0.545059388,0.0173678,0.011162413999999999
cur_3_60,14,0.517885126,0.879003715,0.9391836490000001,0.969829403,0.690216465,0.517885126,0.0173678,0.011162413999999999
cur_3_70,14,0.490596243,0.866901831,0.93263962,0.9664652090000001,0.6663985689999999,0.490596243,0.0173678,0.011162413999999999
recover,0,0.927949218,0.988037857,0.9943368579999999,0.9972712990000001,0.962023682,0.927949218,0.0034393159999999996,0.0034393159999999996
recover_60,0,0.891770238,0.983055617,0.9919567990000001,0.99611969,0.946790027,0.891770238,0.0034393159999999996,0.0034393159999999996
recover_70,0,0.754290783,0.958835111,0.9802035290000001,0.99039059,0.87720621,0.754290783,0.0034393159999999996,0.0034393159999999996
