name,effectDays,infectReduct,reduceHosp,reduceIcu,reduceMort,reduceSympt,riskReduct,waneRate,waneRateOut
cur_2,14,0.443643104,0.8462665340000001,0.9061902690000001,0.952622925,0.7242098020000001,0.443643104,0.022121586000000002,0.011637591000000001
cur_2_60,14,0.438846154,0.843718148,0.904523148,0.951737025,0.720306827,0.438846154,0.022121586000000002,0.011637591000000001
cur_2_70,14,0.434016387,0.8411113929999999,0.902813785,0.9508270000000001,0.716333673,0.434016387,0.022121586000000002,0.011637591000000001
cur_3,14,0.430637163,0.839262583,0.901598943,0.95017921,0.7135274640000001,0.430637163,0.02385953,0.013375535
cur_3_60,14,0.425873195,0.83662051,0.8998592459999999,0.94925005,0.709533946,0.425873195,0.02385953,0.013375535
cur_3_70,14,0.42107906700000003,0.833918671,0.8980757909999999,0.9482956779999999,0.705470334,0.42107906700000003,0.02385953,0.013375535
recover,0,0.939144109,0.9882782640000001,0.9932864159999999,0.996763387,0.9757395000000001,0.939144109,0.00853028,0.00853028
recover_60,0,0.838049088,0.983394471,0.9904691170000001,0.9953984109999999,0.9658122259999999,0.838049088,0.00853028,0.00853028
recover_70,0,0.534853847,0.959638441,0.9765932429999999,0.9886165440000001,0.9189753209999999,0.534853847,0.00853028,0.00853028
