name,effectDays,infectReduct,reduceHosp,reduceIcu,reduceMort,reduceSympt,riskReduct,waneRate,waneRateOut
cur_2,14,0.610661766,0.9118636,0.9652288720000001,0.9829879990000001,0.649836462,0.610661766,0.021900892999999998,0.020811258
cur_2_60,14,0.578788244,0.900635975,0.9605049609999999,0.9806283729999999,0.619169969,0.578788244,0.021900892999999998,0.020811258
cur_2_70,14,0.546245271,0.888153909,0.955169255,0.977948888,0.587523485,0.546245271,0.021900892999999998,0.020811258
cur_3,14,0.657750602,0.926885014,0.971439913,0.9860725640000001,0.694557159,0.657750602,0.015220629,0.014130994
cur_3_60,14,0.627379782,0.917397611,0.967531432,0.984133872,0.665792949,0.627379782,0.015220629,0.014130994
cur_3_70,14,0.5959703479999999,0.906803252,0.9631085290000001,0.9819303340000001,0.6357415129999999,0.5959703479999999,0.015220629,0.014130994
recover,0,0.934947182,0.9877393740000001,0.9953950090000001,0.997782376,0.935277933,0.934947182,0.002034785,0.002034785
recover_60,0,0.8955978790000001,0.9826350009999999,0.993456734,0.996845778,0.910315781,0.8955978790000001,0.002034785,0.002034785
recover_70,0,0.751457788,0.957839047,0.9838596079999999,0.992180297,0.802960432,0.751457788,0.002034785,0.002034785
