name,effectDays,infectReduct,reduceHosp,reduceIcu,reduceMort,reduceSympt,riskReduct,waneRate,waneRateOut
cur_2,14,0.588728519,0.9058893159999999,0.9557226959999999,0.9782275220000001,0.7230166729999999,0.588728519,0.024198185,0.02111512
cur_2_60,14,0.567323348,0.898135062,0.9518562490000001,0.976277495,0.705099741,0.567323348,0.024198185,0.02111512
cur_2_70,14,0.545646867,0.8898128829999999,0.947667258,0.9741557040000001,0.68651157,0.545646867,0.024198185,0.02111512
cur_3,14,0.578321784,0.9021744270000001,0.953874751,0.97729652,0.714359289,0.578321784,0.025606088,0.022523023
cur_3_60,14,0.556782742,0.89414985,0.9498554029999999,0.975265217,0.696117717,0.556782742,0.025606088,0.022523023
cur_3_70,14,0.535011007,0.8855435779999999,0.945502285,0.973055385,0.6772225629999999,0.535011007,0.025606088,0.022523023
recover,0,0.9154723140000001,0.987970012,0.9945992379999999,0.9973980790000001,0.957027807,0.9154723140000001,0.003980799,0.003980799
recover_60,0,0.87193688,0.9829600009999999,0.992328599,0.996299777,0.939915292,0.87193688,0.003980799,0.003980799
recover_70,0,0.714401873,0.9586085759999999,0.9811082809999999,0.9908341190000001,0.862645488,0.714401873,0.003980799,0.003980799
