name,effectDays,infectReduct,reduceHosp,reduceIcu,reduceMort,reduceSympt,riskReduct,waneRate,waneRateOut
cur_2,14,0.5477967189999999,0.890108835,0.950365743,0.9755236159999999,0.6604591160000001,0.5477967189999999,0.020574889,0.015159678000000001
cur_2_60,14,0.50383164,0.871625455,0.941349592,0.970937687,0.6198461510000001,0.50383164,0.020574889,0.015159678000000001
cur_2_70,14,0.45982612799999995,0.850564856,0.93081977,0.9655254320000001,0.577501653,0.45982612799999995,0.020574889,0.015159678000000001
cur_3,14,0.6009457220000001,0.909659788,0.959681861,0.980216018,0.707438455,0.6009457220000001,0.013419775,0.008004564
cur_3_60,14,0.55797842,0.894073488,0.952273013,0.976488074,0.669633962,0.55797842,0.013419775,0.008004564
cur_3_70,14,0.514144247,0.8761724329999999,0.9435868040000001,0.9720797409999999,0.629520544,0.514144247,0.013419775,0.008004564
recover,0,0.9371294090000001,0.987902637,0.994846483,0.9975175140000001,0.9514819240000001,0.9371294090000001,0.006390961999999999,0.006390961999999999
recover_60,0,0.887064273,0.982865055,0.992679028,0.9964694479999999,0.9323171020000001,0.887064273,0.006390961999999999,0.006390961999999999
recover_70,0,0.71475332,0.958383689,0.981961937,0.9912522140000001,0.846867879,0.71475332,0.006390961999999999,0.006390961999999999
