name,effectDays,infectReduct,reduceHosp,reduceIcu,reduceMort,reduceSympt,riskReduct,waneRate,waneRateOut
cur_2,14,0.543898261,0.8888447970000001,0.948462817,0.974559397,0.6713166190000001,0.543898261,0.020906387,0.01570855
cur_2_60,14,0.53671007,0.8859530609999999,0.9470296309999999,0.973831903,0.664899328,0.53671007,0.020906387,0.01570855
cur_2_70,14,0.5294656010000001,0.8829789990000001,0.945550408,0.97307987,0.658383491,0.5294656010000001,0.020906387,0.01570855
cur_3,14,0.577369439,0.901582489,0.9547167129999999,0.9777209309999999,0.7005846729999999,0.577369439,0.016437206,0.011239368000000001
cur_3_60,14,0.570291997,0.898984468,0.953448905,0.977081717,0.694478754,0.570291997,0.016437206,0.011239368000000001
cur_3_70,14,0.563145227,0.89631046,0.952139884,0.976420818,0.688268416,0.563145227,0.016437206,0.011239368000000001
recover,0,0.9103677440000001,0.987936866,0.9947224859999999,0.9974576190000001,0.9543756379999999,0.9103677440000001,0.0061100830000000005,0.0061100830000000005
recover_60,0,0.8651857190000001,0.98291329,0.992503273,0.996384358,0.936277292,0.8651857190000001,0.0061100830000000005,0.0061100830000000005
recover_70,0,0.7030316190000001,0.9584979290000001,0.981533682,0.991042515,0.855050467,0.7030316190000001,0.0061100830000000005,0.0061100830000000005
