name,effectDays,infectReduct,reduceHosp,reduceIcu,reduceMort,reduceSympt,riskReduct,waneRate,waneRateOut
cur_2,14,0.42844169200000004,0.836429581,0.909312274,0.954277612,0.653854688,0.42844169200000004,0.019637900000000003,0.009343684
cur_2_60,14,0.40811375,0.824674144,0.9021821940000001,0.9504903240000001,0.634708411,0.40811375,0.019637900000000003,0.009343684
cur_2_70,14,0.388077481,0.81225199,0.89454942,0.9464031190000001,0.615108611,0.388077481,0.019637900000000003,0.009343684
cur_3,14,0.461157484,0.853763224,0.919664303,0.95972418,0.683208136,0.461157484,0.015280812,0.004986595
cur_3_60,14,0.440473541,0.84301972,0.913270494,0.956367416,0.66485326,0.440473541,0.015280812,0.004986595
cur_3_70,14,0.41997584299999996,0.8316320079999999,0.906413193,0.952741264,0.64596871,0.41997584299999996,0.015280812,0.004986595
recover,0,0.91914341,0.988139689,0.993916024,0.9970678829999999,0.968530288,0.91914341,0.005770300999999999,0.005770300999999999
recover_60,0,0.863500451,0.9831991409999999,0.9913606359999999,0.995830784,0.9557867109999999,0.863500451,0.005770300999999999,0.005770300999999999
recover_70,0,0.6782627529999999,0.95917527,0.978754872,0.989679548,0.89668421,0.6782627529999999,0.005770300999999999,0.005770300999999999
