name,effectDays,infectReduct,reduceHosp,reduceIcu,reduceMort,reduceSympt,riskReduct,waneRate,waneRateOut
cur_2,14,0.46257336600000004,0.85480616,0.918425577,0.959075665,0.697323745,0.46257336600000004,0.021658516000000003,0.013489896999999999
cur_2_60,14,0.45461503700000006,0.85078246,0.915991667,0.9577988890000001,0.69051588,0.45461503700000006,0.021658516000000003,0.013489896999999999
cur_2_70,14,0.446640417,0.846646553,0.913479376,0.9564774490000001,0.683589875,0.446640417,0.021658516000000003,0.013489896999999999
cur_3,14,0.474282321,0.8605457940000001,0.9218801190000001,0.9608820640000001,0.707156056,0.474282321,0.020112472,0.011943853
cur_3_60,14,0.46629733,0.856654481,0.919540252,0.9596592740000001,0.70047435,0.46629733,0.020112472,0.011943853
cur_3_70,14,0.458289985,0.852653142,0.917124481,0.9583935579999999,0.693672341,0.458289985,0.020112472,0.011943853
recover,0,0.9364184059999999,0.988171075,0.993779395,0.997001823,0.97031817,0.9364184059999999,0.008597127,0.008597127
recover_60,0,0.84044538,0.983243379,0.991167131,0.9957369709999999,0.958267396,0.84044538,0.008597127,0.008597127
recover_70,0,0.552058528,0.959280145,0.9782852040000001,0.9894487890000001,0.902141454,0.552058528,0.008597127,0.008597127
