name,effectDays,infectReduct,reduceHosp,reduceIcu,reduceMort,reduceSympt,riskReduct,waneRate,waneRateOut
cur_2,14,0.481767705,0.8633296420000001,0.927789524,0.963956505,0.6820001459999999,0.481767705,0.020251271,0.015189092
cur_2_60,14,0.427226045,0.835209601,0.911573733,0.955472687,0.632454831,0.427226045,0.020251271,0.015189092
cur_2_70,14,0.37443272,0.802649927,0.892154007,0.945113341,0.5799805920000001,0.37443272,0.020251271,0.015189092
cur_3,14,0.502919918,0.8730130359999999,0.9332588629999999,0.966784568,0.7000677040000001,0.502919918,0.017468542,0.012406363
cur_3_60,14,0.448053975,0.84653119,0.9181629459999999,0.958938057,0.651900577,0.448053975,0.017468542,0.012406363
cur_3_70,14,0.39445939399999996,0.81571489,0.9000316140000001,0.9493421890000001,0.6004487039999999,0.39445939399999996,0.017468542,0.012406363
recover,0,0.8690562479999999,0.910436713,0.9194360979999999,0.942407329,0.9210983359999999,0.8690562479999999,0.005815748000000001,0.005815748000000001
recover_60,0,0.805067577,0.8634932670000001,0.8765700829999999,0.910574964,0.879000362,0.805067577,0.005815748000000001,0.005815748000000001
recover_70,0,0.805067577,0.8634932670000001,0.8765700829999999,0.910574964,0.879000362,0.805067577,0.005815748000000001,0.005815748000000001
