name,effectDays,infectReduct,reduceHosp,reduceIcu,reduceMort,reduceSympt,riskReduct,waneRate,waneRateOut
cur_2,14,0.475140536,0.859195893,0.93045198,0.96533528,0.635420689,0.475140536,0.020260145,0.017066149
cur_2_60,14,0.42479642,0.8327206779999999,0.916066101,0.957837985,0.587090149,0.42479642,0.020260145,0.017066149
cur_2_70,14,0.375993794,0.802431252,0.899038378,0.948811014,0.537050811,0.375993794,0.020260145,0.017066149
cur_3,14,0.526932808,0.882464989,0.942730299,0.971642835,0.68198274,0.526932808,0.013442977,0.010248980999999999
cur_3_60,14,0.47607866,0.8596503329999999,0.9306949940000001,0.965460929,0.6362916270000001,0.47607866,0.013442977,0.010248980999999999
cur_3_70,14,0.42574520000000005,0.833260707,0.9163640890000001,0.957994472,0.588030846,0.42574520000000005,0.013442977,0.010248980999999999
recover,0,0.9253474540000001,0.9879986609999999,0.9944901279999999,0.997345362,0.959206317,0.9253474540000001,0.00168874,0.00168874
recover_60,0,0.9025854940000001,0.9830003759999999,0.992173977,0.9962248920000001,0.942909584,0.9025854940000001,0.00168874,0.00168874
recover_70,0,0.796321332,0.958704227,0.9807318979999999,0.990649659,0.868953602,0.796321332,0.00168874,0.00168874
