name,effectDays,infectReduct,reduceHosp,reduceIcu,reduceMort,reduceSympt,riskReduct,waneRate,waneRateOut
cur_2,14,0.5101821360000001,0.8759602459999999,0.936151486,0.968273552,0.695748515,0.5101821360000001,0.021109585,0.016726105
cur_2_60,14,0.464557802,0.854703416,0.924318493,0.96215304,0.65574572,0.464557802,0.021109585,0.016726105
cur_2_70,14,0.41954007299999996,0.83052079,0.9105091940000001,0.954910495,0.613426338,0.41954007299999996,0.021109585,0.016726105
cur_3,14,0.50210238,0.872405157,0.934191928,0.9672653720000001,0.688862992,0.50210238,0.022172312000000003,0.017788831
cur_3_60,14,0.456527155,0.8506429670000001,0.92202602,0.960958208,0.648412377,0.456527155,0.022172312000000003,0.017788831
cur_3_70,14,0.411689286,0.825922177,0.9078401290000001,0.953498066,0.605733525,0.411689286,0.022172312000000003,0.017788831
recover,0,0.866467102,0.916704363,0.938568602,0.9385571640000001,0.889072324,0.866467102,0.005219632,0.005219632
recover_60,0,0.742171085,0.8299956070000001,0.871427772,0.871405545,0.7804871390000001,0.742171085,0.005219632,0.005219632
recover_70,0,0.742171085,0.8299956070000001,0.871427772,0.871405545,0.7804871390000001,0.742171085,0.005219632,0.005219632
