name,effectDays,infectReduct,reduceHosp,reduceIcu,reduceMort,reduceSympt,riskReduct,waneRate,waneRateOut
cur_2,14,0.470623396,0.857119744,0.9286843359999999,0.964420332,0.636774596,0.470623396,0.021337296000000002,0.013998355
cur_2_60,14,0.436287706,0.839292121,0.9189415999999999,0.959345927,0.604151146,0.436287706,0.021337296000000002,0.013998355
cur_2_70,14,0.402555613,0.819710107,0.908000923,0.953583272,0.570577104,0.402555613,0.021337296000000002,0.013998355
cur_3,14,0.559342505,0.895454282,0.948961543,0.9748122929999999,0.714538177,0.559342505,0.009628715999999999,0.002289775
cur_3_60,14,0.524952722,0.8817498909999999,0.941815405,0.971175701,0.6854490120000001,0.524952722,0.009628715999999999,0.002289775
cur_3_70,14,0.490328214,0.86651851,0.933739455,0.967032275,0.654830785,0.490328214,0.009628715999999999,0.002289775
recover,0,0.933879472,0.9880112870000001,0.9944412659999999,0.9973217520000001,0.9601340340000001,0.933879472,0.006456018000000001,0.006456018000000001
recover_60,0,0.9297985790000001,0.98301817,0.992104738,0.996191355,0.9441863509999999,0.9297985790000001,0.006456018000000001,0.006456018000000001
recover_70,0,0.870138565,0.958746385,0.980563411,0.990567062,0.871659196,0.870138565,0.006456018000000001,0.006456018000000001
