name,effectDays,infectReduct,reduceHosp,reduceIcu,reduceMort,reduceSympt,riskReduct,waneRate,waneRateOut
cur_2,14,0.538718315,0.887522067,0.944213163,0.9723989940000001,0.703289726,0.538718315,0.021693107000000003,0.014839312
cur_2_60,14,0.519773201,0.8797036140000001,0.940069268,0.970282874,0.687178837,0.519773201,0.021693107000000003,0.014839312
cur_2_70,14,0.500749129,0.871410602,0.9356332620000001,0.968007136,0.670583508,0.500749129,0.021693107000000003,0.014839312
cur_3,14,0.552464156,0.89293946,0.947062945,0.9738488259999999,0.714728371,0.552464156,0.019870159,0.013016365
cur_3_60,14,0.5335948220000001,0.8854489720000001,0.943117981,0.971840642,0.698972734,0.5335948220000001,0.019870159,0.013016365
cur_3_70,14,0.5146069670000001,0.8774968790000001,0.9388929690000001,0.96968047,0.682714191,0.5146069670000001,0.019870159,0.013016365
recover,0,0.841821895,0.874773095,0.9255942890000001,0.9479869340000001,0.872560068,0.841821895,0.004770425,0.004770425
recover_60,0,0.7396712879999999,0.788557321,0.869133299,0.906807227,0.785194808,0.7396712879999999,0.004770425,0.004770425
recover_70,0,0.7396712879999999,0.788557321,0.869133299,0.906807227,0.785194808,0.7396712879999999,0.004770425,0.004770425
