name,effectDays,infectReduct,reduceHosp,reduceIcu,reduceMort,reduceSympt,riskReduct,waneRate,waneRateOut
cur_2,14,0.530162193,0.8836657640000001,0.944015175,0.972298103,0.678286185,0.530162193,0.021104138999999997,0.015329367
cur_2_60,14,0.497569535,0.869562285,0.93670394,0.9685574029999999,0.649169247,0.497569535,0.021104138999999997,0.015329367
cur_2_70,14,0.464997809,0.854031585,0.928510292,0.964330152,0.618897979,0.464997809,0.021104138999999997,0.015329367
cur_3,14,0.555302765,0.893683945,0.94913548,0.974900462,0.69998602,0.555302765,0.017772927,0.011998155
cur_3_60,14,0.5228846070000001,0.88063093,0.942452159,0.971500868,0.671882987,0.5228846070000001,0.017772927,0.011998155
cur_3_70,14,0.490272782,0.866215367,0.9349509420000001,0.967656132,0.642492246,0.490272782,0.017772927,0.011998155
recover,0,0.93107911,0.987982866,0.9945505809999999,0.9973745709999999,0.95801807,0.93107911,0.011608535,0.011608535
recover_60,0,0.9104007409999999,0.982978117,0.9922596440000001,0.9962663829999999,0.941275704,0.9104007409999999,0.011608535,0.011608535
recover_70,0,0.811633623,0.958651492,0.98094041,0.990751857,0.865505065,0.811633623,0.011608535,0.011608535
