name,effectDays,infectReduct,reduceHosp,reduceIcu,reduceMort,reduceSympt,riskReduct,waneRate,waneRateOut
cur_2,14,0.607065275,0.911867929,0.960158044,0.9804546190000001,0.719952206,0.607065275,0.022658367000000002,0.018758813
cur_2_60,14,0.564283992,0.896621133,0.952833286,0.976771018,0.6830445190000001,0.564283992,0.022658367000000002,0.018758813
cur_2_70,14,0.520542732,0.8790944909999999,0.944244115,0.972414765,0.643697531,0.520542732,0.022658367000000002,0.018758813
cur_3,14,0.535245863,0.885226561,0.94727013,0.97395406,0.657111727,0.535245863,0.032316727999999996,0.028417174
cur_3_60,14,0.49119886799999996,0.8660478709999999,0.937729655,0.969083968,0.616335638,0.49119886799999996,0.032316727999999996,0.028417174
cur_3_70,14,0.44730690100000003,0.8442383520000001,0.926601943,0.963340227,0.573873758,0.44730690100000003,0.032316727999999996,0.028417174
recover,0,0.834267421,0.8840310240000001,0.943354395,0.9430777229999999,0.858226332,0.834267421,0.004412704,0.004412704
recover_60,0,0.7641195959999999,0.8306710190000001,0.914655271,0.9142511659999999,0.7957364370000001,0.7641195959999999,0.004412704,0.004412704
recover_70,0,0.7641195959999999,0.8306710190000001,0.914655271,0.9142511659999999,0.7957364370000001,0.7641195959999999,0.004412704,0.004412704
