name,effectDays,infectReduct,reduceHosp,reduceIcu,reduceMort,reduceSympt,riskReduct,waneRate,waneRateOut
cur_2,14,0.376516595,0.8070106029999999,0.877022023,0.936886462,0.6805445640000001,0.376516595,0.02103312,0.007608190999999999
cur_2_60,14,0.355220259,0.7923074840000001,0.8667722409999999,0.931234958,0.660262634,0.355220259,0.02103312,0.007608190999999999
cur_2_70,14,0.33446847,0.776783267,0.855800982,0.925113544,0.6393610829999999,0.33446847,0.02103312,0.007608190999999999
cur_3,14,0.39945785100000003,0.821616352,0.887070653,0.942364979,0.701177429,0.39945785100000003,0.017856063999999998,0.004431135
cur_3_60,14,0.377649887,0.8077609179999999,0.877541447,0.93717115,0.681592567,0.377649887,0.017856063999999998,0.004431135
cur_3_70,14,0.35631187,0.7930901370000001,0.8673212770000001,0.931539323,0.661330183,0.35631187,0.017856063999999998,0.004431135
recover,0,0.886625764,0.921941427,0.9535694309999999,0.95487266,0.9005138420000001,0.886625764,0.006398469,0.006398469
recover_60,0,0.779056071,0.8419045209999999,0.902533707,0.905126902,0.8031962859999999,0.779056071,0.006398469,0.006398469
recover_70,0,0.779056071,0.8419045209999999,0.902533707,0.905126902,0.8031962859999999,0.779056071,0.006398469,0.006398469
