name,effectDays,infectReduct,reduceHosp,reduceIcu,reduceMort,reduceSympt,riskReduct,waneRate,waneRateOut
cur_2,14,0.43104157,0.8383691409999999,0.9076755809999999,0.953410855,0.6744623959999999,0.43104157,0.02195905,0.015769957
cur_2_60,14,0.38415185,0.8102728029999999,0.8900467470000001,0.9439759,0.630433801,0.38415185,0.02195905,0.015769957
cur_2_70,14,0.33934446700000004,0.778600515,0.869547563,0.932771584,0.584147751,0.33934446700000004,0.02195905,0.015769957
cur_3,14,0.473989969,0.86051958,0.921220533,0.9605376859999999,0.7113411629999999,0.473989969,0.016255969,0.010066875999999999
cur_3_60,14,0.42592573,0.835518236,0.905909933,0.9524740690000001,0.6698589070000001,0.42592573,0.016255969,0.010066875999999999
cur_3_70,14,0.37924639,0.807056786,0.88799604,0.942866445,0.625578027,0.37924639,0.016255969,0.010066875999999999
recover,0,0.8602636090000001,0.898088295,0.946389928,0.937703802,0.875896371,0.8602636090000001,0.005089631,0.005089631
recover_60,0,0.7515091340000001,0.812350758,0.896610103,0.8808736890000001,0.7761425940000001,0.7515091340000001,0.005089631,0.005089631
recover_70,0,0.7515091340000001,0.812350758,0.896610103,0.8808736890000001,0.7761425940000001,0.7515091340000001,0.005089631,0.005089631
