name,effectDays,infectReduct,reduceHosp,reduceIcu,reduceMort,reduceSympt,riskReduct,waneRate,waneRateOut
cur_2,14,0.39961452799999997,0.819471628,0.8992241990000001,0.9489104340000001,0.625076795,0.39961452799999997,0.020154015,0.009037933
cur_2_60,14,0.379776612,0.806799523,0.891408449,0.944711211,0.605331077,0.379776612,0.020154015,0.009037933
cur_2_70,14,0.360315017,0.7934496990000001,0.883057555,0.9401843409999999,0.585217103,0.360315017,0.020154015,0.009037933
cur_3,14,0.49941896799999996,0.8718615359999999,0.930434408,0.965326193,0.714206103,0.49941896799999996,0.006847252,-0.00426883
cur_3_60,14,0.478575845,0.86224874,0.924836867,0.962422805,0.696878143,0.478575845,0.006847252,-0.00426883
cur_3_70,14,0.45778827299999997,0.85202765,0.918822576,0.9592836020000001,0.6789553209999999,0.45778827299999997,0.006847252,-0.00426883
recover,0,0.900215938,0.9881365559999999,0.993929477,0.9970743870000001,0.9683464820000001,0.900215938,0.006017485,0.006017485
recover_60,0,0.8574550040000001,0.983194725,0.9913796909999999,0.9958400209999999,0.9555318909999999,0.8574550040000001,0.006017485,0.006017485
recover_70,0,0.698477606,0.959164803,0.978801135,0.989702272,0.8961257770000001,0.698477606,0.006017485,0.006017485
