name,effectDays,infectReduct,reduceHosp,reduceIcu,reduceMort,reduceSympt,riskReduct,waneRate,waneRateOut
cur_2,14,0.559781612,0.8954303109999999,0.94986268,0.975268903,0.705465267,0.559781612,0.021289713999999998,0.014823822
cur_2_60,14,0.532768166,0.8847738829999999,0.944408936,0.9724987359999999,0.682318146,0.532768166,0.021289713999999998,0.014823822
cur_2_70,14,0.50555275,0.873181532,0.9383984670000001,0.969427,0.65822557,0.50555275,0.021289713999999998,0.014823822
cur_3,14,0.540687119,0.8879812159999999,0.946057523,0.97333782,0.6891811640000001,0.540687119,0.0238267,0.017360808000000002
cur_3_60,14,0.513520241,0.876670225,0.94021592,0.9703579240000001,0.665361346,0.513520241,0.0238267,0.017360808000000002
cur_3_70,14,0.48626477100000004,0.864387562,0.9337838909999999,0.967055172,0.640660045,0.48626477100000004,0.0238267,0.017360808000000002
recover,0,0.8225872879999999,0.865084101,0.902580632,0.932686272,0.865507108,0.8225872879999999,0.004324110999999999,0.004324110999999999
recover_60,0,0.708252015,0.7704950890000001,0.829086475,0.8788557109999999,0.771136205,0.708252015,0.004324110999999999,0.004324110999999999
recover_70,0,0.708252015,0.7704950890000001,0.829086475,0.8788557109999999,0.771136205,0.708252015,0.004324110999999999,0.004324110999999999
