name,effectDays,infectReduct,reduceHosp,reduceIcu,reduceMort,reduceSympt,riskReduct,waneRate,waneRateOut
cur_2,14,0.552103915,0.8927069190000001,0.9473955279999999,0.97401774,0.7099426790000001,0.552103915,0.023409004,0.017655554
cur_2_60,14,0.521336523,0.8802623709999999,0.940873999,0.970694553,0.683808225,0.521336523,0.023409004,0.017655554
cur_2_70,14,0.490403941,0.866588996,0.9336000329999999,0.9669604270000001,0.656456275,0.490403941,0.023409004,0.017655554
cur_3,14,0.511952847,0.8762447520000001,0.9387485999999999,0.969606484,0.675627894,0.511952847,0.028713811000000002,0.02296036
cur_3_60,14,0.48101998,0.8621855829999999,0.931232897,0.9657389340000001,0.647934886,0.48101998,0.028713811000000002,0.02296036
cur_3_70,14,0.45022949700000003,0.8468071840000001,0.9228700679999999,0.961398469,0.619207815,0.45022949700000003,0.028713811000000002,0.02296036
recover,0,0.8962921559999999,0.928080879,0.9484518809999999,0.9606404209999999,0.924167793,0.8962921559999999,0.006808065,0.006808065
recover_60,0,0.794220453,0.8521347990000001,0.8915026140000001,0.915963689,0.844780621,0.794220453,0.006808065,0.006808065
recover_70,0,0.794220453,0.8521347990000001,0.8915026140000001,0.915963689,0.844780621,0.794220453,0.006808065,0.006808065
