name,effectDays,infectReduct,reduceHosp,reduceIcu,reduceMort,reduceSympt,riskReduct,waneRate,waneRateOut
cur_2,14,0.54351126,0.8897005729999999,0.9440412109999999,0.9723113720000001,0.719752246,0.54351126,0.0223074,0.01537595
cur_2_60,14,0.506244977,0.874152177,0.935598477,0.967989248,0.688631205,0.506244977,0.0223074,0.01537595
cur_2_70,14,0.468917177,0.856768803,0.9259840290000001,0.963019257,0.655714626,0.468917177,0.0223074,0.01537595
cur_3,14,0.510835279,0.876158854,0.9366963290000001,0.968553494,0.692555653,0.510835279,0.026618802,0.019687353
cur_3_60,14,0.473485575,0.859004062,0.927230862,0.963666694,0.659841806,0.473485575,0.026618802,0.019687353
cur_3_70,14,0.436438175,0.839911472,0.916478736,0.958054665,0.625536722,0.436438175,0.026618802,0.019687353
recover,0,0.934766743,0.9880584240000001,0.9942545429999999,0.997231518,0.963429678,0.934766743,0.008687515,0.008687515
recover_60,0,0.915104519,0.983084603,0.9918401729999999,0.996063186,0.948729961,0.915104519,0.008687515,0.008687515
recover_70,0,0.8205162840000001,0.9589037979999999,0.979919931,0.990251477,0.88136516,0.8205162840000001,0.008687515,0.008687515
