name,effectDays,infectReduct,reduceHosp,reduceIcu,reduceMort,reduceSympt,riskReduct,waneRate,waneRateOut
cur_2,14,0.45984282600000004,0.852227243,0.923471965,0.961712177,0.647191332,0.45984282600000004,0.021003881000000002,0.011296223000000001
cur_2_60,14,0.45828303600000003,0.8514344540000001,0.923026875,0.9614802170000001,0.645755777,0.45828303600000003,0.021003881000000002,0.011296223000000001
cur_2_70,14,0.456674066,0.850612554,0.9225650209999999,0.9612394009999999,0.644271412,0.456674066,0.021003881000000002,0.011296223000000001
cur_3,14,0.517079446,0.8788406879999999,0.938185115,0.969317599,0.6976296679999999,0.517079446,0.013464601000000001,0.003756942
cur_3_60,14,0.515510798,0.878170267,0.937819836,0.9691302359999999,0.6963030379999999,0.515510798,0.013464601000000001,0.003756942
cur_3_70,14,0.5138915070000001,0.8774749909999999,0.937440726,0.9689357009999999,0.6949304159999999,0.5138915070000001,0.013464601000000001,0.003756942
recover,0,0.8091648640000001,0.8786503379999999,0.919141158,0.936991382,0.826468798,0.8091648640000001,0.003601645,0.003601645
recover_60,0,0.684369317,0.78735297,0.8532180359999999,0.883781178,0.7089184140000001,0.684369317,0.003601645,0.003601645
recover_70,0,0.684369317,0.78735297,0.8532180359999999,0.883781178,0.7089184140000001,0.684369317,0.003601645,0.003601645
