name,effectDays,infectReduct,reduceHosp,reduceIcu,reduceMort,reduceSympt,riskReduct,waneRate,waneRateOut
cur_2,14,0.44999583200000004,0.849313447,0.9097918420000001,0.954531287,0.719932543,0.44999583200000004,0.023230711,0.012422583999999999
cur_2_60,14,0.417874989,0.831796194,0.898464672,0.948503938,0.69281475,0.417874989,0.023230711,0.012422583999999999
cur_2_70,14,0.386436403,0.8126919229999999,0.885893739,0.941726469,0.664295985,0.386436403,0.023230711,0.012422583999999999
cur_3,14,0.43817413200000005,0.843081678,0.905783751,0.952407052,0.7101760020000001,0.43817413200000005,0.024805112,0.013996985
cur_3_60,14,0.406273805,0.824989263,0.894011928,0.94611401,0.6825301020000001,0.406273805,0.024805112,0.013996985
cur_3_70,14,0.37514555299999996,0.805292845,0.880962747,0.9390422140000001,0.653534011,0.37514555299999996,0.024805112,0.013996985
recover,0,0.8203218259999999,0.877416676,0.924073348,0.912109904,0.874749381,0.8203218259999999,0.0038651040000000003,0.0038651040000000003
recover_60,0,0.670472342,0.761329763,0.844331499,0.822220724,0.756836556,0.670472342,0.0038651040000000003,0.0038651040000000003
recover_70,0,0.670472342,0.761329763,0.844331499,0.822220724,0.756836556,0.670472342,0.0038651040000000003,0.0038651040000000003
