name,effectDays,infectReduct,reduceHosp,reduceIcu,reduceMort,reduceSympt,riskReduct,waneRate,waneRateOut
cur_2,14,0.331953352,0.776022366,0.847058467,0.9201813809999999,0.672024753,0.331953352,0.021461512000000002,0.008045768
cur_2_60,14,0.325908083,0.771226135,0.843476578,0.918146543,0.665960141,0.325908083,0.021461512000000002,0.008045768
cur_2_70,14,0.31988383600000003,0.766328205,0.8398041890000001,0.916051715,0.659802651,0.31988383600000003,0.021461512000000002,0.008045768
cur_3,14,0.37652766600000004,0.808096033,0.870655242,0.933383552,0.713492604,0.37652766600000004,0.015048887,0.0016331429999999999
cur_3_60,14,0.370120383,0.803812987,0.8675395690000001,0.931660284,0.7078614440000001,0.370120383,0.015048887,0.0016331429999999999
cur_3_70,14,0.363719853,0.7994312859999999,0.864340949,0.9298848940000001,0.702130868,0.363719853,0.015048887,0.0016331429999999999
recover,0,0.933466575,0.9883934879999999,0.992707527,0.9964832440000001,0.980530344,0.933466575,0.00399999,0.00399999
recover_60,0,0.8976635479999999,0.983556903,0.9896498340000001,0.995000715,0.972508224,0.8976635479999999,0.00399999,0.00399999
recover_70,0,0.762383624,0.9600238040000001,0.974611751,0.98764,0.93421998,0.762383624,0.00399999,0.00399999
