name,effectDays,infectReduct,reduceHosp,reduceIcu,reduceMort,reduceSympt,riskReduct,waneRate,waneRateOut
cur_2,14,0.44334639200000003,0.84351275,0.919225697,0.959494655,0.626793182,0.44334639200000003,0.019803767,0.015132399
cur_2_60,14,0.402346926,0.820021997,0.905831608,0.952432471,0.58670971,0.402346926,0.019803767,0.015132399
cur_2_70,14,0.362683186,0.793876934,0.8904872079999999,0.944213867,0.545458738,0.362683186,0.019803767,0.015132399
cur_3,14,0.49729149,0.870045159,0.933926527,0.967128661,0.675954432,0.49729149,0.012677488999999998,0.008006121
cur_3_60,14,0.455384455,0.8498281879999999,0.922765327,0.961343857,0.63810242,0.455384455,0.012677488999999998,0.008006121
cur_3_70,14,0.414115057,0.827100066,0.9099057759999999,0.954591535,0.5984704670000001,0.414115057,0.012677488999999998,0.008006121
recover,0,0.929300111,0.988046529,0.99430231,0.997254603,0.962622468,0.929300111,0.00487818,0.00487818
recover_60,0,0.899744807,0.983067839,0.9919078490000001,0.996095975,0.947615929,0.899744807,0.00487818,0.00487818
recover_70,0,0.77887389,0.958864073,0.980084486,0.990332201,0.878974101,0.77887389,0.00487818,0.00487818
