name,effectDays,infectReduct,reduceHosp,reduceIcu,reduceMort,reduceSympt,riskReduct,waneRate,waneRateOut
cur_2,14,0.612682308,0.912958904,0.9640411179999999,0.982395818,0.677828126,0.612682308,0.021027506,0.020941423
cur_2_60,14,0.610316944,0.912164443,0.963694365,0.982222796,0.675649992,0.610316944,0.021027506,0.020941423
cur_2_70,14,0.60789978,0.91134764,0.963337491,0.982044658,0.673421232,0.60789978,0.021027506,0.020941423
cur_3,14,0.630006892,0.9186358920000001,0.966508646,0.983625225,0.693695561,0.630006892,0.018606297,0.018520214
cur_3_60,14,0.627683037,0.9178885859999999,0.966184853,0.983464083,0.6915758909999999,0.627683037,0.018606297,0.018520214
cur_3_70,14,0.62530746,0.917120177,0.965851592,0.983298172,0.689406258,0.62530746,0.018606297,0.018520214
recover,0,0.9260827909999999,0.9878021779999999,0.995192086,0.99768441,0.94200879,0.9260827909999999,0.001440742,0.001440742
recover_60,0,0.852632962,0.982723494,0.993168985,0.996706573,0.919418948,0.852632962,0.001440742,0.001440742
recover_70,0,0.624175834,0.958048508,0.983156968,0.9918368759999999,0.8208155229999999,0.624175834,0.001440742,0.001440742
