name,effectDays,infectReduct,reduceHosp,reduceIcu,reduceMort,reduceSympt,riskReduct,waneRate,waneRateOut
cur_2,14,0.513972561,0.877262724,0.938572816,0.969516383,0.6839331059999999,0.513972561,0.022179307000000002,0.012795085
cur_2_60,14,0.507309341,0.874362587,0.937017357,0.968718361,0.678140828,0.507309341,0.022179307000000002,0.012795085
cur_2_70,14,0.500601463,0.8713851140000001,0.935415056,0.967894913,0.672256194,0.500601463,0.022179307000000002,0.012795085
cur_3,14,0.5120522120000001,0.876432682,0.938128156,0.969288388,0.682269157,0.5120522120000001,0.022432017999999998,0.013047796
cur_3_60,14,0.505388001,0.87351576,0.936562198,0.968484592,0.676460811,0.505388001,0.022432017999999998,0.013047796
cur_3_70,14,0.498679814,0.87052119,0.934949122,0.967655195,0.670560383,0.498679814,0.022432017999999998,0.013047796
recover,0,0.8344076359999999,0.888728374,0.914908452,0.943520345,0.871319188,0.8344076359999999,0.004728839,0.004728839
recover_60,0,0.695102215,0.783249903,0.829485556,0.883152356,0.7539076029999999,0.695102215,0.004728839,0.004728839
recover_70,0,0.695102215,0.783249903,0.829485556,0.883152356,0.7539076029999999,0.695102215,0.004728839,0.004728839
