name,effectDays,infectReduct,reduceHosp,reduceIcu,reduceMort,reduceSympt,riskReduct,waneRate,waneRateOut
cur_2,14,0.419928255,0.8330388479999999,0.898873805,0.948722946,0.6968601259999999,0.419928255,0.020411756,0.014803315
cur_2_60,14,0.35893196,0.794192447,0.873009995,0.9346819940000001,0.640021058,0.35893196,0.020411756,0.014803315
cur_2_70,14,0.302223891,0.7490697040000001,0.841723914,0.917147864,0.579014251,0.302223891,0.020411756,0.014803315
cur_3,14,0.435377344,0.84163481,0.904468967,0.951708207,0.7100267090000001,0.435377344,0.018336467,0.012728025
cur_3_60,14,0.373582232,0.8043186059999999,0.8798448759999999,0.938431646,0.654432156,0.373582232,0.018336467,0.012728025
cur_3_70,14,0.3156994,0.760747175,0.8499532670000001,0.9218198890000001,0.594319584,0.3156994,0.018336467,0.012728025
recover,0,0.920924924,0.988259523,0.993375654,0.996806557,0.9748634429999999,0.920924924,0.010162189,0.010162189
recover_60,0,0.760820755,0.983368053,0.990595448,0.9954597040000001,0.964590699,0.760820755,0.010162189,0.010162189
recover_70,0,0.37494683799999995,0.959575782,0.976899208,0.988767153,0.9162254740000001,0.37494683799999995,0.010162189,0.010162189
