name,effectDays,infectReduct,reduceHosp,reduceIcu,reduceMort,reduceSympt,riskReduct,waneRate,waneRateOut
cur_2,14,0.486782127,0.8642518140000001,0.935553097,0.96796591,0.624257782,0.486782127,0.019449616,0.012895176000000001
cur_2_60,14,0.455306004,0.848732204,0.927501303,0.963807009,0.594184067,0.455306004,0.019449616,0.012895176000000001
cur_2_70,14,0.424181606,0.8317828559999999,0.918530725,0.959130748,0.563385447,0.424181606,0.019449616,0.012895176000000001
cur_3,14,0.5888221570000001,0.9057698259999999,0.956364931,0.9785506540000001,0.714969208,0.5888221570000001,0.005904996,-0.000649444
cur_3_60,14,0.557920747,0.894416944,0.9507764959999999,0.97573149,0.6885333840000001,0.557920747,0.005904996,-0.000649444
cur_3_70,14,0.5265628520000001,0.8818740620000001,0.9445135709999999,0.972552036,0.660807646,0.5265628520000001,0.005904996,-0.000649444
recover,0,0.811564085,0.8765692429999999,0.906083704,0.925298864,0.8499411490000001,0.811564085,0.0040515329999999995,0.0040515329999999995
recover_60,0,0.7084844790000001,0.800299117,0.844822548,0.874840318,0.761690322,0.7084844790000001,0.0040515329999999995,0.0040515329999999995
recover_70,0,0.7084844790000001,0.800299117,0.844822548,0.874840318,0.761690322,0.7084844790000001,0.0040515329999999995,0.0040515329999999995
