name,effectDays,infectReduct,reduceHosp,reduceIcu,reduceMort,reduceSympt,riskReduct,waneRate,waneRateOut
cur_2,14,0.48788136299999996,0.86520486,0.93391627,0.9671233770000001,0.644828973,0.48788136299999996,0.019282547,0.014238071000000001
cur_2_60,14,0.451164621,0.8470602740000001,0.924210633,0.96209689,0.610378492,0.451164621,0.019282547,0.014238071000000001
cur_2_70,14,0.414979049,0.826965873,0.913214293,0.956337807,0.574796967,0.414979049,0.019282547,0.014238071000000001
cur_3,14,0.5527885260000001,0.8927973020000001,0.948284263,0.9744688229999999,0.701994508,0.5527885260000001,0.010720532,0.005676055
cur_3_60,14,0.516109853,0.877842493,0.940554517,0.970531157,0.6702534179999999,0.516109853,0.010720532,0.005676055
cur_3_70,14,0.47926399,0.8611294420000001,0.93175442,0.966008318,0.63688698,0.47926399,0.010720532,0.005676055
recover,0,0.893119315,0.92718042,0.950011178,0.957527474,0.903849358,0.893119315,0.006234615,0.006234615
recover_60,0,0.8166029579999999,0.8715413000000001,0.910125385,0.923153777,0.8335833429999999,0.8166029579999999,0.006234615,0.006234615
recover_70,0,0.8166029579999999,0.8715413000000001,0.910125385,0.923153777,0.8335833429999999,0.8166029579999999,0.006234615,0.006234615
