name,effectDays,infectReduct,reduceHosp,reduceIcu,reduceMort,reduceSympt,riskReduct,waneRate,waneRateOut
cur_2,14,0.601316935,0.9105190479999999,0.956758129,0.9787483779999999,0.747620803,0.601316935,0.022591537000000002,0.015477558999999998
cur_2_60,14,0.587995198,0.9059124940000001,0.95441282,0.97756779,0.737049957,0.587995198,0.022591537000000002,0.015477558999999998
cur_2_70,14,0.5745135570000001,0.9010837159999999,0.951941135,0.976320393,0.726174329,0.5745135570000001,0.022591537000000002,0.015477558999999998
cur_3,14,0.5240660070000001,0.8813599670000001,0.941702185,0.971117861,0.6838120540000001,0.5240660070000001,0.032935106,0.025821128
cur_3_60,14,0.510265278,0.8754576070000001,0.938592698,0.9695265740000001,0.671742058,0.510265278,0.032935106,0.025821128
cur_3_70,14,0.49641849,0.869291334,0.935321393,0.9678467340000001,0.659413472,0.49641849,0.032935106,0.025821128
recover,0,0.8485425090000001,0.894761861,0.917794895,0.942547932,0.869464833,0.8485425090000001,0.004677998,0.004677998
recover_60,0,0.7200511740000001,0.796057302,0.8367519440000001,0.8827916459999999,0.753568432,0.7200511740000001,0.004677998,0.004677998
recover_70,0,0.7200511740000001,0.796057302,0.8367519440000001,0.8827916459999999,0.753568432,0.7200511740000001,0.004677998,0.004677998
