name,effectDays,infectReduct,reduceHosp,reduceIcu,reduceMort,reduceSympt,riskReduct,waneRate,waneRateOut
cur_2,14,0.48332066799999995,0.863025548,0.9329382340000001,0.9666192379999999,0.639069308,0.48332066799999995,0.021054157999999996,0.017164413
cur_2_60,14,0.436124325,0.838956658,0.920015715,0.9599079979999999,0.59415348,0.436124325,0.021054157999999996,0.017164413
cur_2_70,14,0.390080865,0.8115968490000001,0.9048655059999999,0.951919084,0.547629328,0.390080865,0.021054157999999996,0.017164413
cur_3,14,0.5244831879999999,0.8813632020000001,0.9425393959999999,0.9715454,0.676138107,0.5244831879999999,0.015637613999999998,0.011747869
cur_3_60,14,0.476977986,0.859993833,0.9313308029999999,0.965789517,0.633187516,0.476977986,0.015637613999999998,0.011747869
cur_3_70,14,0.42990982,0.835507296,0.918133124,0.958922429,0.588035457,0.42990982,0.015637613999999998,0.011747869
recover,0,0.929833274,0.987989702,0.9945245090000001,0.997361974,0.958536134,0.929833274,0.006234948000000001,0.006234948000000001
recover_60,0,0.8510281670000001,0.98298775,0.992222698,0.9962484890000001,0.941987861,0.8510281670000001,0.006234948000000001,0.006234948000000001
recover_70,0,0.608147866,0.958674314,0.980850477,0.9907077809999999,0.8670062740000001,0.608147866,0.006234948000000001,0.006234948000000001
