name,effectDays,infectReduct,reduceHosp,reduceIcu,reduceMort,reduceSympt,riskReduct,waneRate,waneRateOut
cur_2,14,0.551754371,0.892140637,0.949159248,0.974912508,0.6884271670000001,0.551754371,0.022042606,0.011565964
cur_2_60,14,0.5236389260000001,0.8807614009999999,0.943413967,0.971991608,0.6636585770000001,0.5236389260000001,0.022042606,0.011565964
cur_2_70,14,0.49536605799999994,0.8683556840000001,0.9370608859999999,0.968740712,0.63795021,0.49536605799999994,0.022042606,0.011565964
cur_3,14,0.541003634,0.887895013,0.947024752,0.973829424,0.6790476209999999,0.541003634,0.023468729,0.012992086000000002
cur_3_60,14,0.512809282,0.876130052,0.9410532420000001,0.9707862009999999,0.65390825,0.512809282,0.023468729,0.012992086000000002
cur_3_70,14,0.48452639200000003,0.863317262,0.93445353,0.967400087,0.627872502,0.48452639200000003,0.023468729,0.012992086000000002
recover,0,0.8257027720000001,0.897133275,0.92038523,0.9303929670000001,0.8655645670000001,0.8257027720000001,0.0045362829999999995,0.0045362829999999995
recover_60,0,0.707725767,0.816776917,0.8552621709999999,0.872320399,0.7669537009999999,0.707725767,0.0045362829999999995,0.0045362829999999995
recover_70,0,0.707725767,0.816776917,0.8552621709999999,0.872320399,0.7669537009999999,0.707725767,0.0045362829999999995,0.0045362829999999995
