name,effectDays,infectReduct,reduceHosp,reduceIcu,reduceMort,reduceSympt,riskReduct,waneRate,waneRateOut
cur_2,14,0.718555712,0.94362041,0.979416658,0.990004505,0.724319431,0.718555712,0.02177259,0.017766058
cur_2_60,14,0.714503133,0.94254948,0.979010553,0.989805122,0.720317542,0.714503133,0.02177259,0.017766058
cur_2_70,14,0.71037885,0.941449593,0.978592857,0.9895999590000001,0.7162438959999999,0.71037885,0.02177259,0.017766058
cur_3,14,0.651866765,0.9246703140000001,0.972143071,0.986420498,0.658346846,0.651866765,0.03196614,0.027959607999999997
cur_3_60,14,0.6473252270000001,0.923268698,0.9715976209999999,0.986150623,0.653844954,0.6473252270000001,0.03196614,0.027959607999999997
cur_3_70,14,0.642715764,0.921830295,0.97103677,0.985872966,0.649274534,0.642715764,0.03196614,0.027959607999999997
recover,0,0.911537532,0.9876640390000001,0.99562595,0.997893844,0.926300098,0.911537532,0.002047659,0.002047659
recover_60,0,0.9070306440000001,0.982528856,0.9937842720000001,0.997004181,0.898252046,0.9070306440000001,0.002047659,0.002047659
recover_70,0,0.832602877,0.957587877,0.984660135,0.9925712520000001,0.77994676,0.832602877,0.002047659,0.002047659
