name,effectDays,infectReduct,reduceHosp,reduceIcu,reduceMort,reduceSympt,riskReduct,waneRate,waneRateOut
cur_2,14,0.439300185,0.842438645,0.9126417290000001,0.9560360509999999,0.66568673,0.439300185,0.021687697000000002,0.012817088
cur_2_60,14,0.397875992,0.818492247,0.898073993,0.948294715,0.62677832,0.397875992,0.021687697000000002,0.012817088
cur_2_70,14,0.357880045,0.7918167559999999,0.881399585,0.939280605,0.5861728,0.357880045,0.021687697000000002,0.012817088
cur_3,14,0.473104656,0.859700335,0.92291604,0.9614224370000001,0.695308975,0.473104656,0.01720603,0.00833542
cur_3_60,14,0.430942785,0.8378725090000001,0.909892472,0.9545845,0.658077308,0.430942785,0.01720603,0.00833542
cur_3_70,14,0.389774574,0.813395903,0.894925278,0.9466051870000001,0.618806031,0.389774574,0.01720603,0.00833542
recover,0,0.8100813729999999,0.847617957,0.9004688479999999,0.931339501,0.8526509790000001,0.8100813729999999,0.004549095,0.004549095
recover_60,0,0.7157711059999999,0.766576618,0.842305937,0.8889925340000001,0.773571308,0.7157711059999999,0.004549095,0.004549095
recover_70,0,0.7157711059999999,0.766576618,0.842305937,0.8889925340000001,0.773571308,0.7157711059999999,0.004549095,0.004549095
