name,effectDays,infectReduct,reduceHosp,reduceIcu,reduceMort,reduceSympt,riskReduct,waneRate,waneRateOut
cur_2,14,0.36103222799999996,0.796471987,0.869463192,0.93272494,0.66697896,0.36103222799999996,0.021607743,0.010495518999999998
cur_2_60,14,0.31125747,0.7578683359999999,0.841956825,0.9172806920000001,0.615665978,0.31125747,0.021607743,0.010495518999999998
cur_2_70,14,0.265523487,0.7145977840000001,0.809944998,0.898689982,0.561680453,0.265523487,0.021607743,0.010495518999999998
cur_3,14,0.409567301,0.8277152659999999,0.8910346259999999,0.944509459,0.7108848059999999,0.409567301,0.014863665,0.003751441
cur_3_60,14,0.356838009,0.7935011909999999,0.867380411,0.9315720940000001,0.662917964,0.356838009,0.014863665,0.003751441
cur_3_70,14,0.30739583800000003,0.7545360090000001,0.839536735,0.915898812,0.611380136,0.30739583800000003,0.014863665,0.003751441
recover,0,0.855444056,0.88814346,0.9295566040000001,0.954961972,0.8969973440000001,0.855444056,0.004822074,0.004822074
recover_60,0,0.7616450770000001,0.810871337,0.876928927,0.9196743070000001,0.8246339159999999,0.7616450770000001,0.004822074,0.004822074
recover_70,0,0.7616450770000001,0.810871337,0.876928927,0.9196743070000001,0.8246339159999999,0.7616450770000001,0.004822074,0.004822074
