name,effectDays,infectReduct,reduceHosp,reduceIcu,reduceMort,reduceSympt,riskReduct,waneRate,waneRateOut
cur_2,14,0.46732479200000004,0.8560001070000001,0.925460921,0.962747366,0.6550093339999999,0.46732479200000004,0.020199906,0.014577972
cur_2_60,14,0.43411405200000003,0.838655753,0.91565858,0.957623896,0.624087512,0.43411405200000003,0.020199906,0.014577972
cur_2_70,14,0.40148630700000004,0.819663499,0.904700533,0.951831364,0.592121742,0.40148630700000004,0.020199906,0.014577972
cur_3,14,0.559510582,0.895904151,0.947301567,0.973970025,0.7332540470000001,0.559510582,0.008033438,0.002411504
cur_3_60,14,0.526220456,0.882707538,0.9401857690000001,0.970342495,0.706199668,0.526220456,0.008033438,0.002411504
cur_3_70,14,0.492697372,0.8680850990000001,0.9321783790000001,0.966227197,0.6776093440000001,0.492697372,0.008033438,0.002411504
recover,0,0.8613549540000001,0.900832126,0.94312876,0.942101344,0.8703421999999998,0.8613549540000001,0.005129029,0.005129029
recover_60,0,0.737527391,0.804249975,0.882360923,0.88037494,0.7522325009999999,0.737527391,0.005129029,0.005129029
recover_70,0,0.737527391,0.804249975,0.882360923,0.88037494,0.7522325009999999,0.737527391,0.005129029,0.005129029
