name,effectDays,infectReduct,reduceHosp,reduceIcu,reduceMort,reduceSympt,riskReduct,waneRate,waneRateOut
cur_2,14,0.60433703,0.909991733,0.96332386,0.982037853,0.661396905,0.60433703,0.021636532000000003,0.018780907
cur_2_60,14,0.586822237,0.903854762,0.960666019,0.980709017,0.6449239139999999,0.586822237,0.021636532000000003,0.018780907
cur_2_70,14,0.569062121,0.897337983,0.95782024,0.979282058,0.628078393,0.569062121,0.021636532000000003,0.018780907
cur_3,14,0.611251136,0.912339364,0.96433498,0.9825423990000001,0.667861905,0.611251136,0.020682941,0.017827316
cur_3_60,14,0.593836707,0.9063459859999999,0.961747502,0.981250176,0.651537727,0.593836707,0.020682941,0.017827316
cur_3_70,14,0.576160333,0.8999793770000001,0.9589766270000001,0.979862425,0.634828313,0.576160333,0.020682941,0.017827316
recover,0,0.944059759,0.9877811409999999,0.9952611459999999,0.997717753,0.939827002,0.944059759,0.00828872,0.00828872
recover_60,0,0.880606222,0.982693851,0.993266909,0.99675395,0.9164626359999999,0.880606222,0.00828872,0.00828872
recover_70,0,0.6695180039999999,0.957978338,0.983396015,0.9919537409999999,0.814969715,0.6695180039999999,0.00828872,0.00828872
