name,effectDays,infectReduct,reduceHosp,reduceIcu,reduceMort,reduceSympt,riskReduct,waneRate,waneRateOut
cur_2,14,0.518639283,0.8787364870000001,0.941928992,0.971233722,0.663673576,0.518639283,0.020168058,0.013769577
cur_2_60,14,0.497380085,0.869375421,0.9370969379999999,0.968759223,0.64442833,0.497380085,0.020168058,0.013769577
cur_2_70,14,0.476112156,0.859398518,0.931887254,0.966076908,0.624687465,0.476112156,0.020168058,0.013769577
cur_3,14,0.555660936,0.8937373190000001,0.949561331,0.975116257,0.696077208,0.555660936,0.01527013,0.008871648000000001
cur_3_60,14,0.534569483,0.885383215,0.9453274979999999,0.97296644,0.677785946,0.534569483,0.01527013,0.008871648000000001
cur_3_70,14,0.513335456,0.876455214,0.9407563809999999,0.970634405,0.65891684,0.513335456,0.01527013,0.008871648000000001
recover,0,0.72006622,0.82043549,0.8366492940000001,0.883190393,0.803138903,0.72006622,0.002354319,0.002354319
recover_60,0,0.563671975,0.696479417,0.7200669209999999,0.7915483,0.6720160059999999,0.563671975,0.002354319,0.002354319
recover_70,0,0.563671975,0.696479417,0.7200669209999999,0.7915483,0.6720160059999999,0.563671975,0.002354319,0.002354319
