name,effectDays,infectReduct,reduceHosp,reduceIcu,reduceMort,reduceSympt,riskReduct,waneRate,waneRateOut
cur_2,14,0.507782179,0.873534762,0.9415921,0.971061615,0.630762377,0.507782179,0.021842357000000003,0.016178189
cur_2_60,14,0.461071041,0.851373895,0.930407001,0.96531202,0.586211567,0.461071041,0.021842357000000003,0.016178189
cur_2_70,14,0.415056427,0.82611622,0.9172752590000001,0.958472654,0.540227035,0.415056427,0.021842357000000003,0.016178189
cur_3,14,0.563172638,0.89618137,0.952711182,0.976709369,0.681007501,0.563172638,0.014513581000000001,0.008849413
cur_3_60,14,0.5167150939999999,0.877432112,0.943527679,0.972049594,0.639049913,0.5167150939999999,0.014513581000000001,0.008849413
cur_3_70,14,0.469990119,0.855853028,0.93269262,0.966492551,0.594879328,0.469990119,0.014513581000000001,0.008849413
recover,0,0.83218132,0.883238275,0.909660073,0.9241571209999999,0.864135215,0.83218132,0.004661082,0.004661082
recover_60,0,0.643891003,0.733916688,0.7859389440000001,0.81628001,0.698716934,0.643891003,0.004661082,0.004661082
recover_70,0,0.643891003,0.733916688,0.7859389440000001,0.81628001,0.698716934,0.643891003,0.004661082,0.004661082
