name,effectDays,infectReduct,reduceHosp,reduceIcu,reduceMort,reduceSympt,riskReduct,waneRate,waneRateOut
cur_2,14,0.479328294,0.8628053090000001,0.9240704540000001,0.962023906,0.7054239309999999,0.479328294,0.020990072000000002,0.013252557
cur_2_60,14,0.447227373,0.8467898970000001,0.914498101,0.957013723,0.677895263,0.447227373,0.020990072000000002,0.013252557
cur_2_70,14,0.41556019,0.8292747090000001,0.903844451,0.951375906,0.649073537,0.41556019,0.020990072000000002,0.013252557
cur_3,14,0.44887280399999996,0.8476511170000001,0.915016918,0.9572866090000001,0.679346365,0.44887280399999996,0.025017209,0.017279693999999998
cur_3_60,14,0.417177301,0.830214795,0.90442125,0.951682825,0.6505878,0.417177301,0.025017209,0.017279693999999998
cur_3_70,14,0.386151491,0.811227143,0.892659387,0.94538574,0.620689833,0.386151491,0.025017209,0.017279693999999998
recover,0,0.8528238779999999,0.894686283,0.920798014,0.92475791,0.90315294,0.8528238779999999,0.004909988,0.004909988
recover_60,0,0.755329386,0.819038596,0.8609924290000001,0.8675122190000001,0.8324479779999999,0.755329386,0.004909988,0.004909988
recover_70,0,0.755329386,0.819038596,0.8609924290000001,0.8675122190000001,0.8324479779999999,0.755329386,0.004909988,0.004909988
