name,effectDays,infectReduct,reduceHosp,reduceIcu,reduceMort,reduceSympt,riskReduct,waneRate,waneRateOut
cur_2,14,0.540661318,0.888156367,0.9452530920000001,0.972928572,0.6980803959999999,0.540661318,0.021289281,0.013828100000000001
cur_2_60,14,0.509334932,0.875051914,0.938374342,0.96941463,0.670956054,0.509334932,0.021289281,0.013828100000000001
cur_2_70,14,0.47793337799999996,0.860652133,0.930694235,0.965460537,0.642640776,0.47793337799999996,0.021289281,0.013828100000000001
cur_3,14,0.535765732,0.886184706,0.9442247640000001,0.972404905,0.693912729,0.535765732,0.021936872000000003,0.014475691
cur_3_60,14,0.504411512,0.872882302,0.937225388,0.968825168,0.666592792,0.504411512,0.021936872000000003,0.014475691
cur_3_70,14,0.47302087299999995,0.8582729790000001,0.929412864,0.9647976359999999,0.638104561,0.47302087299999995,0.021936872000000003,0.014475691
recover,0,0.8635685390000001,0.909085513,0.944866709,0.933656562,0.90416625,0.8635685390000001,0.005394331,0.005394331
recover_60,0,0.684035372,0.773757007,0.854260899,0.8279819970000001,0.7634208790000001,0.684035372,0.005394331,0.005394331
recover_70,0,0.684035372,0.773757007,0.854260899,0.8279819970000001,0.7634208790000001,0.684035372,0.005394331,0.005394331
