name,effectDays,infectReduct,reduceHosp,reduceIcu,reduceMort,reduceSympt,riskReduct,waneRate,waneRateOut
cur_2,14,0.331953352,0.776022366,0.847058467,0.9201813809999999,0.672024753,0.331953352,0.021461512000000002,0.008045768
cur_2_60,14,0.325908083,0.771226135,0.843476578,0.918146543,0.665960141,0.325908083,0.021461512000000002,0.008045768
cur_2_70,14,0.31988383600000003,0.766328205,0.8398041890000001,0.916051715,0.659802651,0.31988383600000003,0.021461512000000002,0.008045768
cur_3,14,0.37652766600000004,0.808096033,0.870655242,0.933383552,0.713492604,0.37652766600000004,0.015048887,0.0016331429999999999
cur_3_60,14,0.370120383,0.803812987,0.8675395690000001,0.931660284,0.7078614440000001,0.370120383,0.015048887,0.0016331429999999999
cur_3_70,14,0.363719853,0.7994312859999999,0.864340949,0.9298848940000001,0.702130868,0.363719853,0.015048887,0.0016331429999999999
recover,0,0.89156168,0.936889051,0.9567148590000001,0.9603355459999999,0.912124206,0.89156168,0.0056017869999999996,0.0056017869999999996
recover_60,0,0.8306696929999999,0.898553842,0.929516364,0.935258175,0.8609783440000001,0.8306696929999999,0.0056017869999999996,0.0056017869999999996
recover_70,0,0.8306696929999999,0.898553842,0.929516364,0.935258175,0.8609783440000001,0.8306696929999999,0.0056017869999999996,0.0056017869999999996
