name,effectDays,infectReduct,reduceHosp,reduceIcu,reduceMort,reduceSympt,riskReduct,waneRate,waneRateOut
cur_2,14,0.535536502,0.886236246,0.943543575,0.972057699,0.700523129,0.535536502,0.020948755,0.016879939
cur_2_60,14,0.507815919,0.874543147,0.937324187,0.968875885,0.676705027,0.507815919,0.020948755,0.016879939
cur_2_70,14,0.480039586,0.861831927,0.9304681709999999,0.965343652,0.651926919,0.480039586,0.020948755,0.016879939
cur_3,14,0.526758488,0.8826336340000001,0.941636228,0.971084162,0.693076197,0.526758488,0.022107652000000002,0.018038835
cur_3_60,14,0.499004114,0.8706243,0.935221147,0.9677951640000001,0.668945719,0.499004114,0.022107652000000002,0.018038835
cur_3_70,14,0.47124828399999996,0.857580685,0.928152717,0.964144821,0.643885874,0.47124828399999996,0.022107652000000002,0.018038835
recover,0,0.850735232,0.899320405,0.9110204609999999,0.9459600640000001,0.87413522,0.850735232,0.005033674,0.005033674
recover_60,0,0.729247093,0.8084736929999999,0.828720419,0.892151046,0.766464389,0.729247093,0.005033674,0.005033674
recover_70,0,0.729247093,0.8084736929999999,0.828720419,0.892151046,0.766464389,0.729247093,0.005033674,0.005033674
