name,effectDays,infectReduct,reduceHosp,reduceIcu,reduceMort,reduceSympt,riskReduct,waneRate,waneRateOut
cur_2,14,0.563876898,0.897205797,0.949674338,0.975173506,0.720243834,0.563876898,0.02072435,0.014097146999999999
cur_2_60,14,0.5407524779999999,0.8882528000000001,0.945011078,0.9728053809999999,0.7010142559999999,0.5407524779999999,0.02072435,0.014097146999999999
cur_2_70,14,0.517436445,0.87861921,0.9399396999999999,0.970216557,0.681035383,0.517436445,0.02072435,0.014097146999999999
cur_3,14,0.554885757,0.893792238,0.947901965,0.9742748379999999,0.7128346459999999,0.554885757,0.021923697000000002,0.015296493999999999
cur_3_60,14,0.531680547,0.88458018,0.9430843170000001,0.971823469,0.693312642,0.531680547,0.021923697000000002,0.015296493999999999
cur_3_70,14,0.508322714,0.874674649,0.9378469290000001,0.9691441359999999,0.6730591490000001,0.508322714,0.021923697000000002,0.015296493999999999
recover,0,0.8160524570000001,0.886568805,0.882153368,0.944507028,0.8733879840000001,0.8160524570000001,0.004497875,0.004497875
recover_60,0,0.662886246,0.776001877,0.76840679,0.8829597490000001,0.75354465,0.662886246,0.004497875,0.004497875
recover_70,0,0.662886246,0.776001877,0.76840679,0.8829597490000001,0.75354465,0.662886246,0.004497875,0.004497875
