name,effectDays,infectReduct,reduceHosp,reduceIcu,reduceMort,reduceSympt,riskReduct,waneRate,waneRateOut
cur_2,14,0.372712871,0.804957623,0.872405509,0.9343489970000001,0.6920993529999999,0.372712871,0.021685434,0.010014985
cur_2_60,14,0.365766883,0.8002325509999999,0.869048602,0.932495673,0.685707703,0.365766883,0.021685434,0.010014985
cur_2_70,14,0.35883876,0.79539556,0.8655980090000001,0.93058338,0.6792093290000001,0.35883876,0.021685434,0.010014985
cur_3,14,0.37953128799999997,0.80947935,0.8756052129999999,0.936109098,0.698256724,0.37953128799999997,0.020730106,0.009059656999999999
cur_3_60,14,0.37253369399999997,0.804837262,0.872320168,0.934301967,0.691936,0.37253369399999997,0.020730106,0.009059656999999999
cur_3_70,14,0.36555127299999995,0.8000839120000001,0.8689427809999999,0.9324371370000001,0.685507341,0.36555127299999995,0.020730106,0.009059656999999999
recover,0,0.8966640770000001,0.98834947,0.992934978,0.996593335,0.978815311,0.8966640770000001,0.0074375280000000005,0.0074375280000000005
recover_60,0,0.810801113,0.9834948490000001,0.98997169,0.995156991,0.970108085,0.810801113,0.0074375280000000005,0.0074375280000000005
recover_70,0,0.564844305,0.959876561,0.9753896129999999,0.988023598,0.9287221240000001,0.564844305,0.0074375280000000005,0.0074375280000000005
