name,effectDays,infectReduct,reduceHosp,reduceIcu,reduceMort,reduceSympt,riskReduct,waneRate,waneRateOut
cur_2,14,0.55319351,0.8928919670000001,0.9486287,0.9746435290000001,0.6992759409999999,0.55319351,0.02097623,0.015483216000000001
cur_2_60,14,0.508445379,0.874443306,0.939125815,0.969799775,0.660170651,0.508445379,0.02097623,0.015483216000000001
cur_2_70,14,0.46358179299999996,0.853349136,0.92800392,0.9640676779999999,0.618771894,0.46358179299999996,0.02097623,0.015483216000000001
cur_3,14,0.557019533,0.8943645990000001,0.949378452,0.9750235970000001,0.702523722,0.557019533,0.020466892,0.014973878000000001
cur_3_60,14,0.512316778,0.876134402,0.940005488,0.97025023,0.663637616,0.512316778,0.020466892,0.014973878000000001
cur_3_70,14,0.46743643100000004,0.8552773229999999,0.9290321659999999,0.96460051,0.62241965,0.46743643100000004,0.020466892,0.014973878000000001
recover,0,0.8603348340000001,0.908506444,0.9258974870000001,0.9248624120000001,0.915529783,0.8603348340000001,0.0056385490000000005,0.0056385490000000005
recover_60,0,0.757914158,0.83462093,0.8639530120000001,0.8621814790000001,0.846356783,0.757914158,0.0056385490000000005,0.0056385490000000005
recover_70,0,0.757914158,0.83462093,0.8639530120000001,0.8621814790000001,0.846356783,0.757914158,0.0056385490000000005,0.0056385490000000005
