name,effectDays,infectReduct,reduceHosp,reduceIcu,reduceMort,reduceSympt,riskReduct,waneRate,waneRateOut
cur_2,14,0.5364761570000001,0.886429054,0.944563706,0.9725775720000001,0.692454311,0.5364761570000001,0.021857427999999998,0.016005156
cur_2_60,14,0.500073946,0.870896065,0.936411365,0.9684070990000001,0.660550881,0.500073946,0.021857427999999998,0.016005156
cur_2_70,14,0.463677469,0.85359281,0.927154389,0.9636270090000001,0.627126205,0.463677469,0.021857427999999998,0.016005156
cur_3,14,0.546956334,0.890610233,0.9467332359999999,0.9736813120000001,0.701370953,0.546956334,0.020469499999999998,0.014617228000000001
cur_3_60,14,0.510626386,0.875568827,0.9388792970000001,0.9696734640000001,0.66995162,0.510626386,0.020469499999999998,0.014617228000000001
cur_3_70,14,0.474190372,0.858790297,0.929954718,0.965078069,0.63694384,0.474190372,0.020469499999999998,0.014617228000000001
recover,0,0.8316726609999999,0.876940719,0.914063793,0.931297088,0.878110299,0.8316726609999999,0.004833244,0.004833244
recover_60,0,0.7122471890000001,0.7811820309999999,0.841987356,0.87164491,0.783036552,0.7122471890000001,0.004833244,0.004833244
recover_70,0,0.7122471890000001,0.7811820309999999,0.841987356,0.87164491,0.783036552,0.7122471890000001,0.004833244,0.004833244
