name,effectDays,infectReduct,reduceHosp,reduceIcu,reduceMort,reduceSympt,riskReduct,waneRate,waneRateOut
cur_2,14,0.416462,0.8290422209999999,0.9079629359999999,0.9535631440000001,0.622044217,0.416462,0.018994221999999998,0.011733471
cur_2_60,14,0.398171935,0.818033536,0.9014320640000001,0.950090158,0.604071858,0.398171935,0.018994221999999998,0.011733471
cur_2_70,14,0.380141055,0.806467673,0.894483299,0.946367563,0.585792544,0.380141055,0.018994221999999998,0.011733471
cur_3,14,0.508699436,0.87555238,0.934693543,0.967523652,0.704818432,0.508699436,0.006760284,-0.000500467
cur_3_60,14,0.489758363,0.8670584159999999,0.929913037,0.965056503,0.6888130490000001,0.489758363,0.006760284,-0.000500467
cur_3_70,14,0.47082469200000004,0.858067949,0.9248046129999999,0.9624060240000001,0.6723238490000001,0.47082469200000004,0.006760284,-0.000500467
recover,0,0.9352306340000001,0.988093404,0.9941114670000001,0.997162364,0.9657118,0.9352306340000001,0.00489752,0.00489752
recover_60,0,0.9022269209999999,0.9831339040000001,0.9916374790000001,0.995964967,0.9518835859999999,0.9022269209999999,0.00489752,0.00489752
recover_70,0,0.774521723,0.9590206379999999,0.9794272740000001,0.990009716,0.888173995,0.774521723,0.00489752,0.00489752
