name,effectDays,infectReduct,reduceHosp,reduceIcu,reduceMort,reduceSympt,riskReduct,waneRate,waneRateOut
cur_2,14,0.49735875700000004,0.870479675,0.93207892,0.9661758570000001,0.693396674,0.49735875700000004,0.02045363,0.014509085
cur_2_60,14,0.458906682,0.8520822640000001,0.921643621,0.9607586140000001,0.659679799,0.458906682,0.02045363,0.014509085
cur_2_70,14,0.420947529,0.831582817,0.909763544,0.954516322,0.6242736170000001,0.420947529,0.02045363,0.014509085
cur_3,14,0.529970347,0.884504592,0.9398942229999999,0.970193278,0.720438503,0.529970347,0.016160248000000002,0.010215704
cur_3_60,14,0.49146219700000005,0.867796764,0.930570215,0.965396417,0.688358859,0.49146219700000005,0.016160248000000002,0.010215704
cur_3_70,14,0.45306495,0.84908943,0.919925965,0.959861058,0.6543731279999999,0.45306495,0.016160248000000002,0.010215704
recover,0,0.8450049959999999,0.896627594,0.9190850740000001,0.9288276590000001,0.863816063,0.8450049959999999,0.0051459290000000005,0.0051459290000000005
recover_60,0,0.6904234220000001,0.780134865,0.8229014809999999,0.842237175,0.72181918,0.6904234220000001,0.0051459290000000005,0.0051459290000000005
recover_70,0,0.6904234220000001,0.780134865,0.8229014809999999,0.842237175,0.72181918,0.6904234220000001,0.0051459290000000005,0.0051459290000000005
