name,effectDays,infectReduct,reduceHosp,reduceIcu,reduceMort,reduceSympt,riskReduct,waneRate,waneRateOut
cur_2,14,0.482751473,0.862151528,0.935408439,0.9678915090000001,0.611690049,0.482751473,0.020812473,0.015593596999999999
cur_2_60,14,0.451630811,0.846604459,0.927428087,0.9637690259999999,0.581603555,0.451630811,0.020812473,0.015593596999999999
cur_2_70,14,0.42088202399999997,0.8296493009999999,0.918547032,0.95913929,0.550895536,0.42088202399999997,0.020812473,0.015593596999999999
cur_3,14,0.588607005,0.905553025,0.9568981390000001,0.9788187629999999,0.70716467,0.588607005,0.006766513,0.0015476370000000001
cur_3_60,14,0.558024292,0.8943008179999999,0.9514350140000001,0.9760645609999999,0.680613125,0.558024292,0.006766513,0.0015476370000000001
cur_3_70,14,0.5269931379999999,0.8818821020000001,0.9453186109999999,0.972961918,0.652834256,0.5269931379999999,0.006766513,0.0015476370000000001
recover,0,0.83710184,0.89352423,0.9167969509999999,0.941450638,0.847936967,0.83710184,0.004416957,0.004416957
recover_60,0,0.692473021,0.786195248,0.828422463,0.8757122009999999,0.7095907220000001,0.692473021,0.004416957,0.004416957
recover_70,0,0.692473021,0.786195248,0.828422463,0.8757122009999999,0.7095907220000001,0.692473021,0.004416957,0.004416957
