name,effectDays,infectReduct,reduceHosp,reduceIcu,reduceMort,reduceSympt,riskReduct,waneRate,waneRateOut
cur_2,14,0.64766126,0.923792189,0.9702417259999999,0.985479087,0.6837618209999999,0.64766126,0.019283815,0.018069089
cur_2_60,14,0.617544832,0.9141496509999999,0.96626178,0.983502373,0.6550878139999999,0.617544832,0.019283815,0.018069089
cur_2_70,14,0.58649764,0.9034145859999999,0.961770511,0.9812616820000001,0.6252388010000001,0.58649764,0.019283815,0.018069089
cur_3,14,0.650419978,0.9246404420000001,0.9705894190000001,0.9856513809999999,0.6863747570000001,0.650419978,0.018885644,0.017670918
cur_3_60,14,0.620401148,0.9150953690000001,0.966654377,0.983697733,0.657819107,0.620401148,0.018885644,0.017670918
cur_3_70,14,0.58943167,0.904466202,0.962213326,0.981483077,0.628072263,0.58943167,0.018885644,0.017670918
recover,0,0.86659591,0.918492097,0.918658567,0.942984597,0.9157193379999999,0.86659591,0.005340943000000001,0.005340943000000001
recover_60,0,0.77831242,0.858962837,0.859232256,0.8993838740000001,0.8544858240000001,0.77831242,0.005340943000000001,0.005340943000000001
recover_70,0,0.77831242,0.858962837,0.859232256,0.8993838740000001,0.8544858240000001,0.77831242,0.005340943000000001,0.005340943000000001
