name,effectDays,infectReduct,reduceHosp,reduceIcu,reduceMort,reduceSympt,riskReduct,waneRate,waneRateOut
cur_2,14,0.42844169200000004,0.836429581,0.909312274,0.954277612,0.653854688,0.42844169200000004,0.019637900000000003,0.009343684
cur_2_60,14,0.40811375,0.824674144,0.9021821940000001,0.9504903240000001,0.634708411,0.40811375,0.019637900000000003,0.009343684
cur_2_70,14,0.388077481,0.81225199,0.89454942,0.9464031190000001,0.615108611,0.388077481,0.019637900000000003,0.009343684
cur_3,14,0.461157484,0.853763224,0.919664303,0.95972418,0.683208136,0.461157484,0.015280812,0.004986595
cur_3_60,14,0.440473541,0.84301972,0.913270494,0.956367416,0.66485326,0.440473541,0.015280812,0.004986595
cur_3_70,14,0.41997584299999996,0.8316320079999999,0.906413193,0.952741264,0.64596871,0.41997584299999996,0.015280812,0.004986595
recover,0,0.831981193,0.904215317,0.913822111,0.9385076590000001,0.889047467,0.831981193,0.004830028,0.004830028
recover_60,0,0.692295228,0.8109358409999999,0.828119796,0.873968909,0.784516952,0.692295228,0.004830028,0.004830028
recover_70,0,0.692295228,0.8109358409999999,0.828119796,0.873968909,0.784516952,0.692295228,0.004830028,0.004830028
