name,effectDays,infectReduct,reduceHosp,reduceIcu,reduceMort,reduceSympt,riskReduct,waneRate,waneRateOut
cur_2,14,0.373778244,0.805045653,0.87655779,0.936631885,0.673631344,0.373778244,0.019946106,0.009659359000000001
cur_2_60,14,0.34350759999999997,0.7835497029999999,0.8615912259999999,0.928353581,0.64405213,0.34350759999999997,0.019946106,0.009659359000000001
cur_2_70,14,0.314458081,0.7603895820000001,0.8451310609999999,0.919087463,0.6133316320000001,0.314458081,0.019946106,0.009659359000000001
cur_3,14,0.418126702,0.832535881,0.8952759459999999,0.9467936370000001,0.71304703,0.418126702,0.013845055,0.003558308
cur_3_60,14,0.38648106600000004,0.8133683490000001,0.8822740379999999,0.939757464,0.685371623,0.38648106600000004,0.013845055,0.003558308
cur_3_70,14,0.355766818,0.792554102,0.86789643,0.9318579659999999,0.656314258,0.355766818,0.013845055,0.003558308
recover,0,0.819841875,0.890552432,0.908562951,0.934997527,0.845654175,0.819841875,0.004257338,0.004257338
recover_60,0,0.619038017,0.743947302,0.7801265479999999,0.8370320929999999,0.661750622,0.619038017,0.004257338,0.004257338
recover_70,0,0.619038017,0.743947302,0.7801265479999999,0.8370320929999999,0.661750622,0.619038017,0.004257338,0.004257338
