name,effectDays,infectReduct,reduceHosp,reduceIcu,reduceMort,reduceSympt,riskReduct,waneRate,waneRateOut
cur_2,14,0.44173023100000003,0.843484208,0.914708475,0.957124393,0.658016893,0.44173023100000003,0.022585723,0.012815918999999999
cur_2_60,14,0.39816376200000003,0.8183792609999999,0.899668915,0.949148288,0.61668239,0.39816376200000003,0.022585723,0.012815918999999999
cur_2_70,14,0.356171319,0.790262164,0.882326927,0.93978629,0.5736090429999999,0.356171319,0.022585723,0.012815918999999999
cur_3,14,0.48913669,0.8670434990000001,0.928456188,0.9643021140000001,0.699549203,0.48913669,0.016316696999999998,0.006546893000000001
cur_3_60,14,0.44461838299999995,0.845023125,0.915617149,0.957602125,0.660645719,0.44461838299999995,0.016316696999999998,0.006546893000000001
cur_3_70,14,0.400990925,0.820124211,0.9007276009999999,0.9497140540000001,0.619464107,0.400990925,0.016316696999999998,0.006546893000000001
recover,0,0.9409562159999999,0.988121118,0.993995295,0.9971062070000001,0.9674261120000001,0.9409562159999999,0.004292216,0.004292216
recover_60,0,0.923068633,0.983172965,0.9914729170000001,0.99588521,0.95425652,0.923068633,0.004292216,0.004292216
recover_70,0,0.8358581559999999,0.959113223,0.9790275159999999,0.989813452,0.8933367959999999,0.8358581559999999,0.004292216,0.004292216
