name,effectDays,infectReduct,reduceHosp,reduceIcu,reduceMort,reduceSympt,riskReduct,waneRate,waneRateOut
cur_2,14,0.45954682700000005,0.852505727,0.9213562359999999,0.960608558,0.664214331,0.45954682700000005,0.022086305,0.013244654
cur_2_60,14,0.42714603799999995,0.8352157290000001,0.91129745,0.9553268429999999,0.634319812,0.42714603799999995,0.022086305,0.013244654
cur_2_70,14,0.39535915200000005,0.816335948,0.900091847,0.9493743840000001,0.603353768,0.39535915200000005,0.022086305,0.013244654
cur_3,14,0.489530256,0.866998015,0.92964183,0.9649161559999999,0.690490594,0.489530256,0.018131827,0.009290175999999999
cur_3_60,14,0.456802262,0.851110169,0.920551415,0.960188078,0.66174409,0.456802262,0.018131827,0.009290175999999999
cur_3_70,14,0.42444362399999996,0.833688839,0.910399905,0.954852742,0.63175216,0.42444362399999996,0.018131827,0.009290175999999999
recover,0,0.8518111559999999,0.9156345929999999,0.9362393809999999,0.9484411709999999,0.900312067,0.8518111559999999,0.004974910999999999,0.004974910999999999
recover_60,0,0.713788042,0.8248322459999999,0.8643279209999999,0.8886546740000001,0.79668013,0.713788042,0.004974910999999999,0.004974910999999999
recover_70,0,0.713788042,0.8248322459999999,0.8643279209999999,0.8886546740000001,0.79668013,0.713788042,0.004974910999999999,0.004974910999999999
