name,effectDays,infectReduct,reduceHosp,reduceIcu,reduceMort,reduceSympt,riskReduct,waneRate,waneRateOut
cur_2,14,0.5147142610000001,0.877242175,0.940240709,0.970370608,0.6690239029999999,0.5147142610000001,0.01997905,0.013575878000000001
cur_2_60,14,0.513113325,0.876550361,0.939879598,0.970185792,0.6676032820000001,0.513113325,0.01997905,0.013575878000000001
cur_2_70,14,0.511461823,0.875833312,0.939505005,0.969994,0.66613484,0.511461823,0.01997905,0.013575878000000001
cur_3,14,0.5289972829999999,0.883274909,0.943377315,0.9719729159999999,0.6815749329999999,0.5289972829999999,0.01809701,0.011693838
cur_3_60,14,0.527400202,0.8826125440000001,0.943034009,0.971797804,0.680182431,0.527400202,0.01809701,0.011693838
cur_3_70,14,0.525752371,0.8819259629999999,0.9426778720000001,0.9716160779999999,0.6787428190000001,0.525752371,0.01809701,0.011693838
recover,0,0.919090692,0.9879933040000001,0.994510716,0.99735531,0.958806762,0.919090692,0.005326864000000001,0.005326864000000001
recover_60,0,0.807480415,0.9829928259999999,0.9922031509999999,0.996239022,0.942360002,0.807480415,0.005326864000000001,0.005326864000000001
recover_70,0,0.501663219,0.95868634,0.980802902,0.990684463,0.8677919059999999,0.501663219,0.005326864000000001,0.005326864000000001
