name,effectDays,infectReduct,reduceHosp,reduceIcu,reduceMort,reduceSympt,riskReduct,waneRate,waneRateOut
cur_2,14,0.398269686,0.819645057,0.8934537459999999,0.94581359,0.658838524,0.398269686,0.021310411,0.010405734
cur_2_60,14,0.335614587,0.7762118379999999,0.864864675,0.930176022,0.595777924,0.335614587,0.021310411,0.010405734
cur_2_70,14,0.27830420899999997,0.725863464,0.830095809,0.910471569,0.529444302,0.27830420899999997,0.021310411,0.010405734
cur_3,14,0.432420814,0.8395176459999999,0.906125097,0.952588324,0.689722332,0.432420814,0.016684693,0.005780016
cur_3_60,14,0.36767594200000003,0.799700655,0.880481242,0.938779314,0.629157108,0.36767594200000003,0.016684693,0.005780016
cur_3_70,14,0.307424019,0.752954928,0.849028972,0.921297303,0.564295199,0.307424019,0.016684693,0.005780016
recover,0,0.932641843,0.991872243,0.995578655,0.997871018,0.981080982,0.932641843,0.0047004709999999995,0.0047004709999999995
recover_60,0,0.896678467,0.990676801,0.994925568,0.99755571,0.9783330179999999,0.896678467,0.0047004709999999995,0.0047004709999999995
recover_70,0,0.760811737,0.980642749,0.989415377,0.994886843,0.955609299,0.760811737,0.0047004709999999995,0.0047004709999999995
