name,effectDays,infectReduct,reduceHosp,reduceIcu,reduceMort,reduceSympt,riskReduct,waneRate,waneRateOut
cur_2,14,0.441808814,0.8431357359999999,0.916635007,0.9581366990000001,0.642970799,0.441808814,0.021270324,0.013768374
cur_2_60,14,0.400022779,0.81909102,0.902554425,0.9506887740000001,0.6027018989999999,0.400022779,0.021270324,0.013768374
cur_2_70,14,0.35965819,0.7922799229999999,0.8863972170000001,0.941999722,0.5610089970000001,0.35965819,0.021270324,0.013768374
cur_3,14,0.515599415,0.878466657,0.93665524,0.968532388,0.7077588159999999,0.515599415,0.011530853999999998,0.004028904
cur_3_60,14,0.472745045,0.858931476,0.925681973,0.9628622790000001,0.671058863,0.472745045,0.011530853999999998,0.004028904
cur_3_70,14,0.430305263,0.836848739,0.912989802,0.9562195170000001,0.632161341,0.430305263,0.011530853999999998,0.004028904
recover,0,0.949903506,0.988086373,0.9941405390000001,0.997176417,0.965263895,0.949903506,0.006624475,0.006624475
recover_60,0,0.932347604,0.983123995,0.991678663,0.995984926,0.951264159,0.932347604,0.006624475,0.006624475
recover_70,0,0.850439693,0.958997152,0.979527351,0.9900588370000001,0.8868319109999999,0.850439693,0.006624475,0.006624475
