name,effectDays,infectReduct,reduceHosp,reduceIcu,reduceMort,reduceSympt,riskReduct,waneRate,waneRateOut
cur_2,14,0.47364852700000004,0.8602643090000001,0.9215773970000001,0.96072404,0.707554252,0.47364852700000004,0.022578731,0.01146205
cur_2_60,14,0.44205403200000004,0.84424528,0.911867089,0.955627497,0.680530052,0.44205403200000004,0.022578731,0.01146205
cur_2_70,14,0.41092073799999995,0.826759095,0.90108314,0.949903908,0.652235095,0.41092073799999995,0.022578731,0.01146205
cur_3,14,0.452798951,0.849875197,0.915297975,0.9574343740000001,0.689904038,0.452798951,0.025335917000000003,0.014219236000000001
cur_3_60,14,0.421481551,0.832896525,0.90489039,0.9519323140000001,0.6620279,0.421481551,0.025335917000000003,0.014219236000000001
cur_3_70,14,0.39078235299999997,0.8144163179999999,0.893352611,0.9457591390000001,0.632978019,0.39078235299999997,0.025335917000000003,0.014219236000000001
recover,0,0.915538069,0.988173394,0.993769162,0.996996875,0.970446516,0.915538069,0.007254735,0.007254735
recover_60,0,0.9127058920000001,0.983246648,0.9911526390000001,0.995729945,0.9584456179999999,0.9127058920000001,0.007254735,0.007254735
recover_70,0,0.8439960479999999,0.9592878970000001,0.9782500409999999,0.989431508,0.902534987,0.8439960479999999,0.007254735,0.007254735
