name,effectDays,infectReduct,reduceHosp,reduceIcu,reduceMort,reduceSympt,riskReduct,waneRate,waneRateOut
cur_2,14,0.489488717,0.866539299,0.931677715,0.965968707,0.671860632,0.489488717,0.021385751,0.014914842
cur_2_60,14,0.45120241,0.847734021,0.921216293,0.9605354709999999,0.6371117620000001,0.45120241,0.021385751,0.014914842
cur_2_70,14,0.41349473299999995,0.82681418,0.90931218,0.954277562,0.600878523,0.41349473299999995,0.021385751,0.014914842
cur_3,14,0.51100567,0.876184216,0.936957692,0.968687724,0.690550379,0.51100567,0.018555687,0.012084778000000001
cur_3_60,14,0.47259436299999996,0.8585160629999999,0.927241598,0.963672265,0.656769595,0.47259436299999996,0.018555687,0.012084778000000001
cur_3_70,14,0.434514399,0.838795877,0.9161650490000001,0.957889953,0.621332554,0.434514399,0.018555687,0.012084778000000001
recover,0,0.885350053,0.93580568,0.956177542,0.937847702,0.916066497,0.885350053,0.006243795,0.006243795
recover_60,0,0.79873578,0.88223893,0.9181226999999998,0.885776929,0.848691656,0.79873578,0.006243795,0.006243795
recover_70,0,0.79873578,0.88223893,0.9181226999999998,0.885776929,0.848691656,0.79873578,0.006243795,0.006243795
