name,effectDays,infectReduct,reduceHosp,reduceIcu,reduceMort,reduceSympt,riskReduct,waneRate,waneRateOut
cur_2,14,0.593281443,0.906735593,0.959485606,0.980117646,0.6854122890000001,0.593281443,0.021594494,0.015981587
cur_2_60,14,0.5484537429999999,0.8900537279999999,0.9517367309999999,0.976217088,0.6446570939999999,0.5484537429999999,0.021594494,0.015981587
cur_2_70,14,0.502847414,0.870822943,0.942599167,0.9715759079999999,0.6017111310000001,0.502847414,0.021594494,0.015981587
cur_3,14,0.604124342,0.910482844,0.961204108,0.9809783470000001,0.695061461,0.604124342,0.020110688999999998,0.014497781999999999
cur_3_60,14,0.55960461,0.894393172,0.95376808,0.9772427229999999,0.65492698,0.55960461,0.020110688999999998,0.014497781999999999
cur_3_70,14,0.514126789,0.8758155000000001,0.944992878,0.972796115,0.61247609,0.514126789,0.020110688999999998,0.014497781999999999
recover,0,0.861498141,0.91047069,0.935722478,0.915789634,0.8818965590000001,0.861498141,0.005082591,0.005082591
recover_60,0,0.7504188279999999,0.8309610540000001,0.875573844,0.840174471,0.783057205,0.7504188279999999,0.005082591,0.005082591
recover_70,0,0.7504188279999999,0.8309610540000001,0.875573844,0.840174471,0.783057205,0.7504188279999999,0.005082591,0.005082591
