name,effectDays,infectReduct,reduceHosp,reduceIcu,reduceMort,reduceSympt,riskReduct,waneRate,waneRateOut
cur_2,14,0.489897517,0.8661462590000001,0.934398561,0.967371784,0.646814972,0.489897517,0.021613075,0.014212617
cur_2_60,14,0.468498039,0.855887725,0.9289417390000001,0.964553675,0.626986093,0.468498039,0.021613075,0.014212617
cur_2_70,14,0.44719604399999996,0.8449742790000001,0.92306328,0.961499193,0.606703703,0.44719604399999996,0.021613075,0.014212617
cur_3,14,0.5246563989999999,0.881470238,0.942428182,0.971488628,0.677911258,0.5246563989999999,0.017039231000000002,0.009638773
cur_3_60,14,0.503236484,0.872212863,0.937594667,0.9690147029999999,0.658907565,0.503236484,0.017039231000000002,0.009638773
cur_3_70,14,0.481786746,0.862336852,0.9323799340000001,0.9663312190000001,0.639362518,0.481786746,0.017039231000000002,0.009638773
recover,0,0.874876302,0.917970981,0.9409444779999999,0.9337426759999999,0.869501917,0.874876302,0.004922708,0.004922708
recover_60,0,0.7914220940000001,0.858614744,0.896334587,0.8843611990000001,0.783350798,0.7914220940000001,0.004922708,0.004922708
recover_70,0,0.7914220940000001,0.858614744,0.896334587,0.8843611990000001,0.783350798,0.7914220940000001,0.004922708,0.004922708
