name,effectDays,infectReduct,reduceHosp,reduceIcu,reduceMort,reduceSympt,riskReduct,waneRate,waneRateOut
cur_2,14,0.49835574,0.870593665,0.933879213,0.967104285,0.6798455840000001,0.49835574,0.020603313,0.015306945
cur_2_60,14,0.465642943,0.855096948,0.9253109159999999,0.96266937,0.650671959,0.465642943,0.020603313,0.015306945
cur_2_70,14,0.433223535,0.838089874,0.915732641,0.95766281,0.620325064,0.433223535,0.020603313,0.015306945
cur_3,14,0.497954611,0.87041279,0.933780065,0.9670532009999999,0.679496247,0.497954611,0.020656065,0.015359697
cur_3_60,14,0.465243725,0.854898023,0.92519995,0.962611665,0.650307163,0.465243725,0.020656065,0.015359697
cur_3_70,14,0.432829598,0.8378720279999999,0.915608742,0.957597707,0.619947088,0.432829598,0.020656065,0.015359697
recover,0,0.9422959129999999,0.988053647,0.994273779,0.997240815,0.963107444,0.9422959129999999,0.004649665999999999,0.004649665999999999
recover_60,0,0.884960625,0.983077871,0.9918674270000001,0.9960763909999999,0.948285155,0.884960625,0.004649665999999999,0.004649665999999999
recover_70,0,0.691702466,0.958887845,0.979986195,0.990283985,0.880409584,0.691702466,0.004649665999999999,0.004649665999999999
