name,effectDays,infectReduct,reduceHosp,reduceIcu,reduceMort,reduceSympt,riskReduct,waneRate,waneRateOut
cur_2,14,0.583965544,0.9042147079999999,0.9548303779999999,0.977778197,0.7197474640000001,0.583965544,0.020542287,0.018870856000000002
cur_2_60,14,0.552057939,0.892340364,0.948876003,0.9747689270000001,0.692774917,0.552057939,0.020542287,0.018870856000000002
cur_2_70,14,0.519715966,0.879190702,0.942184261,0.971364089,0.664416895,0.519715966,0.020542287,0.018870856000000002
cur_3,14,0.566041337,0.897670183,0.951558895,0.976127193,0.7047151559999999,0.566041337,0.022953993,0.021282562
cur_3_60,14,0.533856371,0.885087631,0.9451980170000001,0.97290054,0.6769452159999999,0.533856371,0.022953993,0.021282562
cur_3_70,14,0.501387173,0.871179996,0.938056282,0.969251525,0.647868739,0.501387173,0.022953993,0.021282562
recover,0,0.947164934,0.9879717929999999,0.994592525,0.9973948359999999,0.957166271,0.947164934,0.004216072,0.004216072
recover_60,0,0.8852824640000001,0.982962511,0.992319085,0.99629517,0.940105445,0.8852824640000001,0.004216072,0.004216072
recover_70,0,0.676808305,0.9586145229999999,0.9810851190000001,0.99082277,0.863044548,0.676808305,0.004216072,0.004216072
