name,effectDays,infectReduct,reduceHosp,reduceIcu,reduceMort,reduceSympt,riskReduct,waneRate,waneRateOut
cur_2,14,0.558332622,0.8943567659999999,0.951745295,0.976221417,0.677658256,0.558332622,0.020464611,0.017596693
cur_2_60,14,0.554383988,0.892835679,0.951005241,0.975847213,0.6741538340000001,0.554383988,0.020464611,0.017596693
cur_2_70,14,0.5503825379999999,0.891277365,0.950245654,0.975462825,0.670588823,0.5503825379999999,0.020464611,0.017596693
cur_3,14,0.571521535,0.8993208309999999,0.954150975,0.9774357990000001,0.689266997,0.571521535,0.018700319,0.015832401
cur_3_60,14,0.567599497,0.8978630559999999,0.9534460109999999,0.977080257,0.6858302709999999,0.567599497,0.018700319,0.015832401
cur_3_70,14,0.5636233070000001,0.896369361,0.952722383,0.9767150240000001,0.6823328129999999,0.5636233070000001,0.018700319,0.015832401
recover,0,0.868026145,0.9073031709999999,0.914619457,0.9411789070000001,0.8649904820000001,0.868026145,0.005497442,0.005497442
recover_60,0,0.729333632,0.800395605,0.814423935,0.8676408809999999,0.7241216840000001,0.729333632,0.005497442,0.005497442
recover_70,0,0.729333632,0.800395605,0.814423935,0.8676408809999999,0.7241216840000001,0.729333632,0.005497442,0.005497442
