name,effectDays,infectReduct,reduceHosp,reduceIcu,reduceMort,reduceSympt,riskReduct,waneRate,waneRateOut
cur_2,14,0.568760625,0.898352515,0.95342815,0.977071245,0.689823305,0.568760625,0.019544867,0.016922522
cur_2_60,14,0.53754861,0.8862234990000001,0.947486838,0.974064105,0.662168944,0.53754861,0.019544867,0.016922522
cur_2_70,14,0.50603808,0.8728514079999999,0.940834295,0.97067425,0.633358141,0.50603808,0.019544867,0.016922522
cur_3,14,0.5748515270000001,0.9006017609999999,0.954520385,0.977622001,0.695120878,0.5748515270000001,0.018726991999999998,0.016104648
cur_3_60,14,0.543726701,0.888707885,0.948710918,0.9746852220000001,0.6677113179999999,0.543726701,0.018726991999999998,0.016104648
cur_3_70,14,0.512255172,0.875586792,0.942203985,0.971374161,0.639115575,0.512255172,0.018726991999999998,0.016104648
recover,0,0.833246897,0.897649006,0.9314205809999999,0.94346957,0.862128343,0.833246897,0.004624363,0.004624363
recover_60,0,0.690492414,0.796567529,0.8584317359999999,0.881675344,0.736273215,0.690492414,0.004624363,0.004624363
recover_70,0,0.690492414,0.796567529,0.8584317359999999,0.881675344,0.736273215,0.690492414,0.004624363,0.004624363
