name,effectDays,infectReduct,reduceHosp,reduceIcu,reduceMort,reduceSympt,riskReduct,waneRate,waneRateOut
cur_2,14,0.456280794,0.8514402179999999,0.917474861,0.958577342,0.684584048,0.456280794,0.020870132,0.012794996000000001
cur_2_60,14,0.44052488100000003,0.8432001570000001,0.912521184,0.955972497,0.670668823,0.44052488100000003,0.020870132,0.012794996000000001
cur_2_70,14,0.42486153,0.8345769559999999,0.907291132,0.953207035,0.656423463,0.42486153,0.020870132,0.012794996000000001
cur_3,14,0.475693601,0.861041107,0.923193138,0.961566878,0.7011838109999999,0.475693601,0.018305017,0.01022988
cur_3_60,14,0.459834267,0.8532417840000001,0.9185522359999999,0.9591420159999999,0.687666801,0.459834267,0.018305017,0.01022988
cur_3_70,14,0.444029245,0.845069353,0.913648638,0.956566592,0.673799081,0.444029245,0.018305017,0.01022988
recover,0,0.85863553,0.9048268890000001,0.945136205,0.942359443,0.880719795,0.85863553,0.00533475,0.00533475
recover_60,0,0.74909284,0.8237295859999999,0.8943770959999999,0.8893321270000001,0.7839848209999999,0.74909284,0.00533475,0.00533475
recover_70,0,0.74909284,0.8237295859999999,0.8943770959999999,0.8893321270000001,0.7839848209999999,0.74909284,0.00533475,0.00533475
