name,effectDays,infectReduct,reduceHosp,reduceIcu,reduceMort,reduceSympt,riskReduct,waneRate,waneRateOut
cur_2,14,0.56160407,0.896491598,0.948618518,0.974638365,0.72523074,0.56160407,0.021460821,0.016774332
cur_2_60,14,0.523019142,0.881143456,0.940486603,0.9704964159999999,0.6931793159999999,0.523019142,0.021460821,0.016774332
cur_2_70,14,0.48416797899999997,0.8638700290000001,0.9311637709999999,0.9657032170000001,0.65915576,0.48416797899999997,0.021460821,0.016774332
cur_3,14,0.5424707679999999,0.889087585,0.944713224,0.9726537209999999,0.709545348,0.5424707679999999,0.024004862000000002,0.019318372
cur_3_60,14,0.503690052,0.872797356,0.936004932,0.968198225,0.67648045,0.503690052,0.024004862000000002,0.019318372
cur_3_70,14,0.464875329,0.854511262,0.9260352559999999,0.963045875,0.64156267,0.464875329,0.024004862000000002,0.019318372
recover,0,0.8602361479999999,0.898107733,0.92569943,0.961598785,0.8848161659999999,0.8602361479999999,0.005252807,0.005252807
recover_60,0,0.740028531,0.803013784,0.852116078,0.92051554,0.780351279,0.740028531,0.005252807,0.005252807
recover_70,0,0.740028531,0.803013784,0.852116078,0.92051554,0.780351279,0.740028531,0.005252807,0.005252807
