name,effectDays,infectReduct,reduceHosp,reduceIcu,reduceMort,reduceSympt,riskReduct,waneRate,waneRateOut
cur_2,14,0.430311313,0.837722249,0.908669725,0.953937516,0.664905331,0.430311313,0.0217922,0.012450827
cur_2_60,14,0.388596306,0.812866089,0.893296449,0.9457288979999999,0.625414907,0.388596306,0.0217922,0.012450827
cur_2_70,14,0.348467607,0.7851907909999999,0.8756970690000001,0.936159533,0.58419802,0.348467607,0.0217922,0.012450827
cur_3,14,0.468325028,0.8575500159999999,0.920649941,0.960239573,0.698242536,0.468325028,0.016738677,0.007397304
cur_3_60,14,0.42567847299999995,0.835133186,0.90708705,0.953098804,0.660675881,0.42567847299999995,0.016738677,0.007397304
cur_3_70,14,0.384126299,0.8099811709999999,0.891485945,0.944753026,0.6209876010000001,0.384126299,0.016738677,0.007397304
recover,0,0.904135314,0.9457473829999999,0.954345872,0.969009922,0.938718133,0.904135314,0.006910276999999999,0.006910276999999999
recover_60,0,0.835841715,0.9039487759999999,0.91860175,0.944073968,0.8921216259999999,0.835841715,0.006910276999999999,0.006910276999999999
recover_70,0,0.835841715,0.9039487759999999,0.91860175,0.944073968,0.8921216259999999,0.835841715,0.006910276999999999,0.006910276999999999
