name,effectDays,infectReduct,reduceHosp,reduceIcu,reduceMort,reduceSympt,riskReduct,waneRate,waneRateOut
cur_2,14,0.46296789200000005,0.854897956,0.9190709970000001,0.959413673,0.6936232379999999,0.46296789200000005,0.020374424,0.010835018
cur_2_60,14,0.44814576,0.8473258770000001,0.914512883,0.9570215,0.6807777009999999,0.44814576,0.020374424,0.010835018
cur_2_70,14,0.433387132,0.83941747,0.90971388,0.954490057,0.667626294,0.433387132,0.020374424,0.010835018
cur_3,14,0.487033311,0.86646599,0.925965988,0.963009883,0.713743446,0.487033311,0.017201105,0.007661699
cur_3_60,14,0.472118049,0.8593983000000001,0.921763159,0.9608210159999999,0.7013783109999999,0.472118049,0.017201105,0.007661699
cur_3_70,14,0.457224045,0.852006013,0.9173343740000001,0.958503661,0.688687506,0.457224045,0.017201105,0.007661699
recover,0,0.9305748859999999,0.9881611690000001,0.993822882,0.99702285,0.96976429,0.9305748859999999,0.004335546,0.004335546
recover_60,0,0.8825429020000001,0.9832294159999999,0.991228718,0.995766831,0.957498491,0.8825429020000001,0.004335546,0.004335546
recover_70,0,0.715791046,0.959247043,0.978434658,0.9895222309999999,0.9004458870000001,0.715791046,0.004335546,0.004335546
