name,effectDays,infectReduct,reduceHosp,reduceIcu,reduceMort,reduceSympt,riskReduct,waneRate,waneRateOut
cur_2,14,0.42919931200000006,0.836460223,0.911514561,0.955441456,0.6398154079999999,0.42919931200000006,0.021376076,0.008231471
cur_2_60,14,0.382928394,0.80847081,0.894754267,0.946513259,0.594486701,0.382928394,0.021376076,0.008231471
cur_2_70,14,0.338708712,0.7769859459999999,0.875264901,0.935922195,0.547513155,0.338708712,0.021376076,0.008231471
cur_3,14,0.500206508,0.871922773,0.93202466,0.966147847,0.702766731,0.500206508,0.011975153999999998,-0.001169451
cur_3_60,14,0.452346986,0.848906354,0.918803184,0.9592734479999999,0.661164826,0.452346986,0.011975153999999998,-0.001169451
cur_3_70,14,0.40537721,0.822610098,0.9032858220000001,0.9510784720000001,0.6169381979999999,0.40537721,0.011975153999999998,-0.001169451
recover,0,0.8389292620000001,0.8925300279999999,0.925890788,0.917742475,0.8617457759999999,0.8389292620000001,0.004760969,0.004760969
recover_60,0,0.696742137,0.785565218,0.8464162959999999,0.831123553,0.733297027,0.696742137,0.004760969,0.004760969
recover_70,0,0.696742137,0.785565218,0.8464162959999999,0.831123553,0.733297027,0.696742137,0.004760969,0.004760969
