name,effectDays,infectReduct,reduceHosp,reduceIcu,reduceMort,reduceSympt,riskReduct,waneRate,waneRateOut
cur_2,14,0.494169326,0.86810713,0.935475035,0.967925763,0.6503381739999999,0.494169326,0.02117365,0.014275323999999999
cur_2_60,14,0.44953140399999997,0.846197658,0.923773787,0.9618694090000001,0.608565316,0.44953140399999997,0.02117365,0.014275323999999999
cur_2_70,14,0.40571116100000004,0.8214092959999999,0.9101609759999999,0.954726456,0.565158786,0.40571116100000004,0.02117365,0.014275323999999999
cur_3,14,0.560534041,0.895760187,0.9498199890000001,0.9752472809999999,0.708307775,0.560534041,0.012406961000000001,0.005508634
cur_3_60,14,0.516016836,0.877797685,0.9405548140000001,0.9705313090000001,0.669945604,0.516016836,0.012406961000000001,0.005508634
cur_3_70,14,0.47126407299999995,0.8572431009999999,0.9297108059999999,0.964951854,0.629198348,0.47126407299999995,0.012406961000000001,0.005508634
recover,0,0.84330228,0.8952760909999999,0.936200817,0.93159734,0.872651919,0.84330228,0.004575114,0.004575114
recover_60,0,0.68423664,0.7748859309999999,0.8552509640000001,0.845768746,0.733981215,0.68423664,0.004575114,0.004575114
recover_70,0,0.68423664,0.7748859309999999,0.8552509640000001,0.845768746,0.733981215,0.68423664,0.004575114,0.004575114
