name,effectDays,infectReduct,reduceHosp,reduceIcu,reduceMort,reduceSympt,riskReduct,waneRate,waneRateOut
cur_2,14,0.293655807,0.7438151820000001,0.820559265,0.904929744,0.639865408,0.293655807,0.020014053,0.007149085
cur_2_60,14,0.281982159,0.7328120929999999,0.812019302,0.899915391,0.626638733,0.281982159,0.020014053,0.007149085
cur_2_70,14,0.27057134,0.7214894820000001,0.803151611,0.8946561479999999,0.613191735,0.27057134,0.020014053,0.007149085
cur_3,14,0.375053245,0.807366655,0.868440173,0.93215902,0.719478416,0.375053245,0.007945149,-0.004919819000000001
cur_3_60,14,0.36180123799999997,0.7983531220000001,0.861795158,0.928467312,0.70784063,0.36180123799999997,0.007945149,-0.004919819000000001
cur_3_70,14,0.348729178,0.789008261,0.8548558540000001,0.924582679,0.69589894,0.348729178,0.007945149,-0.004919819000000001
recover,0,0.830026406,0.9008659509999999,0.918921764,0.937619845,0.8524161840000001,0.830026406,0.004115039,0.004115039
recover_60,0,0.697931215,0.8113084859999999,0.842830073,0.8767220840000001,0.73210523,0.697931215,0.004115039,0.004115039
recover_70,0,0.697931215,0.8113084859999999,0.842830073,0.8767220840000001,0.73210523,0.697931215,0.004115039,0.004115039
