name,effectDays,infectReduct,reduceHosp,reduceIcu,reduceMort,reduceSympt,riskReduct,waneRate,waneRateOut
cur_2,14,0.44334639200000003,0.84351275,0.919225697,0.959494655,0.626793182,0.44334639200000003,0.019803767,0.015132399
cur_2_60,14,0.402346926,0.820021997,0.905831608,0.952432471,0.58670971,0.402346926,0.019803767,0.015132399
cur_2_70,14,0.362683186,0.793876934,0.8904872079999999,0.944213867,0.545458738,0.362683186,0.019803767,0.015132399
cur_3,14,0.49729149,0.870045159,0.933926527,0.967128661,0.675954432,0.49729149,0.012677488999999998,0.008006121
cur_3_60,14,0.455384455,0.8498281879999999,0.922765327,0.961343857,0.63810242,0.455384455,0.012677488999999998,0.008006121
cur_3_70,14,0.414115057,0.827100066,0.9099057759999999,0.954591535,0.5984704670000001,0.414115057,0.012677488999999998,0.008006121
recover,0,0.879849659,0.9221388970000001,0.934532543,0.9514177640000001,0.89983498,0.879849659,0.006000784,0.006000784
recover_60,0,0.8023008970000001,0.867783283,0.887776097,0.9156319409999999,0.832733128,0.8023008970000001,0.006000784,0.006000784
recover_70,0,0.8023008970000001,0.867783283,0.887776097,0.9156319409999999,0.832733128,0.8023008970000001,0.006000784,0.006000784
