name,effectDays,infectReduct,reduceHosp,reduceIcu,reduceMort,reduceSympt,riskReduct,waneRate,waneRateOut
cur_2,14,0.650392407,0.925299709,0.9682086870000001,0.984470379,0.730974297,0.650392407,0.02159493,0.016208805
cur_2_60,14,0.631916109,0.9195549129999999,0.965641255,0.983193427,0.714889798,0.631916109,0.02159493,0.016208805
cur_2_70,14,0.61302516,0.913403275,0.962871545,0.9818119740000001,0.698223622,0.61302516,0.02159493,0.016208805
cur_3,14,0.581835092,0.902576006,0.957944563,0.979344488,0.67020625,0.581835092,0.031144081,0.025757956000000002
cur_3_60,14,0.56217464,0.895281428,0.954587092,0.977655617,0.652217155,0.56217464,0.031144081,0.025757956000000002
cur_3_70,14,0.5422969129999999,0.887500685,0.9509715320000001,0.975830161,0.633764257,0.5422969129999999,0.031144081,0.025757956000000002
recover,0,0.9339390740000001,0.9878522009999999,0.9950233340000001,0.997602925,0.946915391,0.9339390740000001,0.008697813,0.008697813
recover_60,0,0.911033434,0.9827939809999999,0.9929297290000001,0.996590795,0.9260868940000001,0.911033434,0.008697813,0.008697813
recover_70,0,0.808192364,0.9582153859999999,0.9825731940000001,0.99155136,0.8341711079999999,0.808192364,0.008697813,0.008697813
