name,effectDays,infectReduct,reduceHosp,reduceIcu,reduceMort,reduceSympt,riskReduct,waneRate,waneRateOut
cur_2,14,0.441808814,0.8431357359999999,0.916635007,0.9581366990000001,0.642970799,0.441808814,0.021270324,0.013768374
cur_2_60,14,0.400022779,0.81909102,0.902554425,0.9506887740000001,0.6027018989999999,0.400022779,0.021270324,0.013768374
cur_2_70,14,0.35965819,0.7922799229999999,0.8863972170000001,0.941999722,0.5610089970000001,0.35965819,0.021270324,0.013768374
cur_3,14,0.515599415,0.878466657,0.93665524,0.968532388,0.7077588159999999,0.515599415,0.011530853999999998,0.004028904
cur_3_60,14,0.472745045,0.858931476,0.925681973,0.9628622790000001,0.671058863,0.472745045,0.011530853999999998,0.004028904
cur_3_70,14,0.430305263,0.836848739,0.912989802,0.9562195170000001,0.632161341,0.430305263,0.011530853999999998,0.004028904
recover,0,0.914907878,0.944489052,0.960709209,0.966903237,0.9408945209999999,0.914907878,0.007540107,0.007540107
recover_60,0,0.8177482709999999,0.876548167,0.91074442,0.92419366,0.869163658,0.8177482709999999,0.007540107,0.007540107
recover_70,0,0.8177482709999999,0.876548167,0.91074442,0.92419366,0.869163658,0.8177482709999999,0.007540107,0.007540107
