name,effectDays,infectReduct,reduceHosp,reduceIcu,reduceMort,reduceSympt,riskReduct,waneRate,waneRateOut
cur_2,14,0.552194417,0.892152913,0.9499041509999999,0.975289906,0.680786769,0.552194417,0.020727038,0.015485200000000001
cur_2_60,14,0.502302116,0.87130992,0.939465091,0.969973559,0.635771393,0.502302116,0.020727038,0.015485200000000001
cur_2_70,14,0.452392433,0.847143856,0.9270256370000001,0.963560188,0.5882752520000001,0.452392433,0.020727038,0.015485200000000001
cur_3,14,0.535712153,0.885590895,0.9466458959999999,0.973636927,0.666176242,0.535712153,0.022911655,0.017669816
cur_3_60,14,0.48569385200000004,0.863673487,0.9355739240000001,0.9679766209999999,0.620249791,0.48569385200000004,0.022911655,0.017669816
cur_3_70,14,0.435988779,0.838339478,0.9224009120000001,0.9611538040000001,0.572091895,0.435988779,0.022911655,0.017669816
recover,0,0.946227275,0.987942028,0.994703496,0.9974484459999999,0.954798268,0.946227275,0.00430634,0.00430634
recover_60,0,0.8958177940000001,0.982920565,0.9924763590000001,0.9963713270000001,0.93685648,0.8958177940000001,0.00430634,0.00430634
recover_70,0,0.7208534809999999,0.958515162,0.981468122,0.9910104040000001,0.856254592,0.7208534809999999,0.00430634,0.00430634
