name,effectDays,infectReduct,reduceHosp,reduceIcu,reduceMort,reduceSympt,riskReduct,waneRate,waneRateOut
cur_2,14,0.40638543,0.8250259440000001,0.894220358,0.946226142,0.68161236,0.40638543,0.020845222,0.010498933
cur_2_60,14,0.410995525,0.8277627740000001,0.89601131,0.9471885870000001,0.685737918,0.410995525,0.020845222,0.010498933
cur_2_70,14,0.415562316,0.830431397,0.897753114,0.948122806,0.689782377,0.415562316,0.020845222,0.010498933
cur_3,14,0.44496594,0.846664162,0.908253202,0.953716927,0.714856229,0.44496594,0.015654106,0.005307816999999999
cur_3_60,14,0.449682155,0.849124435,0.909830521,0.954551741,0.71872878,0.449682155,0.015654106,0.005307816999999999
cur_3_70,14,0.454347221,0.85152145,0.9113637520000001,0.955361847,0.7225204609999999,0.454347221,0.015654106,0.005307816999999999
recover,0,0.8797805870000001,0.9244894659999999,0.9354223340000001,0.96038474,0.9099830640000001,0.8797805870000001,0.005831446,0.005831446
recover_60,0,0.7646863490000001,0.844639528,0.865450952,0.915003047,0.8178160529999999,0.7646863490000001,0.005831446,0.005831446
recover_70,0,0.7646863490000001,0.844639528,0.865450952,0.915003047,0.8178160529999999,0.7646863490000001,0.005831446,0.005831446
