name,effectDays,infectReduct,reduceHosp,reduceIcu,reduceMort,reduceSympt,riskReduct,waneRate,waneRateOut
cur_2,14,0.62614534,0.917671467,0.964941959,0.98284502,0.707672583,0.62614534,0.020878851,0.01924265
cur_2_60,14,0.5928625439999999,0.9064651090000001,0.9598886999999999,0.9803196740000001,0.677914335,0.5928625439999999,0.020878851,0.01924265
cur_2_70,14,0.558709066,0.89391128,0.954142403,0.977431477,0.646643156,0.558709066,0.020878851,0.01924265
cur_3,14,0.611895731,0.912989387,0.962839322,0.981795878,0.6950168409999999,0.611895731,0.02286551,0.021229309
cur_3_60,14,0.578198928,0.9012143220000001,0.95749634,0.9791193709999999,0.664580901,0.578198928,0.02286551,0.021229309
cur_3_70,14,0.5437619779999999,0.888042797,0.9514246590000001,0.976059325,0.632716546,0.5437619779999999,0.02286551,0.021229309
recover,0,0.9304166709999999,0.9878466440000001,0.995042399,0.9976121309999999,0.946389411,0.9304166709999999,0.004588472,0.004588472
recover_60,0,0.864176445,0.9827861520000001,0.9929567579999999,0.9966038759999999,0.925370803,0.864176445,0.004588472,0.004588472
recover_70,0,0.6516433420000001,0.9581968479999999,0.9826391240000001,0.9915836140000001,0.8327253590000001,0.6516433420000001,0.004588472,0.004588472
