name,effectDays,infectReduct,reduceHosp,reduceIcu,reduceMort,reduceSympt,riskReduct,waneRate,waneRateOut
cur_2,14,0.542423123,0.88929387,0.9436997570000001,0.972137328,0.719989697,0.542423123,0.021798632000000002,0.018441667
cur_2_60,14,0.512220496,0.87678584,0.936902583,0.968659425,0.694915352,0.512220496,0.021798632000000002,0.018441667
cur_2_70,14,0.481924873,0.863080528,0.9293453000000002,0.9647626570000001,0.668625957,0.481924873,0.021798632000000002,0.018441667
cur_3,14,0.526123889,0.882677968,0.9401162609999999,0.9703069240000001,0.706594189,0.526123889,0.023952407000000002,0.020595443
cur_3_60,14,0.49584536,0.8695321109999999,0.9329172029999999,0.966608392,0.680852021,0.49584536,0.023952407000000002,0.020595443
cur_3_70,14,0.46559378799999995,0.8551532470000001,0.924920836,0.962466488,0.6539542389999999,0.46559378799999995,0.023952407000000002,0.020595443
recover,0,0.9108022790000001,0.98806134,0.9942427620000001,0.997225824,0.963625155,0.9108022790000001,0.006620323000000001,0.006620323000000001
recover_60,0,0.871760196,0.983088713,0.991823482,0.9960550990000001,0.948999852,0.871760196,0.006620323000000001,0.006620323000000001
recover_70,0,0.723347202,0.95891354,0.979879353,0.9902315690000001,0.8819455390000001,0.723347202,0.006620323000000001,0.006620323000000001
