name,effectDays,infectReduct,reduceHosp,reduceIcu,reduceMort,reduceSympt,riskReduct,waneRate,waneRateOut
cur_2,14,0.604628189,0.909878964,0.9641220970000001,0.982436216,0.64848399,0.604628189,0.020478885,0.018618124
cur_2_60,14,0.565755346,0.89584848,0.95814801,0.979446632,0.611149963,0.565755346,0.020478885,0.018618124
cur_2_70,14,0.526068799,0.8799271759999999,0.95123179,0.9759617970000001,0.572477081,0.526068799,0.020478885,0.018618124
cur_3,14,0.635443205,0.9200488720000001,0.968383518,0.984557208,0.677702928,0.635443205,0.016176859,0.014316098999999999
cur_3_60,14,0.597583622,0.907440624,0.963091842,0.9819220009999999,0.641757845,0.597583622,0.016176859,0.014316098999999999
cur_3_70,14,0.558536125,0.893079878,0.95695591,0.978847803,0.6041573929999999,0.558536125,0.016176859,0.014316098999999999
recover,0,0.94459098,0.987749795,0.995362009,0.997766446,0.9364405790000001,0.94459098,0.005611855,0.005611855
recover_60,0,0.8990918999999999,0.9826496840000001,0.9934099359999999,0.9968231409999999,0.911884591,0.8990918999999999,0.005611855,0.005611855
recover_70,0,0.738484665,0.9578737970000001,0.983745293,0.992124442,0.806006972,0.738484665,0.005611855,0.005611855
