name,effectDays,infectReduct,reduceHosp,reduceIcu,reduceMort,reduceSympt,riskReduct,waneRate,waneRateOut
cur_2,14,0.43937482,0.842248476,0.913811443,0.95665232,0.657011963,0.43937482,0.019590741000000002,0.009089033
cur_2_60,14,0.391109772,0.8139833740000001,0.8967974809999999,0.947610472,0.6108904270000001,0.391109772,0.019590741000000002,0.009089033
cur_2_70,14,0.34491048700000004,0.781984142,0.8768895990000001,0.9368138559999999,0.562722695,0.34491048700000004,0.019590741000000002,0.009089033
cur_3,14,0.466885955,0.856448861,0.9221652309999999,0.961030849,0.6815829609999999,0.466885955,0.015939803,0.005438095
cur_3_60,14,0.417851277,0.830215206,0.906631847,0.952857308,0.6369396829999999,0.417851277,0.015939803,0.005438095
cur_3_70,14,0.370414829,0.800323267,0.888384917,0.943077025,0.589831476,0.370414829,0.015939803,0.005438095
recover,0,0.799049338,0.859298234,0.893240003,0.9241868329999999,0.838813058,0.799049338,0.004074077,0.004074077
recover_60,0,0.626888193,0.7207128509999999,0.7795075309999999,0.83742184,0.687390953,0.626888193,0.004074077,0.004074077
recover_70,0,0.626888193,0.7207128509999999,0.7795075309999999,0.83742184,0.687390953,0.626888193,0.004074077,0.004074077
