name,effectDays,infectReduct,reduceHosp,reduceIcu,reduceMort,reduceSympt,riskReduct,waneRate,waneRateOut
cur_2,14,0.553557461,0.892656655,0.950271344,0.97547583,0.680676871,0.553557461,0.020542782,0.015146543
cur_2_60,14,0.528960118,0.882786353,0.945374567,0.9729903940000001,0.658765921,0.528960118,0.020542782,0.015146543
cur_2_70,14,0.504208795,0.872132882,0.940023212,0.970259302,0.6361435639999999,0.504208795,0.020542782,0.015146543
cur_3,14,0.57178475,0.89955151,0.953657627,0.9771870109999999,0.6965591309999999,0.57178475,0.018107217,0.012710978000000001
cur_3_60,14,0.547370509,0.8902372390000001,0.9490764270000001,0.97487053,0.6752179840000001,0.547370509,0.018107217,0.012710978000000001
cur_3_70,14,0.52271369,0.880169048,0.9440662670000001,0.972324141,0.653111994,0.52271369,0.018107217,0.012710978000000001
recover,0,0.9368597470000001,0.987938841,0.9947152290000001,0.9974541140000001,0.9545377629999999,0.9368597470000001,0.009851288,0.009851288
recover_60,0,0.912261358,0.982916074,0.992492988,0.9963793790000001,0.93649945,0.912261358,0.009851288,0.009851288
recover_70,0,0.8064452059999999,0.958504523,0.9815086279999999,0.9910302440000001,0.855512105,0.8064452059999999,0.009851288,0.009851288
