name,effectDays,infectReduct,reduceHosp,reduceIcu,reduceMort,reduceSympt,riskReduct,waneRate,waneRateOut
cur_2,14,0.508871636,0.874911216,0.937992522,0.9692188209999999,0.673361687,0.508871636,0.021003831,0.012870085
cur_2_60,14,0.462185643,0.852966722,0.926180753,0.963121467,0.630972719,0.462185643,0.021003831,0.012870085
cur_2_70,14,0.416176198,0.8279429140000001,0.912336736,0.955875235,0.5864838000000001,0.416176198,0.021003831,0.012870085
cur_3,14,0.512082975,0.876310892,0.938735778,0.9695999120000001,0.676181897,0.512082975,0.020581331,0.012447584
cur_3_60,14,0.465381537,0.8545711290000001,0.9270545809999999,0.96357521,0.633959967,0.465381537,0.020581331,0.012447584
cur_3_70,14,0.41930198700000004,0.829765882,0.91335911,0.9564140990000001,0.58959694,0.41930198700000004,0.020581331,0.012447584
recover,0,0.907166205,0.9880159740000001,0.994423005,0.9973129279999999,0.960473487,0.907166205,0.005307086999999999,0.005307086999999999
recover_60,0,0.840585382,0.9830247759999999,0.9920788620000001,0.996178821,0.9446537690000001,0.840585382,0.005307086999999999,0.005307086999999999
recover_70,0,0.631591435,0.958762035,0.9805004540000001,0.990536195,0.8726520790000001,0.631591435,0.005307086999999999,0.005307086999999999
