name,effectDays,infectReduct,reduceHosp,reduceIcu,reduceMort,reduceSympt,riskReduct,waneRate,waneRateOut
cur_2,14,0.486782127,0.8642518140000001,0.935553097,0.96796591,0.624257782,0.486782127,0.019449616,0.012895176000000001
cur_2_60,14,0.455306004,0.848732204,0.927501303,0.963807009,0.594184067,0.455306004,0.019449616,0.012895176000000001
cur_2_70,14,0.424181606,0.8317828559999999,0.918530725,0.959130748,0.563385447,0.424181606,0.019449616,0.012895176000000001
cur_3,14,0.5888221570000001,0.9057698259999999,0.956364931,0.9785506540000001,0.714969208,0.5888221570000001,0.005904996,-0.000649444
cur_3_60,14,0.557920747,0.894416944,0.9507764959999999,0.97573149,0.6885333840000001,0.557920747,0.005904996,-0.000649444
cur_3_70,14,0.5265628520000001,0.8818740620000001,0.9445135709999999,0.972552036,0.660807646,0.5265628520000001,0.005904996,-0.000649444
recover,0,0.931933586,0.987948748,0.9946786670000001,0.9974364509999999,0.9553430159999999,0.931933586,0.010152464,0.010152464
recover_60,0,0.878845678,0.982930035,0.9924411679999999,0.9963542879999999,0.9376033229999999,0.878845678,0.010152464,0.010152464
recover_70,0,0.69917186,0.958537592,0.981382408,0.9909684190000001,0.85781008,0.69917186,0.010152464,0.010152464
