name,effectDays,infectReduct,reduceHosp,reduceIcu,reduceMort,reduceSympt,riskReduct,waneRate,waneRateOut
cur_2,14,0.314892203,0.7604843590000001,0.847013302,0.920155775,0.605817265,0.314892203,0.020760028,0.004692564000000001
cur_2_60,14,0.297267319,0.745041262,0.83594574,0.91384134,0.585832846,0.297267319,0.020760028,0.004692564000000001
cur_2_70,14,0.280210025,0.7289422459999999,0.824232593,0.907071525,0.565543053,0.280210025,0.020760028,0.004692564000000001
cur_3,14,0.425115663,0.836289478,0.899067275,0.948826477,0.712037853,0.425115663,0.005125894000000001,-0.01094157
cur_3_60,14,0.40496814600000003,0.8246067659999999,0.891282118,0.94464304,0.694725005,0.40496814600000003,0.005125894000000001,-0.01094157
cur_3_70,14,0.38511771100000003,0.812265852,0.882966747,0.940134886,0.676826976,0.38511771100000003,0.005125894000000001,-0.01094157
recover,0,0.873948398,0.9235865329999999,0.9520187459999999,0.9437149979999999,0.907845384,0.873948398,0.005766478,0.005766478
recover_60,0,0.7625795040000001,0.848469798,0.901882484,0.885941565,0.82026594,0.7625795040000001,0.005766478,0.005766478
recover_70,0,0.7625795040000001,0.848469798,0.901882484,0.885941565,0.82026594,0.7625795040000001,0.005766478,0.005766478
