name,effectDays,infectReduct,reduceHosp,reduceIcu,reduceMort,reduceSympt,riskReduct,waneRate,waneRateOut
cur_2,14,0.36202521299999996,0.797006766,0.870890258,0.933513296,0.662926286,0.36202521299999996,0.020272148,0.010380186
cur_2_60,14,0.326893179,0.7706534890000001,0.852351875,0.9231734979999999,0.627305935,0.326893179,0.020272148,0.010380186
cur_2_70,14,0.29361022600000003,0.7419945859999999,0.8316720559999999,0.911381753,0.590258238,0.29361022600000003,0.020272148,0.010380186
cur_3,14,0.41593111,0.8312870109999999,0.894347485,0.9462945209999999,0.711657506,0.41593111,0.01280632,0.0029143579999999997
cur_3_60,14,0.37867288299999996,0.808313763,0.878708145,0.93781,0.678690874,0.37867288299999996,0.01280632,0.0029143579999999997
cur_3_70,14,0.34280287600000003,0.78303596,0.861118335,0.928089754,0.643851111,0.34280287600000003,0.01280632,0.0029143579999999997
recover,0,0.92999299,0.988304553,0.9931589809999999,0.996701732,0.976920555,0.92999299,0.005116373,0.005116373
recover_60,0,0.882721733,0.9834315290000001,0.990288727,0.995310875,0.967460445,0.882721733,0.005116373,0.005116373
recover_70,0,0.717878734,0.959726344,0.976156548,0.9884015009999999,0.9227008609999999,0.717878734,0.005116373,0.005116373
