name,effectDays,infectReduct,reduceHosp,reduceIcu,reduceMort,reduceSympt,riskReduct,waneRate,waneRateOut
cur_2,14,0.450619175,0.84742996,0.921043955,0.96044545,0.636577295,0.450619175,0.021370392000000002,0.013540783
cur_2_60,14,0.42639519200000003,0.834267581,0.913584725,0.9565329340000001,0.6135204000000001,0.42639519200000003,0.021370392000000002,0.013540783
cur_2_70,14,0.402507002,0.82020303,0.9054887229999999,0.9522503240000001,0.589930586,0.402507002,0.021370392000000002,0.013540783
cur_3,14,0.5161679920000001,0.87840888,0.938166391,0.969307997,0.694958231,0.5161679920000001,0.012728294,0.004898685
cur_3_60,14,0.49157323399999997,0.867501217,0.932205707,0.966241302,0.673706714,0.49157323399999997,0.012728294,0.004898685
cur_3_70,14,0.467006449,0.85576939,0.925712395,0.962878091,0.651705015,0.467006449,0.012728294,0.004898685
recover,0,0.912900571,0.988053159,0.994275742,0.997241763,0.963074357,0.912900571,0.004547064,0.004547064
recover_60,0,0.840079024,0.983077182,0.9918702070000001,0.996077738,0.948239488,0.840079024,0.004547064,0.004547064
recover_70,0,0.6168520000000001,0.9588862140000001,0.979992955,0.990287301,0.880311545,0.6168520000000001,0.004547064,0.004547064
