name,effectDays,infectReduct,reduceHosp,reduceIcu,reduceMort,reduceSympt,riskReduct,waneRate,waneRateOut
cur_2,14,0.556353687,0.8943274529999999,0.948315246,0.9744845409999999,0.712694782,0.556353687,0.022276797,0.0156136
cur_2_60,14,0.520816904,0.8800249090000001,0.940836432,0.970675343,0.682535239,0.520816904,0.022276797,0.0156136
cur_2_70,14,0.48507359200000005,0.864083292,0.93235399,0.96631783,0.650766053,0.48507359200000005,0.022276797,0.0156136
cur_3,14,0.517334257,0.878544126,0.940055084,0.9702756140000001,0.679504667,0.517334257,0.027438827000000002,0.02077563
cur_3_60,14,0.481584344,0.862433942,0.931467398,0.96586008,0.647583858,0.481584344,0.027438827000000002,0.02077563
cur_3_70,14,0.44602733200000005,0.8445677709999999,0.9217534079999999,0.960815926,0.614293578,0.44602733200000005,0.027438827000000002,0.02077563
recover,0,0.8065037270000001,0.876829085,0.88175619,0.924097403,0.82437128,0.8065037270000001,0.003928144000000001,0.003928144000000001
recover_60,0,0.578080157,0.7006061720000001,0.7102531459999999,0.800083048,0.6067558239999999,0.578080157,0.003928144000000001,0.003928144000000001
recover_70,0,0.578080157,0.7006061720000001,0.7102531459999999,0.800083048,0.6067558239999999,0.578080157,0.003928144000000001,0.003928144000000001
