name,effectDays,infectReduct,reduceHosp,reduceIcu,reduceMort,reduceSympt,riskReduct,waneRate,waneRateOut
cur_2,14,0.574426591,0.900069239,0.95594132,0.9783375440000001,0.6743703590000001,0.574426591,0.02202011,0.017322386999999998
cur_2_60,14,0.519364131,0.878206478,0.945562903,0.973086228,0.623769569,0.519364131,0.02202011,0.017322386999999998
cur_2_70,14,0.463864819,0.852364282,0.9329207890000001,0.9666102409999999,0.570352815,0.463864819,0.02202011,0.017322386999999998
cur_3,14,0.605715228,0.911120677,0.961080988,0.980916735,0.702121435,0.605715228,0.017765808,0.013068085
cur_3_60,14,0.5515405179999999,0.891383968,0.951852288,0.9762754929999999,0.653618006,0.5515405179999999,0.017765808,0.013068085
cur_3_70,14,0.49615220600000004,0.8679172559999999,0.9405789920000001,0.970543677,0.6017333029999999,0.49615220600000004,0.017765808,0.013068085
recover,0,0.9325391590000001,0.991638693,0.99651197,0.998321247,0.9646261829999999,0.9325391590000001,0.007251745,0.007251745
recover_60,0,0.89370614,0.9904092320000001,0.9959961909999999,0.998072491,0.959586631,0.89370614,0.007251745,0.007251745
recover_70,0,0.750524953,0.9800929970000001,0.991638791,0.9959656029999999,0.918833365,0.750524953,0.007251745,0.007251745
