name,effectDays,infectReduct,reduceHosp,reduceIcu,reduceMort,reduceSympt,riskReduct,waneRate,waneRateOut
cur_2,14,0.558951073,0.894527946,0.952125152,0.976413375,0.6747824259999999,0.558951073,0.020745725,0.013155038999999999
cur_2_60,14,0.52536106,0.88105673,0.945562743,0.973086146,0.64440183,0.52536106,0.020745725,0.013155038999999999
cur_2_70,14,0.491542233,0.866123491,0.93815975,0.969304591,0.61281381,0.491542233,0.020745725,0.013155038999999999
cur_3,14,0.561570639,0.89552692,0.9526074990000001,0.976657013,0.677111441,0.561570639,0.020396156000000002,0.01280547
cur_3_60,14,0.528011665,0.882166489,0.946107465,0.973363216,0.646834542,0.528011665,0.020396156000000002,0.01280547
cur_3_70,14,0.49419987,0.867351602,0.938773752,0.969619375,0.615333625,0.49419987,0.020396156000000002,0.01280547
recover,0,0.910541686,0.987912949,0.994809473,0.997499637,0.952370672,0.910541686,0.006281154000000001,0.006281154000000001
recover_60,0,0.836035564,0.9828795859999999,0.9926265670000001,0.9964440509999999,0.933532385,0.836035564,0.006281154000000001,0.006281154000000001
recover_70,0,0.60969381,0.958418102,0.981834085,0.99118962,0.8493695609999999,0.60969381,0.006281154000000001,0.006281154000000001
