name,effectDays,infectReduct,reduceHosp,reduceIcu,reduceMort,reduceSympt,riskReduct,waneRate,waneRateOut
cur_2,14,0.48376677700000004,0.8643689509999999,0.927861982,0.96399408,0.6877624,0.48376677700000004,0.021726539,0.011424668999999998
cur_2_60,14,0.43949540000000004,0.84208272,0.9149824609999999,0.95726849,0.648265684,0.43949540000000004,0.021726539,0.011424668999999998
cur_2_70,14,0.39618522799999994,0.8169220209999999,0.9000582420000001,0.949356422,0.606649251,0.39618522799999994,0.021726539,0.011424668999999998
cur_3,14,0.503645637,0.8734263990000001,0.933007985,0.966655209,0.704582853,0.503645637,0.019111574,0.008809704
cur_3_60,14,0.45917318100000004,0.8523742609999999,0.9209689740000001,0.960406278,0.666181125,0.45917318100000004,0.019111574,0.008809704
cur_3_70,14,0.41536086200000005,0.8285193829999999,0.9069888190000001,0.9530466999999999,0.625459726,0.41536086200000005,0.019111574,0.008809704
recover,0,0.895774372,0.918771317,0.951040777,0.970548712,0.933356565,0.895774372,0.006759148,0.006759148
recover_60,0,0.802258063,0.8422553709999999,0.901668823,0.93959976,0.868614964,0.802258063,0.006759148,0.006759148
recover_70,0,0.802258063,0.8422553709999999,0.901668823,0.93959976,0.868614964,0.802258063,0.006759148,0.006759148
