name,effectDays,infectReduct,reduceHosp,reduceIcu,reduceMort,reduceSympt,riskReduct,waneRate,waneRateOut
cur_2,14,0.611804412,0.9129359640000001,0.962911305,0.9818318340000001,0.693560848,0.611804412,0.021921291000000002,0.018109592
cur_2_60,14,0.596243878,0.907623518,0.960516356,0.9806340790000001,0.6795610209999999,0.596243878,0.021921291000000002,0.018109592
cur_2_70,14,0.580461586,0.902012375,0.957969255,0.9793568859999999,0.665206804,0.580461586,0.021921291000000002,0.018109592
cur_3,14,0.5983257679999999,0.9083466440000001,0.960843298,0.980797768,0.6814428309999999,0.5983257679999999,0.023775845,0.019964146000000002
cur_3_60,14,0.582593562,0.902783989,0.9583205909999999,0.979533262,0.667155071,0.582593562,0.023775845,0.019964146000000002
cur_3_70,14,0.5666654839999999,0.89691227,0.9556383820000001,0.978185084,0.6525292779999999,0.5666654839999999,0.023775845,0.019964146000000002
recover,0,0.9229554440000001,0.987843189,0.995054216,0.9976178379999999,0.946059929,0.9229554440000001,0.0067153809999999994,0.0067153809999999994
recover_60,0,0.86037701,0.982781282,0.992973511,0.996611983,0.924922392,0.86037701,0.0067153809999999994,0.0067153809999999994
recover_70,0,0.658497793,0.958185319,0.9826799890000001,0.991603605,0.831821455,0.658497793,0.0067153809999999994,0.0067153809999999994
