name,effectDays,infectReduct,reduceHosp,reduceIcu,reduceMort,reduceSympt,riskReduct,waneRate,waneRateOut
cur_2,14,0.47895322700000004,0.8618394640000001,0.9277580459999999,0.96394018,0.673163576,0.47895322700000004,0.020761036,0.014470556
cur_2_60,14,0.43806032200000006,0.8410219590000001,0.9159037259999999,0.9577526940000001,0.63592657,0.43806032200000006,0.020761036,0.014470556
cur_2_70,14,0.39800566200000004,0.8177396370000001,0.902314067,0.9505606390000001,0.597000733,0.39800566200000004,0.020761036,0.014470556
cur_3,14,0.488616847,0.866382944,0.930309052,0.9652613640000001,0.68161962,0.488616847,0.019488826,0.013198346000000001
cur_3_60,14,0.447607651,0.8461278059999999,0.918836711,0.9592910040000001,0.6448377270000001,0.447607651,0.019488826,0.013198346000000001
cur_3_70,14,0.407312778,0.823436253,0.9056721990000001,0.952347798,0.6062747620000001,0.407312778,0.019488826,0.013198346000000001
recover,0,0.9579346590000001,0.988078344,0.9941735429999999,0.9971923690000001,0.9647458440000001,0.9579346590000001,0.012362033,0.012362033
recover_60,0,0.925024245,0.9831126790000001,0.9917254190000001,0.9960075829999999,0.9505480140000001,0.925024245,0.012362033,0.012362033
recover_70,0,0.80096474,0.9589703340000001,0.97964098,0.990114603,0.88528315,0.80096474,0.012362033,0.012362033
