name,effectDays,infectReduct,reduceHosp,reduceIcu,reduceMort,reduceSympt,riskReduct,waneRate,waneRateOut
cur_2,14,0.37336007200000004,0.8040050559999999,0.880659683,0.938876759,0.648897122,0.37336007200000004,0.020750092,0.011589153
cur_2_60,14,0.331485226,0.7734456000000001,0.859970575,0.927448835,0.606004626,0.331485226,0.020750092,0.011589153
cur_2_70,14,0.29213572600000004,0.739681082,0.836373239,0.9140867159999999,0.56143546,0.29213572600000004,0.020750092,0.011589153
cur_3,14,0.443906531,0.8460594490000001,0.9081454729999999,0.953659858,0.7123246809999999,0.443906531,0.011133442,0.001972503
cur_3_60,14,0.399159406,0.820593942,0.891635033,0.944833458,0.67327937,0.399159406,0.011133442,0.001972503
cur_3_70,14,0.35605515600000004,0.791966188,0.872583091,0.9344468459999999,0.631695232,0.35605515600000004,0.011133442,0.001972503
recover,0,0.8657883140000001,0.918641155,0.9429995309999999,0.932415935,0.899907452,0.8657883140000001,0.005676977,0.005676977
recover_60,0,0.72122863,0.81911575,0.869023057,0.8469333859999999,0.7828816190000001,0.72122863,0.005676977,0.005676977
recover_70,0,0.72122863,0.81911575,0.869023057,0.8469333859999999,0.7828816190000001,0.72122863,0.005676977,0.005676977
