name,effectDays,infectReduct,reduceHosp,reduceIcu,reduceMort,reduceSympt,riskReduct,waneRate,waneRateOut
cur_2,14,0.31464155,0.7615158479999999,0.83933093,0.915781121,0.641608724,0.31464155,0.022291124,0.009296384
cur_2_60,14,0.29020498100000003,0.7398381159999999,0.823083165,0.9064023040000001,0.614548511,0.29020498100000003,0.022291124,0.009296384
cur_2_70,14,0.266922667,0.716917792,0.805569387,0.8960954259999999,0.586755559,0.266922667,0.022291124,0.009296384
cur_3,14,0.392574989,0.818023708,0.880299042,0.938679797,0.71592967,0.392574989,0.011047066000000001,-0.001947674
cur_3_60,14,0.365311956,0.8001343259999999,0.867540385,0.931660736,0.691785357,0.365311956,0.011047066000000001,-0.001947674
cur_3_70,14,0.338880865,0.7809533359999999,0.8536450659999999,0.9239017709999999,0.666539681,0.338880865,0.011047066000000001,-0.001947674
recover,0,0.88437677,0.92952336,0.940879273,0.9705271390000001,0.902308311,0.88437677,0.006148771999999999,0.006148771999999999
recover_60,0,0.768764928,0.851472205,0.8736956220000001,0.934696339,0.800583286,0.768764928,0.006148771999999999,0.006148771999999999
recover_70,0,0.768764928,0.851472205,0.8736956220000001,0.934696339,0.800583286,0.768764928,0.006148771999999999,0.006148771999999999
