name,effectDays,infectReduct,reduceHosp,reduceIcu,reduceMort,reduceSympt,riskReduct,waneRate,waneRateOut
cur_2,14,0.45489057200000005,0.851169761,0.914824037,0.957185176,0.7000123220000001,0.45489057200000005,0.021264512000000003,0.013546836000000001
cur_2_60,14,0.41765887700000004,0.83094557,0.902256378,0.9505298809999999,0.667276974,0.41765887700000004,0.021264512000000003,0.013546836000000001
cur_2_70,14,0.38135102299999996,0.808596642,0.888064781,0.9429036759999999,0.6328512789999999,0.38135102299999996,0.021264512000000003,0.013546836000000001
cur_3,14,0.45974422200000004,0.853630295,0.9163356490000001,0.9579795390000001,0.7041031209999999,0.45974422200000004,0.020621533,0.012903857
cur_3_60,14,0.422423117,0.833675125,0.903967613,0.951441458,0.6716047540000001,0.422423117,0.020621533,0.012903857
cur_3_70,14,0.38597560700000005,0.811605232,0.8899941809999999,0.9439474929999999,0.637383503,0.38597560700000005,0.020621533,0.012903857
recover,0,0.860411829,0.9138807520000001,0.9363377190000001,0.935274768,0.8922252709999999,0.860411829,0.005307435,0.005307435
recover_60,0,0.7855319209999999,0.863120418,0.8973268440000001,0.895685104,0.8310603590000001,0.7855319209999999,0.005307435,0.005307435
recover_70,0,0.7855319209999999,0.863120418,0.8973268440000001,0.895685104,0.8310603590000001,0.7855319209999999,0.005307435,0.005307435
