name,effectDays,infectReduct,reduceHosp,reduceIcu,reduceMort,reduceSympt,riskReduct,waneRate,waneRateOut
cur_2,14,0.390950633,0.816149,0.884542794,0.940992518,0.6875503479999999,0.390950633,0.022044621,0.008812855999999999
cur_2_60,14,0.349918199,0.788246923,0.86530746,0.9304220240000001,0.648536168,0.349918199,0.022044621,0.008812855999999999
cur_2_70,14,0.311009494,0.75738305,0.8434446859999999,0.918128388,0.607449941,0.311009494,0.022044621,0.008812855999999999
cur_3,14,0.39142659999999996,0.8164486879999999,0.88474674,0.94110339,0.6879795190000001,0.39142659999999996,0.021978916,0.008747151
cur_3_60,14,0.35037295,0.7885803109999999,0.8655402179999999,0.93055129,0.648991569,0.35037295,0.021978916,0.008747151
cur_3_70,14,0.311437904,0.7577500970000001,0.8437084009999999,0.9182784890000001,0.607926395,0.311437904,0.021978916,0.008747151
recover,0,0.9191964440000001,0.9882989329999999,0.993186448,0.9967150220000001,0.976672663,0.9191964440000001,0.007056277,0.007056277
recover_60,0,0.8724866459999999,0.983423607,0.990327607,0.995329743,0.967114365,0.8724866459999999,0.007056277,0.007056277
recover_70,0,0.708155825,0.9597075509999999,0.97625065,0.988447849,0.921917153,0.708155825,0.007056277,0.007056277
