name,effectDays,infectReduct,reduceHosp,reduceIcu,reduceMort,reduceSympt,riskReduct,waneRate,waneRateOut
cur_2,14,0.562450254,0.8955718579999999,0.9539150209999999,0.977316827,0.662512101,0.562450254,0.020811893,0.01634944
cur_2_60,14,0.536397472,0.885309372,0.949059978,0.974862192,0.638588888,0.536397472,0.020811893,0.01634944
cur_2_70,14,0.510134471,0.874175646,0.943721508,0.972148417,0.613948511,0.510134471,0.020811893,0.01634944
cur_3,14,0.576589743,0.900844237,0.956385218,0.9785608579999999,0.675284855,0.576589743,0.018915658999999998,0.014453206000000001
cur_3_60,14,0.550706338,0.891036844,0.951777255,0.97623757,0.65179118,0.550706338,0.018915658999999998,0.014453206000000001
cur_3_70,14,0.5245354170000001,0.880383996,0.9467075620000001,0.973668265,0.627525899,0.5245354170000001,0.018915658999999998,0.014453206000000001
recover,0,0.945267483,0.991636966,0.996517999,0.9983241540000001,0.9644659,0.945267483,0.00715376,0.00715376
recover_60,0,0.891748474,0.990407253,0.9960031079999999,0.9980758270000001,0.9594044740000001,0.891748474,0.00715376,0.00715376
recover_70,0,0.708167368,0.980088932,0.991653172,0.995972572,0.9184831240000001,0.708167368,0.00715376,0.00715376
