name,effectDays,infectReduct,reduceHosp,reduceIcu,reduceMort,reduceSympt,riskReduct,waneRate,waneRateOut
cur_2,14,0.549704813,0.8911542029999999,0.9495330329999999,0.97510192,0.67724518,0.549704813,0.021061456,0.015843341
cur_2_60,14,0.522493821,0.880075284,0.9440229809999999,0.972302082,0.652874461,0.522493821,0.021061456,0.015843341
cur_2_70,14,0.495140356,0.868031876,0.937948714,0.96919635,0.627667459,0.495140356,0.021061456,0.015843341
cur_3,14,0.58135741,0.903038868,0.955362707,0.978046302,0.704747881,0.58135741,0.016824631,0.011606516
cur_3_60,14,0.554509038,0.893024422,0.9504559370000001,0.9755692690000001,0.6814771390000001,0.554509038,0.016824631,0.011606516
cur_3_70,14,0.527330458,0.882107227,0.945039092,0.972819642,0.657256773,0.527330458,0.016824631,0.011606516
recover,0,0.922356196,0.987938752,0.9947155540000001,0.997454271,0.954530515,0.922356196,0.010671013,0.010671013
recover_60,0,0.85809612,0.982915949,0.992493449,0.996379602,0.936489518,0.85809612,0.010671013,0.010671013
recover_70,0,0.652348721,0.958504228,0.9815097509999999,0.991030794,0.855491461,0.652348721,0.010671013,0.010671013
