name,effectDays,infectReduct,reduceHosp,reduceIcu,reduceMort,reduceSympt,riskReduct,waneRate,waneRateOut
cur_2,14,0.44632736799999995,0.846666633,0.9124374740000001,0.955928358,0.690195462,0.44632736799999995,0.022227157999999997,0.011549325
cur_2_60,14,0.431201171,0.838520582,0.907403448,0.953266589,0.676908835,0.431201171,0.022227157999999997,0.011549325
cur_2_70,14,0.416175155,0.830012904,0.902101212,0.9504471390000001,0.66330543,0.416175155,0.022227157999999997,0.011549325
cur_3,14,0.466596697,0.8569764329999999,0.9187493729999999,0.959245267,0.7073900340000001,0.466596697,0.019540855,0.008863022
cur_3_60,14,0.45134354200000004,0.8492806009999999,0.914044037,0.956774769,0.694514443,0.45134354200000004,0.019540855,0.008863022
cur_3_70,14,0.436153842,0.841232485,0.909083953,0.954156791,0.6813033070000001,0.436153842,0.019540855,0.008863022
recover,0,0.86001083,0.912576237,0.921997622,0.925499099,0.862837706,0.86001083,0.0047308590000000005,0.0047308590000000005
recover_60,0,0.69994239,0.798532585,0.817790184,0.8250820109999999,0.7048924540000001,0.69994239,0.0047308590000000005,0.0047308590000000005
recover_70,0,0.69994239,0.798532585,0.817790184,0.8250820109999999,0.7048924540000001,0.69994239,0.0047308590000000005,0.0047308590000000005
