name,effectDays,infectReduct,reduceHosp,reduceIcu,reduceMort,reduceSympt,riskReduct,waneRate,waneRateOut
cur_2,14,0.503017133,0.872797322,0.934483614,0.967415577,0.689013385,0.503017133,0.021878448999999998,0.013633266000000002
cur_2_60,14,0.48069860200000003,0.862547167,0.9287987129999999,0.964479588,0.66956055,0.48069860200000003,0.021878448999999998,0.013633266000000002
cur_2_70,14,0.45844043700000003,0.8516031209999999,0.9226566409999999,0.9612871820000001,0.6494948389999999,0.45844043700000003,0.021878448999999998,0.013633266000000002
cur_3,14,0.496214269,0.869745427,0.932797765,0.966546789,0.6831528029999999,0.496214269,0.022773086,0.014527904
cur_3_60,14,0.47390975,0.859288994,0.9269780129999999,0.9635354690000001,0.663512406,0.47390975,0.022773086,0.014527904
cur_3_70,14,0.451692511,0.848131207,0.920692292,0.9602617059999999,0.6432750979999999,0.451692511,0.022773086,0.014527904
recover,0,0.801611062,0.866450974,0.916245275,0.925009625,0.862300042,0.801611062,0.003893465,0.003893465
recover_60,0,0.745461873,0.824638586,0.8880077470000001,0.899402535,0.8194588490000001,0.745461873,0.003893465,0.003893465
recover_70,0,0.745461873,0.824638586,0.8880077470000001,0.899402535,0.8194588490000001,0.745461873,0.003893465,0.003893465
