name,effectDays,infectReduct,reduceHosp,reduceIcu,reduceMort,reduceSympt,riskReduct,waneRate,waneRateOut
cur_2,14,0.515712582,0.878281475,0.9377542090000001,0.9690965659999999,0.6975759029999999,0.515712582,0.021696485,0.014310816
cur_2_60,14,0.467061997,0.8558748070000001,0.925365287,0.9626976420000001,0.654971992,0.467061997,0.021696485,0.014310816
cur_2_70,14,0.41905567,0.830156065,0.9107538820000001,0.955039775,0.6097493660000001,0.41905567,0.021696485,0.014310816
cur_3,14,0.531718289,0.884976908,0.9413964840000001,0.9709616529999999,0.7109399940000001,0.531718289,0.019586697,0.012201028000000001
cur_3_60,14,0.48306389,0.863611375,0.929678129,0.9649349429999999,0.669326302,0.48306389,0.019586697,0.012201028000000001
cur_3_70,14,0.434754552,0.839013523,0.9158342629999999,0.9577162020000001,0.624907632,0.434754552,0.019586697,0.012201028000000001
recover,0,0.9212221190000001,0.988060607,0.994245728,0.997227258,0.963576083,0.9212221190000001,0.007817234000000001,0.007817234000000001
recover_60,0,0.854802837,0.98308768,0.9918276840000001,0.996057135,0.948932095,0.854802837,0.007817234000000001,0.007817234000000001
recover_70,0,0.644224134,0.95891109,0.9798895670000001,0.99023658,0.881799793,0.644224134,0.007817234000000001,0.007817234000000001
