name,effectDays,infectReduct,reduceHosp,reduceIcu,reduceMort,reduceSympt,riskReduct,waneRate,waneRateOut
cur_2,14,0.325807225,0.7708470559999999,0.845264881,0.9191634909999999,0.6573544610000001,0.325807225,0.019550513000000002,0.007622485
cur_2_60,14,0.29286337100000004,0.742459785,0.823991483,0.906931218,0.621805656,0.29286337100000004,0.019550513000000002,0.007622485
cur_2_70,14,0.261964055,0.7118785670000001,0.8004900970000001,0.89306711,0.58490739,0.261964055,0.019550513000000002,0.007622485
cur_3,14,0.37214795100000003,0.804914398,0.870132688,0.9330949470000001,0.7017665120000001,0.37214795100000003,0.012837181999999999,0.0009091539999999999
cur_3_60,14,0.33685959,0.7795403879999999,0.851678257,0.922793723,0.668501765,0.33685959,0.012837181999999999,0.0009091539999999999
cur_3_70,14,0.303309386,0.751890864,0.831116023,0.911060865,0.633473893,0.303309386,0.012837181999999999,0.0009091539999999999
recover,0,0.8995290000000001,0.935195584,0.9428475270000001,0.950902872,0.9176584059999999,0.8995290000000001,0.006222887,0.006222887
recover_60,0,0.81438736,0.8761161209999999,0.889922914,0.904683603,0.845236832,0.81438736,0.006222887,0.006222887
recover_70,0,0.81438736,0.8761161209999999,0.889922914,0.904683603,0.845236832,0.81438736,0.006222887,0.006222887
