name,effectDays,infectReduct,reduceHosp,reduceIcu,reduceMort,reduceSympt,riskReduct,waneRate,waneRateOut
cur_2,14,0.48254893299999996,0.8641844879999999,0.925662106,0.9628519520000001,0.70248313,0.48254893299999996,0.020240613,0.011313957
cur_2_60,14,0.441965555,0.8438467140000001,0.913610038,0.956546265,0.667254667,0.441965555,0.020240613,0.011313957
cur_2_70,14,0.40215592200000005,0.8211019759999999,0.8998204329999999,0.9492292999999999,0.630064374,0.40215592200000005,0.020240613,0.011313957
cur_3,14,0.496033247,0.870394815,0.9292913070000001,0.964734702,0.713637318,0.496033247,0.018466411000000002,0.009539755
cur_3_60,14,0.455313688,0.8508264809999999,0.9177753590000001,0.958734905,0.679126325,0.455313688,0.018466411000000002,0.009539755
cur_3_70,14,0.415196301,0.828892245,0.9045811840000001,0.951767893,0.642552099,0.415196301,0.018466411000000002,0.009539755
recover,0,0.91805762,0.98814216,0.993905388,0.9970627409999999,0.9686745840000001,0.91805762,0.003052037,0.003052037
recover_60,0,0.893102092,0.983202624,0.9913455720000001,0.995823482,0.955986784,0.893102092,0.003052037,0.003052037
recover_70,0,0.778697635,0.959183527,0.9787182990000001,0.989661583,0.8971229470000001,0.778697635,0.003052037,0.003052037
