name,effectDays,infectReduct,reduceHosp,reduceIcu,reduceMort,reduceSympt,riskReduct,waneRate,waneRateOut
cur_2,14,0.5285029960000001,0.882985957,0.943634,0.972103803,0.6771439140000001,0.5285029960000001,0.021184542,0.017527536
cur_2_60,14,0.476302489,0.859605652,0.931430605,0.965841075,0.629874933,0.476302489,0.021184542,0.017527536
cur_2_70,14,0.42464621,0.8324583000000001,0.9168278940000001,0.958237936,0.5800095670000001,0.42464621,0.021184542,0.017527536
cur_3,14,0.5418293160000001,0.8884087070000001,0.946416713,0.9735204409999999,0.688743303,0.5418293160000001,0.019423221,0.015766214
cur_3_60,14,0.48967956700000004,0.8659474140000001,0.9347741390000001,0.967565138,0.642275415,0.48967956700000004,0.019423221,0.015766214
cur_3_70,14,0.43778528899999997,0.8397977990000001,0.920822948,0.9603299820000001,0.5930012,0.43778528899999997,0.019423221,0.015766214
recover,0,0.923559624,0.99171151,0.996246931,0.9981934379999999,0.970807779,0.923559624,0.002245839,0.002245839
recover_60,0,0.8685553770000001,0.990492653,0.99569213,0.997925782,0.966618416,0.8685553770000001,0.002245839,0.002245839
recover_70,0,0.684701421,0.9802643609999999,0.9910068040000001,0.995659229,0.9324569629999999,0.684701421,0.002245839,0.002245839
