name,effectDays,infectReduct,reduceHosp,reduceIcu,reduceMort,reduceSympt,riskReduct,waneRate,waneRateOut
cur_2,14,0.45313512899999997,0.8497346990000001,0.916975566,0.958315427,0.6782484759999999,0.45313512899999997,0.021928027000000003,0.014740673000000001
cur_2_60,14,0.431797906,0.838351555,0.910147541,0.954719355,0.659086496,0.431797906,0.021928027000000003,0.014740673000000001
cur_2_70,14,0.410693738,0.826272248,0.9028112890000001,0.95082567,0.639373786,0.410693738,0.021928027000000003,0.014740673000000001
cur_3,14,0.517847965,0.8799498490000001,0.9347089009999999,0.967531558,0.732073392,0.517847965,0.013398705,0.0062113509999999995
cur_3_60,14,0.496228589,0.8705068000000001,0.929226725,0.9647012629999999,0.7147689,0.496228589,0.013398705,0.0062113509999999995
cur_3_70,14,0.47460569799999996,0.860430294,0.923316998,0.961631428,0.696794722,0.47460569799999996,0.013398705,0.0062113509999999995
recover,0,0.912251547,0.98814464,0.9938946940000001,0.9970575709999999,0.968818772,0.912251547,0.0030382340000000003,0.0030382340000000003
recover_60,0,0.892011283,0.9832061190000001,0.991330426,0.99581614,0.956186732,0.892011283,0.0030382340000000003,0.0030382340000000003
recover_70,0,0.7854072670000001,0.959191813,0.97868153,0.989643521,0.897561653,0.7854072670000001,0.0030382340000000003,0.0030382340000000003
