name,effectDays,infectReduct,reduceHosp,reduceIcu,reduceMort,reduceSympt,riskReduct,waneRate,waneRateOut
cur_2,14,0.493020019,0.8691612759999999,0.927848703,0.9639871940000001,0.716515075,0.493020019,0.022673426,0.016374603
cur_2_60,14,0.452595087,0.849577873,0.9162025020000001,0.9579096220000001,0.6824320559999999,0.452595087,0.022673426,0.016374603
cur_2_70,14,0.41279883100000003,0.827652115,0.902877873,0.9508611490000001,0.646286351,0.41279883100000003,0.022673426,0.016374603
cur_3,14,0.49750622200000005,0.871188669,0.9290409559999999,0.9646050629999999,0.720146191,0.49750622200000005,0.022083402999999998,0.015784579
cur_3_60,14,0.45704505799999995,0.8518569970000001,0.917570104,0.958627287,0.6863086079999999,0.45704505799999995,0.022083402999999998,0.015784579
cur_3_70,14,0.417155701,0.83019705,0.9044402559999999,0.951692935,0.650378083,0.417155701,0.022083402999999998,0.015784579
recover,0,0.938624804,0.988155786,0.993846373,0.997034208,0.96945929,0.938624804,0.007730735999999999,0.007730735999999999
recover_60,0,0.9015171959999999,0.9832218290000001,0.991261988,0.995782961,0.9570752370000001,0.9015171959999999,0.007730735999999999,0.007730735999999999
recover_70,0,0.76379996,0.959229055,0.978515405,0.9895619059999999,0.8995140970000001,0.76379996,0.007730735999999999,0.007730735999999999
