name,effectDays,infectReduct,reduceHosp,reduceIcu,reduceMort,reduceSympt,riskReduct,waneRate,waneRateOut
cur_2,14,0.443408156,0.84503161,0.9119707420000001,0.955682185,0.684176418,0.443408156,0.02181678,0.013946756999999999
cur_2_60,14,0.410116374,0.826354797,0.900410663,0.94954475,0.654049927,0.410116374,0.02181678,0.013946756999999999
cur_2_70,14,0.377630731,0.805945582,0.887520775,0.942608964,0.622637155,0.377630731,0.02181678,0.013946756999999999
cur_3,14,0.504560731,0.874542936,0.92979363,0.964994716,0.7347031140000001,0.504560731,0.013742754,0.005872731999999999
cur_3_60,14,0.47055925,0.8588286470000001,0.920369702,0.960093091,0.707334665,0.47055925,0.013742754,0.005872731999999999
cur_3_70,14,0.436831375,0.84150415,0.9098043459999999,0.9545379,0.67838105,0.436831375,0.013742754,0.005872731999999999
recover,0,0.944437103,0.98817928,0.993743113,0.9969842790000001,0.97076987,0.944437103,0.004623716,0.004623716
recover_60,0,0.908349492,0.983254945,0.9911157490000001,0.995712058,0.958894715,0.908349492,0.004623716,0.004623716
recover_70,0,0.7741868390000001,0.9593075670000001,0.97816054,0.98938752,0.903527517,0.7741868390000001,0.004623716,0.004623716
