name,effectDays,infectReduct,reduceHosp,reduceIcu,reduceMort,reduceSympt,riskReduct,waneRate,waneRateOut
cur_2,14,0.583965544,0.9042147079999999,0.9548303779999999,0.977778197,0.7197474640000001,0.583965544,0.020542287,0.018870856000000002
cur_2_60,14,0.552057939,0.892340364,0.948876003,0.9747689270000001,0.692774917,0.552057939,0.020542287,0.018870856000000002
cur_2_70,14,0.519715966,0.879190702,0.942184261,0.971364089,0.664416895,0.519715966,0.020542287,0.018870856000000002
cur_3,14,0.566041337,0.897670183,0.951558895,0.976127193,0.7047151559999999,0.566041337,0.022953993,0.021282562
cur_3_60,14,0.533856371,0.885087631,0.9451980170000001,0.97290054,0.6769452159999999,0.533856371,0.022953993,0.021282562
cur_3_70,14,0.501387173,0.871179996,0.938056282,0.969251525,0.647868739,0.501387173,0.022953993,0.021282562
recover,0,0.864837528,0.91622127,0.924555545,0.9413531690000001,0.899980483,0.864837528,0.00553578,0.00553578
recover_60,0,0.764181355,0.8470639990000001,0.86123606,0.890461407,0.8200499170000001,0.764181355,0.00553578,0.00553578
recover_70,0,0.764181355,0.8470639990000001,0.86123606,0.890461407,0.8200499170000001,0.764181355,0.00553578,0.00553578
