name,effectDays,infectReduct,reduceHosp,reduceIcu,reduceMort,reduceSympt,riskReduct,waneRate,waneRateOut
cur_2,14,0.42198573100000003,0.83299589,0.90603269,0.9525392579999999,0.655648783,0.42198573100000003,0.020105807,0.008009522
cur_2_60,14,0.40381619799999996,0.822305785,0.899453431,0.949033052,0.638532629,0.40381619799999996,0.020105807,0.008009522
cur_2_70,14,0.385885479,0.811072875,0.892459604,0.945278075,0.621036368,0.385885479,0.020105807,0.008009522
cur_3,14,0.469890871,0.8582773029999999,0.9213022120000001,0.960580345,0.698045466,0.469890871,0.013726257,0.0016299729999999998
cur_3_60,14,0.451269043,0.8489119629999999,0.9156925890000001,0.957641766,0.68201461,0.451269043,0.013726257,0.0016299729999999998
cur_3_70,14,0.432760748,0.8390317209999999,0.909714943,0.9544906190000001,0.6655205439999999,0.432760748,0.013726257,0.0016299729999999998
recover,0,0.88185264,0.92115644,0.9523308709999999,0.961222756,0.9119918990000001,0.88185264,0.006204387,0.006204387
recover_60,0,0.801798118,0.863614691,0.915452653,0.930723146,0.848859096,0.801798118,0.006204387,0.006204387
recover_70,0,0.801798118,0.863614691,0.915452653,0.930723146,0.848859096,0.801798118,0.006204387,0.006204387
