name,effectDays,infectReduct,reduceHosp,reduceIcu,reduceMort,reduceSympt,riskReduct,waneRate,waneRateOut
cur_2,14,0.5326915329999999,0.885691695,0.940160248,0.970329435,0.725981622,0.5326915329999999,0.022081847,0.017046175
cur_2_60,14,0.508007957,0.87528859,0.934346826,0.967345143,0.705870395,0.508007957,0.022081847,0.017046175
cur_2_70,14,0.48327269700000003,0.8640780809999999,0.9280085109999999,0.9640700590000001,0.6849128590000001,0.48327269700000003,0.022081847,0.017046175
cur_3,14,0.476042367,0.860639638,0.926048917,0.9630529729999999,0.678627742,0.476042367,0.029540157,0.024504485
cur_3_60,14,0.45144788399999997,0.848346955,0.9189827190000001,0.959367456,0.656684585,0.45144788399999997,0.029540157,0.024504485
cur_3_70,14,0.42707599399999996,0.835170683,0.911301925,0.9553292059999999,0.634039409,0.42707599399999996,0.029540157,0.024504485
recover,0,0.8143830059999999,0.884595971,0.8973001509999999,0.910622293,0.8508060820000001,0.8143830059999999,0.004131227,0.004131227
recover_60,0,0.669815103,0.77993631,0.8015775359999999,0.824893573,0.725027965,0.669815103,0.004131227,0.004131227
recover_70,0,0.669815103,0.77993631,0.8015775359999999,0.824893573,0.725027965,0.669815103,0.004131227,0.004131227
