name,effectDays,infectReduct,reduceHosp,reduceIcu,reduceMort,reduceSympt,riskReduct,waneRate,waneRateOut
cur_2,14,0.49070371100000004,0.867734848,0.9290147329999999,0.9645914809999999,0.699636605,0.49070371100000004,0.021935731,0.012453738999999998
cur_2_60,14,0.435864439,0.840278766,0.9130040209999999,0.95622701,0.651308115,0.435864439,0.021935731,0.012453738999999998
cur_2_70,14,0.382585424,0.808404819,0.893809017,0.946004822,0.599688818,0.382585424,0.021935731,0.012453738999999998
cur_3,14,0.47107335200000006,0.858444608,0.92365004,0.96180495,0.6828545779999999,0.47107335200000006,0.024521368999999998,0.015039378
cur_3_60,14,0.41663323,0.8294390890000001,0.906551036,0.952814423,0.633241353,0.41663323,0.024521368999999998,0.015039378
cur_3_70,14,0.364187407,0.79592733,0.886109838,0.9418437709999999,0.5806694579999999,0.364187407,0.024521368999999998,0.015039378
recover,0,0.853796375,0.896192795,0.929875308,0.944074622,0.8703401559999999,0.853796375,0.005115927,0.005115927
recover_60,0,0.7258693909999999,0.796521411,0.857398474,0.884449727,0.7526959329999999,0.7258693909999999,0.005115927,0.005115927
recover_70,0,0.7258693909999999,0.796521411,0.857398474,0.884449727,0.7526959329999999,0.7258693909999999,0.005115927,0.005115927
