name,effectDays,infectReduct,reduceHosp,reduceIcu,reduceMort,reduceSympt,riskReduct,waneRate,waneRateOut
cur_2,14,0.413233199,0.827926232,0.902939095,0.95089377,0.64737001,0.413233199,0.019128076,0.008298836
cur_2_60,14,0.38993626,0.813670067,0.894102774,0.946162886,0.624931632,0.38993626,0.019128076,0.008298836
cur_2_70,14,0.36711850799999995,0.798511602,0.884559378,0.941001535,0.601930554,0.36711850799999995,0.019128076,0.008298836
cur_3,14,0.484303131,0.865157958,0.9254026329999999,0.96271706,0.7099839240000001,0.484303131,0.009665919,-0.00116332
cur_3_60,14,0.46014153399999996,0.85344037,0.918426614,0.9590762079999999,0.689619537,0.46014153399999996,0.009665919,-0.00116332
cur_3_70,14,0.436152663,0.840884635,0.910856717,0.955094097,0.668481006,0.436152663,0.009665919,-0.00116332
recover,0,0.916184598,0.988157321,0.9938396829999999,0.997030973,0.969546572,0.916184598,0.0031036009999999997,0.0031036009999999997
recover_60,0,0.912448904,0.983223993,0.991252513,0.995778368,0.9571963490000001,0.912448904,0.0031036009999999997,0.0031036009999999997
recover_70,0,0.84234177,0.959234185,0.9784924079999999,0.9895506070000001,0.899780611,0.84234177,0.0031036009999999997,0.0031036009999999997
