name,effectDays,infectReduct,reduceHosp,reduceIcu,reduceMort,reduceSympt,riskReduct,waneRate,waneRateOut
cur_2,14,0.502509298,0.87259777,0.9342388209999999,0.9672895229999999,0.689711605,0.502509298,0.021006841000000002,0.013058914
cur_2_60,14,0.457980844,0.85139877,0.9223842240000001,0.9611450990000001,0.650277705,0.457980844,0.021006841000000002,0.013058914
cur_2_70,14,0.414132961,0.8273815659999999,0.908608295,0.95390499,0.608694595,0.414132961,0.021006841000000002,0.013058914
cur_3,14,0.525159375,0.8823433620000001,0.939595605,0.9700403940000001,0.7087780340000001,0.525159375,0.018025407,0.01007748
cur_3_60,14,0.480562626,0.8625104659999999,0.928632895,0.96439368,0.670610025,0.480562626,0.018025407,0.01007748
cur_3_70,14,0.43629302,0.839951558,0.9158648709999999,0.957732282,0.630069179,0.43629302,0.018025407,0.01007748
recover,0,0.928544455,0.9880689009999999,0.9942120999999999,0.997211005,0.96412741,0.928544455,0.0025809789999999997,0.0025809789999999997
recover_60,0,0.9033341029999999,0.9830993690000001,0.991780042,0.996034051,0.949693507,0.9033341029999999,0.0025809789999999997,0.0025809789999999997
recover_70,0,0.7926647040000001,0.9589387909999999,0.979773749,0.990179754,0.883439185,0.7926647040000001,0.0025809789999999997,0.0025809789999999997
