name,effectDays,infectReduct,reduceHosp,reduceIcu,reduceMort,reduceSympt,riskReduct,waneRate,waneRateOut
cur_2,14,0.58981447,0.905979412,0.957101077,0.978920765,0.708228565,0.58981447,0.019451625,0.020398362
cur_2_60,14,0.54208776,0.888057853,0.948368647,0.97451163,0.6664890529999999,0.54208776,0.019451625,0.020398362
cur_2_70,14,0.49360227700000003,0.8672330090000001,0.93797999,0.969212393,0.621990474,0.49360227700000003,0.019451625,0.020398362
cur_3,14,0.576940651,0.901369193,0.954872705,0.97779952,0.697163014,0.576940651,0.021193155,0.022139891000000002
cur_3_60,14,0.528912416,0.8826826590000001,0.945712399,0.973162284,0.654612503,0.528912416,0.021193155,0.022139891000000002
cur_3_70,14,0.480369141,0.861014355,0.934826012,0.9675918370000001,0.60945784,0.480369141,0.021193155,0.022139891000000002
recover,0,0.864785048,0.9010483429999999,0.93559187,0.958215495,0.906784818,0.864785048,0.0055075969999999995,0.0055075969999999995
recover_60,0,0.7562622990000001,0.815418125,0.875732031,0.917528247,0.825155517,0.7562622990000001,0.0055075969999999995,0.0055075969999999995
recover_70,0,0.7562622990000001,0.815418125,0.875732031,0.917528247,0.825155517,0.7562622990000001,0.0055075969999999995,0.0055075969999999995
