name,effectDays,infectReduct,reduceHosp,reduceIcu,reduceMort,reduceSympt,riskReduct,waneRate,waneRateOut
cur_2,14,0.549135424,0.890709897,0.9503243029999999,0.975502639,0.665457906,0.549135424,0.020261343,0.014439434
cur_2_60,14,0.5199025629999999,0.878733089,0.9444732109999999,0.972531478,0.63880631,0.5199025629999999,0.020261343,0.014439434
cur_2_70,14,0.490527779,0.86563943,0.937976758,0.969210735,0.611267016,0.490527779,0.020261343,0.014439434
cur_3,14,0.561603116,0.895529052,0.952654485,0.97668074,0.676603297,0.561603116,0.018601309,0.0127794
cur_3_60,14,0.532490414,0.8840115909999999,0.947062567,0.9738486340000001,0.6503731079999999,0.532490414,0.018601309,0.0127794
cur_3_70,14,0.503149781,0.8714044670000001,0.9408500870000001,0.9706823259999999,0.623195525,0.503149781,0.018601309,0.0127794
recover,0,0.9212384240000001,0.9879116459999999,0.9948141659999999,0.997501904,0.952259181,0.9212384240000001,0.005174163,0.005174163
recover_60,0,0.846072121,0.982877749,0.99263322,0.996447272,0.9333798809999999,0.846072121,0.005174163,0.005174163
recover_70,0,0.615379469,0.9584137540000001,0.981850296,0.991197557,0.8490551759999999,0.615379469,0.005174163,0.005174163
