name,effectDays,infectReduct,reduceHosp,reduceIcu,reduceMort,reduceSympt,riskReduct,waneRate,waneRateOut
cur_2,14,0.440967751,0.84367981,0.911437466,0.95540076,0.680117306,0.440967751,0.020297935,0.012256893
cur_2_60,14,0.412690115,0.827818739,0.9016500009999999,0.950206453,0.654457443,0.412690115,0.020297935,0.012256893
cur_2_70,14,0.384971588,0.8107058490000001,0.890908093,0.94444115,0.62786008,0.384971588,0.020297935,0.012256893
cur_3,14,0.48222603799999997,0.86435897,0.923961013,0.961966917,0.7151277859999999,0.48222603799999997,0.014836798,0.006795755
cur_3_60,14,0.453448705,0.850223625,0.915429162,0.95750333,0.691000385,0.453448705,0.014836798,0.006795755
cur_3_70,14,0.424973495,0.8348934000000001,0.906035392,0.952540692,0.665779377,0.424973495,0.014836798,0.006795755
recover,0,0.853102598,0.9198529959999999,0.916116155,0.9152679020000001,0.8990124420000001,0.853102598,0.0053487,0.0053487
recover_60,0,0.734949361,0.8456766040000001,0.839086305,0.837597193,0.809541673,0.734949361,0.0053487,0.0053487
recover_70,0,0.734949361,0.8456766040000001,0.839086305,0.837597193,0.809541673,0.734949361,0.0053487,0.0053487
