name,effectDays,infectReduct,reduceHosp,reduceIcu,reduceMort,reduceSympt,riskReduct,waneRate,waneRateOut
cur_2,14,0.444926019,0.8460875390000001,0.91116459,0.9552566929999999,0.6948264129999999,0.444926019,0.022067617999999997,0.008774401
cur_2_60,14,0.41384766,0.8288289459999999,0.900343745,0.9495089959999999,0.667276546,0.41384766,0.022067617999999997,0.008774401
cur_2_70,14,0.38343942,0.810068798,0.8883658520000001,0.943066703,0.638532339,0.38343942,0.022067617999999997,0.008774401
cur_3,14,0.45844838299999996,0.8530645109999999,0.9154862359999999,0.957533327,0.7062798290000001,0.45844838299999996,0.020272461000000002,0.006979244
cur_3_60,14,0.427152345,0.836437022,0.905136996,0.9520634090000001,0.6792866790000001,0.427152345,0.020272461000000002,0.006979244
cur_3_70,14,0.396427682,0.818327942,0.8936671740000001,0.9459284809999999,0.651037426,0.396427682,0.020272461000000002,0.006979244
recover,0,0.885481717,0.9284173090000001,0.9511191090000001,0.9601865470000001,0.9006828159999999,0.885481717,0.006269350999999999,0.006269350999999999
recover_60,0,0.748147155,0.8328532679999999,0.88201069,0.902584774,0.776986721,0.748147155,0.006269350999999999,0.006269350999999999
recover_70,0,0.748147155,0.8328532679999999,0.88201069,0.902584774,0.776986721,0.748147155,0.006269350999999999,0.006269350999999999
