name,effectDays,infectReduct,reduceHosp,reduceIcu,reduceMort,reduceSympt,riskReduct,waneRate,waneRateOut
cur_2,14,0.44173023100000003,0.843484208,0.914708475,0.957124393,0.658016893,0.44173023100000003,0.022585723,0.012815918999999999
cur_2_60,14,0.39816376200000003,0.8183792609999999,0.899668915,0.949148288,0.61668239,0.39816376200000003,0.022585723,0.012815918999999999
cur_2_70,14,0.356171319,0.790262164,0.882326927,0.93978629,0.5736090429999999,0.356171319,0.022585723,0.012815918999999999
cur_3,14,0.48913669,0.8670434990000001,0.928456188,0.9643021140000001,0.699549203,0.48913669,0.016316696999999998,0.006546893000000001
cur_3_60,14,0.44461838299999995,0.845023125,0.915617149,0.957602125,0.660645719,0.44461838299999995,0.016316696999999998,0.006546893000000001
cur_3_70,14,0.400990925,0.820124211,0.9007276009999999,0.9497140540000001,0.619464107,0.400990925,0.016316696999999998,0.006546893000000001
recover,0,0.8638838459999999,0.9137718429999999,0.934091564,0.9554949290000001,0.8764924140000001,0.8638838459999999,0.005169084,0.005169084
recover_60,0,0.772592277,0.8501351340000001,0.88353964,0.919952623,0.7916174440000001,0.772592277,0.005169084,0.005169084
recover_70,0,0.772592277,0.8501351340000001,0.88353964,0.919952623,0.7916174440000001,0.772592277,0.005169084,0.005169084
