name,effectDays,infectReduct,reduceHosp,reduceIcu,reduceMort,reduceSympt,riskReduct,waneRate,waneRateOut
cur_2,14,0.531466036,0.884761548,0.9418451040000001,0.971190872,0.70561276,0.531466036,0.020273131,0.014935002
cur_2_60,14,0.516335775,0.878430466,0.938431901,0.9694441420000001,0.6928561529999999,0.516335775,0.020273131,0.014935002
cur_2_70,14,0.501147311,0.871789354,0.9348253609999999,0.967591502,0.679773065,0.501147311,0.020273131,0.014935002
cur_3,14,0.509984723,0.8756894009999999,0.936946597,0.9686820270000001,0.687419791,0.509984723,0.023103372,0.017765243
cur_3_60,14,0.494820153,0.868933739,0.933266264,0.9667883840000001,0.674238792,0.494820153,0.023103372,0.017765243
cur_3_70,14,0.47963695799999995,0.861855424,0.929379902,0.964780572,0.6607509739999999,0.47963695799999995,0.023103372,0.017765243
recover,0,0.835404134,0.888277215,0.91215232,0.9289594090000001,0.8679097790000001,0.835404134,0.00468282,0.00468282
recover_60,0,0.691955155,0.778701712,0.8212817859999999,0.852666148,0.7441128029999999,0.691955155,0.00468282,0.00468282
recover_70,0,0.691955155,0.778701712,0.8212817859999999,0.852666148,0.7441128029999999,0.691955155,0.00468282,0.00468282
