name,effectDays,infectReduct,reduceHosp,reduceIcu,reduceMort,reduceSympt,riskReduct,waneRate,waneRateOut
cur_2,14,0.649097246,0.9248446509999999,0.9682576909999999,0.984494718,0.725958359,0.649097246,0.020988872000000002,0.020460786
cur_2_60,14,0.6342412129999999,0.920228107,0.9662104359999999,0.983476817,0.7129171679999999,0.6342412129999999,0.020988872000000002,0.020460786
cur_2_70,14,0.619100206,0.9153456990000001,0.9640323590000001,0.9823914490000001,0.6994898979999999,0.619100206,0.020988872000000002,0.020460786
cur_3,14,0.640526154,0.922201644,0.9670870690000001,0.983912951,0.7184503320000001,0.640526154,0.022219278999999998,0.021691192999999998
cur_3_60,14,0.6255166,0.917437242,0.964967045,0.982857523,0.705196939,0.6255166,0.022219278999999998,0.021691192999999998
cur_3_70,14,0.610236377,0.91240028,0.9627119129999999,0.98173223,0.691564803,0.610236377,0.022219278999999998,0.021691192999999998
recover,0,0.9214891909999999,0.987841706,0.995059275,0.9976202809999999,0.9459180290000001,0.9214891909999999,0.004251458,0.004251458
recover_60,0,0.834822763,0.9827791929999999,0.9929806840000001,0.996615455,0.924729309,0.834822763,0.004251458,0.004251458
recover_70,0,0.578387374,0.9581803740000001,0.982697487,0.991612165,0.831432574,0.578387374,0.004251458,0.004251458
