name,effectDays,infectReduct,reduceHosp,reduceIcu,reduceMort,reduceSympt,riskReduct,waneRate,waneRateOut
cur_2,14,0.416417295,0.830425898,0.900758123,0.949730355,0.673170319,0.416417295,0.020646676,0.012477523999999999
cur_2_60,14,0.388510645,0.813447703,0.889888043,0.943890129,0.647137544,0.388510645,0.020646676,0.012477523999999999
cur_2_70,14,0.36131112200000004,0.7951852140000001,0.8779862270000001,0.937414796,0.620195822,0.36131112200000004,0.020646676,0.012477523999999999
cur_3,14,0.485585731,0.866281601,0.923119182,0.961528332,0.73152713,0.485585731,0.011446942,0.00327779
cur_3_60,14,0.45667102200000004,0.852254662,0.914465761,0.9569967079999999,0.7081272259999999,0.45667102200000004,0.011446942,0.00327779
cur_3_70,14,0.428039911,0.837030061,0.9049367190000001,0.951956945,0.6835651779999999,0.428039911,0.011446942,0.00327779
recover,0,0.856549318,0.9069146690000001,0.926335708,0.9324834320000001,0.864008551,0.856549318,0.005064408,0.005064408
recover_60,0,0.694862758,0.787941868,0.827462708,0.840440662,0.70786198,0.694862758,0.005064408,0.005064408
recover_70,0,0.694862758,0.787941868,0.827462708,0.840440662,0.70786198,0.694862758,0.005064408,0.005064408
