name,effectDays,infectReduct,reduceHosp,reduceIcu,reduceMort,reduceSympt,riskReduct,waneRate,waneRateOut
cur_2,14,0.399147074,0.82041289,0.892574898,0.945340211,0.667411423,0.399147074,0.021033088,0.012076265
cur_2_60,14,0.369253334,0.801030302,0.879839952,0.938428954,0.638786098,0.369253334,0.021033088,0.012076265
cur_2_70,14,0.34032909299999997,0.7801154990000001,0.865821616,0.930707525,0.60913857,0.34032909299999997,0.021033088,0.012076265
cur_3,14,0.42407583,0.8350850740000001,0.9020553240000001,0.950422667,0.689858311,0.42407583,0.017648216,0.008691394
cur_3_60,14,0.393537905,0.816932682,0.890306136,0.9441160540000001,0.662187079,0.393537905,0.017648216,0.008691394
cur_3_70,14,0.36380861299999995,0.797266402,0.8773385990000001,0.937059992,0.63335783,0.36380861299999995,0.017648216,0.008691394
recover,0,0.932056372,0.9882337440000001,0.993496258,0.996864895,0.97361028,0.932056372,0.009251815,0.009251815
recover_60,0,0.855928983,0.9833317140000001,0.9907661990000001,0.995542536,0.962844916,0.855928983,0.009251815,0.009251815
recover_70,0,0.618317731,0.959489602,0.977312935,0.988970729,0.9123119140000001,0.618317731,0.009251815,0.009251815
