name,effectDays,infectReduct,reduceHosp,reduceIcu,reduceMort,reduceSympt,riskReduct,waneRate,waneRateOut
cur_2,14,0.41093439600000004,0.827269279,0.8984505890000001,0.948496397,0.6699379639999999,0.41093439600000004,0.020766438999999998,0.00949461
cur_2_60,14,0.339981708,0.779563529,0.8672494059999999,0.931499491,0.599800215,0.339981708,0.020766438999999998,0.00949461
cur_2_70,14,0.275605728,0.723149009,0.8283339959999999,0.909452294,0.525389138,0.275605728,0.020766438999999998,0.00949461
cur_3,14,0.45706333200000004,0.8524980670000001,0.914359027,0.956940547,0.7100934090000001,0.45706333200000004,0.014587811000000001,0.0033159820000000003
cur_3_60,14,0.383328895,0.810161193,0.88743333,0.9425615740000001,0.643953688,0.383328895,0.014587811000000001,0.0033159820000000003
cur_3_70,14,0.314658089,0.7591580609999999,0.853434824,0.9237834429999999,0.5718926289999999,0.314658089,0.014587811000000001,0.0033159820000000003
recover,0,0.8524121090000001,0.89992052,0.926552067,0.9463185140000001,0.89283374,0.8524121090000001,0.005443183000000001,0.005443183000000001
recover_60,0,0.703471909,0.786940559,0.838232208,0.8786545920000001,0.773863845,0.703471909,0.005443183000000001,0.005443183000000001
recover_70,0,0.703471909,0.786940559,0.838232208,0.8786545920000001,0.773863845,0.703471909,0.005443183000000001,0.005443183000000001
