name,effectDays,infectReduct,reduceHosp,reduceIcu,reduceMort,reduceSympt,riskReduct,waneRate,waneRateOut
cur_2,14,0.48805338600000003,0.865489046,0.9330533190000001,0.966678587,0.653952499,0.48805338600000003,0.021796647000000002,0.01398357
cur_2_60,14,0.471808802,0.857729684,0.928871142,0.964517107,0.639079167,0.471808802,0.021796647000000002,0.01398357
cur_2_70,14,0.45559752,0.8495870109999999,0.924441485,0.9622170590000001,0.62390942,0.45559752,0.021796647000000002,0.01398357
cur_3,14,0.575248364,0.901387917,0.951922012,0.976310729,0.728604025,0.575248364,0.010253869,0.0024407920000000002
cur_3_60,14,0.559272069,0.89544925,0.948853954,0.9747577479999999,0.715543597,0.559272069,0.010253869,0.0024407920000000002
cur_3_70,14,0.543145874,0.889186503,0.945595869,0.973103,0.702089546,0.543145874,0.010253869,0.0024407920000000002
recover,0,0.847858048,0.907004485,0.918027835,0.942101376,0.822503102,0.847858048,0.004289001,0.004289001
recover_60,0,0.7367007520000001,0.8304172740000001,0.849007685,0.8909430779999999,0.699389087,0.7367007520000001,0.004289001,0.004289001
recover_70,0,0.7367007520000001,0.8304172740000001,0.849007685,0.8909430779999999,0.699389087,0.7367007520000001,0.004289001,0.004289001
