name,effectDays,infectReduct,reduceHosp,reduceIcu,reduceMort,reduceSympt,riskReduct,waneRate,waneRateOut
cur_2,14,0.46695069200000006,0.856047722,0.9242624420000001,0.9621238609999999,0.664215482,0.46695069200000006,0.020035525,0.012340553999999998
cur_2_60,14,0.432882046,0.8382321090000001,0.914041401,0.9567733820000001,0.632841231,0.432882046,0.020035525,0.012340553999999998
cur_2_70,14,0.399439541,0.818680561,0.902587512,0.950706409,0.600302656,0.399439541,0.020035525,0.012340553999999998
cur_3,14,0.508652373,0.875430011,0.9351557640000001,0.967761525,0.700386745,0.508652373,0.014545009,0.006850038
cur_3_60,14,0.47424809999999995,0.859619797,0.9262875709999999,0.963176956,0.670716709,0.47424809999999995,0.014545009,0.006850038
cur_3_70,14,0.440089781,0.842166472,0.916316073,0.95796926,0.6396233020000001,0.440089781,0.014545009,0.006850038
recover,0,0.9281046740000001,0.988082407,0.9941568679999999,0.9971843090000001,0.9650088840000001,0.9281046740000001,0.0021421,0.0021421
recover_60,0,0.8771190640000001,0.983118405,0.991701795,0.995996135,0.950911597,0.8771190640000001,0.0021421,0.0021421
recover_70,0,0.702957609,0.958983905,0.979583565,0.990086426,0.886069063,0.702957609,0.0021421,0.0021421
