name,effectDays,infectReduct,reduceHosp,reduceIcu,reduceMort,reduceSympt,riskReduct,waneRate,waneRateOut
cur_2,14,0.535625931,0.886306025,0.94341488,0.971992073,0.702166623,0.535625931,0.022141563,0.015371788999999999
cur_2_60,14,0.49990192899999997,0.871065649,0.9352707090000001,0.967820661,0.671394432,0.49990192899999997,0.022141563,0.015371788999999999
cur_2_70,14,0.464184341,0.854121309,0.926047741,0.963052362,0.639082119,0.464184341,0.022141563,0.015371788999999999
cur_3,14,0.546817569,0.890769633,0.94577358,0.9731934059999999,0.7115063770000001,0.546817569,0.02065965,0.013889876
cur_3_60,14,0.511168786,0.876043912,0.937946561,0.969195246,0.681261129,0.511168786,0.02065965,0.013889876
cur_3_70,14,0.475411459,0.859648392,0.92907595,0.964623186,0.649412402,0.475411459,0.02065965,0.013889876
recover,0,0.864678391,0.9080808029999999,0.926801827,0.952274605,0.871027085,0.864678391,0.005265579,0.005265579
recover_60,0,0.7722089459999999,0.839773861,0.8704216790000001,0.91368739,0.781801154,0.7722089459999999,0.005265579,0.005265579
recover_70,0,0.7722089459999999,0.839773861,0.8704216790000001,0.91368739,0.781801154,0.7722089459999999,0.005265579,0.005265579
