name,effectDays,infectReduct,reduceHosp,reduceIcu,reduceMort,reduceSympt,riskReduct,waneRate,waneRateOut
cur_2,14,0.530782522,0.8837907859999999,0.944703812,0.972648928,0.672548884,0.530782522,0.021332815,0.017033364
cur_2_60,14,0.493205615,0.867422985,0.9362970709999999,0.96834837,0.638594898,0.493205615,0.021332815,0.017033364
cur_2_70,14,0.45571367799999996,0.849147645,0.9267136840000001,0.963398248,0.603205468,0.45571367799999996,0.021332815,0.017033364
cur_3,14,0.5363738220000001,0.886078405,0.945865785,0.9732403070000001,0.6774773559999999,0.5363738220000001,0.020594182,0.016294731
cur_3_60,14,0.49882188899999996,0.8699854109999999,0.937624035,0.9690297729999999,0.643763723,0.49882188899999996,0.020594182,0.016294731
cur_3_70,14,0.46129162,0.8520030270000001,0.928224972,0.964182276,0.6085701920000001,0.46129162,0.020594182,0.016294731
recover,0,0.905089818,0.987967733,0.994607812,0.997402221,0.9568500679999999,0.905089818,0.00330694,0.00330694
recover_60,0,0.886418857,0.98295679,0.99234075,0.996305661,0.9396712359999999,0.886418857,0.00330694,0.00330694
recover_70,0,0.779770113,0.958600969,0.981137868,0.990848616,0.8621336079999999,0.779770113,0.00330694,0.00330694
