name,effectDays,infectReduct,reduceHosp,reduceIcu,reduceMort,reduceSympt,riskReduct,waneRate,waneRateOut
cur_2,14,0.41491098,0.8290228759999999,0.902959567,0.950904677,0.653045874,0.41491098,0.021363686,0.014139918999999999
cur_2_60,14,0.375213445,0.8041604259999999,0.8873880999999999,0.9425370609999999,0.6144933810000001,0.375213445,0.021363686,0.014139918999999999
cur_2_70,14,0.33713885899999996,0.77666693,0.869685334,0.9328477409999999,0.574463097,0.33713885899999996,0.021363686,0.014139918999999999
cur_3,14,0.47808026,0.862318637,0.923191038,0.961565784,0.708563932,0.47808026,0.012948405,0.0057246369999999994
cur_3_60,14,0.43685145799999997,0.84137143,0.9105443679999999,0.954929081,0.673092303,0.43685145799999997,0.012948405,0.0057246369999999994
cur_3_70,14,0.396491429,0.817919075,0.8960554059999999,0.94721226,0.635537864,0.396491429,0.012948405,0.0057246369999999994
recover,0,0.9353113120000001,0.9881667,0.99379864,0.997011128,0.970074755,0.9353113120000001,0.005451266999999999,0.005451266999999999
recover_60,0,0.890387629,0.983237213,0.991194385,0.995750186,0.957929439,0.890387629,0.005451266999999999,0.005451266999999999
recover_70,0,0.731733903,0.959265528,0.97835134,0.98948129,0.90139575,0.731733903,0.005451266999999999,0.005451266999999999
