name,effectDays,infectReduct,reduceHosp,reduceIcu,reduceMort,reduceSympt,riskReduct,waneRate,waneRateOut
cur_2,14,0.464597727,0.8562160120000001,0.916985635,0.9583207109999999,0.7142645740000001,0.464597727,0.022293982,0.013225525
cur_2_60,14,0.423759138,0.834615288,0.903485263,0.9511846820000001,0.6793253429999999,0.423759138,0.022293982,0.013225525
cur_2_70,14,0.38394987700000005,0.810496685,0.88806318,0.9429028079999999,0.642267017,0.38394987700000005,0.022293982,0.013225525
cur_3,14,0.431025046,0.8386729070000001,0.906043412,0.9525449509999999,0.685758425,0.431025046,0.026759421000000002,0.017690964
cur_3_60,14,0.390982481,0.815006103,0.890975113,0.9444773320000001,0.649046201,0.390982481,0.026759421000000002,0.017690964
cur_3_70,14,0.352369476,0.788751636,0.873833182,0.9351351090000001,0.610495026,0.352369476,0.026759421000000002,0.017690964
recover,0,0.9219123859999999,0.988209177,0.99360892,0.996919384,0.972362348,0.9219123859999999,0.005998601,0.005998601
recover_60,0,0.818594543,0.983297086,0.990925721,0.995619907,0.9611082409999999,0.818594543,0.005998601,0.005998601
recover_70,0,0.5268348660000001,0.959407487,0.977699643,0.98916093,0.908437875,0.5268348660000001,0.005998601,0.005998601
