name,effectDays,infectReduct,reduceHosp,reduceIcu,reduceMort,reduceSympt,riskReduct,waneRate,waneRateOut
cur_2,14,0.369853295,0.803174678,0.870159758,0.933109902,0.693959135,0.369853295,0.02191855,0.006782319
cur_2_60,14,0.322260938,0.76775914,0.84446303,0.91870776,0.647516372,0.322260938,0.02191855,0.006782319
cur_2_70,14,0.278116523,0.7281542790000001,0.81478315,0.90154361,0.598139047,0.278116523,0.02191855,0.006782319
cur_3,14,0.370980534,0.803937682,0.870704893,0.933410965,0.694984735,0.370980534,0.021759637000000002,0.006623405
cur_3_60,14,0.323317549,0.768619883,0.8450968459999999,0.919068023,0.6486188039999999,0.323317549,0.021759637000000002,0.006623405
cur_3_70,14,0.279087998,0.729110017,0.81551149,0.901971823,0.599300344,0.279087998,0.021759637000000002,0.006623405
recover,0,0.8988823459999999,0.988360208,0.992880227,0.996566837,0.979246257,0.8988823459999999,0.004299222,0.004299222
recover_60,0,0.8350884559999999,0.983509987,0.9898942079999999,0.995119375,0.970710856,0.8350884559999999,0.004299222,0.004299222
recover_70,0,0.632262949,0.9599124790000001,0.975202287,0.987931248,0.9300993120000001,0.632262949,0.004299222,0.004299222
