name,effectDays,infectReduct,reduceHosp,reduceIcu,reduceMort,reduceSympt,riskReduct,waneRate,waneRateOut
cur_2,14,0.419567618,0.8319371809999999,0.9035047079999999,0.951195036,0.665182304,0.419567618,0.021987197000000003,0.012705731000000001
cur_2_60,14,0.372441465,0.802534451,0.8848903570000001,0.9411814490000001,0.619933623,0.372441465,0.021987197000000003,0.012705731000000001
cur_2_70,14,0.327645048,0.76943296,0.863241768,0.929273329,0.572526815,0.327645048,0.021987197000000003,0.012705731000000001
cur_3,14,0.447433322,0.847214785,0.912957207,0.9562023390000001,0.6899695570000001,0.447433322,0.018255623000000002,0.008974157
cur_3_60,14,0.399330605,0.819906283,0.895956304,0.947159055,0.646289446,0.399330605,0.018255623000000002,0.008974157
cur_3_70,14,0.353119849,0.788951052,0.876097475,0.936379327,0.600049183,0.353119849,0.018255623000000002,0.008974157
recover,0,0.9095666640000001,0.988184808,0.99371854,0.996972396,0.9710705620000001,0.9095666640000001,0.008311789,0.008311789
recover_60,0,0.8647066370000001,0.9832627359999999,0.99108095,0.995695184,0.9593124479999999,0.8647066370000001,0.008311789,0.008311789
recover_70,0,0.703123519,0.95932604,0.9780761170000001,0.989346023,0.9044518509999999,0.703123519,0.008311789,0.008311789
