name,effectDays,infectReduct,reduceHosp,reduceIcu,reduceMort,reduceSympt,riskReduct,waneRate,waneRateOut
cur_2,14,0.5891016579999999,0.9052793109999999,0.95874429,0.979745877,0.682614176,0.5891016579999999,0.020744402,0.019261858
cur_2_60,14,0.551858791,0.891411629,0.952291689,0.9764975090000001,0.6487940560000001,0.551858791,0.020744402,0.019261858
cur_2_70,14,0.514034074,0.875796152,0.9448897740000001,0.972743622,0.613419705,0.514034074,0.020744402,0.019261858
cur_3,14,0.628896302,0.9186797870000001,0.9648743679999999,0.982811331,0.717692355,0.628896302,0.015246366,0.013763822
cur_3_60,14,0.592766962,0.906571538,0.9593398809999999,0.9800445879999999,0.6858900990000001,0.592766962,0.015246366,0.013763822
cur_3_70,14,0.55561467,0.8928741309999999,0.952977493,0.9768438159999999,0.652249459,0.55561467,0.015246366,0.013763822
recover,0,0.9120613390000001,0.98786646,0.994974028,0.9975791140000001,0.948244153,0.9120613390000001,0.005721464,0.005721464
recover_60,0,0.8659750759999999,0.982814075,0.992859831,0.996556965,0.927897315,0.8659750759999999,0.005721464,0.005721464
recover_70,0,0.702083784,0.958262965,0.982402723,0.991467952,0.837838682,0.702083784,0.005721464,0.005721464
