name,effectDays,infectReduct,reduceHosp,reduceIcu,reduceMort,reduceSympt,riskReduct,waneRate,waneRateOut
cur_2,14,0.47857419700000003,0.8613849490000001,0.928928124,0.9645466229999999,0.66137254,0.47857419700000003,0.020381078,0.012737688
cur_2_60,14,0.45084053,0.847525216,0.921204067,0.960529085,0.635965867,0.45084053,0.020381078,0.012737688
cur_2_70,14,0.423401698,0.832544925,0.9127170609999999,0.956075764,0.609770582,0.423401698,0.020381078,0.012737688
cur_3,14,0.542391615,0.889197602,0.9440684420000001,0.9723252490000001,0.7160896729999999,0.542391615,0.011973508,0.004330119
cur_3_60,14,0.5146096029999999,0.8777240209999999,0.937879792,0.969160995,0.6928819629999999,0.5146096029999999,0.011973508,0.004330119
cur_3_70,14,0.48672956,0.8652389290000001,0.93105448,0.96564674,0.668648379,0.48672956,0.011973508,0.004330119
recover,0,0.8265924179999999,0.871444015,0.9091195790000001,0.922466495,0.868586833,0.8265924179999999,0.004607789,0.004607789
recover_60,0,0.6977777009999999,0.766536744,0.8289214859999999,0.8521307690000001,0.7619847959999999,0.6977777009999999,0.004607789,0.004607789
recover_70,0,0.6977777009999999,0.766536744,0.8289214859999999,0.8521307690000001,0.7619847959999999,0.6977777009999999,0.004607789,0.004607789
