name,effectDays,infectReduct,reduceHosp,reduceIcu,reduceMort,reduceSympt,riskReduct,waneRate,waneRateOut
cur_2,14,0.422906172,0.834073305,0.903491103,0.951187792,0.6764630229999999,0.422906172,0.021342742,0.010394051999999999
cur_2_60,14,0.39197670799999995,0.815570254,0.891724162,0.944881537,0.6478057779999999,0.39197670799999995,0.021342742,0.010394051999999999
cur_2_70,14,0.361890159,0.7955092990000001,0.878714833,0.937813659,0.6180428139999999,0.361890159,0.021342742,0.010394051999999999
cur_3,14,0.44703594700000004,0.847221854,0.911720987,0.9555504029999999,0.69757251,0.44703594700000004,0.018114231,0.007165541
cur_3_60,14,0.415612676,0.8298859940000001,0.900847361,0.949778013,0.66987255,0.415612676,0.018114231,0.007165541
cur_3_70,14,0.38486026,0.811021387,0.888797488,0.943300336,0.640940784,0.38486026,0.018114231,0.007165541
recover,0,0.8532736340000001,0.9101876990000001,0.938133056,0.93790746,0.871298492,0.8532736340000001,0.005047707,0.005047707
recover_60,0,0.7287713809999999,0.824018775,0.8750965159999999,0.874671768,0.757748647,0.7287713809999999,0.005047707,0.005047707
recover_70,0,0.7287713809999999,0.824018775,0.8750965159999999,0.874671768,0.757748647,0.7287713809999999,0.005047707,0.005047707
