name,effectDays,infectReduct,reduceHosp,reduceIcu,reduceMort,reduceSympt,riskReduct,waneRate,waneRateOut
cur_2,14,0.46587723,0.8558383479999999,0.922414525,0.961160905,0.676266739,0.46587723,0.019934115,0.01523586
cur_2_60,14,0.391731124,0.814241342,0.897732181,0.948111589,0.606668545,0.391731124,0.019934115,0.01523586
cur_2_70,14,0.322327512,0.7640032240000001,0.866368241,0.931010876,0.532522837,0.322327512,0.019934115,0.01523586
cur_3,14,0.525835211,0.883013587,0.937949702,0.969196857,0.726473642,0.525835211,0.012039216,0.007340961
cur_3_60,14,0.45018957,0.847863956,0.9177689929999999,0.9587315679999999,0.662278924,0.45018957,0.012039216,0.007340961
cur_3_70,14,0.376845444,0.804536142,0.891809465,0.944927548,0.591558485,0.376845444,0.012039216,0.007340961
recover,0,0.922939814,0.991801198,0.995889137,0.9980208420000001,0.977046326,0.922939814,0.0019776060000000002,0.0019776060000000002
recover_60,0,0.854746936,0.990595406,0.9952816940000001,0.997727673,0.973728025,0.854746936,0.0019776060000000002,0.0019776060000000002
recover_70,0,0.6396415,0.980475478,0.9901543840000001,0.9952456740000001,0.946439127,0.6396415,0.0019776060000000002,0.0019776060000000002
