name,effectDays,infectReduct,reduceHosp,reduceIcu,reduceMort,reduceSympt,riskReduct,waneRate,waneRateOut
cur_2,14,0.57440974,0.900286162,0.95505861,0.977893164,0.686502267,0.57440974,0.020581209,0.016305179
cur_2_60,14,0.561020891,0.895280207,0.95265781,0.9766824190000001,0.67464238,0.561020891,0.020581209,0.016305179
cur_2_70,14,0.547512208,0.8900416170000001,0.950129639,0.975404088,0.662526921,0.547512208,0.020581209,0.016305179
cur_3,14,0.586795961,0.90476071,0.957192174,0.978966546,0.697345085,0.586795961,0.018908779,0.01463275
cur_3_60,14,0.573507454,0.8999544290000001,0.9548999690000001,0.977813255,0.6857075970000001,0.573507454,0.018908779,0.01463275
cur_3_70,14,0.560081715,0.894922222,0.9524855609999999,0.976595433,0.673804953,0.560081715,0.018908779,0.01463275
recover,0,0.9512989959999999,0.987908151,0.994826729,0.9975079720000001,0.951959008,0.9512989959999999,0.010504128,0.010504128
recover_60,0,0.907843988,0.982872825,0.9926510270000001,0.9964558929999999,0.93296936,0.907843988,0.010504128,0.010504128
recover_70,0,0.7521213370000001,0.95840209,0.981893695,0.991218805,0.84820954,0.7521213370000001,0.010504128,0.010504128
