name,effectDays,infectReduct,reduceHosp,reduceIcu,reduceMort,reduceSympt,riskReduct,waneRate,waneRateOut
cur_2,14,0.49334880600000003,0.8677803059999999,0.935058772,0.96771162,0.6517962970000001,0.49334880600000003,0.020801398999999998,0.016856017
cur_2_60,14,0.448953074,0.8459494009999999,0.923355145,0.9616513059999999,0.610318014,0.448953074,0.020801398999999998,0.016856017
cur_2_70,14,0.405375156,0.821268041,0.909752387,0.954510422,0.567199209,0.405375156,0.020801398999999998,0.016856017
cur_3,14,0.557105388,0.894495156,0.9489793040000001,0.9748212959999999,0.707437993,0.557105388,0.01238401,0.008438628
cur_3_60,14,0.512779048,0.876447145,0.9396224259999999,0.970054128,0.6692241489999999,0.512779048,0.01238401,0.008438628
cur_3_70,14,0.468270491,0.8558192179999999,0.928683762,0.964420035,0.628657541,0.468270491,0.01238401,0.008438628
recover,0,0.874706677,0.9158751209999999,0.92929656,0.9398033020000001,0.891410826,0.874706677,0.005606853,0.005606853
recover_60,0,0.7696867759999999,0.8390113090000001,0.8628595179999999,0.881985226,0.79714515,0.7696867759999999,0.005606853,0.005606853
recover_70,0,0.7696867759999999,0.8390113090000001,0.8628595179999999,0.881985226,0.79714515,0.7696867759999999,0.005606853,0.005606853
