name,effectDays,infectReduct,reduceHosp,reduceIcu,reduceMort,reduceSympt,riskReduct,waneRate,waneRateOut
cur_2,14,0.46764305799999994,0.85652054,0.923837256,0.961902466,0.670132766,0.46764305799999994,0.020881131,0.01189604
cur_2_60,14,0.444086804,0.844448016,0.916879165,0.9582648420000001,0.64880769,0.444086804,0.020881131,0.01189604
cur_2_70,14,0.420765406,0.831551503,0.909343089,0.9542939159999999,0.626858324,0.420765406,0.020881131,0.01189604
cur_3,14,0.498173504,0.870905558,0.932008953,0.966139739,0.696585034,0.498173504,0.016860215,0.007875123000000001
cur_3_60,14,0.47444996700000003,0.8598453490000001,0.925737402,0.9628910890000001,0.6761435990000001,0.47444996700000003,0.016860215,0.007875123000000001
cur_3_70,14,0.45082714799999996,0.8479956120000001,0.918933442,0.959341655,0.654994224,0.45082714799999996,0.016860215,0.007875123000000001
recover,0,0.830364448,0.8845373059999999,0.9265562709999999,0.93212084,0.8575495909999999,0.830364448,0.0047361370000000005,0.0047361370000000005
recover_60,0,0.7163244240000001,0.798058968,0.866810195,0.876297152,0.756424289,0.7163244240000001,0.0047361370000000005,0.0047361370000000005
recover_70,0,0.7163244240000001,0.798058968,0.866810195,0.876297152,0.756424289,0.7163244240000001,0.0047361370000000005,0.0047361370000000005
