name,effectDays,infectReduct,reduceHosp,reduceIcu,reduceMort,reduceSympt,riskReduct,waneRate,waneRateOut
cur_2,14,0.545721424,0.890022677,0.946916357,0.973774357,0.6954194220000001,0.545721424,0.021932804,0.021548125
cur_2_60,14,0.524949614,0.881577705,0.942558195,0.971554995,0.6774467820000001,0.524949614,0.021932804,0.021548125
cur_2_70,14,0.5040722329999999,0.872568703,0.937861307,0.969151511,0.658916779,0.5040722329999999,0.021932804,0.021548125
cur_3,14,0.528816826,0.883187756,0.9433924020000001,0.97198061,0.6808273640000001,0.528816826,0.024168514,0.023783835
cur_3_60,14,0.507968968,0.874292071,0.938763633,0.9696141890000001,0.662411669,0.507968968,0.024168514,0.023783835
cur_3_70,14,0.487074495,0.8648138059999999,0.933778271,0.967052276,0.643472498,0.487074495,0.024168514,0.023783835
recover,0,0.866610998,0.917574345,0.933117632,0.952960915,0.860303698,0.866610998,0.005023946,0.005023946
recover_60,0,0.708725543,0.80654562,0.839360526,0.883549076,0.697558082,0.708725543,0.005023946,0.005023946
recover_70,0,0.708725543,0.80654562,0.839360526,0.883549076,0.697558082,0.708725543,0.005023946,0.005023946
