name,effectDays,infectReduct,reduceHosp,reduceIcu,reduceMort,reduceSympt,riskReduct,waneRate,waneRateOut
cur_2,14,0.473037321,0.858071496,0.930352453,0.96528381,0.629128902,0.473037321,0.019699133,0.017005341
cur_2_60,14,0.438870638,0.840448999,0.920877132,0.9603582940000001,0.596448857,0.438870638,0.019699133,0.017005341
cur_2_70,14,0.405276973,0.8210965379999999,0.910238164,0.954767258,0.562893106,0.405276973,0.019699133,0.017005341
cur_3,14,0.540768041,0.888027998,0.9460126640000001,0.9733150079999999,0.6899471079999999,0.540768041,0.010776708000000001,0.008082915999999999
cur_3_60,14,0.506410562,0.873577025,0.938527089,0.969492942,0.659727634,0.506410562,0.010776708000000001,0.008082915999999999
cur_3_70,14,0.47199567600000003,0.85756177,0.930081167,0.9651434879999999,0.62815326,0.47199567600000003,0.010776708000000001,0.008082915999999999
recover,0,0.843994902,0.9018295190000001,0.92553319,0.9363042859999999,0.875774773,0.843994902,0.005078283,0.005078283
recover_60,0,0.7054748270000001,0.802654566,0.846221164,0.866813343,0.75736031,0.7054748270000001,0.005078283,0.005078283
recover_70,0,0.7054748270000001,0.802654566,0.846221164,0.866813343,0.75736031,0.7054748270000001,0.005078283,0.005078283
