name,effectDays,infectReduct,reduceHosp,reduceIcu,reduceMort,reduceSympt,riskReduct,waneRate,waneRateOut
cur_2,14,0.488161712,0.866060846,0.930707501,0.965467395,0.6765250759999999,0.488161712,0.021796502000000002,0.014877352
cur_2_60,14,0.47893191700000004,0.8617151759999999,0.928285617,0.964213711,0.66838455,0.47893191700000004,0.021796502000000002,0.014877352
cur_2_70,14,0.46967876,0.857233215,0.925775428,0.962910853,0.660108095,0.46967876,0.021796502000000002,0.014877352
cur_3,14,0.524358001,0.881993059,0.939487217,0.96998489,0.707385371,0.524358001,0.017033613,0.010114463
cur_3_60,14,0.515132611,0.878091548,0.937351543,0.9688899259999999,0.69967671,0.515132611,0.017033613,0.010114463
cur_3_70,14,0.505859039,0.874062792,0.935136511,0.9677516190000001,0.6918211459999999,0.505859039,0.017033613,0.010114463
recover,0,0.8437703609999999,0.898611217,0.9275264529999999,0.937264958,0.8916218990000001,0.8437703609999999,0.005261226,0.005261226
recover_60,0,0.642075969,0.746441083,0.809556677,0.83228074,0.7320892590000001,0.642075969,0.005261226,0.005261226
recover_70,0,0.642075969,0.746441083,0.809556677,0.83228074,0.7320892590000001,0.642075969,0.005261226,0.005261226
