name,effectDays,infectReduct,reduceHosp,reduceIcu,reduceMort,reduceSympt,riskReduct,waneRate,waneRateOut
cur_2,14,0.5232503270000001,0.881135815,0.941002647,0.970760333,0.6885735820000001,0.5232503270000001,0.021636778,0.014572536
cur_2_60,14,0.496262902,0.8693487870000001,0.93471237,0.9675333429999999,0.66495221,0.496262902,0.021636778,0.014572536
cur_2_70,14,0.469288384,0.856578793,0.9278005009999999,0.9639621979999999,0.640466477,0.469288384,0.021636778,0.014572536
cur_3,14,0.5381236739999999,0.887249924,0.944232238,0.9724087140000001,0.701234195,0.5381236739999999,0.019673288,0.012609046
cur_3_60,14,0.5111916679999999,0.8759838609999999,0.9382637079999999,0.969357902,0.678124225,0.5111916679999999,0.019673288,0.012609046
cur_3_70,14,0.484185655,0.8637607540000001,0.93170034,0.965980391,0.654100374,0.484185655,0.019673288,0.012609046
recover,0,0.9253271390000001,0.988022525,0.99439737,0.997300541,0.960943509,0.9253271390000001,0.005320627,0.005320627
recover_60,0,0.8659486609999999,0.983034008,0.9920425390000001,0.9961612259999999,0.945301194,0.8659486609999999,0.005320627,0.005320627
recover_70,0,0.671386017,0.95878391,0.980412084,0.990492865,0.874029445,0.671386017,0.005320627,0.005320627
