name,effectDays,infectReduct,reduceHosp,reduceIcu,reduceMort,reduceSympt,riskReduct,waneRate,waneRateOut
cur_2,14,0.530877512,0.883779509,0.9449371040000001,0.972767719,0.670194595,0.530877512,0.020089934,0.016912561
cur_2_60,14,0.5091029739999999,0.874513213,0.9402170790000001,0.970358517,0.65063096,0.5091029739999999,0.020089934,0.016912561
cur_2_70,14,0.48727650100000003,0.86461316,0.9351160209999999,0.967741077,0.6305304,0.48727650100000003,0.020089934,0.016912561
cur_3,14,0.591723986,0.906882255,0.956481349,0.978609205,0.7224194429999999,0.591723986,0.011955268,0.008777896
cur_3_60,14,0.570488707,0.8992479590000001,0.952701371,0.976704415,0.7045882059999999,0.570488707,0.011955268,0.008777896
cur_3_70,14,0.548973588,0.89105621,0.948607325,0.9746326890000001,0.686094271,0.548973588,0.011955268,0.008777896
recover,0,0.8684136640000001,0.905863437,0.941765093,0.94078687,0.864246278,0.8684136640000001,0.005660701999999999,0.005660701999999999
recover_60,0,0.756116945,0.818860202,0.883682381,0.881850893,0.749419304,0.756116945,0.005660701999999999,0.005660701999999999
recover_70,0,0.756116945,0.818860202,0.883682381,0.881850893,0.749419304,0.756116945,0.005660701999999999,0.005660701999999999
