name,effectDays,infectReduct,reduceHosp,reduceIcu,reduceMort,reduceSympt,riskReduct,waneRate,waneRateOut
cur_2,14,0.543598239,0.889644414,0.944464427,0.972527003,0.715616813,0.543598239,0.021516179,0.013386246999999999
cur_2_60,14,0.504682951,0.8733611109999999,0.93568522,0.9680338540000001,0.6828104290000001,0.504682951,0.021516179,0.013386246999999999
cur_2_70,14,0.46572151700000003,0.8550718959999999,0.9256304120000001,0.962835477,0.648090418,0.46572151700000003,0.021516179,0.013386246999999999
cur_3,14,0.524418147,0.881845885,0.940279827,0.9703906240000001,0.6996718340000001,0.524418147,0.024050533,0.015920602
cur_3_60,14,0.485415571,0.864587034,0.9308875129999999,0.965560448,0.665884844,0.485415571,0.024050533,0.015920602
cur_3_70,14,0.446600434,0.845255183,0.920146657,0.959976473,0.6303152160000001,0.446600434,0.024050533,0.015920602
recover,0,0.871719282,0.922997952,0.921826224,0.952079273,0.897742035,0.871719282,0.005123824,0.005123824
recover_60,0,0.756052835,0.845365932,0.8432135559999999,0.9006093279999999,0.800160405,0.756052835,0.005123824,0.005123824
recover_70,0,0.756052835,0.845365932,0.8432135559999999,0.9006093279999999,0.800160405,0.756052835,0.005123824,0.005123824
