name,effectDays,infectReduct,reduceHosp,reduceIcu,reduceMort,reduceSympt,riskReduct,waneRate,waneRateOut
cur_2,14,0.48676038200000005,0.865053988,0.9319706809999999,0.96611998,0.660104263,0.48676038200000005,0.019867011,0.013472503
cur_2_60,14,0.42305530700000005,0.832108443,0.913732895,0.956610961,0.600245048,0.42305530700000005,0.019867011,0.013472503
cur_2_70,14,0.361858181,0.793078024,0.89119687,0.944597032,0.5372860420000001,0.361858181,0.019867011,0.013472503
cur_3,14,0.505820368,0.8737103140000001,0.9366488829999999,0.9685291220000001,0.676998537,0.505820368,0.017360051,0.010965542
cur_3_60,14,0.44176792,0.842493321,0.919557011,0.959668044,0.618394587,0.44176792,0.017360051,0.010965542
cur_3_70,14,0.379645115,0.8053122640000001,0.898373231,0.948454975,0.5561805000000001,0.379645115,0.017360051,0.010965542
recover,0,0.937548953,0.988031115,0.994363555,0.9972841999999998,0.9615521340000001,0.937548953,0.008306572,0.008306572
recover_60,0,0.931007571,0.983046115,0.991994625,0.996138015,0.946139915,0.931007571,0.008306572,0.008306572
recover_70,0,0.8684106229999999,0.958812597,0.9802955309999999,0.99043571,0.875817442,0.8684106229999999,0.008306572,0.008306572
