name,effectDays,infectReduct,reduceHosp,reduceIcu,reduceMort,reduceSympt,riskReduct,waneRate,waneRateOut
cur_2,14,0.41082033,0.8273492370000001,0.897620803,0.948051903,0.674943167,0.41082033,0.021836201,0.01071581
cur_2_60,14,0.405602986,0.8242423609999999,0.895618934,0.946977889,0.6701870129999999,0.405602986,0.021836201,0.01071581
cur_2_70,14,0.400364495,0.821065734,0.893565776,0.9458739009999999,0.6653564679999999,0.400364495,0.021836201,0.01071581
cur_3,14,0.451238156,0.8496504340000001,0.9118125770000001,0.9555987340000001,0.710030953,0.451238156,0.016414636,0.005294245
cur_3_60,14,0.445895982,0.8468705940000001,0.910060402,0.954673288,0.7055642329999999,0.445895982,0.016414636,0.005294245
cur_3_70,14,0.440522774,0.844025555,0.9082622090000001,0.953721698,0.7010206809999999,0.440522774,0.016414636,0.005294245
recover,0,0.931806569,0.99187955,0.99554527,0.997854905,0.9814559559999999,0.931806569,0.008622654,0.008622654
recover_60,0,0.8541806470000001,0.9906851720000001,0.994887277,0.997537217,0.978761277,0.8541806470000001,0.008622654,0.008622654
recover_70,0,0.6130549479999999,0.980659953,0.989335953,0.9948482609999999,0.9564667179999999,0.6130549479999999,0.008622654,0.008622654
