name,effectDays,infectReduct,reduceHosp,reduceIcu,reduceMort,reduceSympt,riskReduct,waneRate,waneRateOut
cur_2,14,0.530877512,0.883779509,0.9449371040000001,0.972767719,0.670194595,0.530877512,0.020089934,0.016912561
cur_2_60,14,0.5091029739999999,0.874513213,0.9402170790000001,0.970358517,0.65063096,0.5091029739999999,0.020089934,0.016912561
cur_2_70,14,0.48727650100000003,0.86461316,0.9351160209999999,0.967741077,0.6305304,0.48727650100000003,0.020089934,0.016912561
cur_3,14,0.591723986,0.906882255,0.956481349,0.978609205,0.7224194429999999,0.591723986,0.011955268,0.008777896
cur_3_60,14,0.570488707,0.8992479590000001,0.952701371,0.976704415,0.7045882059999999,0.570488707,0.011955268,0.008777896
cur_3_70,14,0.548973588,0.89105621,0.948607325,0.9746326890000001,0.686094271,0.548973588,0.011955268,0.008777896
recover,0,0.9357958559999999,0.991696465,0.996303478,0.998220709,0.969618908,0.9357958559999999,0.0077438609999999995,0.0077438609999999995
recover_60,0,0.887116097,0.9904754179999999,0.995757001,0.997957086,0.965265035,0.887116097,0.0077438609999999995,0.0077438609999999995
recover_70,0,0.718583285,0.9802289540000001,0.991141602,0.9957245929999999,0.929819141,0.718583285,0.0077438609999999995,0.0077438609999999995
