name,effectDays,infectReduct,reduceHosp,reduceIcu,reduceMort,reduceSympt,riskReduct,waneRate,waneRateOut
cur_2,14,0.433679838,0.838138719,0.916832821,0.9582405209999999,0.612795547,0.433679838,0.021389401000000002,0.011179123999999999
cur_2_60,14,0.409292676,0.8241044270000001,0.908879953,0.9540488140000001,0.588808345,0.409292676,0.021389401000000002,0.011179123999999999
cur_2_70,14,0.385332254,0.8091228979999999,0.900244972,0.949456217,0.564379537,0.385332254,0.021389401000000002,0.011179123999999999
cur_3,14,0.504877399,0.8733387340000001,0.936221478,0.968309524,0.678184663,0.504877399,0.011974718999999998,0.0017644429999999999
cur_3_60,14,0.47987913200000004,0.86185343,0.929981058,0.9650916970000001,0.655974142,0.47987913200000004,0.011974718999999998,0.0017644429999999999
cur_3_70,14,0.454969175,0.849499925,0.9231767,0.9615583109999999,0.633048842,0.454969175,0.011974718999999998,0.0017644429999999999
recover,0,0.84624366,0.888689893,0.9180818059999999,0.9434832190000001,0.867878294,0.84624366,0.004821643,0.004821643
recover_60,0,0.734617482,0.8006190259999999,0.849323486,0.893574117,0.7676461520000001,0.734617482,0.004821643,0.004821643
recover_70,0,0.734617482,0.8006190259999999,0.849323486,0.893574117,0.7676461520000001,0.734617482,0.004821643,0.004821643
