name,effectDays,infectReduct,reduceHosp,reduceIcu,reduceMort,reduceSympt,riskReduct,waneRate,waneRateOut
cur_2,14,0.40517412,0.823240347,0.899381605,0.948994635,0.643824588,0.40517412,0.01841469,0.01201836
cur_2_60,14,0.386968572,0.811889758,0.892280645,0.9451816129999999,0.6261843539999999,0.386968572,0.01841469,0.01201836
cur_2_70,14,0.369053096,0.799973367,0.88473384,0.941096377,0.608181255,0.369053096,0.01841469,0.01201836
cur_3,14,0.457709243,0.852310769,0.917189253,0.958427538,0.691338983,0.457709243,0.011366461000000001,0.00497013
cur_3_60,14,0.43888485,0.842469721,0.9112209809999999,0.9552864679999999,0.6748635820000001,0.43888485,0.011366461000000001,0.00497013
cur_3_70,14,0.420213374,0.8320898720000001,0.904859645,0.951915968,0.657924174,0.420213374,0.011366461000000001,0.00497013
recover,0,0.894377038,0.9317969970000001,0.9491676990000001,0.954043305,0.933864585,0.894377038,0.006149255,0.006149255
recover_60,0,0.810192435,0.873209102,0.9039636959999999,0.9127766340000001,0.8768179970000001,0.810192435,0.006149255,0.006149255
recover_70,0,0.810192435,0.873209102,0.9039636959999999,0.9127766340000001,0.8768179970000001,0.810192435,0.006149255,0.006149255
