name,effectDays,infectReduct,reduceHosp,reduceIcu,reduceMort,reduceSympt,riskReduct,waneRate,waneRateOut
cur_2,14,0.482441621,0.8636596009999999,0.927914322,0.964021221,0.683073426,0.482441621,0.021426367999999998,0.014769869
cur_2_60,14,0.444204534,0.8445094790000001,0.916921139,0.958286868,0.648870808,0.444204534,0.021426367999999998,0.014769869
cur_2_70,14,0.406626534,0.823225841,0.9044275490000001,0.9516861759999999,0.6130772329999999,0.406626534,0.021426367999999998,0.014769869
cur_3,14,0.49067391200000005,0.867493665,0.93008773,0.965146884,0.690163967,0.49067391200000005,0.020342958,0.013686459
cur_3_60,14,0.452354625,0.848787781,0.919397205,0.959584419,0.656341576,0.452354625,0.020342958,0.013686459
cur_3_70,14,0.41460147399999997,0.827970468,0.9072383009999999,0.953179019,0.620864582,0.41460147399999997,0.020342958,0.013686459
recover,0,0.9436816729999999,0.988094787,0.994105727,0.99715959,0.965799319,0.9436816729999999,2.94494e-05,2.94494e-05
recover_60,0,0.90151425,0.983135854,0.991629347,0.9959610259999999,0.9520046459999999,0.90151425,2.94494e-05,2.94494e-05
recover_70,0,0.750350044,0.95902526,0.979407515,0.9900000179999999,0.8884365609999999,0.750350044,2.94494e-05,2.94494e-05
