name,effectDays,infectReduct,reduceHosp,reduceIcu,reduceMort,reduceSympt,riskReduct,waneRate,waneRateOut
cur_2,14,0.5672633429999999,0.897819006,0.953054733,0.976882804,0.689832432,0.5672633429999999,0.019565662,0.019314388000000002
cur_2_60,14,0.5050729939999999,0.872452703,0.940491773,0.9704990609999999,0.63388833,0.5050729939999999,0.019565662,0.019314388000000002
cur_2_70,14,0.442773808,0.841924333,0.9248456909999999,0.9624273959999999,0.574131912,0.442773808,0.019565662,0.019314388000000002
cur_3,14,0.5894442329999999,0.9058681129999999,0.9569613309999999,0.9788505279999999,0.708954158,0.5894442329999999,0.016574734,0.01632346
cur_3_60,14,0.527788021,0.8822379000000001,0.9453839009999999,0.9729951440000001,0.65473277,0.527788021,0.016574734,0.01632346
cur_3_70,14,0.465321234,0.85365876,0.9309296090000001,0.965582205,0.596211344,0.465321234,0.016574734,0.01632346
recover,0,0.93430165,0.987931855,0.994740843,0.9974664870000001,0.95396204,0.93430165,0.00381432,0.00381432
recover_60,0,0.918138985,0.982906229,0.9925292920000001,0.9963969559999999,0.935710679,0.918138985,0.00381432,0.00381432
recover_70,0,0.831655555,0.958481205,0.981597067,0.991073558,0.85387432,0.831655555,0.00381432,0.00381432
