name,effectDays,infectReduct,reduceHosp,reduceIcu,reduceMort,reduceSympt,riskReduct,waneRate,waneRateOut
cur_2,14,0.563309695,0.896433189,0.951922032,0.9763107390000001,0.691553055,0.563309695,0.022324406,0.017478446
cur_2_60,14,0.538232723,0.88663609,0.947064039,0.973849381,0.6695199629999999,0.538232723,0.022324406,0.017478446
cur_2_70,14,0.512949188,0.876035337,0.94174267,0.9711385440000001,0.6467064220000001,0.512949188,0.022324406,0.017478446
cur_3,14,0.57617313,0.9012049040000001,0.954267593,0.977494588,0.7026330470000001,0.57617313,0.020599107,0.015753147
cur_3_60,14,0.551246379,0.891804715,0.949634065,0.9751531040000001,0.681026365,0.551246379,0.020599107,0.015753147
cur_3_70,14,0.526047943,0.881622754,0.944555922,0.9725736079999999,0.658602101,0.526047943,0.020599107,0.015753147
recover,0,0.873879656,0.91713395,0.90971947,0.947321442,0.9145379020000001,0.873879656,0.00558902,0.00558902
recover_60,0,0.751410992,0.828420445,0.81467227,0.886941702,0.823579774,0.751410992,0.00558902,0.00558902
recover_70,0,0.751410992,0.828420445,0.81467227,0.886941702,0.823579774,0.751410992,0.00558902,0.00558902
