name,effectDays,infectReduct,reduceHosp,reduceIcu,reduceMort,reduceSympt,riskReduct,waneRate,waneRateOut
cur_2,14,0.67686804,0.9330712879999999,0.9717635509999999,0.986232737,0.7518532109999999,0.67686804,0.023305017,0.020918945
cur_2_60,14,0.6345651179999999,0.9203630340000001,0.9661354440000001,0.9834394890000001,0.715237041,0.6345651179999999,0.023305017,0.020918945
cur_2_70,14,0.590100849,0.905494255,0.959436037,0.980092796,0.67557009,0.590100849,0.023305017,0.020918945
cur_3,14,0.601013247,0.909300746,0.961163054,0.980957803,0.685420105,0.601013247,0.03414535,0.031759277999999995
cur_3_60,14,0.555304052,0.892598529,0.9535231040000001,0.9771191509999999,0.6436473420000001,0.555304052,0.03414535,0.031759277999999995
cur_3_70,14,0.50866301,0.87325977,0.9444720090000001,0.972530865,0.59959085,0.50866301,0.03414535,0.031759277999999995
recover,0,0.9297717190000001,0.9916169309999999,0.9965870790000001,0.9983574609999999,0.96255759,0.9297717190000001,0.00463986,0.00463986
recover_60,0,0.904688871,0.990384301,0.996082363,0.99811406,0.9572364,0.904688871,0.00463986,0.00463986
recover_70,0,0.794823539,0.980041789,0.991817975,0.996052431,0.9143247390000001,0.794823539,0.00463986,0.00463986
