name,effectDays,infectReduct,reduceHosp,reduceIcu,reduceMort,reduceSympt,riskReduct,waneRate,waneRateOut
cur_2,14,0.41726639299999996,0.8302275309999999,0.9046515340000001,0.951805307,0.649257967,0.41726639299999996,0.021214311,0.009642371
cur_2_60,14,0.39153141799999996,0.8146279259999999,0.895025746,0.946659186,0.624549722,0.39153141799999996,0.021214311,0.009642371
cur_2_70,14,0.366377035,0.797937762,0.8845483909999999,0.940995562,0.5991664729999999,0.366377035,0.021214311,0.009642371
cur_3,14,0.482022212,0.864045341,0.9249839790000001,0.962499335,0.706374882,0.482022212,0.012598536,0.001026597
cur_3_60,14,0.45541464299999995,0.8509954059999999,0.9172230090000001,0.9584452459999999,0.6837302609999999,0.45541464299999995,0.012598536,0.001026597
cur_3_70,14,0.42905004399999996,0.836924144,0.9087352259999999,0.9539721959999999,0.660171016,0.42905004399999996,0.012598536,0.001026597
recover,0,0.9086996540000001,0.988152988,0.993858542,0.997040092,0.969299666,0.9086996540000001,0.010623533999999999,0.010623533999999999
recover_60,0,0.807045997,0.983217885,0.9912792229999999,0.995791317,0.956853767,0.807045997,0.010623533999999999,0.010623533999999999
recover_70,0,0.526820196,0.959219706,0.9785572370000001,0.9895824590000001,0.899026973,0.526820196,0.010623533999999999,0.010623533999999999
