name,effectDays,infectReduct,reduceHosp,reduceIcu,reduceMort,reduceSympt,riskReduct,waneRate,waneRateOut
cur_2,14,0.46846335299999997,0.857049361,0.923473083,0.9617127590000001,0.67588391,0.46846335299999997,0.020969842,0.011706128
cur_2_60,14,0.442426094,0.843695915,0.9157142659999999,0.9576531559999999,0.652469558,0.442426094,0.020969842,0.011706128
cur_2_70,14,0.41669165399999997,0.82933774,0.9072444140000001,0.9531822609999999,0.628284524,0.41669165399999997,0.020969842,0.011706128
cur_3,14,0.484145573,0.864581011,0.927799884,0.963961878,0.689502585,0.484145573,0.018902709,0.009638995
cur_3_60,14,0.457987708,0.8518094690000001,0.920441955,0.9601308620000001,0.6665867360000001,0.457987708,0.018902709,0.009638995
cur_3_70,14,0.432049491,0.838053547,0.9124017390000001,0.955909515,0.642846362,0.432049491,0.018902709,0.009638995
recover,0,0.933954924,0.9881068270000001,0.994055516,0.997135318,0.9665522129999999,0.933954924,0.005644414,0.005644414
recover_60,0,0.8733440170000001,0.983152823,0.99155822,0.995926555,0.953046453,0.8733440170000001,0.005644414,0.005644414
recover_70,0,0.673985405,0.959065479,0.979234712,0.989915187,0.890699784,0.673985405,0.005644414,0.005644414
