name,effectDays,infectReduct,reduceHosp,reduceIcu,reduceMort,reduceSympt,riskReduct,waneRate,waneRateOut
cur_2,14,0.51577128,0.8778246279999999,0.9399215559999999,0.97020727,0.675842394,0.51577128,0.019840972,0.014813173999999998
cur_2_60,14,0.493970147,0.8681572240000001,0.934802775,0.967579877,0.656447646,0.493970147,0.019840972,0.014813173999999998
cur_2_70,14,0.472174611,0.857840268,0.929276117,0.9647268370000001,0.636500514,0.472174611,0.019840972,0.014813173999999998
cur_3,14,0.544867541,0.8898135009999999,0.9461904790000001,0.973405427,0.70089811,0.544867541,0.015999388,0.01097159
cur_3_60,14,0.523165301,0.8809661059999999,0.9415726190000001,0.971051661,0.682297768,0.523165301,0.015999388,0.01097159
cur_3_70,14,0.501357872,0.871503117,0.9365808959999999,0.9684941970000001,0.663081202,0.501357872,0.015999388,0.01097159
recover,0,0.915622145,0.988007385,0.9944564159999999,0.997329073,0.9598494329999999,0.915622145,0.0034531759999999996,0.0034531759999999996
recover_60,0,0.912745913,0.983012672,0.9921262059999999,0.9962017540000001,0.943794565,0.912745913,0.0034531759999999996,0.0034531759999999996
recover_70,0,0.844000544,0.9587333570000001,0.980615648,0.990592672,0.870827954,0.844000544,0.0034531759999999996,0.0034531759999999996
