name,effectDays,infectReduct,reduceHosp,reduceIcu,reduceMort,reduceSympt,riskReduct,waneRate,waneRateOut
cur_2,14,0.479355301,0.862220698,0.926971641,0.9635321609999999,0.681356299,0.479355301,0.019474131000000002,0.012791595
cur_2_60,14,0.452236675,0.848752011,0.919239837,0.9595020559999999,0.657235762,0.452236675,0.019474131000000002,0.012791595
cur_2_70,14,0.42539042200000005,0.834215148,0.910765479,0.955045901,0.632266888,0.42539042200000005,0.019474131000000002,0.012791595
cur_3,14,0.49175725200000003,0.868013762,0.93026239,0.96523723,0.692037817,0.49175725200000003,0.017841743,0.011159208
cur_3_60,14,0.464563051,0.855016155,0.922849994,0.9613880029999999,0.668332255,0.464563051,0.017841743,0.011159208
cur_3_70,14,0.437569595,0.840968547,0.9147193140000001,0.957130095,0.643733541,0.437569595,0.017841743,0.011159208
recover,0,0.8425900209999999,0.9045007820000001,0.9285307709999999,0.943984023,0.879777719,0.8425900209999999,0.005049895,0.005049895
recover_60,0,0.6983125570000001,0.803752317,0.8488981390000001,0.87933213,0.759871547,0.6983125570000001,0.005049895,0.005049895
recover_70,0,0.6983125570000001,0.803752317,0.8488981390000001,0.87933213,0.759871547,0.6983125570000001,0.005049895,0.005049895
