name,effectDays,infectReduct,reduceHosp,reduceIcu,reduceMort,reduceSympt,riskReduct,waneRate,waneRateOut
cur_2,14,0.594822176,0.907195905,0.9600328570000001,0.980391903,0.682251542,0.594822176,0.020569107,0.018232624
cur_2_60,14,0.565102585,0.89639804,0.955078219,0.97790304,0.6552277910000001,0.565102585,0.020569107,0.018232624
cur_2_70,14,0.5349044079999999,0.884502483,0.949541042,0.975105978,0.627158757,0.5349044079999999,0.020569107,0.018232624
cur_3,14,0.584320052,0.903476575,0.9583338290000001,0.979539906,0.672768885,0.584320052,0.021996061,0.019659578
cur_3_60,14,0.554407201,0.892297337,0.9531788390000001,0.9769454409999999,0.645357872,0.554407201,0.021996061,0.019659578
cur_3_70,14,0.524091804,0.8799939729999999,0.9474204279999999,0.9740303840000001,0.6169550460000001,0.524091804,0.021996061,0.019659578
recover,0,0.844239638,0.881863725,0.9249253159999999,0.9330706129999999,0.8826757909999999,0.844239638,0.00477238,0.00477238
recover_60,0,0.714186035,0.7748466409999999,0.8502946929999999,0.865358409,0.776207656,0.714186035,0.00477238,0.00477238
recover_70,0,0.714186035,0.7748466409999999,0.8502946929999999,0.865358409,0.776207656,0.714186035,0.00477238,0.00477238
