name,effectDays,infectReduct,reduceHosp,reduceIcu,reduceMort,reduceSympt,riskReduct,waneRate,waneRateOut
cur_2,14,0.49533534,0.8695488000000001,0.931637577,0.965947978,0.69101429,0.49533534,0.020655719,0.011024731000000001
cur_2_60,14,0.47655254799999996,0.86077907,0.9266899340000001,0.9633859159999999,0.674731975,0.47655254799999996,0.020655719,0.011024731000000001
cur_2_70,14,0.457813736,0.8515091920000001,0.921407967,0.960635572,0.657996235,0.457813736,0.020655719,0.011024731000000001
cur_3,14,0.503170734,0.87306308,0.933606933,0.966963983,0.6976659270000001,0.503170734,0.019625286999999998,0.0099943
cur_3_60,14,0.484375998,0.8644927840000001,0.928790925,0.9644755540000001,0.6815726059999999,0.484375998,0.019625286999999998,0.0099943
cur_3_70,14,0.465603191,0.85542865,0.923647862,0.961803815,0.66501409,0.465603191,0.019625286999999998,0.0099943
recover,0,0.920877313,0.988087115,0.994137478,0.997174937,0.9653114290000001,0.920877313,0.007476577,0.007476577
recover_60,0,0.861620177,0.983125041,0.9916743259999999,0.995982824,0.9513298859999999,0.861620177,0.007476577,0.007476577
recover_70,0,0.667833025,0.958999631,0.9795168120000001,0.990053665,0.8869742079999999,0.667833025,0.007476577,0.007476577
