name,effectDays,infectReduct,reduceHosp,reduceIcu,reduceMort,reduceSympt,riskReduct,waneRate,waneRateOut
cur_2,14,0.412885799,0.827243607,0.905236296,0.9521161859999999,0.629638311,0.412885799,0.020828168,0.013589128999999998
cur_2_60,14,0.392698848,0.81491721,0.897787193,0.948141067,0.609861961,0.392698848,0.020828168,0.013589128999999998
cur_2_70,14,0.372854559,0.8019100140000001,0.88981647,0.943851443,0.589699612,0.372854559,0.020828168,0.013589128999999998
cur_3,14,0.468796712,0.857330105,0.923004156,0.961468373,0.680862477,0.468796712,0.013362763,0.0061237240000000005
cur_3_60,14,0.447961864,0.84675274,0.9168234009999999,0.9582355779999999,0.662354585,0.447961864,0.013362763,0.0061237240000000005
cur_3_70,14,0.42728981200000005,0.83553133,0.910188652,0.954741086,0.6433184470000001,0.42728981200000005,0.013362763,0.0061237240000000005
recover,0,0.909812708,0.98811804,0.99400832,0.997112503,0.9672397229999999,0.909812708,0.007454704,0.007454704
recover_60,0,0.8702415509999999,0.9831686279999999,0.9914913670000001,0.995894153,0.953998357,0.8702415509999999,0.007454704,0.007454704
recover_70,0,0.7204093340000001,0.9591029409999999,0.979072325,0.989835455,0.892773453,0.7204093340000001,0.007454704,0.007454704
