name,effectDays,infectReduct,reduceHosp,reduceIcu,reduceMort,reduceSympt,riskReduct,waneRate,waneRateOut
cur_2,14,0.434073634,0.839963564,0.909077839,0.954153555,0.6745096079999999,0.434073634,0.021066836000000002,0.013827222
cur_2_60,14,0.41466450000000005,0.828990752,0.902292579,0.950549183,0.656827308,0.41466450000000005,0.021066836000000002,0.013827222
cur_2_70,14,0.39549706100000004,0.817416867,0.895051695,0.946673132,0.638680009,0.39549706100000004,0.021066836000000002,0.013827222
cur_3,14,0.469982293,0.858512686,0.9203756059999999,0.960096178,0.705512384,0.469982293,0.016298582,0.009058968
cur_3_60,14,0.450244954,0.8485824190000001,0.914354034,0.95693792,0.6887371,0.450244954,0.016298582,0.009058968
cur_3_70,14,0.430642861,0.8380754990000001,0.907915775,0.9535381540000001,0.6714331170000001,0.430642861,0.016298582,0.009058968
recover,0,0.907782297,0.988175921,0.993757997,0.9969914759999999,0.9705856970000001,0.907782297,0.008894849,0.008894849
recover_60,0,0.810209947,0.983250209,0.991136827,0.995722278,0.958638907,0.810209947,0.008894849,0.008894849
recover_70,0,0.5381737910000001,0.9592963390000001,0.978211678,0.9894126540000001,0.9029620140000001,0.5381737910000001,0.008894849,0.008894849
