name,effectDays,infectReduct,reduceHosp,reduceIcu,reduceMort,reduceSympt,riskReduct,waneRate,waneRateOut
cur_2,14,0.505578822,0.873494089,0.9370806290000001,0.9687508490000001,0.671886269,0.505578822,0.020594512,0.012824676
cur_2_60,14,0.47052125,0.857153233,0.928278893,0.964210226,0.640229568,0.47052125,0.020594512,0.012824676
cur_2_70,14,0.43575637700000003,0.839092775,0.91835446,0.959038407,0.607307834,0.43575637700000003,0.020594512,0.012824676
cur_3,14,0.482187883,0.862785118,0.931331225,0.965789735,0.650930981,0.482187883,0.023671602000000003,0.015901766
cur_3_60,14,0.447284943,0.845305953,0.921792334,0.960836245,0.618400772,0.447284943,0.023671602000000003,0.015901766
cur_3_70,14,0.41289808299999997,0.8260515909999999,0.911056324,0.9551995209999999,0.584777023,0.41289808299999997,0.023671602000000003,0.015901766
recover,0,0.828715943,0.8999912290000001,0.932620236,0.924721472,0.8541895970000001,0.828715943,0.004087671,0.004087671
recover_60,0,0.7058248420000001,0.816941954,0.872838317,0.858991066,0.743927626,0.7058248420000001,0.004087671,0.004087671
recover_70,0,0.7058248420000001,0.816941954,0.872838317,0.858991066,0.743927626,0.7058248420000001,0.004087671,0.004087671
