name,effectDays,infectReduct,reduceHosp,reduceIcu,reduceMort,reduceSympt,riskReduct,waneRate,waneRateOut
cur_2,14,0.479427891,0.862605299,0.925309752,0.962668765,0.695654057,0.479427891,0.021024772999999997,0.012531914
cur_2_60,14,0.435277459,0.84011493,0.912036902,0.955717088,0.656711029,0.435277459,0.021024772999999997,0.012531914
cur_2_70,14,0.39214894,0.8147456390000001,0.896676079,0.947545348,0.61555752,0.39214894,0.021024772999999997,0.012531914
cur_3,14,0.510837955,0.876834895,0.933545521,0.9669323329999999,0.721593763,0.510837955,0.016892383,0.008399524
cur_3_60,14,0.46638644100000004,0.856285725,0.9216122259999999,0.9607422240000001,0.684464382,0.46638644100000004,0.016892383,0.008399524
cur_3_70,14,0.42248154299999996,0.832972156,0.907754402,0.9534526320000001,0.644838605,0.42248154299999996,0.016892383,0.008399524
recover,0,0.786005648,0.837669482,0.880315665,0.9225996390000001,0.844213379,0.786005648,0.00369204,0.00369204
recover_60,0,0.602168315,0.6801546820000001,0.751927047,0.830854805,0.690703794,0.602168315,0.00369204,0.00369204
recover_70,0,0.602168315,0.6801546820000001,0.751927047,0.830854805,0.690703794,0.602168315,0.00369204,0.00369204
