name,effectDays,infectReduct,reduceHosp,reduceIcu,reduceMort,reduceSympt,riskReduct,waneRate,waneRateOut
cur_2,14,0.481784384,0.863223851,0.9283298329999999,0.9642366290000001,0.67729662,0.481784384,0.020888786,0.014295898000000001
cur_2_60,14,0.450912981,0.847902072,0.919622182,0.959702143,0.649601475,0.450912981,0.020888786,0.014295898000000001
cur_2_70,14,0.42041263700000003,0.831198255,0.909958435,0.954619378,0.620857805,0.42041263700000003,0.020888786,0.014295898000000001
cur_3,14,0.500391703,0.871780043,0.9331287490000001,0.9667174829999999,0.693351996,0.500391703,0.018440735,0.011847848000000001
cur_3_60,14,0.469408004,0.8572582440000001,0.924957017,0.96248531,0.666355987,0.469408004,0.018440735,0.011847848000000001
cur_3_70,14,0.438656056,0.8413897370000001,0.915875998,0.957738127,0.638221278,0.438656056,0.018440735,0.011847848000000001
recover,0,0.9430677740000001,0.988082273,0.99415742,0.997184576,0.9650002120000001,0.9430677740000001,0.001764656,0.001764656
recover_60,0,0.917364243,0.9831182159999999,0.9917025770000001,0.9959965140000001,0.95089961,0.917364243,0.001764656,0.001764656
recover_70,0,0.8110566290000001,0.958983457,0.979585467,0.99008736,0.8860431390000001,0.8110566290000001,0.001764656,0.001764656
