name,effectDays,infectReduct,reduceHosp,reduceIcu,reduceMort,reduceSympt,riskReduct,waneRate,waneRateOut
cur_2,14,0.5193840679999999,0.880049732,0.937668223,0.969052447,0.709748123,0.5193840679999999,0.022124952000000003,0.014747478
cur_2_60,14,0.474870051,0.85993154,0.926405728,0.963238328,0.6717214690000001,0.474870051,0.022124952000000003,0.014747478
cur_2_70,14,0.430771203,0.837074588,0.9133026740000001,0.956384369,0.631319243,0.430771203,0.022124952000000003,0.014747478
cur_3,14,0.515463419,0.878382305,0.9367441790000001,0.9685780709999999,0.7065028520000001,0.515463419,0.022641172999999997,0.0152637
cur_3_60,14,0.470956155,0.8580295659999999,0.9253280190000001,0.9626782629999999,0.66824976,0.470956155,0.022641172999999997,0.0152637
cur_3_70,14,0.426925279,0.834921823,0.912051301,0.9557246840000001,0.627657102,0.426925279,0.022641172999999997,0.0152637
recover,0,0.943692196,0.988083485,0.994152437,0.9971821679999999,0.965078332,0.943692196,0.004852213,0.004852213
recover_60,0,0.912214512,0.983119924,0.991695518,0.9959930929999999,0.9510076040000001,0.912214512,0.004852213,0.004852213
recover_70,0,0.7906070829999999,0.9589875040000001,0.97956831,0.99007894,0.8862767220000001,0.7906070829999999,0.004852213,0.004852213
