name,effectDays,infectReduct,reduceHosp,reduceIcu,reduceMort,reduceSympt,riskReduct,waneRate,waneRateOut
cur_2,14,0.394348077,0.8178740940000001,0.888249258,0.943003575,0.677436417,0.394348077,0.021560431,0.008548605
cur_2_60,14,0.373222509,0.804185915,0.8790682479999999,0.9380070140000001,0.657611906,0.373222509,0.021560431,0.008548605
cur_2_70,14,0.352554782,0.7897224909999999,0.869236494,0.93259959,0.637206213,0.352554782,0.021560431,0.008548605
cur_3,14,0.45116988,0.850068272,0.9093816379999999,0.954314311,0.7261431970000001,0.45116988,0.013896,0.000884173
cur_3_60,14,0.42915725299999996,0.8383214179999999,0.9017447340000001,0.9502569959999999,0.708021963,0.42915725299999996,0.013896,0.000884173
cur_3_70,14,0.40740541399999997,0.8258332829999999,0.893533295,0.9458564159999999,0.689200708,0.40740541399999997,0.013896,0.000884173
recover,0,0.823736613,0.8761970840000001,0.9254974229999999,0.930195694,0.8489554009999999,0.823736613,0.004047241,0.004047241
recover_60,0,0.675106635,0.758853173,0.846706512,0.855598237,0.714212845,0.675106635,0.004047241,0.004047241
recover_70,0,0.675106635,0.758853173,0.846706512,0.855598237,0.714212845,0.675106635,0.004047241,0.004047241
