name,effectDays,infectReduct,reduceHosp,reduceIcu,reduceMort,reduceSympt,riskReduct,waneRate,waneRateOut
cur_2,14,0.510350285,0.8758100990000001,0.937206608,0.9688155270000001,0.6860228140000001,0.510350285,0.021122947000000003,0.013389031000000001
cur_2_60,14,0.493644307,0.86835666,0.93315674,0.966731915,0.67145195,0.493644307,0.021122947000000003,0.013389031000000001
cur_2_70,14,0.47692688299999997,0.8605148000000001,0.928858713,0.964510669,0.656520264,0.47692688299999997,0.021122947000000003,0.013389031000000001
cur_3,14,0.5262094620000001,0.882556393,0.940842973,0.970678688,0.699541931,0.5262094620000001,0.019034389,0.011300473
cur_3_60,14,0.509524555,0.875450263,0.937011872,0.968715545,0.685310662,0.509524555,0.019034389,0.011300473
cur_3_70,14,0.49279272700000004,0.8679667120000001,0.932943917,0.9666221690000001,0.670699925,0.49279272700000004,0.019034389,0.011300473
recover,0,0.9042832209999999,0.940497775,0.961553478,0.963647382,0.90302376,0.9042832209999999,0.0069458440000000005,0.0069458440000000005
recover_60,0,0.808743393,0.876155001,0.9179940120000001,0.922268504,0.806495808,0.808743393,0.0069458440000000005,0.0069458440000000005
recover_70,0,0.808743393,0.876155001,0.9179940120000001,0.922268504,0.806495808,0.808743393,0.0069458440000000005,0.0069458440000000005
