name,effectDays,infectReduct,reduceHosp,reduceIcu,reduceMort,reduceSympt,riskReduct,waneRate,waneRateOut
cur_2,14,0.456155706,0.850820879,0.920161922,0.9599844559999999,0.662796406,0.456155706,0.020313417,0.012832311
cur_2_60,14,0.416001115,0.828874496,0.907305219,0.953214505,0.625368596,0.416001115,0.020313417,0.012832311
cur_2_70,14,0.37694424600000004,0.804450193,0.892624998,0.945367209,0.586392288,0.37694424600000004,0.020313417,0.012832311
cur_3,14,0.481156925,0.863123017,0.9272348579999999,0.963668767,0.6848609240000001,0.481156925,0.017011912,0.009530806
cur_3_60,14,0.440584464,0.842651752,0.915412439,0.95749454,0.648583669,0.440584464,0.017011912,0.009530806
cur_3_70,14,0.40080358299999996,0.8197662609999999,0.901877315,0.950327722,0.610518394,0.40080358299999996,0.017011912,0.009530806
recover,0,0.8175956809999999,0.89349664,0.9007064,0.9301869859999999,0.868195145,0.8175956809999999,0.004198586,0.004198586
recover_60,0,0.658086945,0.782722763,0.795716888,0.851220212,0.73879838,0.658086945,0.004198586,0.004198586
recover_70,0,0.658086945,0.782722763,0.795716888,0.851220212,0.73879838,0.658086945,0.004198586,0.004198586
