name,effectDays,infectReduct,reduceHosp,reduceIcu,reduceMort,reduceSympt,riskReduct,waneRate,waneRateOut
cur_2,14,0.40935112799999995,0.825923648,0.900004868,0.9493278940000001,0.654160612,0.40935112799999995,0.020998712000000003,0.012782558000000001
cur_2_60,14,0.37535848,0.804452774,0.8864146890000001,0.942009201,0.621220173,0.37535848,0.020998712000000003,0.012782558000000001
cur_2_70,14,0.342556231,0.781039322,0.871244083,0.933708566,0.587127565,0.342556231,0.020998712000000003,0.012782558000000001
cur_3,14,0.48295854200000005,0.864767423,0.923842275,0.96190508,0.718257501,0.48295854200000005,0.011186453999999998,0.0029703000000000004
cur_3_60,14,0.44748434299999995,0.8472012440000001,0.9131792759999999,0.956319357,0.688515153,0.44748434299999995,0.011186453999999998,0.0029703000000000004
cur_3_70,14,0.412541878,0.827810623,0.901184885,0.949958225,0.6571365610000001,0.412541878,0.011186453999999998,0.0029703000000000004
recover,0,0.846125019,0.894950109,0.925502775,0.9475083040000001,0.869071006,0.846125019,0.00472229,0.00472229
recover_60,0,0.7415822209999999,0.816380428,0.866372288,0.904033089,0.775990442,0.7415822209999999,0.00472229,0.00472229
recover_70,0,0.7415822209999999,0.816380428,0.866372288,0.904033089,0.775990442,0.7415822209999999,0.00472229,0.00472229
