name,effectDays,infectReduct,reduceHosp,reduceIcu,reduceMort,reduceSympt,riskReduct,waneRate,waneRateOut
cur_2,14,0.594822176,0.907195905,0.9600328570000001,0.980391903,0.682251542,0.594822176,0.020569107,0.018232624
cur_2_60,14,0.565102585,0.89639804,0.955078219,0.97790304,0.6552277910000001,0.565102585,0.020569107,0.018232624
cur_2_70,14,0.5349044079999999,0.884502483,0.949541042,0.975105978,0.627158757,0.5349044079999999,0.020569107,0.018232624
cur_3,14,0.584320052,0.903476575,0.9583338290000001,0.979539906,0.672768885,0.584320052,0.021996061,0.019659578
cur_3_60,14,0.554407201,0.892297337,0.9531788390000001,0.9769454409999999,0.645357872,0.554407201,0.021996061,0.019659578
cur_3_70,14,0.524091804,0.8799939729999999,0.9474204279999999,0.9740303840000001,0.6169550460000001,0.524091804,0.021996061,0.019659578
recover,0,0.9286700529999999,0.987852945,0.9950207740000001,0.997601689,0.946985472,0.9286700529999999,0.013181703000000001,0.013181703000000001
recover_60,0,0.8916879240000001,0.982795029,0.9929261009999999,0.9965890390000001,0.926182328,0.8916879240000001,0.013181703000000001,0.013181703000000001
recover_70,0,0.752395499,0.958217869,0.982564345,0.99154703,0.834363995,0.752395499,0.013181703000000001,0.013181703000000001
