name,effectDays,infectReduct,reduceHosp,reduceIcu,reduceMort,reduceSympt,riskReduct,waneRate,waneRateOut
cur_2,14,0.419416945,0.832781054,0.8984951870000001,0.948520276,0.697590451,0.419416945,0.021034447999999997,0.013108878999999999
cur_2_60,14,0.40376521,0.823585803,0.8924468190000001,0.9452711840000001,0.68378395,0.40376521,0.021034447999999997,0.013108878999999999
cur_2_70,14,0.388281661,0.8139817509999999,0.8860730090000001,0.941823782,0.6696221,0.388281661,0.021034447999999997,0.013108878999999999
cur_3,14,0.440223125,0.844273803,0.90598138,0.9525120109999999,0.7151970870000001,0.440223125,0.018242861000000003,0.010317291999999999
cur_3_60,14,0.424362468,0.83558576,0.900329608,0.9495014420000001,0.7018508590000001,0.424362468,0.018242861000000003,0.010317291999999999
cur_3_70,14,0.40863039100000004,0.826497365,0.894367655,0.94630537,0.6881291,0.40863039100000004,0.018242861000000003,0.010317291999999999
recover,0,0.8727890490000001,0.9177068629999999,0.929884884,0.952911148,0.909452189,0.8727890490000001,0.005612803,0.005612803
recover_60,0,0.714352029,0.802557937,0.828593383,0.88061363,0.785453198,0.714352029,0.005612803,0.005612803
recover_70,0,0.714352029,0.802557937,0.828593383,0.88061363,0.785453198,0.714352029,0.005612803,0.005612803
