name,effectDays,infectReduct,reduceHosp,reduceIcu,reduceMort,reduceSympt,riskReduct,waneRate,waneRateOut
cur_2,14,0.405290751,0.8245236229999999,0.8929455559999999,0.9455399170000001,0.6858074470000001,0.405290751,0.021794732,0.011107706
cur_2_60,14,0.374308174,0.804866231,0.879835942,0.9384267629999999,0.6570736220000001,0.374308174,0.021794732,0.011107706
cur_2_70,14,0.34432296799999995,0.7835848879999999,0.865363109,0.930452933,0.627140876,0.34432296799999995,0.021794732,0.011107706
cur_3,14,0.41780741899999996,0.83187698,0.897787124,0.9481410290000001,0.6968364090000001,0.41780741899999996,0.020095426,0.0094084
cur_3_60,14,0.386489834,0.8128563670000001,0.885194168,0.941346538,0.6686238529999999,0.386489834,0.020095426,0.0094084
cur_3_70,14,0.356084138,0.7922214740000001,0.8712722709999999,0.9337241190000001,0.639145608,0.356084138,0.020095426,0.0094084
recover,0,0.9429708840000001,0.988263957,0.99335466,0.9967964020000001,0.975073337,0.9429708840000001,0.00605353,0.00605353
recover_60,0,0.863679091,0.983374303,0.990565727,0.9954452840000001,0.9648832829999999,0.863679091,0.00605353,0.00605353
recover_70,0,0.610344946,0.959590607,0.976827214,0.988731719,0.9168832570000001,0.610344946,0.00605353,0.00605353
