name,effectDays,infectReduct,reduceHosp,reduceIcu,reduceMort,reduceSympt,riskReduct,waneRate,waneRateOut
cur_2,14,0.398042771,0.8200692890000001,0.890293283,0.94410911,0.677675865,0.398042771,0.020448463,0.010361501
cur_2_60,14,0.342473765,0.782135437,0.864722178,0.9300968279999999,0.623504233,0.342473765,0.020448463,0.010361501
cur_2_70,14,0.290949983,0.7387861790000001,0.834324669,0.9129097890000001,0.566101723,0.290949983,0.020448463,0.010361501
cur_3,14,0.43360677,0.840679608,0.903803305,0.951354005,0.708805108,0.43360677,0.0156328,0.005545838000000001
cur_3_60,14,0.37617552,0.806063341,0.8809601490000001,0.9390407959999999,0.657218914,0.37617552,0.0156328,0.005545838000000001
cur_3_70,14,0.32206494199999997,0.766051006,0.8535936120000001,0.923872815,0.601672816,0.32206494199999997,0.0156328,0.005545838000000001
recover,0,0.8820350920000001,0.918190628,0.946847227,0.9414199409999999,0.8840707990000001,0.8820350920000001,0.005945776999999999,0.005945776999999999
recover_60,0,0.759684758,0.8259397820000001,0.8827853090000001,0.871703158,0.763265162,0.759684758,0.005945776999999999,0.005945776999999999
recover_70,0,0.759684758,0.8259397820000001,0.8827853090000001,0.871703158,0.763265162,0.759684758,0.005945776999999999,0.005945776999999999
