name,effectDays,infectReduct,reduceHosp,reduceIcu,reduceMort,reduceSympt,riskReduct,waneRate,waneRateOut
cur_2,14,0.633527858,0.91930151,0.968603978,0.984666675,0.6666717120000001,0.633527858,0.020362866,0.01806997
cur_2_60,14,0.585012798,0.9028147879999999,0.9617708979999999,0.9812618759999999,0.619911937,0.585012798,0.020362866,0.01806997
cur_2_70,14,0.534821453,0.883399552,0.9535273809999999,0.977121309,0.570845126,0.534821453,0.020362866,0.01806997
cur_3,14,0.68129293,0.9337165559999999,0.974456902,0.987563599,0.712080158,0.68129293,0.013381875,0.011088978999999999
cur_3_60,14,0.635462703,0.9199182890000001,0.968856704,0.984792133,0.668523127,0.635462703,0.013381875,0.011088978999999999
cur_3_70,14,0.5870661620000001,0.903554902,0.96208089,0.981416873,0.621904224,0.5870661620000001,0.013381875,0.011088978999999999
recover,0,0.763000708,0.856290295,0.878873866,0.8725682229999999,0.8103242629999999,0.763000708,0.003045883,0.003045883
recover_60,0,0.649012308,0.773873323,0.806481473,0.797276477,0.710459598,0.649012308,0.003045883,0.003045883
recover_70,0,0.649012308,0.773873323,0.806481473,0.797276477,0.710459598,0.649012308,0.003045883,0.003045883
