name,effectDays,infectReduct,reduceHosp,reduceIcu,reduceMort,reduceSympt,riskReduct,waneRate,waneRateOut
cur_2,14,0.544348328,0.889015158,0.948587588,0.9746226790000001,0.6712754590000001,0.544348328,0.020498309,0.017827546
cur_2_60,14,0.518770407,0.87846533,0.943339597,0.97195368,0.648218059,0.518770407,0.020498309,0.017827546
cur_2_70,14,0.493082694,0.8670575420000001,0.9375885709999999,0.969011575,0.6244378270000001,0.493082694,0.020498309,0.017827546
cur_3,14,0.564303409,0.8967390759999999,0.952387641,0.9765459759999999,0.688849197,0.564303409,0.017842356,0.015171593
cur_3_60,14,0.5388967929999999,0.886829993,0.9475060790000001,0.974073875,0.666411889,0.5388967929999999,0.017842356,0.015171593
cur_3_70,14,0.513275444,0.876096608,0.9421520179999999,0.971347625,0.643184547,0.513275444,0.017842356,0.015171593
recover,0,0.910336045,0.987935806,0.994726375,0.997459498,0.954288433,0.910336045,0.009186586,0.009186586
recover_60,0,0.871202355,0.9829117959999999,0.992508785,0.996387027,0.9361578079999999,0.871202355,0.009186586,0.009186586
recover_70,0,0.722468861,0.9584943920000001,0.98154711,0.9910490909999999,0.854802297,0.722468861,0.009186586,0.009186586
