name,effectDays,infectReduct,reduceHosp,reduceIcu,reduceMort,reduceSympt,riskReduct,waneRate,waneRateOut
cur_2,14,0.48287721100000003,0.863802732,0.928324459,0.9642338429999999,0.68087327,0.48287721100000003,0.021153228,0.010900749
cur_2_60,14,0.44444929299999997,0.844570259,0.917331158,0.958501974,0.646383944,0.44444929299999997,0.021153228,0.010900749
cur_2_70,14,0.40668430299999997,0.823183784,0.9048281020000001,0.951899197,0.610310228,0.40668430299999997,0.021153228,0.010900749
cur_3,14,0.528805186,0.884024571,0.939635914,0.9700610340000001,0.7194337009999999,0.528805186,0.015108305,0.004855826
cur_3_60,14,0.490186886,0.867208654,0.9302471609999999,0.965229353,0.687197203,0.490186886,0.015108305,0.004855826
cur_3_70,14,0.451695379,0.8483779140000001,0.9195261859999999,0.959651915,0.653052227,0.451695379,0.015108305,0.004855826
recover,0,0.806966959,0.879881763,0.91735115,0.940348365,0.8751296120000001,0.806966959,0.004048177,0.004048177
recover_60,0,0.707987418,0.8094621340000001,0.865541242,0.9014052509999999,0.802549209,0.707987418,0.004048177,0.004048177
recover_70,0,0.707987418,0.8094621340000001,0.865541242,0.9014052509999999,0.802549209,0.707987418,0.004048177,0.004048177
