name,effectDays,infectReduct,reduceHosp,reduceIcu,reduceMort,reduceSympt,riskReduct,waneRate,waneRateOut
cur_2,14,0.443653888,0.844994048,0.9129041179999999,0.95617436,0.678125987,0.443653888,0.021252764,0.012332187
cur_2_60,14,0.411042067,0.82671935,0.9017044390000001,0.950235498,0.648364877,0.411042067,0.021252764,0.012332187
cur_2_70,14,0.379194917,0.806783675,0.889239888,0.94353968,0.617405886,0.379194917,0.021252764,0.012332187
cur_3,14,0.43824323,0.842097368,0.911143058,0.955245323,0.673316542,0.43824323,0.021974375,0.013053798
cur_3_60,14,0.405739075,0.823552473,0.899741795,0.949187256,0.643344622,0.405739075,0.021974375,0.013053798
cur_3_70,14,0.374041856,0.8033391240000001,0.887059539,0.9423589529999999,0.612207996,0.374041856,0.021974375,0.013053798
recover,0,0.9567954120000001,0.9881642909999999,0.993809213,0.997016241,0.9699398770000001,0.9567954120000001,0.004896423,0.004896423
recover_60,0,0.933754711,0.983233817,0.9912093590000001,0.9957574459999999,0.957742205,0.933754711,0.004896423,0.004896423
recover_70,0,0.8394868090000001,0.9592574759999999,0.9783876770000001,0.9894991459999999,0.9009829229999999,0.8394868090000001,0.004896423,0.004896423
