name,effectDays,infectReduct,reduceHosp,reduceIcu,reduceMort,reduceSympt,riskReduct,waneRate,waneRateOut
cur_2,14,0.42969215299999997,0.8369346440000001,0.910691536,0.955006838,0.647813406,0.42969215299999997,0.020537397,0.013264739
cur_2_60,14,0.390957582,0.81387879,0.8967780059999999,0.9476000259999999,0.610463275,0.390957582,0.020537397,0.013264739
cur_2_70,14,0.353561443,0.788395567,0.8809853470000001,0.93905455,0.571782631,0.353561443,0.020537397,0.013264739
cur_3,14,0.488983655,0.866993059,0.9283185359999999,0.964230774,0.7002474190000001,0.488983655,0.01267872,0.005406062
cur_3_60,14,0.449113269,0.8474123309999999,0.916900567,0.958276073,0.665587476,0.449113269,0.01267872,0.005406062
cur_3_70,14,0.409898228,0.825536231,0.9038565340000001,0.9513823379999999,0.629054494,0.409898228,0.01267872,0.005406062
recover,0,0.86415088,0.9081806640000001,0.93826228,0.9423531070000001,0.877683249,0.86415088,0.005316586,0.005316586
recover_60,0,0.720648854,0.800448574,0.860399775,0.8689291509999999,0.744245253,0.720648854,0.005316586,0.005316586
recover_70,0,0.720648854,0.800448574,0.860399775,0.8689291509999999,0.744245253,0.720648854,0.005316586,0.005316586
