name,effectDays,infectReduct,reduceHosp,reduceIcu,reduceMort,reduceSympt,riskReduct,waneRate,waneRateOut
cur_2,14,0.535541403,0.8866179240000001,0.941846915,0.971191797,0.718021584,0.535541403,0.022418352000000002,0.013178302
cur_2_60,14,0.511769035,0.876676803,0.93640081,0.9684016759999999,0.6983279109999999,0.511769035,0.022418352000000002,0.013178302
cur_2_70,14,0.48792925600000003,0.865989273,0.930478678,0.9653490859999999,0.677863584,0.48792925600000003,0.022418352000000002,0.013178302
cur_3,14,0.5319789070000001,0.8851708709999999,0.9410578690000001,0.970788566,0.7151141870000001,0.5319789070000001,0.022888993,0.013648941999999999
cur_3_60,14,0.5081916479999999,0.875120745,0.9355429259999999,0.96796068,0.695303627,0.5081916479999999,0.022888993,0.013648941999999999
cur_3_70,14,0.48435319299999996,0.8643192340000001,0.929546922,0.964867032,0.674729701,0.48435319299999996,0.022888993,0.013648941999999999
recover,0,0.885140287,0.916054074,0.933459348,0.9540308279999999,0.90996705,0.885140287,0.005896679,0.005896679
recover_60,0,0.732132468,0.7946746159999999,0.832648972,0.8803932309999999,0.7818818759999999,0.732132468,0.005896679,0.005896679
recover_70,0,0.732132468,0.7946746159999999,0.832648972,0.8803932309999999,0.7818818759999999,0.732132468,0.005896679,0.005896679
