name,effectDays,infectReduct,reduceHosp,reduceIcu,reduceMort,reduceSympt,riskReduct,waneRate,waneRateOut
cur_2,14,0.57064887,0.8995045759999999,0.951905193,0.9763022290000001,0.714836276,0.57064887,0.020768738000000002,0.01670157
cur_2_60,14,0.556872623,0.8943260690000001,0.949274607,0.974970973,0.7032808620000001,0.556872623,0.020768738000000002,0.01670157
cur_2_70,14,0.542978469,0.888901783,0.94650213,0.9735638590000001,0.691433628,0.542978469,0.020768738000000002,0.01670157
cur_3,14,0.5486592920000001,0.8911447720000001,0.947650697,0.974147297,0.696301258,0.5486592920000001,0.023702782999999998,0.019635615
cur_3_60,14,0.534752724,0.885590277,0.944800902,0.97269837,0.6843264440000001,0.534752724,0.023702782999999998,0.019635615
cur_3_70,14,0.520761879,0.879777859,0.9417989,0.97116727,0.672075289,0.520761879,0.023702782999999998,0.019635615
recover,0,0.91572904,0.987987815,0.994531721,0.997365458,0.9583936940000001,0.91572904,0.00490633,0.00490633
recover_60,0,0.815726548,0.982985091,0.992232917,0.9962534390000001,0.9417920240000001,0.815726548,0.00490633,0.00490633
recover_70,0,0.534753503,0.9586680129999999,0.980875352,0.9907199729999999,0.866593163,0.534753503,0.00490633,0.00490633
