name,effectDays,infectReduct,reduceHosp,reduceIcu,reduceMort,reduceSympt,riskReduct,waneRate,waneRateOut
cur_2,14,0.516701058,0.878366675,0.939499482,0.969991171,0.683222342,0.516701058,0.021168111,0.016746517
cur_2_60,14,0.488062692,0.8655840920000001,0.932648797,0.966469943,0.657918671,0.488062692,0.021168111,0.016746517
cur_2_70,14,0.45949631700000004,0.851681864,0.9250825220000001,0.962550592,0.631677623,0.45949631700000004,0.021168111,0.016746517
cur_3,14,0.554668481,0.893763709,0.94761946,0.9741314390000001,0.715315617,0.554668481,0.016147096,0.011725501999999999
cur_3_60,14,0.5262169870000001,0.8823825479999999,0.941631105,0.971081545,0.6914176540000001,0.5262169870000001,0.016147096,0.011725501999999999
cur_3_70,14,0.49758801799999997,0.8699567090000001,0.935003585,0.967683222,0.666443504,0.49758801799999997,0.016147096,0.011725501999999999
recover,0,0.845106523,0.911443528,0.9263219009999999,0.940214998,0.8854121629999999,0.845106523,0.005030946,0.005030946
recover_60,0,0.7668093229999999,0.8611704859999999,0.8834148340000001,0.9045651379999999,0.82322739,0.7668093229999999,0.005030946,0.005030946
recover_70,0,0.7668093229999999,0.8611704859999999,0.8834148340000001,0.9045651379999999,0.82322739,0.7668093229999999,0.005030946,0.005030946
