name,effectDays,infectReduct,reduceHosp,reduceIcu,reduceMort,reduceSympt,riskReduct,waneRate,waneRateOut
cur_2,14,0.579314398,0.902576191,0.953874606,0.9772964470000001,0.7174251620000001,0.579314398,0.02214254,0.016437158
cur_2_60,14,0.545788741,0.889916893,0.947493275,0.974067373,0.688997182,0.545788741,0.02214254,0.016437158
cur_2_70,14,0.51184532,0.875840075,0.9402849659999999,0.9703932540000001,0.659070723,0.51184532,0.02214254,0.016437158
cur_3,14,0.5479775579999999,0.890779235,0.947930979,0.974289563,0.6908867390000001,0.5479775579999999,0.02633291,0.020627527
cur_3_60,14,0.514049426,0.876796279,0.9407784140000001,0.9706456729999999,0.661050284,0.514049426,0.02633291,0.020627527
cur_3_70,14,0.47999395799999994,0.86130316,0.932713729,0.96650344,0.629879226,0.47999395799999994,0.02633291,0.020627527
recover,0,0.864616463,0.9086632179999999,0.9132416320000001,0.91537686,0.894015496,0.864616463,0.005500951,0.005500951
recover_60,0,0.7976436509999999,0.859950439,0.866612218,0.8697313529999999,0.838875866,0.7976436509999999,0.005500951,0.005500951
recover_70,0,0.7976436509999999,0.859950439,0.866612218,0.8697313529999999,0.838875866,0.7976436509999999,0.005500951,0.005500951
