name,effectDays,infectReduct,reduceHosp,reduceIcu,reduceMort,reduceSympt,riskReduct,waneRate,waneRateOut
cur_2,14,0.522938185,0.8810781999999999,0.940607523,0.97055827,0.691680152,0.522938185,0.02235921,0.015626135
cur_2_60,14,0.529627594,0.8838610370000001,0.942088901,0.9713153929999999,0.697372729,0.529627594,0.02235921,0.015626135
cur_2_70,14,0.536242832,0.886561443,0.943521933,0.972046663,0.70295198,0.536242832,0.02235921,0.015626135
cur_3,14,0.56407715,0.8973930990000001,0.949226215,0.974946449,0.725895072,0.56407715,0.016904682,0.010171607
cur_3_60,14,0.570663306,0.89983756,0.950503935,0.975593563,0.731201427,0.570663306,0.016904682,0.010171607
cur_3_70,14,0.577162179,0.902207588,0.9517394020000001,0.976218438,0.7363927570000001,0.577162179,0.016904682,0.010171607
recover,0,0.833170338,0.9000616140000001,0.9166503570000001,0.936474122,0.8803939890000001,0.833170338,0.004191262,0.004191262
recover_60,0,0.664167548,0.7810108109999999,0.813260828,0.853751358,0.7445633840000001,0.664167548,0.004191262,0.004191262
recover_70,0,0.664167548,0.7810108109999999,0.813260828,0.853751358,0.7445633840000001,0.664167548,0.004191262,0.004191262
