name,effectDays,infectReduct,reduceHosp,reduceIcu,reduceMort,reduceSympt,riskReduct,waneRate,waneRateOut
cur_2,14,0.543122413,0.888930476,0.946653457,0.97364077,0.69016625,0.543122413,0.0213977,0.016730866
cur_2_60,14,0.510018465,0.875121631,0.939532927,0.970008298,0.66106787,0.510018465,0.0213977,0.016730866
cur_2_70,14,0.476827654,0.859867224,0.9315310290000001,0.9658929479999999,0.630700136,0.476827654,0.0213977,0.016730866
cur_3,14,0.53500584,0.8856640090000001,0.944979505,0.972789307,0.683137931,0.53500584,0.022471665,0.017804831
cur_3_60,14,0.501853192,0.8715077590000001,0.937650257,0.9690432290000001,0.653710669,0.501853192,0.022471665,0.017804831
cur_3_70,14,0.468685476,0.8558846,0.929417933,0.96480026,0.623059613,0.468685476,0.022471665,0.017804831
recover,0,0.89037407,0.94491719,0.9478166459999999,0.955584908,0.911620463,0.89037407,0.00677682,0.00677682
recover_60,0,0.781648951,0.88319019,0.8889570059999999,0.904605517,0.819700132,0.781648951,0.00677682,0.00677682
recover_70,0,0.781648951,0.88319019,0.8889570059999999,0.904605517,0.819700132,0.781648951,0.00677682,0.00677682
