name,effectDays,infectReduct,reduceHosp,reduceIcu,reduceMort,reduceSympt,riskReduct,waneRate,waneRateOut
cur_2,14,0.493114379,0.868063997,0.933251945,0.966781001,0.668806339,0.493114379,0.021135736000000002,0.014325216000000002
cur_2_60,14,0.481536859,0.86266539,0.9303065690000001,0.96526008,0.6584623279999999,0.481536859,0.021135736000000002,0.014325216000000002
cur_2_70,14,0.469945217,0.857065572,0.92723217,0.9636673729999999,0.647934242,0.469945217,0.021135736000000002,0.014325216000000002
cur_3,14,0.521170428,0.880400163,0.9399148540000001,0.9702038390000001,0.69318838,0.521170428,0.017444451,0.010633931000000001
cur_3_60,14,0.509596431,0.8754338970000001,0.93724372,0.968834579,0.68324522,0.509596431,0.017444451,0.010633931000000001
cur_3_70,14,0.497978101,0.870276424,0.93445378,0.9674002159999999,0.673101815,0.497978101,0.017444451,0.010633931000000001
recover,0,0.899556052,0.936698137,0.949071635,0.97022259,0.91932849,0.899556052,0.00672947,0.00672947
recover_60,0,0.820955943,0.88339521,0.9051325090000001,0.943444307,0.8536841999999999,0.820955943,0.00672947,0.00672947
recover_70,0,0.820955943,0.88339521,0.9051325090000001,0.943444307,0.8536841999999999,0.820955943,0.00672947,0.00672947
