name,effectDays,infectReduct,reduceHosp,reduceIcu,reduceMort,reduceSympt,riskReduct,waneRate,waneRateOut
cur_2,14,0.546494609,0.88999367,0.948481647,0.9745689479999999,0.6795813,0.546494609,0.020887853,0.018067565
cur_2_60,14,0.5067842610000001,0.8733930040000001,0.9401132879999999,0.970305402,0.643931613,0.5067842610000001,0.020887853,0.018067565
cur_2_70,14,0.46700013799999995,0.8547021840000001,0.930488365,0.965354095,0.6066230779999999,0.46700013799999995,0.020887853,0.018067565
cur_3,14,0.541643538,0.888064353,0.947517616,0.974079732,0.67530802,0.541643538,0.021530801000000002,0.018710513999999998
cur_3_60,14,0.501895578,0.8712146709999999,0.939002736,0.9697367159999999,0.6394351460000001,0.501895578,0.021530801000000002,0.018710513999999998
cur_3_70,14,0.462135639,0.852256665,0.9292127659999999,0.964694035,0.601946712,0.462135639,0.021530801000000002,0.018710513999999998
recover,0,0.816439411,0.8815064909999999,0.906950587,0.9290737609999999,0.873978686,0.816439411,0.00417558,0.00417558
recover_60,0,0.699915237,0.7959644920000001,0.8363673090000001,0.872920769,0.784331845,0.699915237,0.00417558,0.00417558
recover_70,0,0.699915237,0.7959644920000001,0.8363673090000001,0.872920769,0.784331845,0.699915237,0.00417558,0.00417558
