name,effectDays,infectReduct,reduceHosp,reduceIcu,reduceMort,reduceSympt,riskReduct,waneRate,waneRateOut
cur_2,14,0.5153685139999999,0.877252325,0.9415564679999999,0.971043408,0.65691531,0.5153685139999999,0.020068959,0.016531623
cur_2_60,14,0.477657373,0.8600542179999999,0.932676547,0.966484259,0.622143032,0.477657373,0.020068959,0.016531623
cur_2_70,14,0.44020771700000005,0.840888161,0.922560843,0.9612372220000001,0.586075556,0.44020771700000005,0.020068959,0.016531623
cur_3,14,0.55765236,0.8944297809999999,0.9502455040000001,0.975462748,0.694177754,0.55765236,0.01447511,0.010937773999999999
cur_3_60,14,0.520168096,0.879307279,0.94260532,0.971579049,0.661234526,0.520168096,0.01447511,0.010937773999999999
cur_3_70,14,0.482463983,0.8623560029999999,0.9338756990000001,0.967102474,0.626659276,0.482463983,0.01447511,0.010937773999999999
recover,0,0.882804218,0.987963312,0.9946244040000001,0.997410237,0.956503344,0.882804218,0.006183406,0.006183406
recover_60,0,0.7875165690000001,0.98295056,0.9923642640000001,0.996317048,0.9391952459999999,0.7875165690000001,0.006183406,0.006183406
recover_70,0,0.528127936,0.958586212,0.981195123,0.990876669,0.8611362570000001,0.528127936,0.006183406,0.006183406
