name,effectDays,infectReduct,reduceHosp,reduceIcu,reduceMort,reduceSympt,riskReduct,waneRate,waneRateOut
cur_2,14,0.536177645,0.885206715,0.949068276,0.974866398,0.637726638,0.536177645,0.021515671,0.018536262
cur_2_60,14,0.48863266,0.864390723,0.9390350470000001,0.969753271,0.592683389,0.48863266,0.021515671,0.018536262
cur_2_70,14,0.441316855,0.84049355,0.927183671,0.963642205,0.5460509610000001,0.441316855,0.021515671,0.018536262
cur_3,14,0.597398161,0.908242322,0.9598697270000001,0.9803101670000001,0.693212761,0.597398161,0.013307282,0.010327873000000001
cur_3_60,14,0.5508720220000001,0.89108955,0.951856377,0.97627756,0.651296133,0.5508720220000001,0.013307282,0.010327873000000001
cur_3_70,14,0.503463059,0.871196185,0.942344393,0.9714458509999999,0.606923667,0.503463059,0.013307282,0.010327873000000001
recover,0,0.866812632,0.921325251,0.922903027,0.946636742,0.8891956940000001,0.866812632,0.005454586,0.005454586
recover_60,0,0.7500644329999999,0.8437476209999999,0.8466221740000001,0.8910666509999999,0.787252286,0.7500644329999999,0.005454586,0.005454586
recover_70,0,0.7500644329999999,0.8437476209999999,0.8466221740000001,0.8910666509999999,0.787252286,0.7500644329999999,0.005454586,0.005454586
