name,effectDays,infectReduct,reduceHosp,reduceIcu,reduceMort,reduceSympt,riskReduct,waneRate,waneRateOut
cur_2,14,0.46954049,0.857802312,0.922694997,0.961307184,0.685790495,0.46954049,0.021519432,0.014368638999999999
cur_2_60,14,0.450012295,0.8479385540000001,0.916896527,0.958273953,0.668604522,0.450012295,0.021519432,0.014368638999999999
cur_2_70,14,0.430616469,0.837508822,0.9106984290000001,0.95501048,0.650938008,0.430616469,0.021519432,0.014368638999999999
cur_3,14,0.496194597,0.870334842,0.9299751209999999,0.9650886259999999,0.708328416,0.496194597,0.018009278,0.010858485
cur_3_60,14,0.47655375,0.861199755,0.92467814,0.962340218,0.691821212,0.47655375,0.018009278,0.010858485
cur_3_70,14,0.45696444,0.851520323,0.919009152,0.959381295,0.674790365,0.45696444,0.018009278,0.010858485
recover,0,0.9228112909999999,0.9881283609999999,0.993964513,0.997091326,0.967860967,0.9228112909999999,0.0036365340000000003,0.0036365340000000003
recover_60,0,0.886373141,0.983183175,0.991429317,0.995864077,0.9548589820000001,0.886373141,0.0036365340000000003,0.0036365340000000003
recover_70,0,0.7469961490000001,0.9591374229999999,0.978921633,0.989761454,0.8946530220000001,0.7469961490000001,0.0036365340000000003,0.0036365340000000003
