name,effectDays,infectReduct,reduceHosp,reduceIcu,reduceMort,reduceSympt,riskReduct,waneRate,waneRateOut
cur_2,14,0.43621217700000003,0.840326157,0.9138151309999999,0.956654261,0.646190806,0.43621217700000003,0.019237069,0.013657125
cur_2_60,14,0.40565591700000003,0.8227735829999999,0.903412485,0.951145927,0.617023423,0.40565591700000003,0.019237069,0.013657125
cur_2_70,14,0.375811625,0.8037410009999999,0.891902062,0.9449774870000001,0.586986632,0.375811625,0.019237069,0.013657125
cur_3,14,0.510191081,0.876313745,0.934530069,0.967439495,0.7108788540000001,0.510191081,0.009462192,0.003882248
cur_3_60,14,0.478854138,0.862067855,0.92642644,0.9632490859999999,0.6844400409999999,0.478854138,0.009462192,0.003882248
cur_3_70,14,0.447680962,0.846467697,0.917407877,0.958542212,0.656749296,0.447680962,0.009462192,0.003882248
recover,0,0.936242217,0.9881056009999999,0.994060651,0.9971378009999999,0.966476235,0.936242217,0.004293657,0.004293657
recover_60,0,0.9083042570000001,0.9831510940000001,0.991565495,0.9959300809999999,0.95294129,0.9083042570000001,0.004293657,0.004293657
recover_70,0,0.793828622,0.959061382,0.979252384,0.989923863,0.8904710290000001,0.793828622,0.004293657,0.004293657
