name,effectDays,infectReduct,reduceHosp,reduceIcu,reduceMort,reduceSympt,riskReduct,waneRate,waneRateOut
cur_2,14,0.49765178299999996,0.869501704,0.937148377,0.968785632,0.644809575,0.49765178299999996,0.020085427,0.014423961
cur_2_60,14,0.46494118100000004,0.853895573,0.928971181,0.964568925,0.6142537029999999,0.46494118100000004,0.020085427,0.014423961
cur_2_70,14,0.432529915,0.83677376,0.9198212809999999,0.959806301,0.5827705870000001,0.432529915,0.020085427,0.014423961
cur_3,14,0.5492674439999999,0.891258827,0.948297842,0.974475712,0.690702422,0.5492674439999999,0.01327652,0.0076150540000000004
cur_3_60,14,0.516653455,0.877889197,0.941480647,0.9710046640000001,0.662025225,0.516653455,0.01327652,0.0076150540000000004
cur_3_70,14,0.483897497,0.863128467,0.933827423,0.967077601,0.632105856,0.483897497,0.01327652,0.0076150540000000004
recover,0,0.8686145940000001,0.911685865,0.9181511609999999,0.9487956909999999,0.87620343,0.8686145940000001,0.005267516,0.005267516
recover_60,0,0.742580857,0.818327488,0.830355596,0.889930503,0.755399457,0.742580857,0.005267516,0.005267516
recover_70,0,0.742580857,0.818327488,0.830355596,0.889930503,0.755399457,0.742580857,0.005267516,0.005267516
