name,effectDays,infectReduct,reduceHosp,reduceIcu,reduceMort,reduceSympt,riskReduct,waneRate,waneRateOut
cur_2,14,0.378253316,0.8081886890000001,0.8776466540000001,0.937228792,0.683077823,0.378253316,0.020839438000000002,0.008560035
cur_2_60,14,0.33555905,0.777663859,0.856208735,0.9253424000000001,0.641475299,0.33555905,0.020839438000000002,0.008560035
cur_2_70,14,0.29541339899999997,0.743838632,0.8317476340000001,0.911425354,0.597650654,0.29541339899999997,0.020839438000000002,0.008560035
cur_3,14,0.39182254299999997,0.816916475,0.883668888,0.9405171529999999,0.6953524940000001,0.39182254299999997,0.018955242,0.006675839
cur_3_60,14,0.348455061,0.78741524,0.8631215790000001,0.929206412,0.654546387,0.348455061,0.018955242,0.006675839
cur_3_70,14,0.307480536,0.7546054109999999,0.839616175,0.9159442329999999,0.611351471,0.307480536,0.018955242,0.006675839
recover,0,0.797882489,0.863819366,0.895575625,0.926536646,0.841457276,0.797882489,0.003910434,0.003910434
recover_60,0,0.6592684529999999,0.7566325540000001,0.80782319,0.860756893,0.722327237,0.6592684529999999,0.003910434,0.003910434
recover_70,0,0.6592684529999999,0.7566325540000001,0.80782319,0.860756893,0.722327237,0.6592684529999999,0.003910434,0.003910434
