name,effectDays,infectReduct,reduceHosp,reduceIcu,reduceMort,reduceSympt,riskReduct,waneRate,waneRateOut
cur_2,14,0.571824555,0.8988704340000001,0.9564112690000001,0.97857396,0.658897671,0.571824555,0.019683362,0.017328506
cur_2_60,14,0.559639415,0.894271596,0.954296038,0.977508927,0.647663663,0.559639415,0.019683362,0.017328506
cur_2_70,14,0.547349571,0.889476478,0.952077335,0.976389215,0.636233637,0.547349571,0.019683362,0.017328506
cur_3,14,0.607873827,0.911639602,0.962220385,0.981486605,0.69157016,0.607873827,0.014781955,0.012427098000000001
cur_3_60,14,0.595989759,0.9075617229999999,0.9603753740000001,0.980563477,0.680891063,0.595989759,0.014781955,0.012427098000000001
cur_3_70,14,0.583960225,0.903304181,0.95843894,0.97959266,0.669989714,0.583960225,0.014781955,0.012427098000000001
recover,0,0.88275692,0.987847015,0.9950411290000001,0.9976115179999999,0.9464246559999999,0.88275692,0.001311259,0.001311259
recover_60,0,0.8298521959999999,0.9827866740000001,0.992954958,0.996603005,0.9254187759999999,0.8298521959999999,0.001311259,0.001311259
recover_70,0,0.647302689,0.958198085,0.9826347329999999,0.991581466,0.832822128,0.647302689,0.001311259,0.001311259
