name,effectDays,infectReduct,reduceHosp,reduceIcu,reduceMort,reduceSympt,riskReduct,waneRate,waneRateOut
cur_2,14,0.33059935100000004,0.775922208,0.840166858,0.91625898,0.6975801709999999,0.33059935100000004,0.020022713,0.005750987
cur_2_60,14,0.290552245,0.741701518,0.8133979490000001,0.900728216,0.656688891,0.290552245,0.020022713,0.005750987
cur_2_70,14,0.253536734,0.704266231,0.783318009,0.8826955809999999,0.61335551,0.253536734,0.020022713,0.005750987
cur_3,14,0.331509031,0.7766355909999999,0.8407176959999999,0.9165736179999999,0.698446036,0.331509031,0.019887666000000002,0.00561594
cur_3_60,14,0.291399699,0.74248769,0.81402062,0.90109491,0.657614368,0.291399699,0.019887666000000002,0.00561594
cur_3_70,14,0.25431492699999997,0.705121045,0.784014401,0.88312024,0.614329198,0.25431492699999997,0.019887666000000002,0.00561594
recover,0,0.934446331,0.9884568220000001,0.99236586,0.996317821,0.982771178,0.934446331,0.005837192,0.005837192
recover_60,0,0.879168513,0.983646193,0.98916647,0.994765922,0.9756494240000001,0.879168513,0.005837192,0.005837192
recover_70,0,0.693508914,0.960235718,0.973444937,0.9870640009999999,0.9414726959999999,0.693508914,0.005837192,0.005837192
