name,effectDays,infectReduct,reduceHosp,reduceIcu,reduceMort,reduceSympt,riskReduct,waneRate,waneRateOut
cur_2,14,0.41438363,0.8285362159999999,0.90368446,0.95129074,0.6461147389999999,0.41438363,0.020933553,0.007376365
cur_2_60,14,0.40341825200000003,0.821994433,0.8996625629999999,0.9491448920000001,0.6356735139999999,0.40341825200000003,0.020933553,0.007376365
cur_2_70,14,0.39251569399999997,0.815237969,0.8954792540000001,0.9469028620000001,0.625070695,0.39251569399999997,0.020933553,0.007376365
cur_3,14,0.477038464,0.861672405,0.923636412,0.96179785,0.70181721,0.477038464,0.012584119,-0.000973068
cur_3_60,14,0.46573368,0.856175397,0.9203742490000001,0.960095468,0.6922366259999999,0.46573368,0.012584119,-0.000973068
cur_3_70,14,0.454429838,0.850480329,0.91697477,0.9583150090000001,0.682457634,0.454429838,0.012584119,-0.000973068
recover,0,0.898635117,0.930620406,0.9524391659999999,0.956149337,0.9188670859999999,0.898635117,0.00642421,0.00642421
recover_60,0,0.8132920490000001,0.8682590859999999,0.9077453240000001,0.9146295059999999,0.847670624,0.8132920490000001,0.00642421,0.00642421
recover_70,0,0.8132920490000001,0.8682590859999999,0.9077453240000001,0.9146295059999999,0.847670624,0.8132920490000001,0.00642421,0.00642421
