name,effectDays,infectReduct,reduceHosp,reduceIcu,reduceMort,reduceSympt,riskReduct,waneRate,waneRateOut
cur_2,14,0.535635109,0.885269759,0.947819922,0.974233197,0.651666642,0.535635109,0.020106804,0.016345255
cur_2_60,14,0.500112045,0.8700017720000001,0.940314731,0.970408484,0.6187011379999999,0.500112045,0.020106804,0.016345255
cur_2_70,14,0.464592936,0.853041823,0.931809016,0.96603651,0.584609478,0.464592936,0.020106804,0.016345255
cur_3,14,0.589235536,0.905623562,0.9576083409999999,0.979175633,0.6993904040000001,0.589235536,0.012938908,0.009177359
cur_3_60,14,0.554401711,0.8927360120000001,0.9514389109999999,0.976066531,0.668644867,0.554401711,0.012938908,0.009177359
cur_3_70,14,0.5190302520000001,0.878327236,0.9444248009999999,0.9725068179999999,0.636394342,0.5190302520000001,0.012938908,0.009177359
recover,0,0.92639625,0.98790796,0.994827417,0.997508305,0.951942506,0.92639625,0.007320333,0.007320333
recover_60,0,0.874134162,0.982872555,0.992652002,0.996456365,0.9329467929999999,0.874134162,0.007320333,0.007320333
recover_70,0,0.69685081,0.958401451,0.98189607,0.991219968,0.8481630809999999,0.69685081,0.007320333,0.007320333
