name,effectDays,infectReduct,reduceHosp,reduceIcu,reduceMort,reduceSympt,riskReduct,waneRate,waneRateOut
cur_2,14,0.405140509,0.8238142009999999,0.896243514,0.9473132329999999,0.664596422,0.405140509,0.020413048,0.009190296
cur_2_60,14,0.379707471,0.8077889979999999,0.885893722,0.94172646,0.640410597,0.379707471,0.020413048,0.009190296
cur_2_70,14,0.35490979799999994,0.790670325,0.8746517859999999,0.935585289,0.615480853,0.35490979799999994,0.020413048,0.009190296
cur_3,14,0.480795551,0.864085015,0.921535945,0.960702397,0.729301414,0.480795551,0.010312149,-0.000910604
cur_3_60,14,0.45423981700000005,0.851060473,0.913465497,0.9564701390000001,0.707729533,0.45423981700000005,0.010312149,-0.000910604
cur_3_70,14,0.427932673,0.8370180779999999,0.9046475979999999,0.9518032129999999,0.6851725359999999,0.427932673,0.010312149,-0.000910604
recover,0,0.898205072,0.938681911,0.9596771040000001,0.948928859,0.9154784579999999,0.898205072,0.006980083000000001,0.006980083000000001
recover_60,0,0.7601625909999999,0.8461260740000001,0.8952766259999999,0.86969302,0.795527737,0.7601625909999999,0.006980083000000001,0.006980083000000001
recover_70,0,0.7601625909999999,0.8461260740000001,0.8952766259999999,0.86969302,0.795527737,0.7601625909999999,0.006980083000000001,0.006980083000000001
