name,effectDays,infectReduct,reduceHosp,reduceIcu,reduceMort,reduceSympt,riskReduct,waneRate,waneRateOut
cur_2,14,0.514725153,0.877796865,0.9378016809999999,0.969120922,0.6940148740000001,0.514725153,0.021534197999999997,0.014597126
cur_2_60,14,0.48506468,0.864485255,0.930508955,0.965364742,0.6682498920000001,0.48506468,0.021534197999999997,0.014597126
cur_2_70,14,0.455504542,0.849969128,0.922430588,0.961169284,0.641432112,0.455504542,0.021534197999999997,0.014597126
cur_3,14,0.543670181,0.8897254529999999,0.944245065,0.9724152490000001,0.718122218,0.543670181,0.017713619,0.010776546000000001
cur_3_60,14,0.514108812,0.87753194,0.937657602,0.9690469970000001,0.6934906479999999,0.514108812,0.017713619,0.010776546000000001
cur_3_70,14,0.48444386799999994,0.864193807,0.930348062,0.965281539,0.667698633,0.48444386799999994,0.017713619,0.010776546000000001
recover,0,0.9351247359999999,0.988053857,0.9942729359999999,0.997240407,0.963121652,0.9351247359999999,0.005920282,0.005920282
recover_60,0,0.856833165,0.983078166,0.991866232,0.9960758120000001,0.9483047640000001,0.856833165,0.005920282,0.005920282
recover_70,0,0.612076201,0.958888545,0.97998329,0.99028256,0.880451685,0.612076201,0.005920282,0.005920282
