name,effectDays,infectReduct,reduceHosp,reduceIcu,reduceMort,reduceSympt,riskReduct,waneRate,waneRateOut
cur_2,14,0.5573603970000001,0.89458786,0.949049833,0.974857049,0.707414943,0.5573603970000001,0.022264131,0.015358886
cur_2_60,14,0.529102903,0.883352987,0.943251325,0.971908659,0.683293533,0.529102903,0.022264131,0.015358886
cur_2_70,14,0.500651152,0.87109033,0.936835289,0.968624865,0.6581386610000001,0.500651152,0.022264131,0.015358886
cur_3,14,0.529665568,0.883585499,0.943372095,0.971970254,0.683782069,0.529665568,0.025934959,0.019029714
cur_3_60,14,0.501222244,0.87134663,0.936970332,0.968694215,0.6586524429999999,0.501222244,0.025934959,0.019029714
cur_3_70,14,0.47276454700000003,0.858024652,0.9298969420000001,0.9650481759999999,0.632592779,0.47276454700000003,0.025934959,0.019029714
recover,0,0.945017765,0.987997261,0.994495518,0.997347966,0.959102212,0.945017765,0.008401226999999999,0.008401226999999999
recover_60,0,0.9333541190000001,0.982998403,0.992181615,0.9962285909999999,0.942766372,0.9333541190000001,0.008401226999999999,0.008401226999999999
recover_70,0,0.8636037409999999,0.9586995509999999,0.980750487,0.990658771,0.868650714,0.8636037409999999,0.008401226999999999,0.008401226999999999
