name,effectDays,infectReduct,reduceHosp,reduceIcu,reduceMort,reduceSympt,riskReduct,waneRate,waneRateOut
cur_2,14,0.55469587,0.893172472,0.950179112,0.9754291359999999,0.68550714,0.55469587,0.022615918999999998,0.016228735
cur_2_60,14,0.53218783,0.884201276,0.9457042179999999,0.9731581220000001,0.6656252979999999,0.53218783,0.022615918999999998,0.016228735
cur_2_70,14,0.509532099,0.8745754920000001,0.9408488629999999,0.9706816999999999,0.645122615,0.509532099,0.022615918999999998,0.016228735
cur_3,14,0.565971428,0.897461767,0.952301735,0.9765025829999999,0.6952899490000001,0.565971428,0.021111128,0.014723944
cur_3_60,14,0.543564346,0.8888059359999999,0.9480070620000001,0.974328174,0.6757340140000001,0.543564346,0.021111128,0.014723944
cur_3_70,14,0.520963641,0.879510756,0.9433453000000002,0.971956589,0.6555303920000001,0.520963641,0.021111128,0.014723944
recover,0,0.941940507,0.9879482140000001,0.9946806440000001,0.997437406,0.955299957,0.941940507,0.002037933,0.002037933
recover_60,0,0.897018767,0.9829292829999999,0.9924439709999999,0.996355645,0.937544277,0.897018767,0.002037933,0.002037933
recover_70,0,0.738265891,0.95853581,0.9813892329999999,0.990971763,0.8576869859999999,0.738265891,0.002037933,0.002037933
