name,effectDays,infectReduct,reduceHosp,reduceIcu,reduceMort,reduceSympt,riskReduct,waneRate,waneRateOut
cur_2,14,0.45846923,0.852651633,0.917642781,0.9586653959999999,0.690306278,0.45846923,0.020790185,0.014633249
cur_2_60,14,0.44214351799999996,0.844170358,0.9125185459999999,0.9559711059999999,0.676030995,0.44214351799999996,0.020790185,0.014633249
cur_2_70,14,0.42591642799999996,0.835280878,0.907098981,0.9531051309999999,0.661397114,0.42591642799999996,0.020790185,0.014633249
cur_3,14,0.500051288,0.872390608,0.9293963820000001,0.9647891040000001,0.724773227,0.500051288,0.015309247,0.009152311
cur_3_60,14,0.48356708600000003,0.864865428,0.924943636,0.9624783490000001,0.7114225270000001,0.48356708600000003,0.015309247,0.009152311
cur_3_70,14,0.467092645,0.856956475,0.920226526,0.9600182359999999,0.6976723690000001,0.467092645,0.015309247,0.009152311
recover,0,0.881541107,0.931432988,0.9498775220000001,0.935911355,0.90425198,0.881541107,0.005989745,0.005989745
recover_60,0,0.7417737809999999,0.839836945,0.8797395570000001,0.8493300559999999,0.7847374540000001,0.7417737809999999,0.005989745,0.005989745
recover_70,0,0.7417737809999999,0.839836945,0.8797395570000001,0.8493300559999999,0.7847374540000001,0.7417737809999999,0.005989745,0.005989745
