name,effectDays,infectReduct,reduceHosp,reduceIcu,reduceMort,reduceSympt,riskReduct,waneRate,waneRateOut
cur_2,14,0.47857419700000003,0.8613849490000001,0.928928124,0.9645466229999999,0.66137254,0.47857419700000003,0.020381078,0.012737688
cur_2_60,14,0.45084053,0.847525216,0.921204067,0.960529085,0.635965867,0.45084053,0.020381078,0.012737688
cur_2_70,14,0.423401698,0.832544925,0.9127170609999999,0.956075764,0.609770582,0.423401698,0.020381078,0.012737688
cur_3,14,0.542391615,0.889197602,0.9440684420000001,0.9723252490000001,0.7160896729999999,0.542391615,0.011973508,0.004330119
cur_3_60,14,0.5146096029999999,0.8777240209999999,0.937879792,0.969160995,0.6928819629999999,0.5146096029999999,0.011973508,0.004330119
cur_3_70,14,0.48672956,0.8652389290000001,0.93105448,0.96564674,0.668648379,0.48672956,0.011973508,0.004330119
recover,0,0.921374076,0.988051303,0.994283191,0.997245363,0.9629484009999999,0.921374076,0.00891097,0.00891097
recover_60,0,0.870622138,0.9830745679999999,0.9918807609999999,0.9960828509999999,0.948065658,0.870622138,0.00891097,0.00891097
recover_70,0,0.6969288370000001,0.958880018,0.980018617,0.99029989,0.8799384729999999,0.6969288370000001,0.00891097,0.00891097
