name,effectDays,infectReduct,reduceHosp,reduceIcu,reduceMort,reduceSympt,riskReduct,waneRate,waneRateOut
cur_2,14,0.392606622,0.8159921170000001,0.891846563,0.9449475559999999,0.649253607,0.392606622,0.021930988999999998,0.012117501999999999
cur_2_60,14,0.352438276,0.7887581379999999,0.8741072870000001,0.935285895,0.609161707,0.352438276,0.021930988999999998,0.012117501999999999
cur_2_70,14,0.314268178,0.758698022,0.853943531,0.9240697040000001,0.567556481,0.314268178,0.021930988999999998,0.012117501999999999
cur_3,14,0.466504119,0.857124566,0.9177323000000001,0.958712331,0.7146229909999999,0.466504119,0.011996172,0.002182685
cur_3_60,14,0.42405363100000004,0.834745473,0.903780725,0.951341985,0.678300791,0.42405363100000004,0.011996172,0.002182685
cur_3_70,14,0.382711294,0.8096501690000001,0.8877593770000001,0.9427382459999999,0.639702361,0.382711294,0.011996172,0.002182685
recover,0,0.93573088,0.9882061190000001,0.9936227940000001,0.9969260940000001,0.972203211,0.93573088,0.003041092,0.003041092
recover_60,0,0.842428147,0.983292775,0.9909453659999999,0.995629435,0.96088691,0.842428147,0.003041092,0.003041092
recover_70,0,0.560929035,0.959397265,0.9777472779999999,0.989184354,0.90794551,0.560929035,0.003041092,0.003041092
