name,effectDays,infectReduct,reduceHosp,reduceIcu,reduceMort,reduceSympt,riskReduct,waneRate,waneRateOut
cur_2,14,0.420577519,0.832702814,0.90289056,0.9508679090000001,0.672778575,0.420577519,0.021449666000000003,0.013605313
cur_2_60,14,0.38459614299999995,0.8108009840000001,0.88895202,0.943383953,0.639016339,0.38459614299999995,0.021449666000000003,0.013605313
cur_2_70,14,0.34984187299999997,0.786771542,0.8732971709999999,0.9348401140000001,0.60382967,0.34984187299999997,0.021449666000000003,0.013605313
cur_3,14,0.45638222,0.852002285,0.914920425,0.9572358679999999,0.703968246,0.45638222,0.01666652,0.008822166999999999
cur_3_60,14,0.41955569299999995,0.832117667,0.902522167,0.9506715790000001,0.6718544959999999,0.41955569299999995,0.01666652,0.008822166999999999
cur_3_70,14,0.38361153,0.810161685,0.88854049,0.943161244,0.638055701,0.38361153,0.01666652,0.008822166999999999
recover,0,0.887414646,0.917492805,0.939193354,0.9569023059999999,0.9066947329999999,0.887414646,0.006080365999999999,0.006080365999999999
recover_60,0,0.7806934170000001,0.8339480440000001,0.874619235,0.909318574,0.8144275959999999,0.7806934170000001,0.006080365999999999,0.006080365999999999
recover_70,0,0.7806934170000001,0.8339480440000001,0.874619235,0.909318574,0.8144275959999999,0.7806934170000001,0.006080365999999999,0.006080365999999999
