name,effectDays,infectReduct,reduceHosp,reduceIcu,reduceMort,reduceSympt,riskReduct,waneRate,waneRateOut
cur_2,14,0.565013902,0.896577926,0.9542331740000001,0.977477238,0.666739081,0.565013902,0.021821579,0.015985751
cur_2_60,14,0.516648204,0.877056657,0.944926045,0.972762089,0.622119513,0.516648204,0.021821579,0.015985751
cur_2_70,14,0.46799503200000003,0.8544620709999999,0.933863973,0.9670964329999999,0.575356939,0.46799503200000003,0.021821579,0.015985751
cur_3,14,0.604432412,0.910698916,0.960826016,0.980789116,0.70180438,0.604432412,0.016481351,0.010645523
cur_3_60,14,0.5570133,0.8935265029999999,0.952793278,0.976750819,0.659481883,0.5570133,0.016481351,0.010645523
cur_3_70,14,0.508558359,0.873522262,0.9432164479999999,0.97189087,0.614477696,0.508558359,0.016481351,0.010645523
recover,0,0.8623550959999999,0.926844318,0.9031084770000001,0.955629992,0.8668351000000001,0.8623550959999999,0.00483608,0.00483608
recover_60,0,0.718916744,0.8379835409999999,0.791889945,0.897882195,0.7265851170000001,0.718916744,0.00483608,0.00483608
recover_70,0,0.718916744,0.8379835409999999,0.791889945,0.897882195,0.7265851170000001,0.718916744,0.00483608,0.00483608
