name,effectDays,infectReduct,reduceHosp,reduceIcu,reduceMort,reduceSympt,riskReduct,waneRate,waneRateOut
cur_2,14,0.547735604,0.890639319,0.948072015,0.974361134,0.6884599459999999,0.547735604,0.019579813999999997,0.013025098
cur_2_60,14,0.528372098,0.8828161409999999,0.94409945,0.9723410509999999,0.671508104,0.528372098,0.019579813999999997,0.013025098
cur_2_70,14,0.508901681,0.87450289,0.939837477,0.97016423,0.6540781529999999,0.508901681,0.019579813999999997,0.013025098
cur_3,14,0.567477635,0.898195156,0.951874186,0.97628656,0.70536348,0.567477635,0.016948311,0.010393594
cur_3_60,14,0.548262269,0.890846246,0.948176593,0.974414197,0.688915808,0.548262269,0.016948311,0.010393594
cur_3_70,14,0.528880828,0.883027185,0.9442071,0.972395905,0.6719582959999999,0.528880828,0.016948311,0.010393594
recover,0,0.9138455659999999,0.98797035,0.9945979640000001,0.997397463,0.957054125,0.9138455659999999,0.0051991879999999996,0.0051991879999999996
recover_60,0,0.893789132,0.982960478,0.992326794,0.996298902,0.939951434,0.893789132,0.0051991879999999996,0.0051991879999999996
recover_70,0,0.788325617,0.958609705,0.981103886,0.9908319659999999,0.862721319,0.788325617,0.0051991879999999996,0.0051991879999999996
