name,effectDays,infectReduct,reduceHosp,reduceIcu,reduceMort,reduceSympt,riskReduct,waneRate,waneRateOut
cur_2,14,0.474283244,0.859369589,0.927546271,0.963830337,0.659660262,0.474283244,0.021188242000000003,0.012346972
cur_2_60,14,0.41673732700000005,0.828756545,0.910223824,0.954759678,0.6055290289999999,0.41673732700000005,0.021188242000000003,0.012346972
cur_2_70,14,0.361413026,0.793111735,0.889270971,0.943556492,0.548720424,0.361413026,0.021188242000000003,0.012346972
cur_3,14,0.510126616,0.875831446,0.9366161479999999,0.968512307,0.691096488,0.510126616,0.016471424,0.007630154
cur_3_60,14,0.451970638,0.84816877,0.921278115,0.96056776,0.639230724,0.451970638,0.016471424,0.007630154
cur_3_70,14,0.395137685,0.815665925,0.902629232,0.950728646,0.583940763,0.395137685,0.016471424,0.007630154
recover,0,0.827904023,0.889012037,0.92369283,0.935250158,0.8380899940000001,0.827904023,0.003967167,0.003967167
recover_60,0,0.730194227,0.818386266,0.8719572259999999,0.890420752,0.744377802,0.730194227,0.003967167,0.003967167
recover_70,0,0.730194227,0.818386266,0.8719572259999999,0.890420752,0.744377802,0.730194227,0.003967167,0.003967167
