name,effectDays,infectReduct,reduceHosp,reduceIcu,reduceMort,reduceSympt,riskReduct,waneRate,waneRateOut
cur_2,14,0.508174825,0.8750705240000001,0.935735662,0.968059791,0.6934168079999999,0.508174825,0.022109577000000002,0.014641646999999999
cur_2_60,14,0.451602953,0.848084611,0.920665944,0.960247937,0.643191602,0.451602953,0.022109577000000002,0.014641646999999999
cur_2_70,14,0.396292749,0.816515648,0.9024448540000001,0.950630366,0.5896463789999999,0.396292749,0.022109577000000002,0.014641646999999999
cur_3,14,0.499418235,0.8711904690000001,0.9335967690000001,0.966958745,0.68591991,0.499418235,0.023261224,0.015793295
cur_3_60,14,0.44294325,0.8435163059999999,0.918069404,0.958889035,0.6351128220000001,0.44294325,0.023261224,0.015793295
cur_3_70,14,0.387943362,0.811209348,0.899317169,0.948960169,0.5811447439999999,0.387943362,0.023261224,0.015793295
recover,0,0.943529535,0.988066126,0.994223372,0.997216453,0.963943856,0.943529535,0.001436172,0.001436172
recover_60,0,0.879070602,0.9830954590000001,0.9917960109999999,0.9960417890000001,0.94943997,0.879070602,0.001436172,0.001436172
recover_70,0,0.66549005,0.958929525,0.97981257,0.990198803,0.8828929120000001,0.66549005,0.001436172,0.001436172
