name,effectDays,infectReduct,reduceHosp,reduceIcu,reduceMort,reduceSympt,riskReduct,waneRate,waneRateOut
cur_2,14,0.430725287,0.837839507,0.909378407,0.954312602,0.6611317210000001,0.430725287,0.022139911,0.008621535999999999
cur_2_60,14,0.406729464,0.8239918559999999,0.900917347,0.9498153859999999,0.638701329,0.406729464,0.022139911,0.008621535999999999
cur_2_70,14,0.383158638,0.809223083,0.8917554209999999,0.944898398,0.615637325,0.383158638,0.022139911,0.008621535999999999
cur_3,14,0.45413191,0.850323808,0.916901374,0.958276496,0.682057754,0.45413191,0.019019814,0.005501438000000001
cur_3_60,14,0.429816642,0.8373352709999999,0.9090724790000001,0.954150718,0.660300795,0.429816642,0.019019814,0.005501438000000001
cur_3_70,14,0.40582308200000006,0.8234462370000001,0.900581422,0.9496359740000001,0.637833777,0.40582308200000006,0.019019814,0.005501438000000001
recover,0,0.858518676,0.909718668,0.924294498,0.9251145620000001,0.9026003640000001,0.858518676,0.0054571509999999995,0.0054571509999999995
recover_60,0,0.7362294779999999,0.822536272,0.8488489459999999,0.8503539440000001,0.8099798229999999,0.7362294779999999,0.0054571509999999995,0.0054571509999999995
recover_70,0,0.7362294779999999,0.822536272,0.8488489459999999,0.8503539440000001,0.8099798229999999,0.7362294779999999,0.0054571509999999995,0.0054571509999999995
