name,effectDays,infectReduct,reduceHosp,reduceIcu,reduceMort,reduceSympt,riskReduct,waneRate,waneRateOut
cur_2,14,0.452595863,0.8494193240000001,0.9169947420000001,0.958325489,0.67633977,0.452595863,0.021149966,0.013063103000000001
cur_2_60,14,0.420251579,0.8318087759999999,0.9064164990000001,0.952743019,0.646901803,0.420251579,0.021149966,0.013063103000000001
cur_2_70,14,0.388578628,0.812593496,0.8946453129999999,0.946454681,0.616305994,0.388578628,0.021149966,0.013063103000000001
cur_3,14,0.476100394,0.8611136359999999,0.9239111529999999,0.9619409520000001,0.696675745,0.476100394,0.018042576,0.009955714000000001
cur_3_60,14,0.443437084,0.844620571,0.914131804,0.956820966,0.668179955,0.443437084,0.018042576,0.009955714000000001
cur_3_70,14,0.41125628200000003,0.8265638059999999,0.903227461,0.951047387,0.638397281,0.41125628200000003,0.018042576,0.009955714000000001
recover,0,0.9158455,0.991820625,0.995806722,0.997981077,0.978222798,0.9158455,0.003829704,0.003829704
recover_60,0,0.8344709920000001,0.990617663,0.99518716,0.997682032,0.975070235,0.8344709920000001,0.003829704,0.003829704
recover_70,0,0.591946538,0.980521214,0.989958158,0.995150422,0.949102627,0.591946538,0.003829704,0.003829704
