name,effectDays,infectReduct,reduceHosp,reduceIcu,reduceMort,reduceSympt,riskReduct,waneRate,waneRateOut
cur_2,14,0.558951073,0.894527946,0.952125152,0.976413375,0.6747824259999999,0.558951073,0.020745725,0.013155038999999999
cur_2_60,14,0.52536106,0.88105673,0.945562743,0.973086146,0.64440183,0.52536106,0.020745725,0.013155038999999999
cur_2_70,14,0.491542233,0.866123491,0.93815975,0.969304591,0.61281381,0.491542233,0.020745725,0.013155038999999999
cur_3,14,0.561570639,0.89552692,0.9526074990000001,0.976657013,0.677111441,0.561570639,0.020396156000000002,0.01280547
cur_3_60,14,0.528011665,0.882166489,0.946107465,0.973363216,0.646834542,0.528011665,0.020396156000000002,0.01280547
cur_3_70,14,0.49419987,0.867351602,0.938773752,0.969619375,0.615333625,0.49419987,0.020396156000000002,0.01280547
recover,0,0.82097148,0.8666643340000001,0.9258502679999999,0.945573161,0.8756121109999999,0.82097148,0.004650608,0.004650608
recover_60,0,0.611612645,0.690601894,0.8108862029999999,0.856446811,0.7073754329999999,0.611612645,0.004650608,0.004650608
recover_70,0,0.611612645,0.690601894,0.8108862029999999,0.856446811,0.7073754329999999,0.611612645,0.004650608,0.004650608
