name,effectDays,infectReduct,reduceHosp,reduceIcu,reduceMort,reduceSympt,riskReduct,waneRate,waneRateOut
cur_2,14,0.521056026,0.8805208390000001,0.939128847,0.969801328,0.700718512,0.521056026,0.021332913999999998,0.012701663
cur_2_60,14,0.47291078799999997,0.858712169,0.927132671,0.9636157390000001,0.6588075320000001,0.47291078799999997,0.021332913999999998,0.012701663
cur_2_70,14,0.42528924100000004,0.833688916,0.91299954,0.956224649,0.6142826610000001,0.42528924100000004,0.021332913999999998,0.012701663
cur_3,14,0.505716993,0.8739083679999999,0.9355224670000001,0.967950157,0.6876845970000001,0.505716993,0.023351707000000003,0.014720457
cur_3_60,14,0.457634814,0.8510968259999999,0.922873933,0.9614004840000001,0.64487341,0.457634814,0.023351707000000003,0.014720457
cur_3_70,14,0.410353951,0.824999698,0.907996758,0.9535810659999999,0.5996352110000001,0.410353951,0.023351707000000003,0.014720457
recover,0,0.812170185,0.88440797,0.9077403959999999,0.8718800179999999,0.865354434,0.812170185,0.004486688,0.004486688
recover_60,0,0.671794164,0.7836370909999999,0.823245034,0.7631128540000001,0.752619235,0.671794164,0.004486688,0.004486688
recover_70,0,0.671794164,0.7836370909999999,0.823245034,0.7631128540000001,0.752619235,0.671794164,0.004486688,0.004486688
