name,effectDays,infectReduct,reduceHosp,reduceIcu,reduceMort,reduceSympt,riskReduct,waneRate,waneRateOut
cur_2,14,0.443796464,0.845550323,0.9104847640000001,0.954897586,0.696027725,0.443796464,0.020463033000000002,0.011325613
cur_2_60,14,0.40284000799999997,0.8223341120000001,0.895826687,0.9470894590000001,0.659389691,0.40284000799999997,0.020463033000000002,0.011325613
cur_2_70,14,0.363209524,0.796478227,0.879093715,0.938020944,0.620756506,0.363209524,0.020463033000000002,0.011325613
cur_3,14,0.462560834,0.8551836829999999,0.916468132,0.9580490979999999,0.711808507,0.462560834,0.017973255,0.008835834
cur_3_60,14,0.421184004,0.8331297440000001,0.902685108,0.9507584259999999,0.676187645,0.421184004,0.017973255,0.008835834
cur_3_70,14,0.380899974,0.80847905,0.886914712,0.942280424,0.638414955,0.380899974,0.017973255,0.008835834
recover,0,0.83792272,0.8686177409999999,0.929942787,0.9416528890000001,0.896901101,0.83792272,0.005089187,0.005089187
recover_60,0,0.7042467809999999,0.752789026,0.859429742,0.881423272,0.800273995,0.7042467809999999,0.005089187,0.005089187
recover_70,0,0.7042467809999999,0.752789026,0.859429742,0.881423272,0.800273995,0.7042467809999999,0.005089187,0.005089187
