name,effectDays,infectReduct,reduceHosp,reduceIcu,reduceMort,reduceSympt,riskReduct,waneRate,waneRateOut
cur_2,14,0.547915667,0.889862258,0.951553408,0.976124419,0.64527951,0.547915667,0.018553987,0.014233611
cur_2_60,14,0.505668883,0.87211153,0.9431096959999999,0.9718364159999999,0.6055816620000001,0.505668883,0.018553987,0.014233611
cur_2_70,14,0.463357125,0.851984017,0.9333015370000001,0.9668065690000001,0.564455863,0.463357125,0.018553987,0.014233611
cur_3,14,0.6012875529999999,0.909530443,0.9606915540000001,0.980721802,0.693585042,0.6012875529999999,0.01136779,0.007047414
cur_3_60,14,0.560023311,0.894574055,0.953763131,0.977240227,0.656414727,0.560023311,0.01136779,0.007047414
cur_3_70,14,0.517928662,0.8774851370000001,0.945685898,0.973148803,0.61723916,0.517928662,0.01136779,0.007047414
recover,0,0.809112368,0.880210562,0.91606433,0.9394725890000001,0.8687261540000001,0.809112368,0.004155033,0.004155033
recover_60,0,0.592395661,0.7158667209999999,0.789125278,0.841821953,0.694102025,0.592395661,0.004155033,0.004155033
recover_70,0,0.592395661,0.7158667209999999,0.789125278,0.841821953,0.694102025,0.592395661,0.004155033,0.004155033
