name,effectDays,infectReduct,reduceHosp,reduceIcu,reduceMort,reduceSympt,riskReduct,waneRate,waneRateOut
cur_2,14,0.486590715,0.865468418,0.929654933,0.964922937,0.680993828,0.486590715,0.021545482,0.015816622
cur_2_60,14,0.43663546700000005,0.840277422,0.915306691,0.957438956,0.635796224,0.43663546700000005,0.021545482,0.015816622
cur_2_70,14,0.38796128,0.811415167,0.8983624729999999,0.948449215,0.5880967029999999,0.38796128,0.021545482,0.015816622
cur_3,14,0.504346362,0.873526735,0.934161017,0.9672494509999999,0.69622354,0.504346362,0.019210056,0.013481195
cur_3_60,14,0.454180824,0.849582408,0.920653432,0.960241398,0.652081311,0.454180824,0.019210056,0.013481195
cur_3_70,14,0.404956679,0.8220454909999999,0.9046675009999999,0.951813798,0.6051902060000001,0.404956679,0.019210056,0.013481195
recover,0,0.88962673,0.9192655759999999,0.949959268,0.967623227,0.902943625,0.88962673,0.005977258,0.005977258
recover_60,0,0.8068936059999999,0.8551312179999999,0.9077610190000001,0.93936991,0.828265582,0.8068936059999999,0.005977258,0.005977258
recover_70,0,0.8068936059999999,0.8551312179999999,0.9077610190000001,0.93936991,0.828265582,0.8068936059999999,0.005977258,0.005977258
