name,effectDays,infectReduct,reduceHosp,reduceIcu,reduceMort,reduceSympt,riskReduct,waneRate,waneRateOut
cur_2,14,0.455495173,0.8504426820000001,0.9201583179999999,0.959982571,0.660620506,0.455495173,0.021477771,0.015065018000000001
cur_2_60,14,0.42864173299999997,0.836056452,0.91178255,0.9555828890000001,0.6357945420000001,0.42864173299999997,0.021477771,0.015065018000000001
cur_2_70,14,0.40219383799999997,0.820573317,0.902618114,0.95072272,0.610215918,0.40219383799999997,0.021477771,0.015065018000000001
cur_3,14,0.46463281799999995,0.8550614670000001,0.9228194670000001,0.9613720859999999,0.668818671,0.46463281799999995,0.020268358,0.013855605
cur_3_60,14,0.437673685,0.841036481,0.914696985,0.95711835,0.644269483,0.437673685,0.020268358,0.013855605
cur_3_70,14,0.411069449,0.8259257440000001,0.9058040359999999,0.9524178259999999,0.6189293220000001,0.411069449,0.020268358,0.013855605
recover,0,0.890295912,0.9880981109999999,0.994091913,0.997152913,0.966008698,0.890295912,0.009495432,0.009495432
recover_60,0,0.8175346170000001,0.983140538,0.991609779,0.995951543,0.952294306,0.8175346170000001,0.009495432,0.009495432
recover_70,0,0.5973667579999999,0.959036362,0.9793599709999999,0.9899766790000001,0.889065159,0.5973667579999999,0.009495432,0.009495432
