name,effectDays,infectReduct,reduceHosp,reduceIcu,reduceMort,reduceSympt,riskReduct,waneRate,waneRateOut
cur_2,14,0.46878187,0.856709189,0.9259138440000001,0.962982786,0.65588468,0.46878187,0.020648394,0.013058719
cur_2_60,14,0.450299544,0.8473281229999999,0.92064384,0.9602363840000001,0.6388976470000001,0.450299544,0.020648394,0.013058719
cur_2_70,14,0.43193121799999995,0.837437124,0.9150263390000001,0.957291563,0.621534656,0.43193121799999995,0.020648394,0.013058719
cur_3,14,0.5034050379999999,0.872903442,0.934881313,0.9676202979999999,0.6864691820000001,0.5034050379999999,0.016089856,0.008500182
cur_3_60,14,0.48480344200000003,0.8644148000000001,0.93020111,0.9652055340000001,0.670232841,0.48480344200000003,0.016089856,0.008500182
cur_3_70,14,0.466221375,0.855441923,0.92520519,0.96261439,0.653559546,0.466221375,0.016089856,0.008500182
recover,0,0.857755655,0.908529653,0.935719753,0.932006859,0.895584925,0.857755655,0.0051681520000000005,0.0051681520000000005
recover_60,0,0.7926212970000001,0.862929627,0.902215702,0.896781055,0.8446352090000001,0.7926212970000001,0.0051681520000000005,0.0051681520000000005
recover_70,0,0.7926212970000001,0.862929627,0.902215702,0.896781055,0.8446352090000001,0.7926212970000001,0.0051681520000000005,0.0051681520000000005
