name,effectDays,infectReduct,reduceHosp,reduceIcu,reduceMort,reduceSympt,riskReduct,waneRate,waneRateOut
cur_2,14,0.48312264299999996,0.8640160240000001,0.9279279020000001,0.964028263,0.685135693,0.48312264299999996,0.021656709,0.011278541999999999
cur_2_60,14,0.447409799,0.8462448859999999,0.917713668,0.958702562,0.653366112,0.447409799,0.021656709,0.011278541999999999
cur_2_70,14,0.412236885,0.826620589,0.906200095,0.952628142,0.620173419,0.412236885,0.021656709,0.011278541999999999
cur_3,14,0.521267029,0.8809763759999999,0.937493637,0.9689628570000001,0.7171015959999999,0.521267029,0.016637929,0.0062597619999999994
cur_3_60,14,0.485382374,0.865075587,0.928530668,0.96434071,0.687084274,0.485382374,0.016637929,0.0062597619999999994
cur_3_70,14,0.449653376,0.847421378,0.918396034,0.9590601879999999,0.655417506,0.449653376,0.016637929,0.0062597619999999994
recover,0,0.783160909,0.854239703,0.8926481740000001,0.901050805,0.818686754,0.783160909,0.003404775,0.003404775
recover_60,0,0.6299417660000001,0.7341991059999999,0.796711319,0.811033481,0.680323688,0.6299417660000001,0.003404775,0.003404775
recover_70,0,0.6299417660000001,0.7341991059999999,0.796711319,0.811033481,0.680323688,0.6299417660000001,0.003404775,0.003404775
