name,effectDays,infectReduct,reduceHosp,reduceIcu,reduceMort,reduceSympt,riskReduct,waneRate,waneRateOut
cur_2,14,0.45021450399999996,0.8492108859999999,0.91100905,0.955174555,0.7124075959999999,0.45021450399999996,0.022811513,0.015924336
cur_2_60,14,0.419060831,0.8322418009999999,0.900176951,0.949419866,0.6857404770000001,0.419060831,0.022811513,0.015924336
cur_2_70,14,0.38853826399999997,0.81378111,0.8881876959999999,0.94297024,0.657787339,0.38853826399999997,0.022811513,0.015924336
cur_3,14,0.452055936,0.8501607059999999,0.91161012,0.9554918929999999,0.713928853,0.452055936,0.022567016000000002,0.01567984
cur_3_60,14,0.420872385,0.8332775240000001,0.9008432209999999,0.949775802,0.687340885,0.420872385,0.022567016000000002,0.01567984
cur_3_70,14,0.390306521,0.8149054590000001,0.888924114,0.943368854,0.659459409,0.390306521,0.022567016000000002,0.01567984
recover,0,0.872448785,0.916611827,0.943441104,0.9518569259999999,0.876204647,0.872448785,0.004829029,0.004829029
recover_60,0,0.701376008,0.7905511,0.8513620959999999,0.871614566,0.708486105,0.701376008,0.004829029,0.004829029
recover_70,0,0.701376008,0.7905511,0.8513620959999999,0.871614566,0.708486105,0.701376008,0.004829029,0.004829029
