name,effectDays,infectReduct,reduceHosp,reduceIcu,reduceMort,reduceSympt,riskReduct,waneRate,waneRateOut
cur_2,14,0.516498805,0.878113534,0.940187425,0.970343342,0.675412839,0.516498805,0.021768203,0.007731781
cur_2_60,14,0.48795574799999997,0.86535293,0.93343285,0.966874259,0.649891995,0.48795574799999997,0.021768203,0.007731781
cur_2_70,14,0.459484703,0.8514791190000001,0.9259738000000001,0.963013942,0.623477187,0.459484703,0.021768203,0.007731781
cur_3,14,0.518766698,0.879082343,0.9406961640000001,0.970603608,0.6774009009999999,0.518766698,0.021469587999999998,0.007433166
cur_3_60,14,0.490225384,0.866407735,0.933995007,0.9671639390000001,0.651955821,0.490225384,0.021469587999999998,0.007433166
cur_3_70,14,0.461741329,0.852624099,0.9265939940000001,0.9633360999999999,0.625607021,0.461741329,0.021469587999999998,0.007433166
recover,0,0.836531754,0.878423015,0.920049274,0.924729329,0.861179235,0.836531754,0.004651947,0.004651947
recover_60,0,0.701705198,0.76858988,0.841015327,0.849565325,0.740372282,0.701705198,0.004651947,0.004651947
recover_70,0,0.701705198,0.76858988,0.841015327,0.849565325,0.740372282,0.701705198,0.004651947,0.004651947
