name,effectDays,infectReduct,reduceHosp,reduceIcu,reduceMort,reduceSympt,riskReduct,waneRate,waneRateOut
cur_2,14,0.389459696,0.813469735,0.893371967,0.945769561,0.628058495,0.389459696,0.020678261,0.009585773
cur_2_60,14,0.346454035,0.7837468609999999,0.8744156059999999,0.935455447,0.583903353,0.346454035,0.020678261,0.009585773
cur_2_70,14,0.305837679,0.750755897,0.852656375,0.9233450759999999,0.53838167,0.305837679,0.020678261,0.009585773
cur_3,14,0.456722536,0.851795706,0.9169565709999999,0.95830546,0.689960903,0.456722536,0.011602979,0.000510491
cur_3_60,14,0.411292964,0.826880237,0.901731884,0.95025014,0.649048119,0.411292964,0.011602979,0.000510491
cur_3_70,14,0.367347854,0.798780145,0.884078129,0.940739818,0.605842416,0.367347854,0.011602979,0.000510491
recover,0,0.8949238359999999,0.92638609,0.946143657,0.965505097,0.937359573,0.8949238359999999,0.00679732,0.00679732
recover_60,0,0.781939528,0.841230058,0.880904767,0.9217807509999999,0.863020589,0.781939528,0.00679732,0.00679732
recover_70,0,0.781939528,0.841230058,0.880904767,0.9217807509999999,0.863020589,0.781939528,0.00679732,0.00679732
