name,effectDays,infectReduct,reduceHosp,reduceIcu,reduceMort,reduceSympt,riskReduct,waneRate,waneRateOut
cur_2,14,0.404759625,0.8233764840000001,0.897202382,0.947827613,0.657019874,0.404759625,0.020304198,0.011112413
cur_2_60,14,0.37142999,0.802021668,0.883510723,0.9404310690000001,0.624718957,0.37142999,0.020304198,0.011112413
cur_2_70,14,0.33928440299999996,0.7787816120000001,0.8682652059999999,0.9320621659999999,0.5912726460000001,0.33928440299999996,0.020304198,0.011112413
cur_3,14,0.48325188799999996,0.86506921,0.923095883,0.9615161870000001,0.7248595440000001,0.48325188799999996,0.009827888,0.0006361030000000001
cur_3_60,14,0.448327001,0.84782363,0.9125167120000001,0.955970139,0.695991356,0.448327001,0.009827888,0.0006361030000000001
cur_3_70,14,0.41390865200000004,0.828812526,0.900640435,0.9496674970000001,0.665495901,0.41390865200000004,0.009827888,0.0006361030000000001
recover,0,0.838536517,0.8876246459999999,0.91722733,0.929546295,0.898803754,0.838536517,0.005556596,0.005556596
recover_60,0,0.6893175490000001,0.771403988,0.8256072170000001,0.849321885,0.791428007,0.6893175490000001,0.005556596,0.005556596
recover_70,0,0.6893175490000001,0.771403988,0.8256072170000001,0.849321885,0.791428007,0.6893175490000001,0.005556596,0.005556596
