name,effectDays,infectReduct,reduceHosp,reduceIcu,reduceMort,reduceSympt,riskReduct,waneRate,waneRateOut
cur_2,14,0.49759029200000005,0.86992763,0.935138774,0.9677527840000001,0.665113206,0.49759029200000005,0.020126751000000002,0.010900712
cur_2_60,14,0.47077913899999996,0.857287492,0.9283135,0.9642281640000001,0.640788209,0.47077913899999996,0.020126751000000002,0.010900712
cur_2_70,14,0.44412651799999997,0.84363497,0.920828148,0.9603326990000001,0.615708527,0.44412651799999997,0.020126751000000002,0.010900712
cur_3,14,0.560512242,0.895967348,0.9488905990000001,0.974776327,0.718906679,0.560512242,0.011812884,0.002586845
cur_3_60,14,0.533913683,0.8855247009999999,0.9434248670000001,0.971997166,0.696707284,0.533913683,0.011812884,0.002586845
cur_3_70,14,0.50711174,0.8741770109999999,0.9374110259999999,0.9689204579999999,0.673542758,0.50711174,0.011812884,0.002586845
recover,0,0.949033879,0.9880201120000001,0.994406827,0.997305111,0.9607709870000001,0.949033879,0.007961631,0.007961631
recover_60,0,0.935102785,0.983030608,0.9920559390000001,0.9961677170000001,0.9450635270000001,0.935102785,0.007961631,0.007961631
recover_70,0,0.862083825,0.958775853,0.9804446840000001,0.99050885,0.873523535,0.862083825,0.007961631,0.007961631
