name,effectDays,infectReduct,reduceHosp,reduceIcu,reduceMort,reduceSympt,riskReduct,waneRate,waneRateOut
cur_2,14,0.379465139,0.807495198,0.886514468,0.942063335,0.635693245,0.379465139,0.020667193,0.008957426999999999
cur_2_60,14,0.364137376,0.7970865490000001,0.8797420579999999,0.93837545,0.620362609,0.364137376,0.020667193,0.008957426999999999
cur_2_70,14,0.34905667,0.786246482,0.87261193,0.934462735,0.6047628979999999,0.34905667,0.020667193,0.008957426999999999
cur_3,14,0.456989683,0.8523518790000001,0.914898902,0.9572245490000001,0.706007464,0.456989683,0.010167964,-0.001541802
cur_3_60,14,0.44075468100000004,0.84389975,0.9096477359999999,0.9544550740000001,0.692203076,0.44075468100000004,0.010167964,-0.001541802
cur_3_70,14,0.424619827,0.83504299,0.904097433,0.951510544,0.678023237,0.424619827,0.010167964,-0.001541802
recover,0,0.897627776,0.934841163,0.951205304,0.9565095509999999,0.9304379890000001,0.897627776,0.006524945999999999,0.006524945999999999
recover_60,0,0.7418577279999999,0.824632672,0.8646680309999999,0.878174538,0.81426174,0.7418577279999999,0.006524945999999999,0.006524945999999999
recover_70,0,0.7418577279999999,0.824632672,0.8646680309999999,0.878174538,0.81426174,0.7418577279999999,0.006524945999999999,0.006524945999999999
