name,effectDays,infectReduct,reduceHosp,reduceIcu,reduceMort,reduceSympt,riskReduct,waneRate,waneRateOut
cur_2,14,0.412105781,0.827809872,0.899682907,0.94915577,0.6657745389999999,0.412105781,0.020595743,0.010578141000000001
cur_2_60,14,0.367127408,0.7991340659999999,0.8812596429999999,0.9392042490000001,0.622422218,0.367127408,0.020595743,0.010578141000000001
cur_2_70,14,0.324370968,0.767044055,0.859991203,0.927460362,0.577042916,0.324370968,0.020595743,0.010578141000000001
cur_3,14,0.468245387,0.8579371859999999,0.9184734,0.959100719,0.714473817,0.468245387,0.01309731,0.003079708
cur_3_60,14,0.42153314299999994,0.833268108,0.9031294540000001,0.950995183,0.674348535,0.42153314299999994,0.01309731,0.003079708
cur_3_70,14,0.376207013,0.805302703,0.8852682829999999,0.941386803,0.631515364,0.376207013,0.01309731,0.003079708
recover,0,0.928566195,0.988202116,0.9936409009999999,0.9969348509999999,0.971993653,0.928566195,0.005472483,0.005472483
recover_60,0,0.9104286890000001,0.9832871329999999,0.990971006,0.9956418690000001,0.960595497,0.9104286890000001,0.005472483,0.005472483
recover_70,0,0.8163915409999999,0.9593838859999999,0.977809453,0.9892149259999999,0.90729771,0.8163915409999999,0.005472483,0.005472483
