name,effectDays,infectReduct,reduceHosp,reduceIcu,reduceMort,reduceSympt,riskReduct,waneRate,waneRateOut
cur_2,14,0.515822864,0.8781226259999999,0.938710231,0.9695868190000001,0.6884478959999999,0.515822864,0.021228028,0.015022642
cur_2_60,14,0.488540949,0.865949966,0.932121073,0.9661976170000001,0.664567613,0.488540949,0.021228028,0.015022642
cur_2_70,14,0.46131876200000005,0.8527611629999999,0.924877875,0.962444139,0.6398068020000001,0.46131876200000005,0.021228028,0.015022642
cur_3,14,0.545059388,0.890141387,0.9451275859999999,0.97286469,0.713059158,0.545059388,0.0173678,0.011162413999999999
cur_3_60,14,0.517885126,0.879003715,0.9391836490000001,0.969829403,0.690216465,0.517885126,0.0173678,0.011162413999999999
cur_3_70,14,0.490596243,0.866901831,0.93263962,0.9664652090000001,0.6663985689999999,0.490596243,0.0173678,0.011162413999999999
recover,0,0.878922965,0.93254858,0.936488187,0.9510520920000001,0.912945185,0.878922965,0.006002891999999999,0.006002891999999999
recover_60,0,0.767455797,0.862740886,0.8701901759999999,0.898306005,0.826621258,0.767455797,0.006002891999999999,0.006002891999999999
recover_70,0,0.767455797,0.862740886,0.8701901759999999,0.898306005,0.826621258,0.767455797,0.006002891999999999,0.006002891999999999
