name,effectDays,infectReduct,reduceHosp,reduceIcu,reduceMort,reduceSympt,riskReduct,waneRate,waneRateOut
cur_2,14,0.398737701,0.81949537,0.895965034,0.947163742,0.644137473,0.398737701,0.019406393,0.010848385
cur_2_60,14,0.39524776100000003,0.817328814,0.894598275,0.9464293890000001,0.64078873,0.39524776100000003,0.019406393,0.010848385
cur_2_70,14,0.391723675,0.815113795,0.89319777,0.94567576,0.6373827710000001,0.391723675,0.019406393,0.010848385
cur_3,14,0.47425786700000006,0.860638122,0.921350709,0.960605672,0.711162249,0.47425786700000006,0.009291286999999999,0.0007332780000000001
cur_3_60,14,0.47062431200000004,0.858880355,0.9202877829999999,0.960050264,0.708158463,0.47062431200000004,0.009291286999999999,0.0007332780000000001
cur_3_70,14,0.466947082,0.8570810759999999,0.9191977920000001,0.959480048,0.7050973079999999,0.466947082,0.009291286999999999,0.0007332780000000001
recover,0,0.92251248,0.991848307,0.995686087,0.997922865,0.979802257,0.92251248,0.008920441999999999,0.008920441999999999
recover_60,0,0.84384638,0.990649378,0.99504879,0.997615218,0.976872938,0.84384638,0.008920441999999999,0.008920441999999999
recover_70,0,0.60473816,0.98058639,0.9896710129999999,0.9950110000000001,0.9526919759999999,0.60473816,0.008920441999999999,0.008920441999999999
