name,effectDays,infectReduct,reduceHosp,reduceIcu,reduceMort,reduceSympt,riskReduct,waneRate,waneRateOut
cur_2,14,0.56345433,0.895638272,0.9553087709999999,0.978019144,0.64628529,0.56345433,0.021395264,0.01619917
cur_2_60,14,0.532361154,0.883304925,0.9496306309999999,0.975151365,0.617082433,0.532361154,0.021395264,0.01619917
cur_2_70,14,0.501012861,0.86972526,0.943273538,0.9719199890000001,0.587007584,0.501012861,0.021395264,0.01619917
cur_3,14,0.598488877,0.908350019,0.9610683040000001,0.980910387,0.6784657140000001,0.598488877,0.016661693999999998,0.011465600000000001
cur_3_60,14,0.567977771,0.89734675,0.956088292,0.978411494,0.650482849,0.567977771,0.016661693999999998,0.011465600000000001
cur_3_70,14,0.536940285,0.885188725,0.950503737,0.9755934620000001,0.621421919,0.536940285,0.016661693999999998,0.011465600000000001
recover,0,0.940903926,0.987835522,0.99508032,0.9976304429999999,0.945322452,0.940903926,0.008229956,0.008229956
recover_60,0,0.873742005,0.982770479,0.99301052,0.9966298929999999,0.92391916,0.873742005,0.008229956,0.008229956
recover_70,0,0.65427469,0.958159742,0.982770274,0.9916477690000001,0.829803075,0.65427469,0.008229956,0.008229956
