name,effectDays,infectReduct,reduceHosp,reduceIcu,reduceMort,reduceSympt,riskReduct,waneRate,waneRateOut
cur_2,14,0.46177856,0.8548420959999999,0.915976059,0.95779069,0.712969083,0.46177856,0.021493848,0.012648416
cur_2_60,14,0.445015445,0.846244928,0.91062106,0.954969603,0.69892866,0.445015445,0.021493848,0.012648416
cur_2_70,14,0.428351694,0.8372217129999999,0.9049514670000001,0.9519647859999999,0.6844834540000001,0.428351694,0.021493848,0.012648416
cur_3,14,0.445555349,0.8465291159999999,0.9107988029999999,0.955063505,0.6993884109999999,0.445555349,0.023645987,0.014800555
cur_3_60,14,0.42891184,0.837533174,0.9051480159999999,0.952069266,0.6849771990000001,0.42891184,0.023645987,0.014800555
cur_3_70,14,0.41240300799999996,0.828102555,0.8991696920000001,0.948881273,0.67017849,0.41240300799999996,0.023645987,0.014800555
recover,0,0.8199263290000001,0.874442116,0.909760949,0.9123602190000001,0.8418234379999999,0.8199263290000001,0.004188509,0.004188509
recover_60,0,0.635106911,0.726941455,0.793975924,0.799174086,0.67044511,0.635106911,0.004188509,0.004188509
recover_70,0,0.635106911,0.726941455,0.793975924,0.799174086,0.67044511,0.635106911,0.004188509,0.004188509
