name,effectDays,infectReduct,reduceHosp,reduceIcu,reduceMort,reduceSympt,riskReduct,waneRate,waneRateOut
cur_2,14,0.493020019,0.8691612759999999,0.927848703,0.9639871940000001,0.716515075,0.493020019,0.022673426,0.016374603
cur_2_60,14,0.452595087,0.849577873,0.9162025020000001,0.9579096220000001,0.6824320559999999,0.452595087,0.022673426,0.016374603
cur_2_70,14,0.41279883100000003,0.827652115,0.902877873,0.9508611490000001,0.646286351,0.41279883100000003,0.022673426,0.016374603
cur_3,14,0.49750622200000005,0.871188669,0.9290409559999999,0.9646050629999999,0.720146191,0.49750622200000005,0.022083402999999998,0.015784579
cur_3_60,14,0.45704505799999995,0.8518569970000001,0.917570104,0.958627287,0.6863086079999999,0.45704505799999995,0.022083402999999998,0.015784579
cur_3_70,14,0.417155701,0.83019705,0.9044402559999999,0.951692935,0.650378083,0.417155701,0.022083402999999998,0.015784579
recover,0,0.8547282159999999,0.9016871120000001,0.905492227,0.937271176,0.8796135890000001,0.8547282159999999,0.00501087,0.00501087
recover_60,0,0.7308827040000001,0.808925115,0.815586217,0.873368919,0.771306742,0.7308827040000001,0.00501087,0.00501087
recover_70,0,0.7308827040000001,0.808925115,0.815586217,0.873368919,0.771306742,0.7308827040000001,0.00501087,0.00501087
