name,effectDays,infectReduct,reduceHosp,reduceIcu,reduceMort,reduceSympt,riskReduct,waneRate,waneRateOut
cur_2,14,0.498125,0.8703306670000001,0.934544355,0.96744685,0.672700977,0.498125,0.02127476,0.013815863999999999
cur_2_60,14,0.450470288,0.847175143,0.9218257329999999,0.960853678,0.629286249,0.450470288,0.02127476,0.013815863999999999
cur_2_70,14,0.403731471,0.8207510920000001,0.9068904790000001,0.9529945329999999,0.583701124,0.403731471,0.02127476,0.013815863999999999
cur_3,14,0.5362530879999999,0.8866181340000001,0.9432916290000001,0.9719292159999999,0.7054098740000001,0.5362530879999999,0.016252273,0.008793377
cur_3_60,14,0.488501174,0.865923057,0.93214928,0.9662121770000001,0.6641678320000001,0.488501174,0.016252273,0.008793377
cur_3_70,14,0.440982934,0.842136557,0.91901307,0.959383346,0.620283787,0.440982934,0.016252273,0.008793377
recover,0,0.913125284,0.9880369990000001,0.9943402640000001,0.997272945,0.961963951,0.913125284,0.008811837,0.008811837
recover_60,0,0.833104148,0.983054407,0.991961625,0.9961220279999999,0.9467076640000001,0.833104148,0.008811837,0.008811837
recover_70,0,0.594378241,0.958832245,0.980215266,0.9903963459999999,0.877030128,0.594378241,0.008811837,0.008811837
