name,effectDays,infectReduct,reduceHosp,reduceIcu,reduceMort,reduceSympt,riskReduct,waneRate,waneRateOut
cur_2,14,0.453108089,0.8500352729999999,0.9153897440000001,0.9574826120000001,0.690207437,0.453108089,0.021009943,0.011905713
cur_2_60,14,0.39624018,0.817849086,0.8955059740000001,0.946917215,0.638313981,0.39624018,0.021009943,0.011905713
cur_2_70,14,0.342083545,0.780567276,0.8716236940000001,0.933917982,0.58302086,0.342083545,0.021009943,0.011905713
cur_3,14,0.466889041,0.85697144,0.919589082,0.9596848240000001,0.701943905,0.466889041,0.019185861000000002,0.01008163
cur_3_60,14,0.40958689200000004,0.825969145,0.900584997,0.949637884,0.651022405,0.40958689200000004,0.019185861000000002,0.01008163
cur_3_70,14,0.354677688,0.789922407,0.877705009,0.9372607609999999,0.596443808,0.354677688,0.019185861000000002,0.01008163
recover,0,0.918198298,0.988173483,0.99376877,0.996996685,0.970451418,0.918198298,0.0013948920000000002,0.0013948920000000002
recover_60,0,0.793593298,0.983246774,0.991152083,0.995729675,0.9584524259999999,0.793593298,0.0013948920000000002,0.0013948920000000002
recover_70,0,0.464959642,0.9592881940000001,0.978248694,0.989430846,0.902550025,0.464959642,0.0013948920000000002,0.0013948920000000002
