name,effectDays,infectReduct,reduceHosp,reduceIcu,reduceMort,reduceSympt,riskReduct,waneRate,waneRateOut
cur_2,14,0.494560748,0.869156532,0.9316286559999999,0.9659433709999999,0.6886420790000001,0.494560748,0.021932398999999998,0.014826416
cur_2_60,14,0.464151515,0.854661377,0.923444728,0.9616979859999999,0.661927574,0.464151515,0.021932398999999998,0.014826416
cur_2_70,14,0.43400336100000003,0.838856385,0.914370227,0.95694644,0.634135717,0.43400336100000003,0.021932398999999998,0.014826416
cur_3,14,0.47796129299999995,0.8614120009999999,0.9272723979999999,0.963688247,0.67421786,0.47796129299999995,0.024117192000000003,0.017011209
cur_3_60,14,0.44766871799999997,0.846210696,0.918612587,0.9591736270000001,0.6469003329999999,0.44766871799999997,0.024117192000000003,0.017011209
cur_3_70,14,0.417756509,0.829669875,0.9090217359999999,0.954123862,0.61858496,0.417756509,0.024117192000000003,0.017011209
recover,0,0.844003811,0.897826405,0.905564024,0.9093297140000001,0.859726199,0.844003811,0.004357332,0.004357332
recover_60,0,0.718698712,0.8058073459999999,0.8191095709999999,0.825658978,0.743207752,0.718698712,0.004357332,0.004357332
recover_70,0,0.718698712,0.8058073459999999,0.8191095709999999,0.825658978,0.743207752,0.718698712,0.004357332,0.004357332
