name,effectDays,infectReduct,reduceHosp,reduceIcu,reduceMort,reduceSympt,riskReduct,waneRate,waneRateOut
cur_2,14,0.577836259,0.902332712,0.9523765909999999,0.976540395,0.7310256340000001,0.577836259,0.020725892,0.011821623
cur_2_60,14,0.54138165,0.888491617,0.945196818,0.97289993,0.700953246,0.54138165,0.020725892,0.011821623
cur_2_70,14,0.504486026,0.872968449,0.937007961,0.9687135370000001,0.6690474000000001,0.504486026,0.020725892,0.011821623
cur_3,14,0.520366039,0.879851915,0.9406572059999999,0.970583682,0.68296781,0.520366039,0.028366046000000002,0.019461778
cur_3_60,14,0.483385635,0.86330754,0.9318370559999999,0.9660509890000001,0.650094183,0.483385635,0.028366046000000002,0.019461778
cur_3_70,14,0.446593644,0.8448905240000001,0.9218170640000001,0.960849153,0.615736764,0.446593644,0.028366046000000002,0.019461778
recover,0,0.872917112,0.926273358,0.919708098,0.9360925999999999,0.920219558,0.872917112,0.005769452,0.005769452
recover_60,0,0.785210106,0.8699022909999999,0.859080946,0.8863077690000001,0.8599197820000001,0.785210106,0.005769452,0.005769452
recover_70,0,0.785210106,0.8699022909999999,0.859080946,0.8863077690000001,0.8599197820000001,0.785210106,0.005769452,0.005769452
