name,effectDays,infectReduct,reduceHosp,reduceIcu,reduceMort,reduceSympt,riskReduct,waneRate,waneRateOut
cur_2,14,0.47543212,0.859780421,0.928523799,0.964337151,0.654596866,0.47543212,0.021712452,0.014317835
cur_2_60,14,0.45659180299999996,0.850400684,0.923332477,0.961639494,0.6372821089999999,0.45659180299999996,0.021712452,0.014317835
cur_2_70,14,0.43785315799999996,0.84049807,0.917790833,0.958743018,0.619582978,0.43785315799999996,0.021712452,0.014317835
cur_3,14,0.546684614,0.890815877,0.945311764,0.972958433,0.716048005,0.546684614,0.012321723,0.004927106
cur_3_60,14,0.5278620279999999,0.883230244,0.9412626209999999,0.970893235,0.700403859,0.5278620279999999,0.012321723,0.004927106
cur_3_70,14,0.508937844,0.8751817959999999,0.9369284659999999,0.9686727159999999,0.6842587840000001,0.508937844,0.012321723,0.004927106
recover,0,0.85450205,0.8935260979999999,0.911797747,0.947916648,0.893614751,0.85450205,0.005361203,0.005361203
recover_60,0,0.721984802,0.787721757,0.82050271,0.8894752909999999,0.7878775920000001,0.721984802,0.005361203,0.005361203
recover_70,0,0.721984802,0.787721757,0.82050271,0.8894752909999999,0.7878775920000001,0.721984802,0.005361203,0.005361203
