name,effectDays,infectReduct,reduceHosp,reduceIcu,reduceMort,reduceSympt,riskReduct,waneRate,waneRateOut
cur_2,14,0.46676372,0.85568239,0.925490004,0.9627624859999999,0.652864297,0.46676372,0.021845839,0.013593916999999999
cur_2_60,14,0.41249613399999996,0.826262679,0.9087838659999999,0.9539979470000001,0.6013609520000001,0.41249613399999996,0.021845839,0.013593916999999999
cur_2_70,14,0.360309162,0.792325719,0.888796747,0.943299935,0.547548983,0.360309162,0.021845839,0.013593916999999999
cur_3,14,0.5222662920000001,0.881022455,0.9394403570000001,0.969960892,0.701388613,0.5222662920000001,0.014538478,0.006286556
cur_3_60,14,0.46719956799999995,0.8558984890000001,0.9256106620000001,0.962825211,0.65326103,0.46719956799999995,0.014538478,0.006286556
cur_3_70,14,0.41295642299999996,0.8265351190000001,0.908941164,0.954081215,0.601816107,0.41295642299999996,0.014538478,0.006286556
recover,0,0.9276559520000001,0.991761865,0.996050529,0.9980987040000001,0.97448095,0.9276559520000001,0.004508397,0.004508397
recover_60,0,0.881902829,0.990550343,0.9954668259999999,0.997817043,0.970802869,0.881902829,0.004508397,0.004508397
recover_70,0,0.720723089,0.980382885,0.9905387840000001,0.995432213,0.940660748,0.720723089,0.004508397,0.004508397
