name,effectDays,infectReduct,reduceHosp,reduceIcu,reduceMort,reduceSympt,riskReduct,waneRate,waneRateOut
cur_2,14,0.613136836,0.913299075,0.96341699,0.982084347,0.689783369,0.613136836,0.020858229,0.017456593
cur_2_60,14,0.566783899,0.8968609890000001,0.956023485,0.978378888,0.64733174,0.566783899,0.020858229,0.017456593
cur_2_70,14,0.519257184,0.877734432,0.9472226559999999,0.973929948,0.602443421,0.519257184,0.020858229,0.017456593
cur_3,14,0.608455481,0.911726997,0.962716562,0.981734553,0.6855538390000001,0.608455481,0.021505656,0.01810402
cur_3_60,14,0.561942379,0.895025112,0.9551880840000001,0.97795837,0.642823124,0.561942379,0.021505656,0.01810402
cur_3_70,14,0.51433964,0.8756053229999999,0.9462294729999999,0.9734252520000001,0.597717567,0.51433964,0.021505656,0.01810402
recover,0,0.941746148,0.987830732,0.995096552,0.997638281,0.94485709,0.941746148,0.0029434709999999996,0.0029434709999999996
recover_60,0,0.899098649,0.9827637290000001,0.993033534,0.99664103,0.9232864159999999,0.899098649,0.0029434709999999996,0.0029434709999999996
recover_70,0,0.7466280479999999,0.958143761,0.982826423,0.9916752320000001,0.8285328590000001,0.7466280479999999,0.0029434709999999996,0.0029434709999999996
