name,effectDays,infectReduct,reduceHosp,reduceIcu,reduceMort,reduceSympt,riskReduct,waneRate,waneRateOut
cur_2,14,0.510350285,0.8758100990000001,0.937206608,0.9688155270000001,0.6860228140000001,0.510350285,0.021122947000000003,0.013389031000000001
cur_2_60,14,0.493644307,0.86835666,0.93315674,0.966731915,0.67145195,0.493644307,0.021122947000000003,0.013389031000000001
cur_2_70,14,0.47692688299999997,0.8605148000000001,0.928858713,0.964510669,0.656520264,0.47692688299999997,0.021122947000000003,0.013389031000000001
cur_3,14,0.5262094620000001,0.882556393,0.940842973,0.970678688,0.699541931,0.5262094620000001,0.019034389,0.011300473
cur_3_60,14,0.509524555,0.875450263,0.937011872,0.968715545,0.685310662,0.509524555,0.019034389,0.011300473
cur_3_70,14,0.49279272700000004,0.8679667120000001,0.932943917,0.9666221690000001,0.670699925,0.49279272700000004,0.019034389,0.011300473
recover,0,0.949114087,0.9880434359999999,0.99431466,0.997260571,0.9624098870000001,0.949114087,0.009163274,0.009163274
recover_60,0,0.890104772,0.98306348,0.991925347,0.996104453,0.9473226690000001,0.890104772,0.009163274,0.009163274
recover_70,0,0.688798215,0.9588537429999999,0.980127038,0.990353073,0.8783459000000001,0.688798215,0.009163274,0.009163274
