name,effectDays,infectReduct,reduceHosp,reduceIcu,reduceMort,reduceSympt,riskReduct,waneRate,waneRateOut
cur_2,14,0.352967139,0.7907304690000001,0.8653446379999999,0.930442674,0.659539619,0.352967139,0.018695261,0.009165523
cur_2_60,14,0.329806414,0.773169542,0.8528800390000001,0.923471067,0.63603703,0.329806414,0.018695261,0.009165523
cur_2_70,14,0.30743401800000003,0.754584248,0.839469786,0.91586053,0.6118564320000001,0.30743401800000003,0.018695261,0.009165523
cur_3,14,0.380083933,0.809407407,0.8783865670000001,0.937633995,0.685264742,0.380083933,0.014854271,0.005324532
cur_3_60,14,0.356123212,0.79300348,0.8669435879999999,0.931329966,0.662629614,0.356123212,0.014854271,0.005324532
cur_3_70,14,0.332852238,0.7755715590000001,0.854596705,0.92443702,0.639213584,0.332852238,0.014854271,0.005324532
recover,0,0.9020915890000001,0.9919423340000001,0.995246532,0.997710697,0.9844028990000001,0.9020915890000001,0.010736873999999999,0.010736873999999999
recover_60,0,0.857107761,0.990757105,0.994544656,0.997371708,0.98212865,0.857107761,0.010736873999999999,0.010736873999999999
recover_70,0,0.69383379,0.980807805,0.9886255709999999,0.99450304,0.9632360940000001,0.69383379,0.010736873999999999,0.010736873999999999
