name,effectDays,infectReduct,reduceHosp,reduceIcu,reduceMort,reduceSympt,riskReduct,waneRate,waneRateOut
cur_2,14,0.49096903700000005,0.8655556120000001,0.939271938,0.96987463,0.598319894,0.49096903700000005,0.018367136000000003,0.016492184
cur_2_60,14,0.460818413,0.850852169,0.931997051,0.9661335940000001,0.56894522,0.460818413,0.018367136000000003,0.016492184
cur_2_70,14,0.430948245,0.8348455140000001,0.923920243,0.961945686,0.539073648,0.430948245,0.018367136000000003,0.016492184
cur_3,14,0.5971242179999999,0.9081994440000001,0.95962469,0.9801873640000001,0.695951807,0.5971242179999999,0.004242489,0.0023675370000000003
cur_3_60,14,0.5677252779999999,0.8976080209999999,0.954670285,0.9776975370000001,0.669776336,0.5677252779999999,0.004242489,0.0023675370000000003
cur_3_70,14,0.53783784,0.885946613,0.949139452,0.974902475,0.642501639,0.53783784,0.004242489,0.0023675370000000003
recover,0,0.8420787479999999,0.8958407279999999,0.908611954,0.9169671709999999,0.8913423840000001,0.8420787479999999,0.004745469,0.004745469
recover_60,0,0.726050469,0.8104197740000001,0.8316969670000001,0.8458915029999999,0.80304341,0.726050469,0.004745469,0.004745469
recover_70,0,0.726050469,0.8104197740000001,0.8316969670000001,0.8458915029999999,0.80304341,0.726050469,0.004745469,0.004745469
