name,effectDays,infectReduct,reduceHosp,reduceIcu,reduceMort,reduceSympt,riskReduct,waneRate,waneRateOut
cur_2,14,0.481767705,0.8633296420000001,0.927789524,0.963956505,0.6820001459999999,0.481767705,0.020251271,0.015189092
cur_2_60,14,0.427226045,0.835209601,0.911573733,0.955472687,0.632454831,0.427226045,0.020251271,0.015189092
cur_2_70,14,0.37443272,0.802649927,0.892154007,0.945113341,0.5799805920000001,0.37443272,0.020251271,0.015189092
cur_3,14,0.502919918,0.8730130359999999,0.9332588629999999,0.966784568,0.7000677040000001,0.502919918,0.017468542,0.012406363
cur_3_60,14,0.448053975,0.84653119,0.9181629459999999,0.958938057,0.651900577,0.448053975,0.017468542,0.012406363
cur_3_70,14,0.39445939399999996,0.81571489,0.9000316140000001,0.9493421890000001,0.6004487039999999,0.39445939399999996,0.017468542,0.012406363
recover,0,0.916960971,0.9880936090000001,0.994110617,0.997161953,0.965724783,0.916960971,0.002981912,0.002981912
recover_60,0,0.838807891,0.9831341929999999,0.9916362740000001,0.995964383,0.951901544,0.838807891,0.002981912,0.002981912
recover_70,0,0.602882316,0.959021323,0.979424347,0.99000828,0.888212938,0.602882316,0.002981912,0.002981912
