name,effectDays,infectReduct,reduceHosp,reduceIcu,reduceMort,reduceSympt,riskReduct,waneRate,waneRateOut
cur_2,14,0.517720073,0.8793185659999999,0.937396505,0.968913005,0.7072420420000001,0.517720073,0.021193668,0.014467292
cur_2_60,14,0.466977686,0.856042407,0.924358398,0.9621738120000001,0.663478626,0.466977686,0.021193668,0.014467292
cur_2_70,14,0.41693851299999996,0.8291661459999999,0.90887881,0.9540482090000001,0.616746847,0.41693851299999996,0.021193668,0.014467292
cur_3,14,0.514941625,0.878132945,0.9367404159999999,0.968576138,0.70493316,0.514941625,0.021559444,0.014833068
cur_3_60,14,0.464209442,0.854665908,0.923576809,0.9617667999999999,0.66099004,0.464209442,0.021559444,0.014833068
cur_3_70,14,0.414236375,0.82758442,0.9079531999999999,0.953557985,0.614113673,0.414236375,0.021559444,0.014833068
recover,0,0.889436421,0.988080622,0.9941642009999999,0.9971878540000001,0.9648935409999999,0.889436421,0.0034960020000000002,0.0034960020000000002
recover_60,0,0.845699848,0.983115889,0.991712183,0.996001169,0.950752157,0.845699848,0.0034960020000000002,0.0034960020000000002
recover_70,0,0.6822819729999999,0.9589779429999999,0.979608812,0.990098817,0.885724321,0.6822819729999999,0.0034960020000000002,0.0034960020000000002
