name,effectDays,infectReduct,reduceHosp,reduceIcu,reduceMort,reduceSympt,riskReduct,waneRate,waneRateOut
cur_2,14,0.50988107,0.8754224859999999,0.9379168840000001,0.969180022,0.6774075340000001,0.50988107,0.021400573,0.016361536
cur_2_60,14,0.477512741,0.8605948390000001,0.9299321840000001,0.96506641,0.64847533,0.477512741,0.021400573,0.016361536
cur_2_70,14,0.44533207399999997,0.844316154,0.921007006,0.9604261470000001,0.618409888,0.44533207399999997,0.021400573,0.016361536
cur_3,14,0.519079309,0.879383327,0.940026888,0.970261184,0.68540162,0.519079309,0.020189892,0.015150853999999998
cur_3_60,14,0.486706915,0.864954388,0.9322939720000001,0.966286857,0.656823163,0.486706915,0.020189892,0.015150853999999998
cur_3_70,14,0.45444555799999997,0.849095513,0.923644935,0.9618022909999999,0.62706109,0.45444555799999997,0.020189892,0.015150853999999998
recover,0,0.933531989,0.988023557,0.994393318,0.997298583,0.9610171209999999,0.933531989,0.005579850999999999,0.005579850999999999
recover_60,0,0.86667058,0.983035463,0.992036797,0.9961584440000001,0.945402614,0.86667058,0.005579850999999999,0.005579850999999999
recover_70,0,0.6514687060000001,0.9587873579999999,0.9803981159999999,0.990486016,0.8742454340000001,0.6514687060000001,0.005579850999999999,0.005579850999999999
