name,effectDays,infectReduct,reduceHosp,reduceIcu,reduceMort,reduceSympt,riskReduct,waneRate,waneRateOut
cur_2,14,0.47815110200000005,0.861933843,0.9252657,0.962645858,0.6919981359999999,0.47815110200000005,0.021801128,0.010411589
cur_2_60,14,0.41926869,0.8310546999999998,0.9070231009999999,0.953064885,0.639029066,0.41926869,0.021801128,0.010411589
cur_2_70,14,0.36263998700000005,0.794941421,0.884899557,0.941186449,0.582490266,0.36263998700000005,0.021801128,0.010411589
cur_3,14,0.45311391100000004,0.8495147009999999,0.9180013509999999,0.958853368,0.670142963,0.45311391100000004,0.025110027000000004,0.013720488999999999
cur_3_60,14,0.39498107,0.816449455,0.89818066,0.9483518479999999,0.615503703,0.39498107,0.025110027000000004,0.013720488999999999
cur_3_70,14,0.339713819,0.7780479929999999,0.8742448009999999,0.935361524,0.557829774,0.339713819,0.025110027000000004,0.013720488999999999
recover,0,0.9360182459999999,0.9881254559999999,0.993976882,0.9970973059999999,0.967687172,0.9360182459999999,0.0031640009999999996,0.0031640009999999996
recover_60,0,0.897199724,0.983179079,0.991446837,0.9958725690000001,0.954618176,0.897199724,0.0031640009999999996,0.0031640009999999996
recover_70,0,0.7545916540000001,0.959127715,0.978964178,0.989782348,0.894126655,0.7545916540000001,0.0031640009999999996,0.0031640009999999996
