name,effectDays,infectReduct,reduceHosp,reduceIcu,reduceMort,reduceSympt,riskReduct,waneRate,waneRateOut
cur_2,14,0.44863604,0.8486191479999999,0.9092842440000001,0.95426278,0.719190586,0.44863604,0.021289691,0.015083079
cur_2_60,14,0.416055378,0.830757739,0.8977179809999999,0.94810398,0.691607568,0.416055378,0.021289691,0.015083079
cur_2_70,14,0.384193258,0.811258338,0.88486425,0.9411672609999999,0.662587386,0.384193258,0.021289691,0.015083079
cur_3,14,0.43185157799999996,0.8396591379999999,0.9035066279999999,0.951196059,0.7052308409999999,0.43185157799999996,0.023529172,0.01732256
cur_3_60,14,0.39960641,0.820963577,0.8912917890000001,0.944648259,0.676892643,0.39960641,0.023529172,0.01732256
cur_3_70,14,0.368209674,0.800606576,0.877740464,0.937280184,0.647194132,0.368209674,0.023529172,0.01732256
recover,0,0.866532091,0.912046164,0.930331527,0.959960797,0.870512618,0.866532091,0.0055582109999999995,0.0055582109999999995
recover_60,0,0.758325472,0.8336557659999999,0.865841022,0.920555315,0.7646566709999999,0.758325472,0.0055582109999999995,0.0055582109999999995
recover_70,0,0.758325472,0.8336557659999999,0.865841022,0.920555315,0.7646566709999999,0.758325472,0.0055582109999999995,0.0055582109999999995
