name,effectDays,infectReduct,reduceHosp,reduceIcu,reduceMort,reduceSympt,riskReduct,waneRate,waneRateOut
cur_2,14,0.346605331,0.785799712,0.863601446,0.92947353,0.645179929,0.346605331,0.020388458,0.008643519
cur_2_60,14,0.310123011,0.756620664,0.842901954,0.9178193370000001,0.606439156,0.310123011,0.020388458,0.008643519
cur_2_70,14,0.275871107,0.72487015,0.819725547,0.9044423779999999,0.566326138,0.275871107,0.020388458,0.008643519
cur_3,14,0.414549974,0.830418722,0.8941960809999999,0.946213082,0.708214012,0.414549974,0.010893423000000001,-0.000851515
cur_3_60,14,0.375020774,0.805815807,0.8774808540000001,0.9371379479999999,0.6728659309999999,0.375020774,0.010893423000000001,-0.000851515
cur_3_70,14,0.33710361200000005,0.778605213,0.858549736,0.926654283,0.6354534620000001,0.33710361200000005,0.010893423000000001,-0.000851515
recover,0,0.918009307,0.988298883,0.9931866909999999,0.9967151390000001,0.976670459,0.918009307,0.010062376,0.010062376
recover_60,0,0.799393707,0.9834235370000001,0.99032795,0.99532991,0.967111287,0.799393707,0.010062376,0.010062376
recover_70,0,0.481517264,0.959707385,0.97625148,0.988448258,0.921910188,0.481517264,0.010062376,0.010062376
