name,effectDays,infectReduct,reduceHosp,reduceIcu,reduceMort,reduceSympt,riskReduct,waneRate,waneRateOut
cur_2,14,0.391649401,0.8153210590000001,0.8918186579999999,0.9449325059999999,0.646041147,0.391649401,0.020181822,0.011833517
cur_2_60,14,0.359667898,0.793891089,0.877936446,0.937387532,0.6142614820000001,0.359667898,0.020181822,0.011833517
cur_2_70,14,0.328888479,0.770675755,0.8625486609999999,0.928887309,0.5814795939999999,0.328888479,0.020181822,0.011833517
cur_3,14,0.43705425600000003,0.84187178,0.908604387,0.95390292,0.68760388,0.43705425600000003,0.014025382,0.005677076999999999
cur_3_60,14,0.403826245,0.822853332,0.8966265,0.9475187490000001,0.657577972,0.403826245,0.014025382,0.005677076999999999
cur_3_70,14,0.371460064,0.802086947,0.883281614,0.940306346,0.626237383,0.371460064,0.014025382,0.005677076999999999
recover,0,0.8530867190000001,0.917805187,0.944504804,0.9203496790000001,0.904703915,0.8530867190000001,0.005466917,0.005466917
recover_60,0,0.756775761,0.8567994040000001,0.9011821170000001,0.8609463159999999,0.835714799,0.756775761,0.005466917,0.005466917
recover_70,0,0.756775761,0.8567994040000001,0.9011821170000001,0.8609463159999999,0.835714799,0.756775761,0.005466917,0.005466917
