name,effectDays,infectReduct,reduceHosp,reduceIcu,reduceMort,reduceSympt,riskReduct,waneRate,waneRateOut
cur_2,14,0.40382925799999997,0.822935402,0.8962016009999999,0.947290737,0.660364872,0.40382925799999997,0.02047772,0.011290968
cur_2_60,14,0.386069481,0.811843515,0.8890807279999999,0.943453586,0.643500776,0.386069481,0.02047772,0.011290968
cur_2_70,14,0.368586775,0.800211006,0.881526466,0.939349825,0.626252035,0.368586775,0.02047772,0.011290968
cur_3,14,0.432747985,0.839599326,0.906751601,0.9529208509999999,0.686500123,0.432747985,0.016569112,0.007382361
cur_3_60,14,0.41460086799999996,0.8293348340000001,0.900273951,0.9494717020000001,0.670285802,0.41460086799999996,0.016569112,0.007382361
cur_3_70,14,0.396660921,0.818541999,0.893390604,0.945779595,0.653635469,0.396660921,0.016569112,0.007382361
recover,0,0.859406821,0.917305094,0.9396417340000001,0.9638389820000001,0.898739485,0.859406821,0.005707746,0.005707746
recover_60,0,0.752767863,0.8467505759999999,0.8857714809999999,0.929955097,0.815530381,0.752767863,0.005707746,0.005707746
recover_70,0,0.752767863,0.8467505759999999,0.8857714809999999,0.929955097,0.815530381,0.752767863,0.005707746,0.005707746
