name,effectDays,infectReduct,reduceHosp,reduceIcu,reduceMort,reduceSympt,riskReduct,waneRate,waneRateOut
cur_2,14,0.456256744,0.85165324,0.916336041,0.957979745,0.693156579,0.456256744,0.021764242000000003,0.011904861999999999
cur_2_60,14,0.430059099,0.837730566,0.907826978,0.953491097,0.67012043,0.430059099,0.021764242000000003,0.011904861999999999
cur_2_70,14,0.404238086,0.8227675179999999,0.898544803,0.948546839,0.646228684,0.404238086,0.021764242000000003,0.011904861999999999
cur_3,14,0.456939438,0.85200053,0.9165467420000001,0.958090366,0.693741488,0.456939438,0.021673782000000003,0.011814401
cur_3_60,14,0.43073364700000005,0.8381042540000001,0.908056959,0.953612963,0.670728391,0.43073364700000005,0.021673782000000003,0.011814401
cur_3_70,14,0.404900906,0.82316839,0.8987953609999999,0.9486809629999999,0.646857473,0.404900906,0.021673782000000003,0.011814401
recover,0,0.902773417,0.98817407,0.993766177,0.996995431,0.970483807,0.902773417,0.005426394,0.005426394
recover_60,0,0.8153308109999999,0.983247601,0.991148412,0.995727895,0.958497404,0.8153308109999999,0.005426394,0.005426394
recover_70,0,0.564712059,0.959290155,0.978239786,0.989426468,0.902649375,0.564712059,0.005426394,0.005426394
