name,effectDays,infectReduct,reduceHosp,reduceIcu,reduceMort,reduceSympt,riskReduct,waneRate,waneRateOut
cur_2,14,0.555263017,0.89356503,0.949564503,0.9751178640000001,0.694776415,0.555263017,0.021607215,0.01339118
cur_2_60,14,0.527540133,0.882466581,0.9439390190000001,0.97225929,0.670590896,0.527540133,0.021607215,0.01339118
cur_2_70,14,0.499638969,0.8703753909999999,0.937725502,0.9690818370000001,0.645460109,0.499638969,0.021607215,0.01339118
cur_3,14,0.573130741,0.900282028,0.952933582,0.976821651,0.709966787,0.573130741,0.019217827,0.011001792
cur_3_60,14,0.545610197,0.889797609,0.9476631670000001,0.9741536270000001,0.686441709,0.545610197,0.019217827,0.011001792
cur_3_70,14,0.517800751,0.8783566359999999,0.941836983,0.9711867240000001,0.661910517,0.517800751,0.019217827,0.011001792
recover,0,0.842151095,0.9023769070000001,0.9222174320000001,0.937213938,0.880622345,0.842151095,0.0051224,0.0051224
recover_60,0,0.691104884,0.7949274209999999,0.832553324,0.8622550259999999,0.7557107040000001,0.691104884,0.0051224,0.0051224
recover_70,0,0.691104884,0.7949274209999999,0.832553324,0.8622550259999999,0.7557107040000001,0.691104884,0.0051224,0.0051224
