name,effectDays,infectReduct,reduceHosp,reduceIcu,reduceMort,reduceSympt,riskReduct,waneRate,waneRateOut
cur_2,14,0.5672633429999999,0.897819006,0.953054733,0.976882804,0.689832432,0.5672633429999999,0.019565662,0.019314388000000002
cur_2_60,14,0.5050729939999999,0.872452703,0.940491773,0.9704990609999999,0.63388833,0.5050729939999999,0.019565662,0.019314388000000002
cur_2_70,14,0.442773808,0.841924333,0.9248456909999999,0.9624273959999999,0.574131912,0.442773808,0.019565662,0.019314388000000002
cur_3,14,0.5894442329999999,0.9058681129999999,0.9569613309999999,0.9788505279999999,0.708954158,0.5894442329999999,0.016574734,0.01632346
cur_3_60,14,0.527788021,0.8822379000000001,0.9453839009999999,0.9729951440000001,0.65473277,0.527788021,0.016574734,0.01632346
cur_3_70,14,0.465321234,0.85365876,0.9309296090000001,0.965582205,0.596211344,0.465321234,0.016574734,0.01632346
recover,0,0.829087199,0.8892833259999999,0.911174857,0.9354322359999999,0.884503374,0.829087199,0.004783784,0.004783784
recover_60,0,0.637825384,0.74463641,0.788320487,0.8402460140000001,0.735469255,0.637825384,0.004783784,0.004783784
recover_70,0,0.637825384,0.74463641,0.788320487,0.8402460140000001,0.735469255,0.637825384,0.004783784,0.004783784
