name,effectDays,infectReduct,reduceHosp,reduceIcu,reduceMort,reduceSympt,riskReduct,waneRate,waneRateOut
cur_2,14,0.567878627,0.89716987,0.95659842,0.9786680759999999,0.642602405,0.567878627,0.020534711,0.019695841999999998
cur_2_60,14,0.533196951,0.883494753,0.950389532,0.975535658,0.609797131,0.533196951,0.020534711,0.019695841999999998
cur_2_70,14,0.498195674,0.8682699909999999,0.9433459340000001,0.971956912,0.575971809,0.498195674,0.020534711,0.019695841999999998
cur_3,14,0.6002529360000001,0.908834355,0.9618086229999999,0.981280742,0.6726059659999999,0.6002529360000001,0.016151656,0.015312787
cur_3_60,14,0.566184667,0.8965315690000001,0.956311048,0.9785235520000001,0.641016198,0.566184667,0.016151656,0.015312787
cur_3_70,14,0.531483436,0.8827844159999999,0.9500640020000001,0.975370854,0.608158158,0.531483436,0.016151656,0.015312787
recover,0,0.82203932,0.880300045,0.897227532,0.9444012079999999,0.888070272,0.82203932,0.004833774,0.004833774
recover_60,0,0.657043416,0.75309639,0.783590247,0.875698332,0.766937788,0.657043416,0.004833774,0.004833774
recover_70,0,0.657043416,0.75309639,0.783590247,0.875698332,0.766937788,0.657043416,0.004833774,0.004833774
