name,effectDays,infectReduct,reduceHosp,reduceIcu,reduceMort,reduceSympt,riskReduct,waneRate,waneRateOut
cur_2,14,0.469211913,0.85760882,0.922759062,0.9613405909999999,0.6842137890000001,0.469211913,0.020966041,0.011883747
cur_2_60,14,0.43264690100000003,0.838595988,0.9115482220000001,0.955459223,0.651457822,0.43264690100000003,0.020966041,0.011883747
cur_2_70,14,0.39680818799999995,0.817588814,0.898891185,0.948732248,0.617211965,0.39680818799999995,0.020966041,0.011883747
cur_3,14,0.461325786,0.853693925,0.920469293,0.9601451529999999,0.677325278,0.461325786,0.022008171,0.012925876999999999
cur_3_60,14,0.424883392,0.8342593779999999,0.9089589020000001,0.954090605,0.644226317,0.424883392,0.022008171,0.012925876999999999
cur_3_70,14,0.389246563,0.81281377,0.89597363,0.947168357,0.609695627,0.389246563,0.022008171,0.012925876999999999
recover,0,0.9216857959999999,0.988125239,0.9939778029999999,0.997097751,0.967674182,0.9216857959999999,0.00885877,0.00885877
recover_60,0,0.881656353,0.9831787740000001,0.9914481409999999,0.995873201,0.954600177,0.881656353,0.00885877,0.00885877
recover_70,0,0.733489015,0.959126991,0.9789673459999999,0.989783904,0.894087328,0.733489015,0.00885877,0.00885877
