name,effectDays,infectReduct,reduceHosp,reduceIcu,reduceMort,reduceSympt,riskReduct,waneRate,waneRateOut
cur_2,14,0.43581256700000004,0.841028478,0.9090648509999999,0.9541466809999999,0.680323017,0.43581256700000004,0.020529773,0.015381738
cur_2_60,14,0.41202294,0.8275647859999999,0.900682874,0.949690165,0.658770965,0.41202294,0.020529773,0.015381738
cur_2_70,14,0.38862483600000003,0.813206048,0.8916152940000001,0.94482281,0.6365299520000001,0.38862483600000003,0.020529773,0.015381738
cur_3,14,0.47382371700000003,0.860478961,0.9209731459999999,0.960408458,0.712719731,0.47382371700000003,0.015487362,0.010339328
cur_3_60,14,0.44961272,0.848365575,0.913584477,0.956532803,0.692364165,0.44961272,0.015487362,0.010339328
cur_3_70,14,0.425625195,0.835394407,0.90557131,0.952294202,0.6712199520000001,0.425625195,0.015487362,0.010339328
recover,0,0.8015084,0.8763144629999999,0.917531482,0.876412202,0.866832222,0.8015084,0.0041231029999999995,0.0041231029999999995
recover_60,0,0.64903496,0.76441408,0.83593958,0.76457649,0.748812117,0.64903496,0.0041231029999999995,0.0041231029999999995
recover_70,0,0.64903496,0.76441408,0.83593958,0.76457649,0.748812117,0.64903496,0.0041231029999999995,0.0041231029999999995
