name,effectDays,infectReduct,reduceHosp,reduceIcu,reduceMort,reduceSympt,riskReduct,waneRate,waneRateOut
cur_2,14,0.43945684100000004,0.842792256,0.911334642,0.955346479,0.675915252,0.43945684100000004,0.021114082000000003,0.008763321999999999
cur_2_60,14,0.446955217,0.8467764170000001,0.913759465,0.9566249520000001,0.682535557,0.446955217,0.021114082000000003,0.008763321999999999
cur_2_70,14,0.454413015,0.850644299,0.916103995,0.9578578879999999,0.689026844,0.454413015,0.021114082000000003,0.008763321999999999
cur_3,14,0.44752114600000004,0.847073197,0.9139396909999999,0.95671984,0.683031377,0.44752114600000004,0.020039823999999998,0.007689064000000001
cur_3_60,14,0.455045419,0.850968049,0.916299814,0.957960723,0.689573078,0.455045419,0.020039823999999998,0.007689064000000001
cur_3_70,14,0.462525313,0.854748271,0.918581436,0.9591573109999999,0.695984563,0.462525313,0.020039823999999998,0.007689064000000001
recover,0,0.853966274,0.9016236059999999,0.9266065809999999,0.9384267009999999,0.895789759,0.853966274,0.005027243,0.005027243
recover_60,0,0.751310384,0.8256282970000001,0.867065036,0.887308187,0.8162064920000001,0.751310384,0.005027243,0.005027243
recover_70,0,0.751310384,0.8256282970000001,0.867065036,0.887308187,0.8162064920000001,0.751310384,0.005027243,0.005027243
