name,effectDays,infectReduct,reduceHosp,reduceIcu,reduceMort,reduceSympt,riskReduct,waneRate,waneRateOut
cur_2,14,0.48260389299999995,0.863021473,0.931260911,0.965753408,0.653003022,0.48260389299999995,0.020956667,0.011046833
cur_2_60,14,0.42566148200000004,0.833502073,0.914998958,0.957277165,0.599241005,0.42566148200000004,0.020956667,0.011046833
cur_2_70,14,0.370663079,0.799128229,0.895337583,0.946826753,0.543019612,0.370663079,0.020956667,0.011046833
cur_3,14,0.52421958,0.881549094,0.9411875129999999,0.970854843,0.689724667,0.52421958,0.015480500000000001,0.005570667
cur_3_60,14,0.466796969,0.85535326,0.9270900870000001,0.963593638,0.638502473,0.466796969,0.015480500000000001,0.005570667
cur_3_70,14,0.410280355,0.8245409890000001,0.9099502359999999,0.954615043,0.583965007,0.410280355,0.015480500000000001,0.005570667
recover,0,0.9029236359999999,0.9880233070000001,0.9943943000000001,0.997299057,0.9609993,0.9029236359999999,0.005937059000000001,0.005937059000000001
recover_60,0,0.8500244659999999,0.983035111,0.992038188,0.996159118,0.945378059,0.8500244659999999,0.005937059000000001,0.005937059000000001
recover_70,0,0.670073008,0.958786523,0.9804015009999999,0.990487676,0.8741931359999999,0.670073008,0.005937059000000001,0.005937059000000001
