name,effectDays,infectReduct,reduceHosp,reduceIcu,reduceMort,reduceSympt,riskReduct,waneRate,waneRateOut
cur_2,14,0.544348328,0.889015158,0.948587588,0.9746226790000001,0.6712754590000001,0.544348328,0.020498309,0.017827546
cur_2_60,14,0.518770407,0.87846533,0.943339597,0.97195368,0.648218059,0.518770407,0.020498309,0.017827546
cur_2_70,14,0.493082694,0.8670575420000001,0.9375885709999999,0.969011575,0.6244378270000001,0.493082694,0.020498309,0.017827546
cur_3,14,0.564303409,0.8967390759999999,0.952387641,0.9765459759999999,0.688849197,0.564303409,0.017842356,0.015171593
cur_3_60,14,0.5388967929999999,0.886829993,0.9475060790000001,0.974073875,0.666411889,0.5388967929999999,0.017842356,0.015171593
cur_3_70,14,0.513275444,0.876096608,0.9421520179999999,0.971347625,0.643184547,0.513275444,0.017842356,0.015171593
recover,0,0.82854566,0.879499021,0.925290615,0.8977389509999999,0.8600426179999999,0.82854566,0.004103642,0.004103642
recover_60,0,0.7491030740000001,0.818493502,0.884421272,0.84433327,0.791521878,0.7491030740000001,0.004103642,0.004103642
recover_70,0,0.7491030740000001,0.818493502,0.884421272,0.84433327,0.791521878,0.7491030740000001,0.004103642,0.004103642
