name,effectDays,infectReduct,reduceHosp,reduceIcu,reduceMort,reduceSympt,riskReduct,waneRate,waneRateOut
cur_2,14,0.559387967,0.894942263,0.95119982,0.975945629,0.68799603,0.559387967,0.019746927,0.015427527
cur_2_60,14,0.5464164429999999,0.889905139,0.948705433,0.9746824409999999,0.6766219290000001,0.5464164429999999,0.019746927,0.015427527
cur_2_70,14,0.533350193,0.8846447590000001,0.94608434,0.973351457,0.665006963,0.533350193,0.019746927,0.015427527
cur_3,14,0.556102387,0.8936833009999999,0.950577791,0.9756309409999999,0.68512965,0.556102387,0.020184846,0.015865446000000002
cur_3_60,14,0.543113139,0.8885933290000001,0.948053347,0.9743516609999999,0.673700614,0.543113139,0.020184846,0.015865446000000002
cur_3_70,14,0.530033576,0.8832784909999999,0.9454008509999999,0.97300377,0.662033131,0.530033576,0.020184846,0.015865446000000002
recover,0,0.931826048,0.987944273,0.9946952170000001,0.9974444459999999,0.9549809000000001,0.931826048,0.003044709,0.003044709
recover_60,0,0.8909251420000001,0.982923729,0.992464624,0.996365645,0.937106828,0.8909251420000001,0.003044709,0.003044709
recover_70,0,0.7423731720000001,0.958522655,0.981439539,0.9909964040000001,0.856775652,0.7423731720000001,0.003044709,0.003044709
