name,effectDays,infectReduct,reduceHosp,reduceIcu,reduceMort,reduceSympt,riskReduct,waneRate,waneRateOut
cur_2,14,0.406579501,0.8235752609999999,0.902522629,0.950671825,0.626802464,0.406579501,0.021173405,0.010763775
cur_2_60,14,0.390761265,0.81378146,0.8965609640000001,0.947483588,0.611241532,0.390761265,0.021173405,0.010763775
cur_2_70,14,0.37514497,0.8035572190000001,0.8902688440000001,0.9440959059999999,0.59542546,0.37514497,0.021173405,0.010763775
cur_3,14,0.490692322,0.867800455,0.9286717090000001,0.9644137909999999,0.7025378590000001,0.490692322,0.009966103,-0.00044352599999999997
cur_3_60,14,0.474216728,0.860044507,0.924174947,0.962078311,0.688565777,0.474216728,0.009966103,-0.00044352599999999997
cur_3_70,14,0.457771245,0.851898047,0.919411579,0.959591942,0.67421886,0.457771245,0.009966103,-0.00044352599999999997
recover,0,0.90828649,0.9881253090000001,0.9939775059999999,0.997097607,0.9676783729999999,0.90828649,0.00669643,0.00669643
recover_60,0,0.812505426,0.983178872,0.99144772,0.995872997,0.954605985,0.812505426,0.00669643,0.00669643
recover_70,0,0.543678064,0.959127225,0.978966324,0.989783402,0.8941000170000001,0.543678064,0.00669643,0.00669643
