name,effectDays,infectReduct,reduceHosp,reduceIcu,reduceMort,reduceSympt,riskReduct,waneRate,waneRateOut
cur_2,14,0.5238482170000001,0.881282543,0.941593338,0.971062248,0.6842697740000001,0.5238482170000001,0.020631648,0.013812991
cur_2_60,14,0.49650258,0.8693446490000001,0.9352747109999999,0.96782272,0.660160356,0.49650258,0.020631648,0.013812991
cur_2_70,14,0.469169584,0.856397836,0.92832234,0.964232745,0.635183743,0.469169584,0.020631648,0.013812991
cur_3,14,0.561215268,0.89615949,0.9493469000000001,0.975007609,0.7158756390000001,0.561215268,0.015679419,0.008860762
cur_3_60,14,0.534107051,0.885523255,0.9438170290000001,0.972197111,0.69309721,0.534107051,0.015679419,0.008860762
cur_3_70,14,0.5067875829999999,0.873947147,0.93772112,0.969079589,0.669328782,0.5067875829999999,0.015679419,0.008860762
recover,0,0.8773625009999999,0.988010742,0.994443385,0.997322776,0.9600943890000001,0.8773625009999999,0.001415611,0.001415611
recover_60,0,0.787821469,0.983017402,0.992107741,0.9961928090000001,0.94413177,0.787821469,0.001415611,0.001415611
recover_70,0,0.53921139,0.958744565,0.980570717,0.9905706440000001,0.871543339,0.53921139,0.001415611,0.001415611
