name,effectDays,infectReduct,reduceHosp,reduceIcu,reduceMort,reduceSympt,riskReduct,waneRate,waneRateOut
cur_2,14,0.578744835,0.901633008,0.9567424259999999,0.9787404829999999,0.6773582770000001,0.578744835,0.020629803000000002,0.018814371
cur_2_60,14,0.57668,0.900879788,0.956390782,0.978563656,0.675505791,0.57668,0.020629803000000002,0.018814371
cur_2_70,14,0.5745640999999999,0.9001036440000001,0.956028091,0.978381205,0.673604276,0.5745640999999999,0.020629803000000002,0.018814371
cur_3,14,0.606380158,0.911331407,0.9612409359999999,0.980996775,0.701857003,0.606380158,0.016865466000000003,0.015050033
cur_3_60,14,0.604358179,0.9106450909999999,0.9609243679999999,0.980838347,0.700082898,0.604358179,0.016865466000000003,0.015050033
cur_3_70,14,0.6022852129999999,0.9099377670000001,0.9605978279999999,0.980674875,0.6982610709999999,0.6022852129999999,0.016865466000000003,0.015050033
recover,0,0.9040861840000001,0.991637201,0.996517179,0.998323759,0.96448776,0.9040861840000001,0.007826124,0.007826124
recover_60,0,0.858114136,0.990407523,0.996002167,0.998075374,0.959429317,0.858114136,0.007826124,0.007826124
recover_70,0,0.693111365,0.980089485,0.991651216,0.995971624,0.918530882,0.693111365,0.007826124,0.007826124
