name,effectDays,infectReduct,reduceHosp,reduceIcu,reduceMort,reduceSympt,riskReduct,waneRate,waneRateOut
cur_2,14,0.550396086,0.891682648,0.948593865,0.974625863,0.6908146559999999,0.550396086,0.020384308,0.015930969
cur_2_60,14,0.498928635,0.870059878,0.9375361059999999,0.9689846520000001,0.645055291,0.498928635,0.020384308,0.015930969
cur_2_70,14,0.44751483700000005,0.84488803,0.924298365,0.962142562,0.596509587,0.44751483700000005,0.020384308,0.015930969
cur_3,14,0.5722340579999999,0.89995689,0.9527510840000001,0.9767295159999999,0.7094329,0.5722340579999999,0.017468119,0.01301478
cur_3_60,14,0.521091297,0.879763135,0.942533394,0.971542336,0.665093168,0.521091297,0.017468119,0.01301478
cur_3_70,14,0.46953375399999997,0.856160235,0.930275947,0.965244242,0.617663649,0.46953375399999997,0.017468119,0.01301478
recover,0,0.872961227,0.907092239,0.9346302120000001,0.949108718,0.907785237,0.872961227,0.005661057,0.005661057
recover_60,0,0.74648111,0.8070835690000001,0.859678701,0.8887825079999999,0.8083649359999999,0.74648111,0.005661057,0.005661057
recover_70,0,0.74648111,0.8070835690000001,0.859678701,0.8887825079999999,0.8083649359999999,0.74648111,0.005661057,0.005661057
