name,effectDays,infectReduct,reduceHosp,reduceIcu,reduceMort,reduceSympt,riskReduct,waneRate,waneRateOut
cur_2,14,0.447331574,0.84675294,0.9149900059999999,0.9572724579999999,0.674507911,0.447331574,0.020952371,0.011508158999999999
cur_2_60,14,0.426531349,0.835455811,0.908177714,0.953676938,0.655676516,0.426531349,0.020952371,0.011508158999999999
cur_2_70,14,0.40597001899999996,0.823488743,0.900872065,0.949791205,0.636325943,0.40597001899999996,0.020952371,0.011508158999999999
cur_3,14,0.434791396,0.840034823,0.910948697,0.95514268,0.663241892,0.434791396,0.022624821,0.01318061
cur_3_60,14,0.41413733,0.828342845,0.903846587,0.9513770429999999,0.644102614,0.41413733,0.022624821,0.01318061
cur_3_70,14,0.393763225,0.81597241,0.8962357129999999,0.947309046,0.624474128,0.393763225,0.022624821,0.01318061
recover,0,0.8663426740000001,0.9194421999999999,0.939235658,0.9505794609999999,0.8888489270000001,0.8663426740000001,0.004871378,0.004871378
recover_60,0,0.728713432,0.825475697,0.8649663790000001,0.888529635,0.7681938359999999,0.728713432,0.004871378,0.004871378
recover_70,0,0.728713432,0.825475697,0.8649663790000001,0.888529635,0.7681938359999999,0.728713432,0.004871378,0.004871378
