name,effectDays,infectReduct,reduceHosp,reduceIcu,reduceMort,reduceSympt,riskReduct,waneRate,waneRateOut
cur_2,14,0.45733475799999995,0.851220841,0.921478725,0.96067252,0.65579208,0.45733475799999995,0.021147592000000003,0.011652222
cur_2_60,14,0.423190064,0.8327987920000001,0.9108449479999999,0.95508788,0.623864438,0.423190064,0.021147592000000003,0.011652222
cur_2_70,14,0.389767067,0.812600075,0.898930346,0.948753205,0.5908265770000001,0.389767067,0.021147592000000003,0.011652222
cur_3,14,0.48612414,0.8652698870000001,0.929443314,0.9648134,0.681387862,0.48612414,0.017348382,0.007853012
cur_3_60,14,0.451618824,0.848277347,0.919794263,0.959792168,0.65056935,0.451618824,0.017348382,0.007853012
cur_3_70,14,0.417576,0.829565839,0.908956095,0.954089119,0.618442521,0.417576,0.017348382,0.007853012
recover,0,0.937536085,0.9880830079999999,0.9941543979999999,0.997183116,0.9650476159999999,0.937536085,0.004240516,0.004240516
recover_60,0,0.8242874929999999,0.983119252,0.9916982959999999,0.9959944390000001,0.950965141,0.8242874929999999,0.004240516,0.004240516
recover_70,0,0.496318411,0.958985912,0.979575062,0.990082253,0.886184868,0.496318411,0.004240516,0.004240516
