name,effectDays,infectReduct,reduceHosp,reduceIcu,reduceMort,reduceSympt,riskReduct,waneRate,waneRateOut
cur_2,14,0.42423663,0.836197931,0.896497093,0.947449317,0.724643398,0.42423663,0.022861944,0.014134528
cur_2_60,14,0.37389603899999996,0.805349903,0.875311597,0.935947845,0.6808062359999999,0.37389603899999996,0.022861944,0.014134528
cur_2_70,14,0.326174017,0.7703115209999999,0.850529476,0.922145395,0.6335500820000001,0.326174017,0.022861944,0.014134528
cur_3,14,0.41957914,0.833565523,0.8947117170000001,0.946490383,0.720816786,0.41957914,0.023489756,0.014762339
cur_3_60,14,0.369436599,0.8023389329999999,0.8732124640000001,0.9347934790000001,0.6766422670000001,0.369436599,0.023489756,0.014762339
cur_3_70,14,0.321991039,0.766915419,0.848085544,0.920763337,0.629105488,0.321991039,0.023489756,0.014762339
recover,0,0.864183252,0.910105203,0.9256411520000001,0.9303798529999999,0.8968991940000001,0.864183252,0.00566916,0.00566916
recover_60,0,0.776801612,0.847039267,0.871940885,0.879656848,0.826336411,0.776801612,0.00566916,0.00566916
recover_70,0,0.776801612,0.847039267,0.871940885,0.879656848,0.826336411,0.776801612,0.00566916,0.00566916
