name,effectDays,infectReduct,reduceHosp,reduceIcu,reduceMort,reduceSympt,riskReduct,waneRate,waneRateOut
cur_2,14,0.633219972,0.919601971,0.9671687290000001,0.983953557,0.692739595,0.633219972,0.022405956,0.016518811
cur_2_60,14,0.625575827,0.917145413,0.9661120120000001,0.983427825,0.6857202459999999,0.625575827,0.022405956,0.016518811
cur_2_70,14,0.617831137,0.914608403,0.965017171,0.982882505,0.6785804120000001,0.617831137,0.022405956,0.016518811
cur_3,14,0.605247093,0.910379093,0.963184028,0.9819680340000001,0.666918301,0.605247093,0.026307725,0.02042058
cur_3_60,14,0.59739063,0.907669025,0.962004097,0.9813784809999999,0.659598925,0.59739063,0.026307725,0.02042058
cur_3_70,14,0.589445556,0.904871944,0.9607819259999999,0.980767045,0.652166682,0.589445556,0.026307725,0.02042058
recover,0,0.870005751,0.926683985,0.937033938,0.941726768,0.9112056959999999,0.870005751,0.005883876,0.005883876
recover_60,0,0.756317439,0.8542609109999999,0.873438435,0.8822755290000001,0.826357847,0.756317439,0.005883876,0.005883876
recover_70,0,0.756317439,0.8542609109999999,0.873438435,0.8822755290000001,0.826357847,0.756317439,0.005883876,0.005883876
