name,effectDays,infectReduct,reduceHosp,reduceIcu,reduceMort,reduceSympt,riskReduct,waneRate,waneRateOut
cur_2,14,0.486086807,0.864303501,0.933742162,0.96703367,0.6404725729999999,0.486086807,0.019792266,0.014644289
cur_2_60,14,0.461360859,0.8522432959999999,0.927334551,0.9637204970000001,0.617326907,0.461360859,0.019792266,0.014644289
cur_2_70,14,0.43681129700000004,0.839303771,0.92035647,0.9600861740000001,0.5936245379999999,0.43681129700000004,0.019792266,0.014644289
cur_3,14,0.560658367,0.8957626329999999,0.950033675,0.975355497,0.7061830240000001,0.560658367,0.009945639000000001,0.004797662
cur_3_60,14,0.536096154,0.886130037,0.945108952,0.972855205,0.685188343,0.536096154,0.009945639000000001,0.004797662
cur_3_70,14,0.511345081,0.8757253490000001,0.939726811,0.970107574,0.663397375,0.511345081,0.009945639000000001,0.004797662
recover,0,0.88341866,0.916877765,0.928617534,0.943638285,0.897988345,0.88341866,0.005689014,0.005689014
recover_60,0,0.774759795,0.833527638,0.8551799929999999,0.883718895,0.799832153,0.774759795,0.005689014,0.005689014
recover_70,0,0.774759795,0.833527638,0.8551799929999999,0.883718895,0.799832153,0.774759795,0.005689014,0.005689014
