name,effectDays,infectReduct,reduceHosp,reduceIcu,reduceMort,reduceSympt,riskReduct,waneRate,waneRateOut
cur_2,14,0.37107287200000005,0.8027995720000001,0.8777118290000001,0.937264498,0.6576669860000001,0.37107287200000005,0.020493806,0.009239625999999999
cur_2_60,14,0.331044086,0.773474434,0.85754999,0.9260944529999999,0.617054588,0.331044086,0.020493806,0.009239625999999999
cur_2_70,14,0.293335055,0.7412086940000001,0.8347004720000001,0.913125898,0.574757959,0.293335055,0.020493806,0.009239625999999999
cur_3,14,0.427610108,0.837520355,0.900871565,0.9497909379999999,0.7086678829999999,0.427610108,0.012734627,0.0014804470000000002
cur_3_60,14,0.38521802,0.812150287,0.884023566,0.9407101370000001,0.671079914,0.38521802,0.012734627,0.0014804470000000002
cur_3_70,14,0.344516128,0.78385399,0.864750775,0.9301127220000001,0.631183839,0.344516128,0.012734627,0.0014804470000000002
recover,0,0.8383053890000001,0.882342836,0.940314768,0.915876372,0.8730515640000001,0.8383053890000001,0.00451374,0.00451374
recover_60,0,0.629796958,0.71104783,0.837915968,0.7813014490000001,0.6929370690000001,0.629796958,0.00451374,0.00451374
recover_70,0,0.629796958,0.71104783,0.837915968,0.7813014490000001,0.6929370690000001,0.629796958,0.00451374,0.00451374
