name,effectDays,infectReduct,reduceHosp,reduceIcu,reduceMort,reduceSympt,riskReduct,waneRate,waneRateOut
cur_2,14,0.41764237,0.830630359,0.903836841,0.951371856,0.656312428,0.41764237,0.019463126,0.013191527
cur_2_60,14,0.36927786100000004,0.800151985,0.8847035259999999,0.9410798990000001,0.609222955,0.36927786100000004,0.019463126,0.013191527
cur_2_70,14,0.323429902,0.765757193,0.862357258,0.9287806559999999,0.560036332,0.323429902,0.019463126,0.013191527
cur_3,14,0.498191196,0.87161624,0.928629587,0.964391966,0.7255434340000001,0.498191196,0.00877083,0.002499231
cur_3_60,14,0.44766933200000003,0.847156192,0.9139596259999999,0.956730335,0.683363202,0.44766933200000003,0.00877083,0.002499231
cur_3_70,14,0.39823381700000005,0.8190213270000001,0.896621067,0.947515835,0.6379629170000001,0.39823381700000005,0.00877083,0.002499231
recover,0,0.919841919,0.988168368,0.993791312,0.997007585,0.970167752,0.919841919,0.007342626,0.007342626
recover_60,0,0.8225819999999999,0.9832395629999999,0.991184008,0.9957451540000001,0.958058547,0.8225819999999999,0.007342626,0.007342626
recover_70,0,0.544613649,0.9592710990000001,0.978326158,0.989468915,0.901680545,0.544613649,0.007342626,0.007342626
