name,effectDays,infectReduct,reduceHosp,reduceIcu,reduceMort,reduceSympt,riskReduct,waneRate,waneRateOut
cur_2,14,0.557079831,0.8940055720000001,0.950983128,0.975836027,0.683242765,0.557079831,0.021623337000000003,0.017015934
cur_2_60,14,0.524868651,0.881065938,0.944567941,0.9725797290000001,0.654516593,0.524868651,0.021623337000000003,0.017015934
cur_2_70,14,0.492449184,0.8667820340000001,0.937368445,0.968898602,0.624616575,0.492449184,0.021623337000000003,0.017015934
cur_3,14,0.5643598360000001,0.89677389,0.952342659,0.976523255,0.689604517,0.5643598360000001,0.020651618,0.016044215
cur_3_60,14,0.532233537,0.884128406,0.946095317,0.973357039,0.66116917,0.532233537,0.020651618,0.016044215
cur_3_70,14,0.499837725,0.8701581009999999,0.939081402,0.969777021,0.6315207660000001,0.499837725,0.020651618,0.016044215
recover,0,0.8775254990000001,0.9164473259999999,0.925454723,0.9551991940000001,0.8881193079999999,0.8775254990000001,0.005596528000000001,0.005596528000000001
recover_60,0,0.7705614709999999,0.837168365,0.853354838,0.9090404670000001,0.7881740770000001,0.7705614709999999,0.005596528000000001,0.005596528000000001
recover_70,0,0.7705614709999999,0.837168365,0.853354838,0.9090404670000001,0.7881740770000001,0.7705614709999999,0.005596528000000001,0.005596528000000001
