name,effectDays,infectReduct,reduceHosp,reduceIcu,reduceMort,reduceSympt,riskReduct,waneRate,waneRateOut
cur_2,14,0.559781612,0.8954303109999999,0.94986268,0.975268903,0.705465267,0.559781612,0.021289713999999998,0.014823822
cur_2_60,14,0.532768166,0.8847738829999999,0.944408936,0.9724987359999999,0.682318146,0.532768166,0.021289713999999998,0.014823822
cur_2_70,14,0.50555275,0.873181532,0.9383984670000001,0.969427,0.65822557,0.50555275,0.021289713999999998,0.014823822
cur_3,14,0.540687119,0.8879812159999999,0.946057523,0.97333782,0.6891811640000001,0.540687119,0.0238267,0.017360808000000002
cur_3_60,14,0.513520241,0.876670225,0.94021592,0.9703579240000001,0.665361346,0.513520241,0.0238267,0.017360808000000002
cur_3_70,14,0.48626477100000004,0.864387562,0.9337838909999999,0.967055172,0.640660045,0.48626477100000004,0.0238267,0.017360808000000002
recover,0,0.94231582,0.9879871259999999,0.994534351,0.997366729,0.958341577,0.94231582,0.003799232,0.003799232
recover_60,0,0.8998918840000001,0.98298412,0.992236645,0.9962552440000001,0.9417203759999999,0.8998918840000001,0.003799232,0.003799232
recover_70,0,0.7480345009999999,0.9586657129999999,0.980884425,0.9907244190000001,0.86644208,0.7480345009999999,0.003799232,0.003799232
