name,effectDays,infectReduct,reduceHosp,reduceIcu,reduceMort,reduceSympt,riskReduct,waneRate,waneRateOut
cur_2,14,0.446315856,0.8456602390000001,0.917417103,0.9585470509999999,0.652053828,0.446315856,0.019855372,0.014202663
cur_2_60,14,0.42564583899999997,0.8343658000000002,0.910820003,0.955074704,0.6327443420000001,0.42564583899999997,0.019855372,0.014202663
cur_2_70,14,0.405214505,0.822407511,0.903744698,0.951322807,0.612981569,0.405214505,0.019855372,0.014202663
cur_3,14,0.5035648739999999,0.873336667,0.933241778,0.96677576,0.702223087,0.5035648739999999,0.012299408000000001,0.0066467
cur_3_60,14,0.48255424700000005,0.863741227,0.927809352,0.963966787,0.684349997,0.48255424700000005,0.012299408000000001,0.0066467
cur_3_70,14,0.461586586,0.8535314559999999,0.921966457,0.960927125,0.665897912,0.461586586,0.012299408000000001,0.0066467
recover,0,0.901934448,0.988097638,0.994093882,0.9971538640000001,0.9659789529999999,0.901934448,0.004008928,0.004008928
recover_60,0,0.8561277559999999,0.9831398709999999,0.991612569,0.995952895,0.952253152,0.8561277559999999,0.004008928,0.004008928
recover_70,0,0.691078126,0.959034781,0.97936675,0.989980007,0.88897582,0.691078126,0.004008928,0.004008928
