name,effectDays,infectReduct,reduceHosp,reduceIcu,reduceMort,reduceSympt,riskReduct,waneRate,waneRateOut
cur_2,14,0.547959713,0.8913820859999999,0.9452813259999999,0.972942942,0.720224073,0.547959713,0.023057413,0.015274065
cur_2_60,14,0.535904439,0.886589865,0.942714312,0.971634676,0.710334314,0.535904439,0.023057413,0.015274065
cur_2_70,14,0.523774003,0.88160046,0.94002704,0.970261261,0.700212646,0.523774003,0.023057413,0.015274065
cur_3,14,0.508864738,0.875225015,0.9365713309999999,0.968489284,0.687531839,0.508864738,0.028217997999999998,0.02043465
cur_3_60,14,0.49672444200000004,0.869824048,0.933624398,0.9669729840000001,0.677004707,0.49672444200000004,0.028217997999999998,0.02043465
cur_3_70,14,0.484554909,0.864210012,0.930542135,0.965381898,0.666265588,0.484554909,0.028217997999999998,0.02043465
recover,0,0.9488920829999999,0.988050238,0.9942874620000001,0.997247427,0.962875921,0.9488920829999999,0.0049100179999999995,0.0049100179999999995
recover_60,0,0.919611862,0.9830730670000001,0.9918868120000001,0.996085783,0.947965638,0.919611862,0.0049100179999999995,0.0049100179999999995
recover_70,0,0.805286455,0.9588764609999999,0.980033332,0.990307108,0.879723892,0.805286455,0.0049100179999999995,0.0049100179999999995
