name,effectDays,infectReduct,reduceHosp,reduceIcu,reduceMort,reduceSympt,riskReduct,waneRate,waneRateOut
cur_2,14,0.512049705,0.875809258,0.940843777,0.970679099,0.653665983,0.512049705,0.021943424,0.016877692
cur_2_60,14,0.46897754799999997,0.855804523,0.930483341,0.965351497,0.613662853,0.46897754799999997,0.021943424,0.016877692
cur_2_70,14,0.42637970799999997,0.833200825,0.918470868,0.959099392,0.572081151,0.42637970799999997,0.021943424,0.016877692
cur_3,14,0.527751903,0.882492005,0.9442497590000001,0.9724176409999999,0.667767821,0.527751903,0.01987503,0.014809298
cur_3_60,14,0.484670869,0.863395832,0.934444273,0.9673953209999999,0.62846772,0.484670869,0.01987503,0.014809298
cur_3_70,14,0.44183361600000004,0.841762098,0.9230596520000001,0.961497302,0.587408125,0.44183361600000004,0.01987503,0.014809298
recover,0,0.8499943329999999,0.905737514,0.9163598959999999,0.949755325,0.90081106,0.8499943329999999,0.00524919,0.00524919
recover_60,0,0.731540836,0.8220888009999999,0.8404772979999999,0.900893985,0.813689868,0.731540836,0.00524919,0.00524919
recover_70,0,0.731540836,0.8220888009999999,0.8404772979999999,0.900893985,0.813689868,0.731540836,0.00524919,0.00524919
