name,effectDays,infectReduct,reduceHosp,reduceIcu,reduceMort,reduceSympt,riskReduct,waneRate,waneRateOut
cur_2,14,0.487805369,0.8659460259999999,0.9303801070000001,0.965298112,0.6783605859999999,0.487805369,0.021198084,0.018267834
cur_2_60,14,0.45092528299999995,0.847798204,0.9201508359999999,0.9599786579999999,0.645222235,0.45092528299999995,0.021198084,0.018267834
cur_2_70,14,0.41458387399999996,0.82768674,0.908568768,0.9538840590000001,0.610636496,0.41458387399999996,0.021198084,0.018267834
cur_3,14,0.508934289,0.875458552,0.9356600840000001,0.968020929,0.69651921,0.508934289,0.018419043,0.015488793
cur_3_60,14,0.471928622,0.8583879109999999,0.9261450179999999,0.963102902,0.664325966,0.471928622,0.018419043,0.015488793
cur_3_70,14,0.435236264,0.839410685,0.9153524190000001,0.9574629929999999,0.6305361629999999,0.435236264,0.018419043,0.015488793
recover,0,0.8454844090000001,0.897150569,0.927599478,0.9320209779999999,0.88097092,0.8454844090000001,0.004984882,0.004984882
recover_60,0,0.6892631309999999,0.779545465,0.8385459009999999,0.847511868,0.7500199479999999,0.6892631309999999,0.004984882,0.004984882
recover_70,0,0.6892631309999999,0.779545465,0.8385459009999999,0.847511868,0.7500199479999999,0.6892631309999999,0.004984882,0.004984882
