name,effectDays,infectReduct,reduceHosp,reduceIcu,reduceMort,reduceSympt,riskReduct,waneRate,waneRateOut
cur_2,14,0.449816024,0.8476343470000001,0.91782467,0.958760756,0.6605821620000001,0.449816024,0.020437032,0.012344997
cur_2_60,14,0.420969552,0.831848589,0.908526169,0.9538615009999999,0.6337896239999999,0.420969552,0.020437032,0.012344997
cur_2_70,14,0.392647924,0.8147816640000001,0.898290244,0.9484105359999999,0.6061383020000001,0.392647924,0.020437032,0.012344997
cur_3,14,0.503408929,0.873383962,0.932654657,0.966472966,0.70701689,0.503408929,0.013366896000000001,0.00527486
cur_3_60,14,0.47408709600000004,0.859824802,0.924896921,0.962454048,0.682125953,0.47408709600000004,0.013366896000000001,0.00527486
cur_3_70,14,0.44493789,0.8450685309999999,0.9163241670000001,0.95797351,0.656144233,0.44493789,0.013366896000000001,0.00527486
recover,0,0.9237807140000001,0.988109997,0.9940422170000001,0.99712889,0.96674789,0.9237807140000001,0.003908077,0.003908077
recover_60,0,0.876908813,0.98315729,0.9915393809999999,0.995917425,0.953317325,0.876908813,0.003908077,0.003908077
recover_70,0,0.712666802,0.959076068,0.97918895,0.9898927190000001,0.891289303,0.712666802,0.003908077,0.003908077
