name,effectDays,infectReduct,reduceHosp,reduceIcu,reduceMort,reduceSympt,riskReduct,waneRate,waneRateOut
cur_2,14,0.509626829,0.8759580779999999,0.9349106909999999,0.967635418,0.70567284,0.509626829,0.02244216,0.011096739
cur_2_60,14,0.455968699,0.850636752,0.920531902,0.9601778790000001,0.659117753,0.455968699,0.02244216,0.011096739
cur_2_70,14,0.40334707200000003,0.8212219609999999,0.903317392,0.9510952859999999,0.609309235,0.40334707200000003,0.02244216,0.011096739
cur_3,14,0.47180173299999995,0.8585469720000001,0.9250665809999999,0.9625423009999999,0.673274959,0.47180173299999995,0.027420515,0.016075093999999998
cur_3_60,14,0.41872549,0.830359746,0.908725453,0.953967022,0.624323472,0.41872549,0.027420515,0.016075093999999998
cur_3_70,14,0.36749855299999995,0.797900449,0.889261078,0.9435511409999999,0.5727266529999999,0.36749855299999995,0.027420515,0.016075093999999998
recover,0,0.8380816959999999,0.8930230259999999,0.895791955,0.915280841,0.8292220990000001,0.8380816959999999,0.004144496,0.004144496
recover_60,0,0.67899027,0.773312433,0.778411035,0.815326744,0.664906278,0.67899027,0.004144496,0.004144496
recover_70,0,0.67899027,0.773312433,0.778411035,0.815326744,0.664906278,0.67899027,0.004144496,0.004144496
