name,effectDays,infectReduct,reduceHosp,reduceIcu,reduceMort,reduceSympt,riskReduct,waneRate,waneRateOut
cur_2,14,0.578548575,0.901551333,0.9567489770000001,0.978743777,0.6766135120000001,0.578548575,0.022015903,0.017394728999999998
cur_2_60,14,0.536130729,0.885191552,0.949043265,0.97485372,0.637888041,0.536130729,0.022015903,0.017394728999999998
cur_2_70,14,0.493200782,0.8665236609999999,0.940054591,0.970275362,0.5973019,0.493200782,0.022015903,0.017394728999999998
cur_3,14,0.583662908,0.9034004720000001,0.957610099,0.9791765159999999,0.6811935790000001,0.583662908,0.021325151,0.016703977
cur_3_60,14,0.54135174,0.887309564,0.950049797,0.9753636609999999,0.642726965,0.54135174,0.021325151,0.016703977
cur_3_70,14,0.498452961,0.8689350709999999,0.941227677,0.9708753729999999,0.602345079,0.498452961,0.021325151,0.016703977
recover,0,0.923442436,0.987874915,0.99494454,0.997564872,0.949017749,0.923442436,0.006755392,0.006755392
recover_60,0,0.910066774,0.982825988,0.992818027,0.996536732,0.9289522490000001,0.910066774,0.006755392,0.006755392
recover_70,0,0.824039436,0.958291175,0.982300787,0.9914180690000001,0.8399840340000001,0.824039436,0.006755392,0.006755392
