name,effectDays,infectReduct,reduceHosp,reduceIcu,reduceMort,reduceSympt,riskReduct,waneRate,waneRateOut
cur_2,14,0.586035383,0.904547144,0.95683691,0.9787879829999999,0.699811684,0.586035383,0.02079983,0.014947201
cur_2_60,14,0.545258068,0.8892134,0.949433523,0.975051502,0.663812511,0.545258068,0.02079983,0.014947201
cur_2_70,14,0.503879362,0.87177223,0.940842107,0.970678245,0.625818489,0.503879362,0.02079983,0.014947201
cur_3,14,0.563141337,0.896146553,0.952798082,0.9767532440000001,0.679771637,0.563141337,0.023879678999999997,0.01802705
cur_3_60,14,0.521948482,0.879642879,0.9447419579999999,0.9726683540000001,0.64259659,0.521948482,0.023879678999999997,0.01802705
cur_3_70,14,0.480469696,0.86093066,0.9354076579999999,0.967891107,0.603636536,0.480469696,0.023879678999999997,0.01802705
recover,0,0.921179802,0.987916033,0.994798346,0.997494263,0.95263361,0.921179802,0.009978655999999999,0.009978655999999999
recover_60,0,0.8732039640000001,0.982883932,0.9926107959999999,0.996436416,0.933892101,0.8732039640000001,0.009978655999999999,0.009978655999999999
recover_70,0,0.706090625,0.958428395,0.9817956529999999,0.9911708029999999,0.8501116259999999,0.706090625,0.009978655999999999,0.009978655999999999
