name,effectDays,infectReduct,reduceHosp,reduceIcu,reduceMort,reduceSympt,riskReduct,waneRate,waneRateOut
cur_2,14,0.46888934600000004,0.858642595,0.916643278,0.958141041,0.7295037129999999,0.46888934600000004,0.021853082000000003,0.014631011999999999
cur_2_60,14,0.43667347700000003,0.842107222,0.9061510140000001,0.952602084,0.703085849,0.43667347700000003,0.021853082000000003,0.014631011999999999
cur_2_70,14,0.40498336100000004,0.8240340709999999,0.8944901259999999,0.946371235,0.67523661,0.40498336100000004,0.021853082000000003,0.014631011999999999
cur_3,14,0.40634690799999995,0.8248526279999999,0.89502269,0.946657544,0.676475588,0.40634690799999995,0.030219688999999997,0.022997619
cur_3_60,14,0.37539093,0.805261098,0.882158861,0.939694681,0.647382101,0.37539093,0.030219688999999997,0.022997619
cur_3_70,14,0.345421143,0.784051912,0.867951325,0.931888368,0.617153105,0.345421143,0.030219688999999997,0.022997619
recover,0,0.93699874,0.988239525,0.9934694270000001,0.996851917,0.973896243,0.93699874,0.007079639,0.007079639
recover_60,0,0.919983352,0.983339863,0.99072821,0.995524108,0.9632431309999999,0.919983352,0.007079639,0.007079639
recover_70,0,0.832882549,0.959508927,0.97722087,0.988925435,0.9132028990000001,0.832882549,0.007079639,0.007079639
