name,effectDays,infectReduct,reduceHosp,reduceIcu,reduceMort,reduceSympt,riskReduct,waneRate,waneRateOut
cur_2,14,0.457888211,0.851893125,0.919760841,0.9597746840000001,0.6717961579999999,0.457888211,0.021842402,0.011082276
cur_2_60,14,0.401665564,0.820515516,0.9010921690000001,0.9499087279999999,0.619313921,0.401665564,0.021842402,0.011082276
cur_2_70,14,0.34795282899999996,0.784202043,0.878670415,0.937789352,0.563927516,0.34795282899999996,0.021842402,0.011082276
cur_3,14,0.49619552,0.870248293,0.930392289,0.965304411,0.70473509,0.49619552,0.016791587,0.006031461
cur_3_60,14,0.439078908,0.842038313,0.913965785,0.9567335770000001,0.6548136179999999,0.439078908,0.016791587,0.006031461
cur_3_70,14,0.383570377,0.8090660590000001,0.8941194809999999,0.946171875,0.601266788,0.383570377,0.016791587,0.006031461
recover,0,0.923315463,0.988119321,0.994002906,0.997109886,0.9673173759999999,0.923315463,0.006396026,0.006396026
recover_60,0,0.8948186840000001,0.983170432,0.991483697,0.9958904359999999,0.954105908,0.8948186840000001,0.006396026,0.006396026
recover_70,0,0.774354933,0.959107218,0.979053698,0.989826309,0.893008092,0.774354933,0.006396026,0.006396026
