name,effectDays,infectReduct,reduceHosp,reduceIcu,reduceMort,reduceSympt,riskReduct,waneRate,waneRateOut
cur_2,14,0.538684368,0.887228956,0.9454209179999999,0.973013982,0.689965996,0.538684368,0.021584323,0.013478901000000001
cur_2_60,14,0.513204871,0.876590072,0.93990002,0.970196246,0.667687569,0.513204871,0.021584323,0.013478901000000001
cur_2_70,14,0.487645317,0.865094865,0.933856949,0.967092814,0.644622486,0.487645317,0.021584323,0.013478901000000001
cur_3,14,0.506006063,0.8734398459999999,0.938252038,0.969351918,0.66126541,0.506006063,0.025891894,0.017786472
cur_3_60,14,0.480462414,0.8617028640000001,0.93205809,0.966165105,0.638006645,0.480462414,0.025891894,0.017786472
cur_3_70,14,0.455009338,0.8490597390000001,0.9252891879999999,0.962658072,0.614072218,0.455009338,0.025891894,0.017786472
recover,0,0.863116543,0.9188363409999999,0.93767349,0.955832676,0.881603831,0.863116543,0.005354248000000001,0.005354248000000001
recover_60,0,0.7683679609999999,0.856231848,0.887824926,0.919257148,0.796636786,0.7683679609999999,0.005354248000000001,0.005354248000000001
recover_70,0,0.7683679609999999,0.856231848,0.887824926,0.919257148,0.796636786,0.7683679609999999,0.005354248000000001,0.005354248000000001
