name,effectDays,infectReduct,reduceHosp,reduceIcu,reduceMort,reduceSympt,riskReduct,waneRate,waneRateOut
cur_2,14,0.5515566120000001,0.892994046,0.94507265,0.9728367259999999,0.733061918,0.5515566120000001,0.022516042000000003,0.016779602
cur_2_60,14,0.528720664,0.883884668,0.940099317,0.9702982529999999,0.7146875709999999,0.528720664,0.022516042000000003,0.016779602
cur_2_70,14,0.5057484320000001,0.874102343,0.934703023,0.967528532,0.6955606120000001,0.5057484320000001,0.022516042000000003,0.016779602
cur_3,14,0.49971537200000005,0.8714224759999999,0.9332145479999999,0.9667617209999999,0.690426268,0.49971537200000005,0.029357704,0.023621264
cur_3_60,14,0.47674397,0.86076305,0.9272501870000001,0.963676722,0.6704365379999999,0.47674397,0.029357704,0.023621264
cur_3_70,14,0.45385523200000005,0.849364778,0.920793874,0.96031479,0.649796676,0.45385523200000005,0.029357704,0.023621264
recover,0,0.833375407,0.897647825,0.916390605,0.920728555,0.8790033009999999,0.833375407,0.004793139,0.004793139
recover_60,0,0.6520873739999999,0.7667132640000001,0.8042029690000001,0.813174941,0.7313556929999999,0.6520873739999999,0.004793139,0.004793139
recover_70,0,0.6520873739999999,0.7667132640000001,0.8042029690000001,0.813174941,0.7313556929999999,0.6520873739999999,0.004793139,0.004793139
