name,effectDays,infectReduct,reduceHosp,reduceIcu,reduceMort,reduceSympt,riskReduct,waneRate,waneRateOut
cur_2,14,0.502509298,0.87259777,0.9342388209999999,0.9672895229999999,0.689711605,0.502509298,0.021006841000000002,0.013058914
cur_2_60,14,0.457980844,0.85139877,0.9223842240000001,0.9611450990000001,0.650277705,0.457980844,0.021006841000000002,0.013058914
cur_2_70,14,0.414132961,0.8273815659999999,0.908608295,0.95390499,0.608694595,0.414132961,0.021006841000000002,0.013058914
cur_3,14,0.525159375,0.8823433620000001,0.939595605,0.9700403940000001,0.7087780340000001,0.525159375,0.018025407,0.01007748
cur_3_60,14,0.480562626,0.8625104659999999,0.928632895,0.96439368,0.670610025,0.480562626,0.018025407,0.01007748
cur_3_70,14,0.43629302,0.839951558,0.9158648709999999,0.957732282,0.630069179,0.43629302,0.018025407,0.01007748
recover,0,0.824162159,0.8895474990000001,0.9348554509999999,0.91656152,0.855611439,0.824162159,0.00453307,0.00453307
recover_60,0,0.69613112,0.7974228,0.875219656,0.84299141,0.743348337,0.69613112,0.00453307,0.00453307
recover_70,0,0.69613112,0.7974228,0.875219656,0.84299141,0.743348337,0.69613112,0.00453307,0.00453307
