name,effectDays,infectReduct,reduceHosp,reduceIcu,reduceMort,reduceSympt,riskReduct,waneRate,waneRateOut
cur_2,14,0.470829341,0.858034975,0.9249734359999999,0.962493851,0.6708919320000001,0.470829341,0.02265889,0.014934661
cur_2_60,14,0.43285389399999996,0.838303993,0.913609172,0.9565458090000001,0.636179578,0.43285389399999996,0.02265889,0.014934661
cur_2_70,14,0.395660495,0.8164232090000001,0.9007117859999999,0.9497056070000001,0.5999981879999999,0.395660495,0.02265889,0.014934661
cur_3,14,0.48924030799999996,0.866785857,0.9299350890000001,0.9650679129999999,0.68697004,0.48924030799999996,0.020233578999999998,0.01250935
cur_3_60,14,0.45104562600000003,0.848055737,0.919256761,0.959510915,0.6530765860000001,0.45104562600000003,0.020233578999999998,0.01250935
cur_3_70,14,0.41342855700000003,0.8272225879999999,0.9071167920000001,0.953114578,0.617565429,0.41342855700000003,0.020233578999999998,0.01250935
recover,0,0.87115808,0.92889996,0.94366817,0.944148642,0.89541702,0.87115808,0.004932519000000001,0.004932519000000001
recover_60,0,0.707068432,0.8234450040000001,0.8567391059999999,0.8578493340000001,0.753480107,0.707068432,0.004932519000000001,0.004932519000000001
recover_70,0,0.707068432,0.8234450040000001,0.8567391059999999,0.8578493340000001,0.753480107,0.707068432,0.004932519000000001,0.004932519000000001
