name,effectDays,infectReduct,reduceHosp,reduceIcu,reduceMort,reduceSympt,riskReduct,waneRate,waneRateOut
cur_2,14,0.560056561,0.895655256,0.9494023429999999,0.975035703,0.711683609,0.560056561,0.021070573999999998,0.012278866999999999
cur_2_60,14,0.506545435,0.8737628740000001,0.9380060159999999,0.969225743,0.665603473,0.506545435,0.021070573999999998,0.012278866999999999
cur_2_70,14,0.452918444,0.8480744579999999,0.924257408,0.962121241,0.616163948,0.452918444,0.021070573999999998,0.012278866999999999
cur_3,14,0.5310712710000001,0.884209259,0.9434800329999999,0.9720252979999999,0.687107015,0.5310712710000001,0.024915378999999998,0.016123673
cur_3_60,14,0.477324831,0.8602900090000001,0.930846959,0.965539486,0.63909087,0.477324831,0.024915378999999998,0.016123673
cur_3_70,14,0.424132429,0.8323858829999999,0.91565343,0.95762119,0.588156924,0.424132429,0.024915378999999998,0.016123673
recover,0,0.933782045,0.988002413,0.994475659,0.9973383709999999,0.959484022,0.933782045,0.010077783,0.010077783
recover_60,0,0.9257433970000001,0.9830056640000001,0.992153473,0.996214961,0.9432916709999999,0.9257433970000001,0.010077783,0.010077783
recover_70,0,0.857477319,0.958716754,0.9806820009999999,0.9906252000000001,0.869762285,0.857477319,0.010077783,0.010077783
