name,effectDays,infectReduct,reduceHosp,reduceIcu,reduceMort,reduceSympt,riskReduct,waneRate,waneRateOut
cur_2,14,0.42089475,0.832570189,0.9046369409999999,0.951797546,0.661812136,0.42089475,0.021137807,0.013625868000000001
cur_2_60,14,0.37629949100000004,0.8049885509999999,0.887320515,0.9425004290000001,0.618974238,0.37629949100000004,0.021137807,0.013625868000000001
cur_2_70,14,0.333726935,0.774112171,0.867331457,0.931544965,0.574223742,0.333726935,0.021137807,0.013625868000000001
cur_3,14,0.488325422,0.86719108,0.925686091,0.9628644190000001,0.719861522,0.488325422,0.012182367,0.004670428
cur_3_60,14,0.442039157,0.8442457809999999,0.911819285,0.955602273,0.6808305509999999,0.442039157,0.012182367,0.004670428
cur_3_70,14,0.39676040799999995,0.8181811459999999,0.895665225,0.947002751,0.639109165,0.39676040799999995,0.012182367,0.004670428
recover,0,0.9198033240000001,0.988174144,0.993765852,0.9969952740000001,0.970487868,0.9198033240000001,0.006556164000000001,0.006556164000000001
recover_60,0,0.854919448,0.983247705,0.991147951,0.995727672,0.9585030440000001,0.854919448,0.006556164000000001,0.006556164000000001
recover_70,0,0.648157568,0.959290401,0.9782386679999999,0.9894259190000001,0.9026618340000001,0.648157568,0.006556164000000001,0.006556164000000001
