name,effectDays,infectReduct,reduceHosp,reduceIcu,reduceMort,reduceSympt,riskReduct,waneRate,waneRateOut
cur_2,14,0.56160407,0.896491598,0.948618518,0.974638365,0.72523074,0.56160407,0.021460821,0.016774332
cur_2_60,14,0.523019142,0.881143456,0.940486603,0.9704964159999999,0.6931793159999999,0.523019142,0.021460821,0.016774332
cur_2_70,14,0.48416797899999997,0.8638700290000001,0.9311637709999999,0.9657032170000001,0.65915576,0.48416797899999997,0.021460821,0.016774332
cur_3,14,0.5424707679999999,0.889087585,0.944713224,0.9726537209999999,0.709545348,0.5424707679999999,0.024004862000000002,0.019318372
cur_3_60,14,0.503690052,0.872797356,0.936004932,0.968198225,0.67648045,0.503690052,0.024004862000000002,0.019318372
cur_3_70,14,0.464875329,0.854511262,0.9260352559999999,0.963045875,0.64156267,0.464875329,0.024004862000000002,0.019318372
recover,0,0.918632385,0.9880343490000001,0.9943507659999999,0.99727802,0.9617789929999999,0.918632385,0.009065567,0.009065567
recover_60,0,0.8741630570000001,0.9830506729999999,0.991976505,0.996129237,0.946452647,0.8741630570000001,0.009065567,0.009065567
recover_70,0,0.714996662,0.9588233970000001,0.980251458,0.990414096,0.87648519,0.714996662,0.009065567,0.009065567
