name,effectDays,infectReduct,reduceHosp,reduceIcu,reduceMort,reduceSympt,riskReduct,waneRate,waneRateOut
cur_2,14,0.34751102100000003,0.786185641,0.8657291770000001,0.9306562079999999,0.637287866,0.34751102100000003,0.021213302000000003,0.006926829000000001
cur_2_60,14,0.30694712399999996,0.7535529009999999,0.842809217,0.91776651,0.59367508,0.30694712399999996,0.021213302000000003,0.006926829000000001
cur_2_70,14,0.26918241600000004,0.717745935,0.816818068,0.9027391029999999,0.548555303,0.26918241600000004,0.021213302000000003,0.006926829000000001
cur_3,14,0.419328934,0.832932387,0.89735567,0.947909793,0.704346246,0.419328934,0.011203359,-0.003083114
cur_3_60,14,0.3752025,0.805670698,0.879080289,0.938013601,0.664552431,0.3752025,0.011203359,-0.003083114
cur_3_70,14,0.333075973,0.775176855,0.85807657,0.9263894009999999,0.622295826,0.333075973,0.011203359,-0.003083114
recover,0,0.943347435,0.98827918,0.993282019,0.99676126,0.97578159,0.943347435,0.004136802,0.004136802
recover_60,0,0.9049844020000001,0.983395763,0.990462893,0.995395391,0.965870936,0.9049844020000001,0.004136802,0.004136802
recover_70,0,0.764404372,0.959641505,0.9765781720000001,0.988609124,0.919107727,0.764404372,0.004136802,0.004136802
