name,effectDays,infectReduct,reduceHosp,reduceIcu,reduceMort,reduceSympt,riskReduct,waneRate,waneRateOut
cur_2,14,0.525782262,0.8818482320000001,0.943073087,0.97181774,0.674505048,0.525782262,0.021887047000000003,0.016187905
cur_2_60,14,0.518889388,0.8789392109999999,0.941571609,0.971051145,0.668410586,0.518889388,0.021887047000000003,0.016187905
cur_2_70,14,0.51194767,0.875950531,0.940023651,0.9702595270000001,0.662221869,0.51194767,0.021887047000000003,0.016187905
cur_3,14,0.549127092,0.891288813,0.947910632,0.9742792370000001,0.6947786429999999,0.549127092,0.018799141000000002,0.013099998
cur_3_60,14,0.542278142,0.888582862,0.946529513,0.973577778,0.6888886909999999,0.542278142,0.018799141000000002,0.013099998
cur_3_70,14,0.535371713,0.8858013259999999,0.945105249,0.97285332,0.682900855,0.535371713,0.018799141000000002,0.013099998
recover,0,0.903472734,0.928316743,0.9349257040000001,0.971528477,0.8867347729999999,0.903472734,0.006613127,0.006613127
recover_60,0,0.8032040020000001,0.849557728,0.8623513190000001,0.9370258690000001,0.7734393159999999,0.8032040020000001,0.006613127,0.006613127
recover_70,0,0.8032040020000001,0.849557728,0.8623513190000001,0.9370258690000001,0.7734393159999999,0.8032040020000001,0.006613127,0.006613127
