name,effectDays,infectReduct,reduceHosp,reduceIcu,reduceMort,reduceSympt,riskReduct,waneRate,waneRateOut
cur_2,14,0.524520263,0.882106843,0.9393140609999999,0.9698962059999999,0.709578742,0.524520263,0.021257669,0.013625031999999999
cur_2_60,14,0.5028466189999999,0.872779509,0.934175036,0.967256672,0.691377213,0.5028466189999999,0.021257669,0.013625031999999999
cur_2_70,14,0.48114474799999996,0.862820672,0.928629239,0.964391786,0.6725458870000001,0.48114474799999996,0.021257669,0.013625031999999999
cur_3,14,0.511426822,0.876542679,0.9362547729999999,0.9683266340000001,0.6986535629999999,0.511426822,0.022981872999999996,0.015349236
cur_3_60,14,0.489736955,0.866841579,0.930875745,0.965554365,0.680076035,0.489736955,0.022981872999999996,0.015349236
cur_3_70,14,0.468068185,0.856494348,0.925074275,0.962546303,0.66089336,0.468068185,0.022981872999999996,0.015349236
recover,0,0.89475288,0.9265113640000001,0.940374446,0.958364,0.91998196,0.89475288,0.006302731999999999,0.006302731999999999
recover_60,0,0.7696740209999999,0.8320925229999999,0.861096713,0.9004735629999999,0.818814613,0.7696740209999999,0.006302731999999999,0.006302731999999999
recover_70,0,0.7696740209999999,0.8320925229999999,0.861096713,0.9004735629999999,0.818814613,0.7696740209999999,0.006302731999999999,0.006302731999999999
