name,effectDays,infectReduct,reduceHosp,reduceIcu,reduceMort,reduceSympt,riskReduct,waneRate,waneRateOut
cur_2,14,0.471076846,0.857580056,0.92772618,0.9639236529999999,0.64724413,0.471076846,0.021544089,0.013880251000000001
cur_2_60,14,0.44719410299999995,0.8454226690000001,0.921005107,0.960425155,0.624983455,0.44719410299999995,0.021544089,0.013880251000000001
cur_2_70,14,0.42353919,0.8324226259999999,0.913712819,0.9566003890000001,0.602168301,0.42353919,0.021544089,0.013880251000000001
cur_3,14,0.553086445,0.8932431999999999,0.94691152,0.973771899,0.718274448,0.553086445,0.010728602,0.003064764
cur_3_60,14,0.529205925,0.8837173340000001,0.941862775,0.971199899,0.698407522,0.529205925,0.010728602,0.003064764
cur_3_70,14,0.505177248,0.87345583,0.93636289,0.9683821909999999,0.677756142,0.505177248,0.010728602,0.003064764
recover,0,0.915606487,0.988034289,0.9943510040000001,0.997278135,0.961774791,0.915606487,0.00463271,0.00463271
recover_60,0,0.856561517,0.983050588,0.991976842,0.9961293999999999,0.946446855,0.856561517,0.00463271,0.00463271
recover_70,0,0.6635955920000001,0.958823196,0.9802522770000001,0.9904144979999999,0.8764728159999999,0.6635955920000001,0.00463271,0.00463271
