name,effectDays,infectReduct,reduceHosp,reduceIcu,reduceMort,reduceSympt,riskReduct,waneRate,waneRateOut
cur_2,14,0.5320587139999999,0.885235243,0.940930877,0.9707236370000001,0.716611507,0.5320587139999999,0.021878138999999998,0.012719359
cur_2_60,14,0.494198986,0.868909706,0.9319188409999999,0.966093216,0.684838755,0.494198986,0.021878138999999998,0.012719359
cur_2_70,14,0.45641449799999995,0.850658145,0.9216489259999999,0.960761383,0.65124551,0.45641449799999995,0.021878138999999998,0.012719359
cur_3,14,0.465182851,0.8550862509999999,0.924159763,0.9620704059999999,0.659217654,0.465182851,0.030685987,0.021527207000000003
cur_3_60,14,0.427732027,0.835270032,0.912826055,0.9561332159999999,0.624382928,0.427732027,0.030685987,0.021527207000000003
cur_3_70,14,0.391099945,0.8133409890000001,0.8999851259999999,0.949317341,0.58822032,0.391099945,0.030685987,0.021527207000000003
recover,0,0.897553933,0.9880744370000001,0.994189529,0.9972000959999999,0.964491194,0.897553933,0.003999092,0.003999092
recover_60,0,0.8039256690000001,0.9831071720000001,0.991748065,0.9960185559999999,0.9501961040000001,0.8039256690000001,0.003999092,0.003999092
recover_70,0,0.543279917,0.958957285,0.979696022,0.9901416140000001,0.884523223,0.543279917,0.003999092,0.003999092
