name,effectDays,infectReduct,reduceHosp,reduceIcu,reduceMort,reduceSympt,riskReduct,waneRate,waneRateOut
cur_2,14,0.653672472,0.9255323529999999,0.971337873,0.986022052,0.6823484809999999,0.653672472,0.022451587999999998,0.020169186000000002
cur_2_60,14,0.64650145,0.9233301909999999,0.970447023,0.985580826,0.6754764409999999,0.64650145,0.022451587999999998,0.020169186000000002
cur_2_70,14,0.639226917,0.921056805,0.969524616,0.985123535,0.668492426,0.639226917,0.022451587999999998,0.020169186000000002
cur_3,14,0.6335337360000001,0.919249219,0.968789206,0.9847586290000001,0.663017609,0.6335337360000001,0.025338647000000002,0.023056245
cur_3_60,14,0.626184189,0.916877939,0.9678217640000001,0.984278159,0.655938238,0.626184189,0.025338647000000002,0.023056245
cur_3_70,14,0.618738121,0.9144309629999999,0.96682022,0.983780234,0.648752393,0.618738121,0.025338647000000002,0.023056245
recover,0,0.862680655,0.9168613609999999,0.928264935,0.9497300870000001,0.8852985729999999,0.862680655,0.005452903,0.005452903
recover_60,0,0.7203991679999999,0.818935765,0.8414483979999999,0.8856925520000001,0.759930694,0.7203991679999999,0.005452903,0.005452903
recover_70,0,0.7203991679999999,0.818935765,0.8414483979999999,0.8856925520000001,0.759930694,0.7203991679999999,0.005452903,0.005452903
