name,effectDays,infectReduct,reduceHosp,reduceIcu,reduceMort,reduceSympt,riskReduct,waneRate,waneRateOut
cur_2,14,0.391101834,0.814635195,0.893395443,0.9457822,0.63384888,0.391101834,0.020782972,0.008692917
cur_2_60,14,0.383974086,0.810057479,0.890501326,0.944221493,0.626851574,0.383974086,0.020782972,0.008692917
cur_2_70,14,0.37685761100000004,0.805368208,0.887522283,0.9426097809999999,0.619762403,0.37685761100000004,0.020782972,0.008692917
cur_3,14,0.454297495,0.850658606,0.915696717,0.957643935,0.691709977,0.454297495,0.012256023000000001,0.00016596799999999998
cur_3_60,14,0.446863259,0.846803215,0.913349317,0.95640894,0.685269373,0.446863259,0.012256023000000001,0.00016596799999999998
cur_3_70,14,0.439412618,0.842845121,0.9109297059999999,0.9551326490000001,0.678721217,0.439412618,0.012256023000000001,0.00016596799999999998
recover,0,0.9438259590000001,0.988174645,0.993763635,0.996994202,0.97051552,0.9438259590000001,0.0027417929999999997,0.0027417929999999997
recover_60,0,0.923344067,0.983248412,0.991144812,0.99572615,0.958541445,0.923344067,0.0027417929999999997,0.0027417929999999997
recover_70,0,0.830957046,0.9592920779999999,0.978231052,0.989422175,0.902746666,0.830957046,0.0027417929999999997,0.0027417929999999997
