name,effectDays,infectReduct,reduceHosp,reduceIcu,reduceMort,reduceSympt,riskReduct,waneRate,waneRateOut
cur_2,14,0.537201125,0.886349335,0.946307725,0.9734650359999999,0.675050908,0.537201125,0.021390048999999998,0.017195825
cur_2_60,14,0.510977832,0.8753179329999999,0.94070681,0.970609053,0.65157238,0.510977832,0.021390048999999998,0.017195825
cur_2_70,14,0.484683938,0.86337608,0.9345595790000001,0.967454688,0.627324566,0.484683938,0.021390048999999998,0.017195825
cur_3,14,0.567325572,0.898059732,0.952173458,0.97643778,0.701193437,0.567325572,0.017383436000000002,0.013189211999999999
cur_3_60,14,0.541351876,0.888021388,0.947150255,0.973893175,0.67870476,0.541351876,0.017383436000000002,0.013189211999999999
cur_3_70,14,0.5151414639999999,0.877125453,0.9416295990000001,0.971080775,0.65534637,0.5151414639999999,0.017383436000000002,0.013189211999999999
recover,0,0.828496424,0.888686675,0.9218416770000001,0.931036174,0.8916110420000001,0.828496424,0.004775673,0.004775673
recover_60,0,0.751702607,0.833425399,0.880832994,0.894298565,0.837536155,0.751702607,0.004775673,0.004775673
recover_70,0,0.751702607,0.833425399,0.880832994,0.894298565,0.837536155,0.751702607,0.004775673,0.004775673
