name,effectDays,infectReduct,reduceHosp,reduceIcu,reduceMort,reduceSympt,riskReduct,waneRate,waneRateOut
cur_2,14,0.376244807,0.8068606290000001,0.8767213079999999,0.936721571,0.681247616,0.376244807,0.021196528,0.010167039000000001
cur_2_60,14,0.36141570100000003,0.796738304,0.869668928,0.932838672,0.66725689,0.36141570100000003,0.021196528,0.010167039000000001
cur_2_70,14,0.346821637,0.786207907,0.862263675,0.928728502,0.6529404679999999,0.346821637,0.021196528,0.010167039000000001
cur_3,14,0.372865015,0.804602358,0.8751534879999999,0.935860991,0.6781065620000001,0.372865015,0.021670852,0.010641363000000001
cur_3_60,14,0.35809264399999996,0.794391837,0.8680249179999999,0.931929123,0.664045956,0.35809264399999996,0.021670852,0.010641363000000001
cur_3_70,14,0.343560574,0.783772867,0.860541234,0.927767599,0.649663918,0.343560574,0.021670852,0.010641363000000001
recover,0,0.93500688,0.988315892,0.993103189,0.9966747359999999,0.977413228,0.93500688,0.005327644,0.005327644
recover_60,0,0.915088874,0.983447513,0.990209758,0.99527255,0.9681484779999999,0.915088874,0.005327644,0.005327644
recover_70,0,0.8199975540000001,0.9597642609999999,0.975965449,0.988307367,0.924261221,0.8199975540000001,0.005327644,0.005327644
