name,effectDays,infectReduct,reduceHosp,reduceIcu,reduceMort,reduceSympt,riskReduct,waneRate,waneRateOut
cur_2,14,0.567518964,0.8979889809999999,0.95279763,0.976753016,0.693952735,0.567518964,0.021667611,0.01657972
cur_2_60,14,0.529358425,0.8829750940000001,0.9453595909999999,0.972982773,0.660269975,0.529358425,0.021667611,0.01657972
cur_2_70,14,0.49086150100000003,0.866085628,0.936829547,0.9686219159999999,0.624893334,0.49086150100000003,0.021667611,0.01657972
cur_3,14,0.561635297,0.895775515,0.951709465,0.9762033059999999,0.68884607,0.561635297,0.022454488999999998,0.017366598
cur_3_60,14,0.523391595,0.880479212,0.944110013,0.9723464340000001,0.654880794,0.523391595,0.022454488999999998,0.017366598
cur_3_70,14,0.48488154200000005,0.863285305,0.935398225,0.9678862559999999,0.619266566,0.48488154200000005,0.022454488999999998,0.017366598
recover,0,0.811848839,0.877712595,0.8994061609999999,0.921054433,0.839146875,0.811848839,0.003758687,0.003758687
recover_60,0,0.688235835,0.785963066,0.820606175,0.8565070459999999,0.7274474120000001,0.688235835,0.003758687,0.003758687
recover_70,0,0.688235835,0.785963066,0.820606175,0.8565070459999999,0.7274474120000001,0.688235835,0.003758687,0.003758687
