name,effectDays,infectReduct,reduceHosp,reduceIcu,reduceMort,reduceSympt,riskReduct,waneRate,waneRateOut
cur_2,14,0.43097924200000004,0.83800063,0.909360215,0.954302977,0.662123001,0.43097924200000004,0.022470701000000003,0.008790707
cur_2_60,14,0.391168241,0.814403227,0.894853068,0.946566372,0.624389622,0.391168241,0.022470701000000003,0.008790707
cur_2_70,14,0.352767868,0.788246605,0.878340723,0.9376088990000001,0.585096697,0.352767868,0.022470701000000003,0.008790707
cur_3,14,0.476141446,0.8612578359999999,0.9233103229999999,0.961627949,0.701640004,0.476141446,0.016475625,0.00279563
cur_3_60,14,0.43535043799999995,0.8404029679999999,0.910816959,0.955073095,0.666094254,0.43535043799999995,0.016475625,0.00279563
cur_3_70,14,0.395429797,0.817087586,0.896521694,0.9474625170000001,0.62856881,0.395429797,0.016475625,0.00279563
recover,0,0.876113274,0.922676783,0.933698425,0.9554156340000001,0.8928350829999999,0.876113274,0.005933084,0.005933084
recover_60,0,0.753650556,0.837716479,0.858997681,0.9026316409999999,0.78280414,0.753650556,0.005933084,0.005933084
recover_70,0,0.753650556,0.837716479,0.858997681,0.9026316409999999,0.78280414,0.753650556,0.005933084,0.005933084
