name,effectDays,infectReduct,reduceHosp,reduceIcu,reduceMort,reduceSympt,riskReduct,waneRate,waneRateOut
cur_2,14,0.620927156,0.915878635,0.964545368,0.982647314,0.697060256,0.620927156,0.020422204,0.017466334
cur_2_60,14,0.588278312,0.9047359340000001,0.959564449,0.980157168,0.667456845,0.588278312,0.020422204,0.017466334
cur_2_70,14,0.554836255,0.892291921,0.9539176979999999,0.977318177,0.636471838,0.554836255,0.020422204,0.017466334
cur_3,14,0.611982201,0.912917524,0.96322857,0.981990276,0.689012037,0.611982201,0.021666042000000003,0.018710172
cur_3_60,14,0.5790851920000001,0.9014248109999999,0.9580707,0.97940782,0.659006885,0.5790851920000001,0.021666042000000003,0.018710172
cur_3_70,14,0.5454733629999999,0.888601532,0.952225735,0.9764641909999999,0.6276737410000001,0.5454733629999999,0.021666042000000003,0.018710172
recover,0,0.948627021,0.987831407,0.9950942690000001,0.997637179,0.944922853,0.948627021,0.008237493,0.008237493
recover_60,0,0.9314286540000001,0.98276468,0.993030297,0.996639464,0.923375818,0.9314286540000001,0.008237493,0.008237493
recover_70,0,0.849821026,0.958146012,0.982818526,0.99167137,0.828712201,0.849821026,0.008237493,0.008237493
