name,effectDays,infectReduct,reduceHosp,reduceIcu,reduceMort,reduceSympt,riskReduct,waneRate,waneRateOut
cur_2,14,0.42018023,0.8330869670000001,0.899487582,0.949051317,0.6937982629999999,0.42018023,0.022522302,0.009618359
cur_2_60,14,0.383271564,0.8106153759999999,0.884718498,0.941088038,0.66022244,0.383271564,0.022522302,0.009618359
cur_2_70,14,0.34766983700000004,0.78590249,0.8681019640000001,0.931971786,0.624964256,0.34766983700000004,0.022522302,0.009618359
cur_3,14,0.41942372200000005,0.8326546290000001,0.8992064259999999,0.948900926,0.6931380340000001,0.41942372200000005,0.022624415,0.009720471999999999
cur_3_60,14,0.382537666,0.8101380979999999,0.8844013390000001,0.9409156040000001,0.659525343,0.382537666,0.022624415,0.009720471999999999
cur_3_70,14,0.34696575799999996,0.785379422,0.8677459240000001,0.931774604,0.624235992,0.34696575799999996,0.022624415,0.009720471999999999
recover,0,0.8511312679999999,0.907971373,0.936282152,0.895268685,0.883882072,0.8511312679999999,0.005107881,0.005107881
recover_60,0,0.7174197920000001,0.814165995,0.8671106129999999,0.791488803,0.771696357,0.7174197920000001,0.005107881,0.005107881
recover_70,0,0.7174197920000001,0.814165995,0.8671106129999999,0.791488803,0.771696357,0.7174197920000001,0.005107881,0.005107881
