name,effectDays,infectReduct,reduceHosp,reduceIcu,reduceMort,reduceSympt,riskReduct,waneRate,waneRateOut
cur_2,14,0.558913859,0.895147225,0.949494946,0.9750826229999999,0.707073065,0.558913859,0.021207142999999998,0.016268114
cur_2_60,14,0.508238796,0.8744217759999999,0.9387772740000001,0.96962118,0.6631612370000001,0.508238796,0.021207142999999998,0.016268114
cur_2_70,14,0.457423824,0.850300222,0.925970828,0.9630123970000001,0.616267989,0.457423824,0.021207142999999998,0.016268114
cur_3,14,0.561011617,0.8959436059999999,0.949901645,0.975288637,0.7088332709999999,0.561011617,0.020927247,0.015988218999999998
cur_3_60,14,0.510366428,0.875353651,0.939264758,0.9698709520000001,0.665060317,0.510366428,0.020927247,0.015988218999999998
cur_3_70,14,0.45953751600000003,0.851380673,0.926552305,0.9633144509999999,0.61827927,0.45953751600000003,0.020927247,0.015988218999999998
recover,0,0.9482581040000001,0.98799307,0.9945116140000001,0.997355743,0.9587892240000001,0.9482581040000001,0.009028808000000001,0.009028808000000001
recover_60,0,0.9156314729999999,0.982992497,0.992204423,0.9962396379999999,0.9423358820000001,0.9156314729999999,0.009028808000000001,0.009028808000000001
recover_70,0,0.7917106909999999,0.958685558,0.980805998,0.99068598,0.8677409620000001,0.7917106909999999,0.009028808000000001,0.009028808000000001
