name,effectDays,infectReduct,reduceHosp,reduceIcu,reduceMort,reduceSympt,riskReduct,waneRate,waneRateOut
cur_2,14,0.575123001,0.900249803,0.9563543790000001,0.9785453470000001,0.670834669,0.575123001,0.022559613,0.016291038
cur_2_60,14,0.56344392,0.895890037,0.9543223470000001,0.977522188,0.660232235,0.56344392,0.022559613,0.016291038
cur_2_70,14,0.551660896,0.891349733,0.9521943359999999,0.9764483279999999,0.649436228,0.551660896,0.022559613,0.016291038
cur_3,14,0.607508112,0.911659564,0.9616203000000001,0.981186558,0.6997332620000001,0.607508112,0.018151982,0.011883408
cur_3_60,14,0.59609405,0.90774738,0.959823137,0.98028682,0.6896309970000001,0.59609405,0.018151982,0.011883408
cur_3_70,14,0.584542484,0.90366858,0.9579401,0.979342247,0.679315401,0.584542484,0.018151982,0.011883408
recover,0,0.863327704,0.9070092809999999,0.934302505,0.950853849,0.884724787,0.863327704,0.005165627,0.005165627
recover_60,0,0.740181999,0.814777825,0.865115702,0.897179229,0.7758529359999999,0.740181999,0.005165627,0.005165627
recover_70,0,0.740181999,0.814777825,0.865115702,0.897179229,0.7758529359999999,0.740181999,0.005165627,0.005165627
