name,effectDays,infectReduct,reduceHosp,reduceIcu,reduceMort,reduceSympt,riskReduct,waneRate,waneRateOut
cur_2,14,0.44377454299999997,0.84330289,0.921384242,0.9606231829999999,0.609553415,0.44377454299999997,0.01939059,0.011233321000000001
cur_2_60,14,0.38046202100000004,0.805539144,0.9002112859999999,0.949438215,0.545797483,0.38046202100000004,0.01939059,0.011233321000000001
cur_2_70,14,0.321016783,0.761290111,0.8741387540000001,0.9353032020000001,0.480557175,0.321016783,0.01939059,0.011233321000000001
cur_3,14,0.50786575,0.874388849,0.9381169109999999,0.969282621,0.6687989870000001,0.50786575,0.010930667,0.002773398
cur_3_60,14,0.44268676799999995,0.842719532,0.921064359,0.9604561090000001,0.608503833,0.44268676799999995,0.010930667,0.002773398
cur_3_70,14,0.379474253,0.804881533,0.899834019,0.9492365629999999,0.544757904,0.379474253,0.010930667,0.002773398
recover,0,0.9220677709999999,0.9880072109999999,0.994457093,0.9973294,0.9598366540000001,0.9220677709999999,0.008784424,0.008784424
recover_60,0,0.8784796309999999,0.9830124259999999,0.992127165,0.996202218,0.943776976,0.8784796309999999,0.008784424,0.008784424
recover_70,0,0.721914116,0.958732774,0.980617982,0.990593816,0.870790655,0.721914116,0.008784424,0.008784424
