name,effectDays,infectReduct,reduceHosp,reduceIcu,reduceMort,reduceSympt,riskReduct,waneRate,waneRateOut
cur_2,14,0.5963203779999999,0.908094368,0.958815801,0.9797817529999999,0.705072171,0.5963203779999999,0.02123709,0.016580962
cur_2_60,14,0.5699394870000001,0.898624492,0.9543092559999999,0.97751559,0.682008449,0.5699394870000001,0.02123709,0.016580962
cur_2_70,14,0.543146757,0.888295435,0.949333977,0.97500106,0.6580081289999999,0.543146757,0.02123709,0.016580962
cur_3,14,0.57906403,0.901974782,0.955909551,0.978321558,0.6900483390000001,0.57906403,0.023578707,0.018922579
cur_3_60,14,0.552401885,0.891949378,0.9511012109999999,0.9758957559999999,0.666365679,0.552401885,0.023578707,0.018922579
cur_3_70,14,0.525426336,0.8810302409999999,0.945796448,0.9732050390000001,0.641804801,0.525426336,0.023578707,0.018922579
recover,0,0.937940915,0.987906803,0.9948315659999999,0.997510308,0.951842782,0.937940915,0.007537818000000001,0.007537818000000001
recover_60,0,0.901110055,0.982870925,0.992657883,0.996459212,0.932810433,0.901110055,0.007537818000000001,0.007537818000000001
recover_70,0,0.764017972,0.9583975920000001,0.981910402,0.991226985,0.847882418,0.764017972,0.007537818000000001,0.007537818000000001
