name,effectDays,infectReduct,reduceHosp,reduceIcu,reduceMort,reduceSympt,riskReduct,waneRate,waneRateOut
cur_2,14,0.588423228,0.905591987,0.956447168,0.978592015,0.7126360009999999,0.588423228,0.021138072,0.012589699
cur_2_60,14,0.571653072,0.899538822,0.953487214,0.977101045,0.698332308,0.571653072,0.021138072,0.012589699
cur_2_70,14,0.554692133,0.8931338529999999,0.9503318470000001,0.975506458,0.68361121,0.554692133,0.021138072,0.012589699
cur_3,14,0.560389906,0.8953184540000001,0.951410795,0.976052316,0.688585527,0.560389906,0.024909237,0.016360864
cur_3_60,14,0.543363925,0.8886875479999999,0.948127121,0.9743890959999999,0.673632958,0.543363925,0.024909237,0.016360864
cur_3_70,14,0.526211223,0.8816817459999999,0.944629249,0.9726109540000001,0.6582963270000001,0.526211223,0.024909237,0.016360864
recover,0,0.8540756190000001,0.919543332,0.926742007,0.952035842,0.880989457,0.8540756190000001,0.005015357,0.005015357
recover_60,0,0.76649768,0.865048123,0.876467606,0.917575877,0.8058930959999999,0.76649768,0.005015357,0.005015357
recover_70,0,0.76649768,0.865048123,0.876467606,0.917575877,0.8058930959999999,0.76649768,0.005015357,0.005015357
