name,effectDays,infectReduct,reduceHosp,reduceIcu,reduceMort,reduceSympt,riskReduct,waneRate,waneRateOut
cur_2,14,0.36684186799999996,0.800701106,0.871170652,0.9336680470000001,0.67843011,0.36684186799999996,0.021045393,0.009247295
cur_2_60,14,0.335209899,0.777603844,0.8547588740000001,0.9245281740000001,0.647402594,0.335209899,0.021045393,0.009247295
cur_2_70,14,0.30499478,0.7526594390000001,0.836650435,0.914245758,0.615083403,0.30499478,0.021045393,0.009247295
cur_3,14,0.377564009,0.807923042,0.8762337170000001,0.936454091,0.688358268,0.377564009,0.019536725,0.007738627
cur_3_60,14,0.345512015,0.785438469,0.8603635470000001,0.927668367,0.657805516,0.345512015,0.019536725,0.007738627
cur_3_70,14,0.31480802399999996,0.76110284,0.842825397,0.917775727,0.625888846,0.31480802399999996,0.019536725,0.007738627
recover,0,0.95485812,0.988329908,0.993033521,0.9966410240000001,0.978008702,0.95485812,0.000801355,0.000801355
recover_60,0,0.9249930040000001,0.9834672720000001,0.990111153,0.99522469,0.968980455,0.9249930040000001,0.000801355,0.000801355
recover_70,0,0.8100856409999999,0.9598111359999999,0.975726895,0.98818983,0.926152113,0.8100856409999999,0.000801355,0.000801355
