name,effectDays,infectReduct,reduceHosp,reduceIcu,reduceMort,reduceSympt,riskReduct,waneRate,waneRateOut
cur_2,14,0.56742271,0.897518125,0.9545247309999999,0.977624191,0.670772225,0.56742271,0.021152216,0.014670721000000001
cur_2_60,14,0.5165739220000001,0.877064836,0.9447484009999999,0.972671635,0.624022293,0.5165739220000001,0.021152216,0.014670721000000001
cur_2_70,14,0.465410129,0.85321254,0.933025498,0.9666642409999999,0.574871586,0.465410129,0.021152216,0.014670721000000001
cur_3,14,0.6208994520000001,0.9162130390000001,0.963246259,0.981999108,0.71782613,0.6208994520000001,0.013852792,0.007371297
cur_3_60,14,0.5715907029999999,0.899071297,0.955257005,0.977993078,0.674515628,0.5715907029999999,0.013852792,0.007371297
cur_3_70,14,0.520848733,0.87889922,0.945635442,0.9731231340000001,0.62803113,0.520848733,0.013852792,0.007371297
recover,0,0.9513392390000001,0.987884973,0.994909204,0.997547807,0.94992457,0.9513392390000001,0.006271709,0.006271709
recover_60,0,0.9375115709999999,0.982840163,0.9927679359999999,0.996512486,0.930189721,0.9375115709999999,0.006271709,0.006271709
recover_70,0,0.866046709,0.95832474,0.98217866,0.991358299,0.8425083940000001,0.866046709,0.006271709,0.006271709
