name,effectDays,infectReduct,reduceHosp,reduceIcu,reduceMort,reduceSympt,riskReduct,waneRate,waneRateOut
cur_2,14,0.40483861299999996,0.8235071620000001,0.8967930340000001,0.947608087,0.659982711,0.40483861299999996,0.020721168999999998,0.0074986359999999995
cur_2_60,14,0.37978694399999996,0.807707669,0.886651034,0.942137418,0.636014804,0.37978694399999996,0.020721168999999998,0.0074986359999999995
cur_2_70,14,0.355350658,0.79084636,0.875646202,0.9361316040000001,0.611342731,0.355350658,0.020721168999999998,0.0074986359999999995
cur_3,14,0.488736296,0.8676769990000001,0.924307828,0.9621474879999999,0.7317459359999999,0.488736296,0.009533826,-0.0036887070000000003
cur_3_60,14,0.462527652,0.855135993,0.9166182709999999,0.9581279140000001,0.710618599,0.462527652,0.009533826,-0.0036887070000000003
cur_3_70,14,0.436514557,0.841617985,0.908221738,0.95370026,0.68852692,0.436514557,0.009533826,-0.0036887070000000003
recover,0,0.8234839290000001,0.8815609940000001,0.906357767,0.919594369,0.8681746659999999,0.8234839290000001,0.00472337,0.00472337
recover_60,0,0.654888415,0.7517114640000001,0.797447612,0.823073836,0.7281744309999999,0.654888415,0.00472337,0.00472337
recover_70,0,0.654888415,0.7517114640000001,0.797447612,0.823073836,0.7281744309999999,0.654888415,0.00472337,0.00472337
