name,effectDays,infectReduct,reduceHosp,reduceIcu,reduceMort,reduceSympt,riskReduct,waneRate,waneRateOut
cur_2,14,0.52512608,0.880892865,0.9457799509999999,0.9731966470000001,0.640979885,0.52512608,0.020990792,0.014530423
cur_2_60,14,0.48938884,0.8650487859999999,0.9379594859999999,0.969201876,0.607443716,0.48938884,0.020990792,0.014530423
cur_2_70,14,0.453765091,0.847464825,0.929097018,0.9646340959999999,0.5728677329999999,0.453765091,0.020990792,0.014530423
cur_3,14,0.585859777,0.90440869,0.9571086190000001,0.978924556,0.6954886779999999,0.585859777,0.012893692,0.006433321999999999
cur_3_60,14,0.550783237,0.891306791,0.950837215,0.97576221,0.664378148,0.550783237,0.012893692,0.006433321999999999
cur_3_70,14,0.515199648,0.876656372,0.943703915,0.972139448,0.631777044,0.515199648,0.012893692,0.006433321999999999
recover,0,0.8699518359999999,0.906960146,0.9325524590000001,0.938158101,0.884382443,0.8699518359999999,0.005612065,0.005612065
recover_60,0,0.7536360440000001,0.816773272,0.86343783,0.874011623,0.777674999,0.7536360440000001,0.005612065,0.005612065
recover_70,0,0.7536360440000001,0.816773272,0.86343783,0.874011623,0.777674999,0.7536360440000001,0.005612065,0.005612065
