name,effectDays,infectReduct,reduceHosp,reduceIcu,reduceMort,reduceSympt,riskReduct,waneRate,waneRateOut
cur_2,14,0.412885799,0.827243607,0.905236296,0.9521161859999999,0.629638311,0.412885799,0.020828168,0.013589128999999998
cur_2_60,14,0.392698848,0.81491721,0.897787193,0.948141067,0.609861961,0.392698848,0.020828168,0.013589128999999998
cur_2_70,14,0.372854559,0.8019100140000001,0.88981647,0.943851443,0.589699612,0.372854559,0.020828168,0.013589128999999998
cur_3,14,0.468796712,0.857330105,0.923004156,0.961468373,0.680862477,0.468796712,0.013362763,0.0061237240000000005
cur_3_60,14,0.447961864,0.84675274,0.9168234009999999,0.9582355779999999,0.662354585,0.447961864,0.013362763,0.0061237240000000005
cur_3_70,14,0.42728981200000005,0.83553133,0.910188652,0.954741086,0.6433184470000001,0.42728981200000005,0.013362763,0.0061237240000000005
recover,0,0.814269664,0.8847492459999999,0.9069711970000001,0.912448898,0.844221295,0.814269664,0.004174889,0.004174889
recover_60,0,0.646518197,0.7620529009999999,0.8026555670000001,0.8130091970000001,0.693333815,0.646518197,0.004174889,0.004174889
recover_70,0,0.646518197,0.7620529009999999,0.8026555670000001,0.8130091970000001,0.693333815,0.646518197,0.004174889,0.004174889
