name,effectDays,infectReduct,reduceHosp,reduceIcu,reduceMort,reduceSympt,riskReduct,waneRate,waneRateOut
cur_2,14,0.623860595,0.916655511,0.965627323,0.983186488,0.6884354770000001,0.623860595,0.020115194,0.016866104
cur_2_60,14,0.57339577,0.8991215220000001,0.957923089,0.979333705,0.6416579729999999,0.57339577,0.020115194,0.016866104
cur_2_70,14,0.5213877020000001,0.878402145,0.948590388,0.974624099,0.592051114,0.5213877020000001,0.020115194,0.016866104
cur_3,14,0.5982006329999999,0.908025029,0.9618569509999999,0.9813049079999999,0.664813926,0.5982006329999999,0.023665673999999998,0.020416583999999998
cur_3_60,14,0.546794078,0.888895434,0.95334846,0.977031037,0.616465722,0.546794078,0.023665673999999998,0.020416583999999998
cur_3_70,14,0.494402551,0.8663878420000001,0.943061413,0.971811784,0.56573168,0.494402551,0.023665673999999998,0.020416583999999998
recover,0,0.944674439,0.987803057,0.995189177,0.9976830059999999,0.9420983559999999,0.944674439,0.007617693,0.007617693
recover_60,0,0.9295134970000001,0.982724732,0.9931648609999999,0.996704577,0.9195404229999999,0.9295134970000001,0.007617693,0.007617693
recover_70,0,0.851010404,0.958051439,0.983146902,0.991831955,0.821056711,0.851010404,0.007617693,0.007617693
