name,effectDays,infectReduct,reduceHosp,reduceIcu,reduceMort,reduceSympt,riskReduct,waneRate,waneRateOut
cur_2,14,0.5834055029999999,0.90398903,0.954838152,0.977782114,0.717925606,0.5834055029999999,0.020642548,0.016666323
cur_2_60,14,0.508269361,0.874205523,0.939777691,0.970133623,0.652604277,0.508269361,0.020642548,0.016666323
cur_2_70,14,0.432827413,0.836889071,0.9201359370000001,0.959970868,0.581053924,0.432827413,0.020642548,0.016666323
cur_3,14,0.566780584,0.897919024,0.951811561,0.97625491,0.703944765,0.566780584,0.022879521,0.018903296
cur_3_60,14,0.49126069200000005,0.866530556,0.935809652,0.968097834,0.637022734,0.49126069200000005,0.022879521,0.018903296
cur_3_70,14,0.41620649,0.827386902,0.9149907740000001,0.957272861,0.564405229,0.41620649,0.022879521,0.018903296
recover,0,0.95242167,0.987968249,0.9946058740000001,0.997401284,0.9568903440000001,0.95242167,0.0020932620000000002,0.0020932620000000002
recover_60,0,0.9355316859999999,0.982957517,0.992338003,0.9963043309999999,0.9397265370000001,0.9355316859999999,0.0020932620000000002,0.0020932620000000002
recover_70,0,0.8566315179999999,0.958602691,0.9811311779999999,0.990845338,0.862249565,0.8566315179999999,0.0020932620000000002,0.0020932620000000002
