name,effectDays,infectReduct,reduceHosp,reduceIcu,reduceMort,reduceSympt,riskReduct,waneRate,waneRateOut
cur_2,14,0.34659010700000004,0.7871677340000001,0.855327882,0.9248478809999999,0.686253323,0.34659010700000004,0.022431651,0.007828311999999999
cur_2_60,14,0.321397105,0.767569918,0.840736481,0.916584345,0.66136075,0.321397105,0.022431651,0.007828311999999999
cur_2_70,14,0.29719678,0.746743006,0.824970674,0.907500787,0.635535845,0.29719678,0.022431651,0.007828311999999999
cur_3,14,0.379708269,0.810184912,0.8721707809999999,0.9342196309999999,0.716250079,0.379708269,0.017721235,0.0031178959999999998
cur_3_60,14,0.353410005,0.792146899,0.858998087,0.926905144,0.6926716209999999,0.353410005,0.017721235,0.0031178959999999998
cur_3_70,14,0.327964167,0.772870555,0.844706119,0.918845963,0.6680359779999999,0.327964167,0.017721235,0.0031178959999999998
recover,0,0.88131147,0.9285350809999999,0.9415167520000001,0.943989745,0.901708251,0.88131147,0.005905469,0.005905469
recover_60,0,0.745355213,0.8366464020000001,0.863872668,0.869172664,0.783373311,0.745355213,0.005905469,0.005905469
recover_70,0,0.745355213,0.8366464020000001,0.863872668,0.869172664,0.783373311,0.745355213,0.005905469,0.005905469
