name,effectDays,infectReduct,reduceHosp,reduceIcu,reduceMort,reduceSympt,riskReduct,waneRate,waneRateOut
cur_2,14,0.481975572,0.863605182,0.927001305,0.9635475590000001,0.689475123,0.481975572,0.020481283,0.01861744
cur_2_60,14,0.46396923799999995,0.854869764,0.9219591909999999,0.960923333,0.6737999179999999,0.46396923799999995,0.020481283,0.01861744
cur_2_70,14,0.44603316200000004,0.845662606,0.916592967,0.9581146309999999,0.6577051079999999,0.44603316200000004,0.020481283,0.01861744
cur_3,14,0.5011542,0.872395554,0.932027505,0.966149316,0.705662991,0.5011542,0.017958134,0.016094291
cur_3_60,14,0.48309956,0.864134546,0.927305333,0.963705336,0.690438055,0.48309956,0.017958134,0.016094291
cur_3_70,14,0.465065577,0.855415743,0.922275728,0.961088499,0.674767927,0.465065577,0.017958134,0.016094291
recover,0,0.767039356,0.83541183,0.863308663,0.9139898590000001,0.783706809,0.767039356,0.002445534,0.002445534
recover_60,0,0.51149401,0.617463044,0.66760274,0.7716532220000001,0.535369746,0.51149401,0.002445534,0.002445534
recover_70,0,0.51149401,0.617463044,0.66760274,0.7716532220000001,0.535369746,0.51149401,0.002445534,0.002445534
