name,effectDays,infectReduct,reduceHosp,reduceIcu,reduceMort,reduceSympt,riskReduct,waneRate,waneRateOut
cur_2,14,0.490468605,0.866690023,0.933297539,0.966804507,0.659630113,0.490468605,0.023821735,0.018813699
cur_2_60,14,0.451821216,0.847718726,0.922962585,0.961446702,0.623976625,0.451821216,0.023821735,0.018813699
cur_2_70,14,0.413756347,0.826593757,0.9111820690000001,0.955265922,0.586937224,0.413756347,0.023821735,0.018813699
cur_3,14,0.534551177,0.885802017,0.943483046,0.972026834,0.698086368,0.534551177,0.01801717,0.013009133999999999
cur_3_60,14,0.49581025,0.869139881,0.934615685,0.967483572,0.664411755,0.49581025,0.01801717,0.013009133999999999
cur_3_70,14,0.457129842,0.850462333,0.9244713290000001,0.962232592,0.628987077,0.457129842,0.01801717,0.013009133999999999
recover,0,0.9354641509999999,0.991738221,0.996144137,0.9981438579999999,0.9728132209999999,0.9354641509999999,0.003302232,0.003302232
recover_60,0,0.902827423,0.9905232559999999,0.995574208,0.9978688720000001,0.9689024390000001,0.902827423,0.003302232,0.003302232
recover_70,0,0.776123937,0.980327232,0.990761817,0.99554041,0.9369258490000001,0.776123937,0.003302232,0.003302232
