name,effectDays,infectReduct,reduceHosp,reduceIcu,reduceMort,reduceSympt,riskReduct,waneRate,waneRateOut
cur_2,14,0.39459625299999995,0.817326865,0.892185097,0.945130103,0.65410077,0.39459625299999995,0.02067174,0.013505062
cur_2_60,14,0.357526334,0.792532097,0.8760096540000001,0.936331128,0.617518705,0.357526334,0.02067174,0.013505062
cur_2_70,14,0.32209623,0.7653464040000001,0.85779985,0.9262344259999999,0.579565851,0.32209623,0.02067174,0.013505062
cur_3,14,0.44121250700000003,0.844241329,0.909294217,0.9542680579999999,0.6961230959999999,0.44121250700000003,0.01436632,0.007199641
cur_3_60,14,0.402676115,0.822305506,0.895384666,0.946852048,0.661686631,0.402676115,0.01436632,0.007199641
cur_3_70,14,0.365315858,0.7980269440000001,0.879629372,0.9383138520000001,0.62545825,0.365315858,0.01436632,0.007199641
recover,0,0.942959674,0.98821286,0.99359217,0.996911283,0.972552855,0.942959674,0.0056018230000000006,0.0056018230000000006
recover_60,0,0.878313308,0.9833022770000001,0.990902002,0.9956084040000001,0.9613732420000001,0.878313308,0.0056018230000000006,0.0056018230000000006
recover_70,0,0.664538295,0.959419797,0.977642133,0.989132648,0.9090277929999999,0.664538295,0.0056018230000000006,0.0056018230000000006
