name,effectDays,infectReduct,reduceHosp,reduceIcu,reduceMort,reduceSympt,riskReduct,waneRate,waneRateOut
cur_2,14,0.407342033,0.824777852,0.898976585,0.948777949,0.654147324,0.407342033,0.022996856,0.010141067
cur_2_60,14,0.376518752,0.8052871309999999,0.8866045790000001,0.9421122190000001,0.62432182,0.376518752,0.022996856,0.010141067
cur_2_70,14,0.346663416,0.7841955290000001,0.872931503,0.934638767,0.593522326,0.346663416,0.022996856,0.010141067
cur_3,14,0.472474159,0.859821588,0.920609272,0.960218318,0.711374526,0.472474159,0.014292765,0.001436976
cur_3_60,14,0.440384583,0.843489233,0.910623156,0.954970711,0.6841008959999999,0.440384583,0.014292765,0.001436976
cur_3_70,14,0.40878541700000004,0.825639762,0.89951798,0.949067575,0.655497981,0.40878541700000004,0.014292765,0.001436976
recover,0,0.7562137879999999,0.8412902720000001,0.847682695,0.884624926,0.756651675,0.7562137879999999,0.002526779,0.002526779
recover_60,0,0.60907962,0.726963831,0.736518875,0.793865967,0.609645368,0.60907962,0.002526779,0.002526779
recover_70,0,0.60907962,0.726963831,0.736518875,0.793865967,0.609645368,0.60907962,0.002526779,0.002526779
