name,effectDays,infectReduct,reduceHosp,reduceIcu,reduceMort,reduceSympt,riskReduct,waneRate,waneRateOut
cur_2,14,0.483756112,0.86365817,0.931138822,0.965690325,0.658020014,0.483756112,0.022826042,0.012770676000000002
cur_2_60,14,0.45485914299999997,0.84940652,0.923314539,0.961630146,0.631445988,0.45485914299999997,0.022826042,0.012770676000000002
cur_2_70,14,0.426257557,0.8339484709999999,0.9146809379999999,0.957109909,0.604044185,0.426257557,0.022826042,0.012770676000000002
cur_3,14,0.527876598,0.8831529340000001,0.9416369259999999,0.971084519,0.696588251,0.527876598,0.017019338999999998,0.006963972
cur_3_60,14,0.49889104,0.870633815,0.9349221120000001,0.967641295,0.671515117,0.49889104,0.017019338999999998,0.006963972
cur_3_70,14,0.46990734799999995,0.856987835,0.92749272,0.9638025570000001,0.6454195460000001,0.46990734799999995,0.017019338999999998,0.006963972
recover,0,0.945744413,0.988032562,0.99435784,0.997281438,0.9616537390000001,0.945744413,0.003417189,0.003417189
recover_60,0,0.926390215,0.983048154,0.991986527,0.996134092,0.946279973,0.926390215,0.003417189,0.003417189
recover_70,0,0.8377958240000001,0.958817427,0.980275835,0.9904260509999999,0.876116424,0.8377958240000001,0.003417189,0.003417189
