name,effectDays,infectReduct,reduceHosp,reduceIcu,reduceMort,reduceSympt,riskReduct,waneRate,waneRateOut
cur_2,14,0.5816059339999999,0.903917372,0.9520793809999999,0.976390249,0.745493471,0.5816059339999999,0.020532676,0.016492725
cur_2_60,14,0.524472488,0.881856385,0.940346825,0.970424905,0.6991637159999999,0.524472488,0.020532676,0.016492725
cur_2_70,14,0.46673242600000003,0.8555601,0.925976481,0.963015335,0.6484158839999999,0.46673242600000003,0.020532676,0.016492725
cur_3,14,0.518418435,0.879305212,0.938971276,0.9697205959999999,0.6940362529999999,0.518418435,0.028938012000000003,0.024898061000000003
cur_3_60,14,0.460657976,0.852515204,0.9242846440000001,0.9621354190000001,0.642827238,0.460657976,0.028938012000000003,0.024898061000000003
cur_3_70,14,0.40397503,0.8210136999999998,0.9064299720000001,0.95275017,0.588173782,0.40397503,0.028938012000000003,0.024898061000000003
recover,0,0.9364689970000001,0.9917548009999999,0.996078758,0.9981123209999999,0.9739929209999999,0.9364689970000001,0.011476848999999999,0.011476848999999999
recover_60,0,0.9017406929999999,0.99054225,0.9954992090000001,0.997832673,0.9702466470000001,0.9017406929999999,0.011476848999999999,0.011476848999999999
recover_70,0,0.769877554,0.980366258,0.990606038,0.995464841,0.9395660490000001,0.769877554,0.011476848999999999,0.011476848999999999
