name,effectDays,infectReduct,reduceHosp,reduceIcu,reduceMort,reduceSympt,riskReduct,waneRate,waneRateOut
cur_2,14,0.39508071899999997,0.817930698,0.8907510240000001,0.9443563429999999,0.664772598,0.39508071899999997,0.019524035,0.009954296999999999
cur_2_60,14,0.37046228299999995,0.801891908,0.880187433,0.938618827,0.641160987,0.37046228299999995,0.019524035,0.009954296999999999
cur_2_70,14,0.346489737,0.7848049029999999,0.868748163,0.932329464,0.6168349879999999,0.346489737,0.019524035,0.009954296999999999
cur_3,14,0.42011735299999997,0.832869703,0.900442305,0.949561655,0.687476758,0.42011735299999997,0.016114283,0.006544545
cur_3_60,14,0.394957423,0.817853853,0.890700807,0.944329227,0.664657615,0.394957423,0.016114283,0.006544545
cur_3_70,14,0.370332239,0.8018033059999999,0.880128613,0.9385866909999999,0.641032678,0.370332239,0.016114283,0.006544545
recover,0,0.8781632709999999,0.9163216340000001,0.9304527109999999,0.95286114,0.9105209940000001,0.8781632709999999,0.005728947,0.005728947
recover_60,0,0.7612729309999999,0.828907935,0.855472562,0.899428605,0.8182496229999999,0.7612729309999999,0.005728947,0.005728947
recover_70,0,0.7612729309999999,0.828907935,0.855472562,0.899428605,0.8182496229999999,0.7612729309999999,0.005728947,0.005728947
