name,effectDays,infectReduct,reduceHosp,reduceIcu,reduceMort,reduceSympt,riskReduct,waneRate,waneRateOut
cur_2,14,0.43831401299999995,0.8411514170000001,0.9160227890000001,0.957815236,0.635842429,0.43831401299999995,0.019817118999999998,0.011361757
cur_2_60,14,0.41873255299999995,0.830172327,0.909662796,0.9544630390000001,0.617132066,0.41873255299999995,0.019817118999999998,0.011361757
cur_2_70,14,0.399384339,0.818585978,0.902865075,0.95085433,0.598048511,0.399384339,0.019817118999999998,0.011361757
cur_3,14,0.5065934120000001,0.874484224,0.9348612390000001,0.967609967,0.6967241259999999,0.5065934120000001,0.010796323,0.00234096
cur_3_60,14,0.486604205,0.8654404379999999,0.9298186620000001,0.96500767,0.679565445,0.486604205,0.010796323,0.00234096
cur_3_70,14,0.46663752700000005,0.8558424059999999,0.9244116059999999,0.9622015079999999,0.661888864,0.46663752700000005,0.010796323,0.00234096
recover,0,0.9014750840000001,0.934203978,0.94012096,0.968596811,0.925677585,0.9014750840000001,0.006382077,0.006382077
recover_60,0,0.791432495,0.85482965,0.86686746,0.9274927140000001,0.8378031309999999,0.791432495,0.006382077,0.006382077
recover_70,0,0.791432495,0.85482965,0.86686746,0.9274927140000001,0.8378031309999999,0.791432495,0.006382077,0.006382077
