name,effectDays,infectReduct,reduceHosp,reduceIcu,reduceMort,reduceSympt,riskReduct,waneRate,waneRateOut
cur_2,14,0.476632871,0.861433925,0.923741189,0.961852429,0.699714177,0.476632871,0.020765331,0.015474168
cur_2_60,14,0.452844994,0.849617664,0.916724559,0.958183703,0.67924223,0.452844994,0.020765331,0.015474168
cur_2_70,14,0.429256917,0.8369768470000001,0.9091212329999999,0.95417652,0.6580441229999999,0.429256917,0.020765331,0.015474168
cur_3,14,0.47645308399999997,0.8613478720000001,0.9236904020000001,0.961825975,0.6995627190000001,0.47645308399999997,0.020789026999999998,0.015497863
cur_3_60,14,0.45266642,0.8495255540000001,0.916669521,0.958154815,0.679085182,0.45266642,0.020789026999999998,0.015497863
cur_3_70,14,0.42908035,0.836878481,0.9090616690000001,0.954144997,0.657881924,0.42908035,0.020789026999999998,0.015497863
recover,0,0.914926412,0.9881476220000001,0.9938818070000001,0.99705134,0.968991356,0.914926412,0.002916926,0.002916926
recover_60,0,0.862303948,0.983210322,0.991312173,0.995807291,0.956426088,0.862303948,0.002916926,0.002916926
recover_70,0,0.683941427,0.959201777,0.9786372190000001,0.989621753,0.898087146,0.683941427,0.002916926,0.002916926
