name,effectDays,infectReduct,reduceHosp,reduceIcu,reduceMort,reduceSympt,riskReduct,waneRate,waneRateOut
cur_2,14,0.570341598,0.8986812059999999,0.954748681,0.977737037,0.6773789440000001,0.570341598,0.02133311,0.018743429
cur_2_60,14,0.536625816,0.885560815,0.9484725159999999,0.974564317,0.646861888,0.536625816,0.02133311,0.018743429
cur_2_70,14,0.502574525,0.870986523,0.9413799209999999,0.970953188,0.615101023,0.502574525,0.02133311,0.018743429
cur_3,14,0.59340993,0.9069956509999999,0.958673685,0.979710454,0.697745994,0.59340993,0.018215248,0.015625567
cur_3_60,14,0.56010818,0.894825942,0.9529150540000001,0.976812297,0.668211836,0.56010818,0.018215248,0.015625567
cur_3_70,14,0.526259106,0.8812734059999999,0.9463994029999999,0.9735116420000001,0.637294482,0.526259106,0.018215248,0.015625567
recover,0,0.9154145990000001,0.987894635,0.994875003,0.9975312890000001,0.950781902,0.9154145990000001,0.005509846999999999,0.005509846999999999
recover_60,0,0.89807491,0.982853778,0.992719455,0.996489018,0.931360515,0.89807491,0.005509846999999999,0.005509846999999999
recover_70,0,0.7992374640000001,0.9583569829999999,0.982060475,0.991300451,0.844904511,0.7992374640000001,0.005509846999999999,0.005509846999999999
