name,effectDays,infectReduct,reduceHosp,reduceIcu,reduceMort,reduceSympt,riskReduct,waneRate,waneRateOut
cur_2,14,0.46104068299999995,0.853132397,0.922401868,0.9611543029999999,0.660422885,0.46104068299999995,0.020247877,0.012008776
cur_2_60,14,0.392470105,0.814360423,0.899768088,0.9492013140000001,0.5949319820000001,0.392470105,0.020247877,0.012008776
cur_2_70,14,0.327947722,0.768178617,0.871480128,0.933838793,0.5259394860000001,0.327947722,0.020247877,0.012008776
cur_3,14,0.47997649600000003,0.862403783,0.927671173,0.9638951240000001,0.6772573829999999,0.47997649600000003,0.01774869,0.009509589
cur_3_60,14,0.41073588899999997,0.825578985,0.906418411,0.952744033,0.613111201,0.41073588899999997,0.01774869,0.009509589
cur_3_70,14,0.34491545100000004,0.781439016,0.879756515,0.9383833509999999,0.544846185,0.34491545100000004,0.01774869,0.009509589
recover,0,0.924836452,0.988085969,0.994142207,0.997177223,0.96523797,0.924836452,0.005299346999999999,0.005299346999999999
recover_60,0,0.9208660009999999,0.983123425,0.991681025,0.99598607,0.951228313,0.9208660009999999,0.005299346999999999,0.005299346999999999
recover_70,0,0.855641172,0.958995802,0.979533091,0.990061654,0.886754316,0.855641172,0.005299346999999999,0.005299346999999999
