name,effectDays,infectReduct,reduceHosp,reduceIcu,reduceMort,reduceSympt,riskReduct,waneRate,waneRateOut
cur_2,14,0.534055571,0.8855441759999999,0.943623122,0.9720982570000001,0.695027782,0.534055571,0.021714672999999997,0.013912451000000001
cur_2_60,14,0.512883195,0.876654553,0.9389333390000001,0.969701157,0.676742538,0.512883195,0.021714672999999997,0.013912451000000001
cur_2_70,14,0.491646176,0.8671696040000001,0.9338762420000001,0.967102754,0.657884099,0.491646176,0.021714672999999997,0.013912451000000001
cur_3,14,0.538807268,0.887466698,0.944631085,0.9726118890000001,0.6990629140000001,0.538807268,0.021086452000000002,0.01328423
cur_3_60,14,0.517655799,0.878705941,0.94001982,0.9702575659999999,0.6809085309999999,0.517655799,0.021086452000000002,0.01328423
cur_3_70,14,0.496422555,0.8693552309999999,0.935046473,0.9677052909999999,0.662171807,0.496422555,0.021086452000000002,0.01328423
recover,0,0.8799226290000001,0.930482026,0.9436328759999999,0.932546455,0.902107103,0.8799226290000001,0.005869956999999999,0.005869956999999999
recover_60,0,0.784175802,0.86905042,0.8924795440000001,0.8726895379999999,0.82043989,0.784175802,0.005869956999999999,0.005869956999999999
recover_70,0,0.784175802,0.86905042,0.8924795440000001,0.8726895379999999,0.82043989,0.784175802,0.005869956999999999,0.005869956999999999
