name,effectDays,infectReduct,reduceHosp,reduceIcu,reduceMort,reduceSympt,riskReduct,waneRate,waneRateOut
cur_2,14,0.456155706,0.850820879,0.920161922,0.9599844559999999,0.662796406,0.456155706,0.020313417,0.012832311
cur_2_60,14,0.416001115,0.828874496,0.907305219,0.953214505,0.625368596,0.416001115,0.020313417,0.012832311
cur_2_70,14,0.37694424600000004,0.804450193,0.892624998,0.945367209,0.586392288,0.37694424600000004,0.020313417,0.012832311
cur_3,14,0.481156925,0.863123017,0.9272348579999999,0.963668767,0.6848609240000001,0.481156925,0.017011912,0.009530806
cur_3_60,14,0.440584464,0.842651752,0.915412439,0.95749454,0.648583669,0.440584464,0.017011912,0.009530806
cur_3_70,14,0.40080358299999996,0.8197662609999999,0.901877315,0.950327722,0.610518394,0.40080358299999996,0.017011912,0.009530806
recover,0,0.914330394,0.9881017990000001,0.9940765420000001,0.9971454820000001,0.966239675,0.914330394,0.006157025,0.006157025
recover_60,0,0.861462728,0.983145736,0.991588004,0.99594099,0.9526139029999999,0.861462728,0.006157025,0.006157025
recover_70,0,0.682510073,0.959048683,0.979307068,0.989950709,0.889759313,0.682510073,0.006157025,0.006157025
