name,effectDays,infectReduct,reduceHosp,reduceIcu,reduceMort,reduceSympt,riskReduct,waneRate,waneRateOut
cur_2,14,0.45217955600000004,0.8492082120000001,0.9168471159999999,0.958248023,0.676124045,0.45217955600000004,0.021750767999999997,0.012477333
cur_2_60,14,0.425183011,0.8346213720000001,0.908095208,0.9536332279999999,0.65166187,0.425183011,0.021750767999999997,0.012477333
cur_2_70,14,0.39861754899999996,0.8189194809999999,0.898521111,0.948534155,0.626365388,0.39861754899999996,0.021750767999999997,0.012477333
cur_3,14,0.494584015,0.86973388,0.928936285,0.96455085,0.712225915,0.494584015,0.016155038,0.006881603000000001
cur_3_60,14,0.467214963,0.8567977659999999,0.9213476190000001,0.9606040579999999,0.689237213,0.467214963,0.016155038,0.006881603000000001
cur_3_70,14,0.44003371799999996,0.8428048509999999,0.913021849,0.956236405,0.665267828,0.44003371799999996,0.016155038,0.006881603000000001
recover,0,0.8306493779999999,0.89956846,0.920633747,0.932776272,0.850604777,0.8306493779999999,0.0040702229999999995,0.0040702229999999995
recover_60,0,0.7117056820000001,0.8184505479999999,0.8537642520000001,0.8747454790000001,0.741311895,0.7117056820000001,0.0040702229999999995,0.0040702229999999995
recover_70,0,0.7117056820000001,0.8184505479999999,0.8537642520000001,0.8747454790000001,0.741311895,0.7117056820000001,0.0040702229999999995,0.0040702229999999995
