name,effectDays,infectReduct,reduceHosp,reduceIcu,reduceMort,reduceSympt,riskReduct,waneRate,waneRateOut
cur_2,14,0.514286287,0.8770726409999999,0.940078693,0.9702876970000001,0.669341823,0.514286287,0.021787347999999998,0.015603198
cur_2_60,14,0.47879664,0.860922263,0.9315602070000001,0.9659080179999999,0.6371890960000001,0.47879664,0.021787347999999998,0.015603198
cur_2_70,14,0.443524666,0.8430324140000001,0.921932725,0.96090952,0.603765482,0.443524666,0.021787347999999998,0.015603198
cur_3,14,0.5495559870000001,0.891553877,0.947581213,0.9741120209999999,0.699921881,0.5495559870000001,0.017128187,0.010944037
cur_3_60,14,0.5142091289999999,0.877039335,0.9400612909999999,0.9702787909999999,0.6692734570000001,0.5142091289999999,0.017128187,0.010944037
cur_3_70,14,0.47872453600000003,0.860887663,0.931541783,0.965898502,0.637122297,0.47872453600000003,0.017128187,0.010944037
recover,0,0.9033837490000001,0.9879949640000001,0.9945043440000001,0.9973522309999999,0.958930974,0.9033837490000001,0.0030845829999999997,0.0030845829999999997
recover_60,0,0.795856048,0.9829951659999999,0.992194122,0.996234649,0.942530834,0.795856048,0.0030845829999999997,0.0030845829999999997
recover_70,0,0.50768612,0.958691883,0.9807809270000001,0.990673692,0.86815282,0.50768612,0.0030845829999999997,0.0030845829999999997
