name,effectDays,infectReduct,reduceHosp,reduceIcu,reduceMort,reduceSympt,riskReduct,waneRate,waneRateOut
cur_2,14,0.551502242,0.891344785,0.951940557,0.976320101,0.652308848,0.551502242,0.018773506000000002,0.014112188999999999
cur_2_60,14,0.512684293,0.8752892609999999,0.9442792740000001,0.9724326790000001,0.616143094,0.512684293,0.018773506000000002,0.014112188999999999
cur_2_70,14,0.47372338799999997,0.857246485,0.9354820429999999,0.967929367,0.578655851,0.47372338799999997,0.018773506000000002,0.014112188999999999
cur_3,14,0.565219761,0.896616541,0.9544226459999999,0.977572743,0.664817016,0.565219761,0.01694452,0.012283202
cur_3_60,14,0.5265698839999999,0.8812362090000001,0.947135067,0.973885461,0.6292127710000001,0.5265698839999999,0.01694452,0.012283202
cur_3_70,14,0.487609616,0.8639200570000001,0.9387594690000001,0.9696120540000001,0.592157034,0.487609616,0.01694452,0.012283202
recover,0,0.872132192,0.9218292290000001,0.9371932559999999,0.934674151,0.88576463,0.872132192,0.005671117,0.005671117
recover_60,0,0.741707654,0.832351214,0.862681928,0.8576282609999999,0.7655064140000001,0.741707654,0.005671117,0.005671117
recover_70,0,0.741707654,0.832351214,0.862681928,0.8576282609999999,0.7655064140000001,0.741707654,0.005671117,0.005671117
