name,effectDays,infectReduct,reduceHosp,reduceIcu,reduceMort,reduceSympt,riskReduct,waneRate,waneRateOut
cur_2,14,0.316812257,0.76446293,0.8335816009999999,0.91248221,0.6754665759999999,0.316812257,0.020621288,0.008586358
cur_2_60,14,0.276673155,0.728047971,0.805128658,0.895833364,0.631917365,0.276673155,0.020621288,0.008586358
cur_2_70,14,0.23985294399999998,0.68832061,0.773152959,0.876457279,0.586129974,0.23985294399999998,0.020621288,0.008586358
cur_3,14,0.357441954,0.795642882,0.857319486,0.925965288,0.714020454,0.357441954,0.014638509,0.002603579
cur_3_60,14,0.314525069,0.7625511640000001,0.8321076340000001,0.911632985,0.673141311,0.314525069,0.014638509,0.002603579
cur_3_70,14,0.274579683,0.725966965,0.8034782690000001,0.8948508390000001,0.6294751270000001,0.274579683,0.014638509,0.002603579
recover,0,0.883606222,0.930081918,0.9511544959999999,0.956408156,0.909523289,0.883606222,0.006313302,0.006313302
recover_60,0,0.807123268,0.879990589,0.914776835,0.9236289959999999,0.84712411,0.807123268,0.006313302,0.006313302
recover_70,0,0.807123268,0.879990589,0.914776835,0.9236289959999999,0.84712411,0.807123268,0.006313302,0.006313302
