name,effectDays,infectReduct,reduceHosp,reduceIcu,reduceMort,reduceSympt,riskReduct,waneRate,waneRateOut
cur_2,14,0.46348231799999995,0.854181393,0.923941094,0.9619565440000001,0.655414525,0.46348231799999995,0.019668337,0.012252541
cur_2_60,14,0.419342455,0.8304244159999999,0.910356715,0.9548299159999999,0.613911402,0.419342455,0.019668337,0.012252541
cur_2_70,14,0.37647558,0.8036991659999999,0.894630422,0.946446675,0.570703568,0.37647558,0.019668337,0.012252541
cur_3,14,0.506104132,0.874190468,0.9351050590000001,0.9677354359999999,0.692892018,0.506104132,0.01405467,0.006638874
cur_3_60,14,0.461395924,0.853132893,0.923349185,0.9616482009999999,0.653516543,0.461395924,0.01405467,0.006638874
cur_3_70,14,0.417319785,0.82925064,0.909676039,0.9544700429999999,0.611939291,0.417319785,0.01405467,0.006638874
recover,0,0.937786621,0.988069175,0.994210985,0.997210466,0.9641454909999999,0.937786621,0.006270165,0.006270165
recover_60,0,0.913109191,0.983099755,0.9917784629999999,0.996033286,0.949718484,0.913109191,0.006270165,0.006270165
recover_70,0,0.8074622220000001,0.9589397059999999,0.979769911,0.990177871,0.8834930209999999,0.8074622220000001,0.006270165,0.006270165
