name,effectDays,infectReduct,reduceHosp,reduceIcu,reduceMort,reduceSympt,riskReduct,waneRate,waneRateOut
cur_2,14,0.412476661,0.8276272109999999,0.90191329,0.950346912,0.651901042,0.412476661,0.021918146,0.012666294
cur_2_60,14,0.36345671,0.796124721,0.882052359,0.9396366209999999,0.603662726,0.36345671,0.021918146,0.012666294
cur_2_70,14,0.317145155,0.7605535859999999,0.8588147159999999,0.92680256,0.553351028,0.317145155,0.021918146,0.012666294
cur_3,14,0.445742033,0.846154071,0.913292277,0.956378892,0.6820594659999999,0.445742033,0.01745196,0.008200107
cur_3_60,14,0.39542951200000004,0.8172900209999999,0.895468363,0.9468970109999999,0.635664694,0.39542951200000004,0.01745196,0.008200107
cur_3_70,14,0.347266546,0.784411698,0.874497813,0.935500645,0.586633605,0.347266546,0.01745196,0.008200107
recover,0,0.8359001220000001,0.9127857659999999,0.9094157429999999,0.942687981,0.875912261,0.8359001220000001,0.004714454,0.004714454
recover_60,0,0.719991635,0.8408438109999999,0.83519581,0.89250725,0.780856269,0.719991635,0.004714454,0.004714454
recover_70,0,0.719991635,0.8408438109999999,0.83519581,0.89250725,0.780856269,0.719991635,0.004714454,0.004714454
