name,effectDays,infectReduct,reduceHosp,reduceIcu,reduceMort,reduceSympt,riskReduct,waneRate,waneRateOut
cur_2,14,0.517683157,0.8792061040000001,0.937832175,0.969136566,0.702946737,0.517683157,0.021579482,0.015913517
cur_2_60,14,0.5216315979999999,0.8808759979999999,0.9387480659999999,0.969606211,0.706239159,0.5216315979999999,0.021579482,0.015913517
cur_2_70,14,0.525518106,0.882501262,0.9396378609999999,0.970062031,0.709461206,0.525518106,0.021579482,0.015913517
cur_3,14,0.5040138239999999,0.873274553,0.934565185,0.9674575740000001,0.691397989,0.5040138239999999,0.023378052000000003,0.017712086000000002
cur_3_60,14,0.50796781,0.8750147909999999,0.935525899,0.967951923,0.6947628309999999,0.50796781,0.023378052000000003,0.017712086000000002
cur_3_70,14,0.511861445,0.876708829,0.936459333,0.968431745,0.698056938,0.511861445,0.023378052000000003,0.017712086000000002
recover,0,0.838675383,0.892737751,0.9027544279999999,0.9307510290000001,0.862025203,0.838675383,0.0047348040000000004,0.0047348040000000004
recover_60,0,0.648419476,0.747006488,0.767081605,0.826636921,0.689098353,0.648419476,0.0047348040000000004,0.0047348040000000004
recover_70,0,0.648419476,0.747006488,0.767081605,0.826636921,0.689098353,0.648419476,0.0047348040000000004,0.0047348040000000004
