name,effectDays,infectReduct,reduceHosp,reduceIcu,reduceMort,reduceSympt,riskReduct,waneRate,waneRateOut
cur_2,14,0.381925401,0.8096164490000001,0.884812881,0.941139341,0.6549117760000001,0.381925401,0.021377547,0.009088268
cur_2_60,14,0.34438799600000003,0.7833172540000001,0.8671972920000001,0.931470606,0.617342595,0.34438799600000003,0.021377547,0.009088268
cur_2_70,14,0.308708651,0.754496666,0.8473593890000001,0.920351958,0.5783298170000001,0.308708651,0.021377547,0.009088268
cur_3,14,0.41194190700000005,0.8282052190000001,0.8969937020000001,0.9477157140000001,0.6826854990000001,0.41194190700000005,0.017253477,0.0049641979999999995
cur_3_60,14,0.373235851,0.803851726,0.880990375,0.939057295,0.64650795,0.373235851,0.017253477,0.0049641979999999995
cur_3_70,14,0.336099964,0.7769847870000001,0.8628870959999999,0.929075835,0.6085833589999999,0.336099964,0.017253477,0.0049641979999999995
recover,0,0.8564020459999999,0.893884805,0.9287757520000001,0.944558245,0.8954822020000001,0.8564020459999999,0.005189033,0.005189033
recover_60,0,0.714105329,0.7791528040000001,0.8452365209999999,0.877080469,0.782056213,0.714105329,0.005189033,0.005189033
recover_70,0,0.714105329,0.7791528040000001,0.8452365209999999,0.877080469,0.782056213,0.714105329,0.005189033,0.005189033
