name,effectDays,infectReduct,reduceHosp,reduceIcu,reduceMort,reduceSympt,riskReduct,waneRate,waneRateOut
cur_2,14,0.457307805,0.851713638,0.919021467,0.959387743,0.675814935,0.457307805,0.019722904,0.01105685
cur_2_60,14,0.431885401,0.838231471,0.911019585,0.9551801190000001,0.652858391,0.431885401,0.019722904,0.01105685
cur_2_70,14,0.406806283,0.8237707790000001,0.9023071909999999,0.950556974,0.629158024,0.406806283,0.019722904,0.01105685
cur_3,14,0.477273423,0.8615616709999999,0.9247941390000001,0.962400575,0.6931359509999999,0.477273423,0.017085645,0.008419591
cur_3_60,14,0.45166485,0.848815951,0.91731136,0.95849159,0.670808503,0.45166485,0.017085645,0.008419591
cur_3_70,14,0.426299019,0.8351153040000001,0.909153584,0.95419364,0.6476722739999999,0.426299019,0.017085645,0.008419591
recover,0,0.952214543,0.9881300759999999,0.993957201,0.9970877909999999,0.967963118,0.952214543,0.007201153,0.007201153
recover_60,0,0.9174334209999999,0.9831855909999999,0.99141896,0.9958590559999999,0.955000539,0.9174334209999999,0.007201153,0.007201153
recover_70,0,0.78763024,0.959143152,0.978896483,0.989749102,0.8949626079999999,0.78763024,0.007201153,0.007201153
