name,effectDays,infectReduct,reduceHosp,reduceIcu,reduceMort,reduceSympt,riskReduct,waneRate,waneRateOut
cur_2,14,0.565529894,0.896712108,0.954560977,0.9776424570000001,0.6639410029999999,0.565529894,0.021613472,0.017679092
cur_2_60,14,0.522781136,0.8796125640000001,0.946466701,0.9735458509999999,0.624444978,0.522781136,0.021613472,0.017679092
cur_2_70,14,0.479713372,0.8601321040000001,0.9370297809999999,0.968724741,0.583237865,0.479713372,0.021613472,0.017679092
cur_3,14,0.590891717,0.9059563079999999,0.9588652440000001,0.979806556,0.686740261,0.590891717,0.018193738,0.014259358
cur_3_60,14,0.548646769,0.8901997690000001,0.9514987509999999,0.9760967859999999,0.648505204,0.548646769,0.018193738,0.014259358
cur_3_70,14,0.505706206,0.872183534,0.9428953659999999,0.971727067,0.608281992,0.505706206,0.018193738,0.014259358
recover,0,0.94604561,0.987872698,0.99495229,0.9975686159999999,0.9488159270000001,0.94604561,0.006964943,0.006964943
recover_60,0,0.891482897,0.982822865,0.992829014,0.99654205,0.928676965,0.891482897,0.006964943,0.006964943
recover_70,0,0.70462913,0.9582837790000001,0.9823275770000001,0.99143118,0.839423618,0.70462913,0.006964943,0.006964943
