name,effectDays,infectReduct,reduceHosp,reduceIcu,reduceMort,reduceSympt,riskReduct,waneRate,waneRateOut
cur_2,14,0.549125644,0.8913824659999999,0.94750862,0.974075165,0.699399002,0.549125644,0.020805700000000003,0.016476404
cur_2_60,14,0.526417848,0.88221471,0.942774008,0.97166514,0.679847034,0.526417848,0.020805700000000003,0.016476404
cur_2_70,14,0.503584568,0.872376959,0.937636783,0.969036315,0.659628145,0.503584568,0.020805700000000003,0.016476404
cur_3,14,0.5569217329999999,0.894398652,0.949055322,0.974859831,0.70598793,0.5569217329999999,0.019768778,0.015439481000000001
cur_3_60,14,0.534273569,0.8854527590000001,0.94445204,0.972520693,0.68667253,0.534273569,0.019768778,0.015439481000000001
cur_3_70,14,0.5114675479999999,0.8758473990000001,0.93945578,0.9699687909999999,0.666673353,0.5114675479999999,0.019768778,0.015439481000000001
recover,0,0.828709145,0.862018671,0.9122164840000001,0.93394391,0.8566064640000001,0.828709145,0.004296695,0.004296695
recover_60,0,0.639325944,0.695951359,0.7919858009999999,0.838193211,0.686395055,0.639325944,0.004296695,0.004296695
recover_70,0,0.639325944,0.695951359,0.7919858009999999,0.838193211,0.686395055,0.639325944,0.004296695,0.004296695
