name,effectDays,infectReduct,reduceHosp,reduceIcu,reduceMort,reduceSympt,riskReduct,waneRate,waneRateOut
cur_2,14,0.44097779200000004,0.8444146109999999,0.9076418009999999,0.95339295,0.7066224740000001,0.44097779200000004,0.020909605,0.013195328999999999
cur_2_60,14,0.444745514,0.846410278,0.908913946,0.954066808,0.709778116,0.444745514,0.020909605,0.013195328999999999
cur_2_70,14,0.44846106399999996,0.848354499,0.910150951,0.954721157,0.712865167,0.44846106399999996,0.020909605,0.013195328999999999
cur_3,14,0.445387839,0.8467480629999999,0.909129027,0.954180645,0.710313548,0.445387839,0.020322062,0.012607786000000001
cur_3_60,14,0.449162966,0.8487191609999999,0.9103827090000001,0.954843654,0.713445588,0.449162966,0.020322062,0.012607786000000001
cur_3_70,14,0.45288532,0.850639313,0.911601708,0.9554874529999999,0.71650921,0.45288532,0.020322062,0.012607786000000001
recover,0,0.9418960809999999,0.9918885040000001,0.9955039720000001,0.997834972,0.98190601,0.9418960809999999,0.007914944,0.007914944
recover_60,0,0.9372490809999999,0.9906954309999999,0.9948399109999999,0.9975143390000001,0.9792753479999999,0.9372490809999999,0.007914944,0.007914944
recover_70,0,0.881662339,0.980681038,0.989237713,0.994800535,0.957496985,0.881662339,0.007914944,0.007914944
