name,effectDays,infectReduct,reduceHosp,reduceIcu,reduceMort,reduceSympt,riskReduct,waneRate,waneRateOut
cur_2,14,0.42198573100000003,0.83299589,0.90603269,0.9525392579999999,0.655648783,0.42198573100000003,0.020105807,0.008009522
cur_2_60,14,0.40381619799999996,0.822305785,0.899453431,0.949033052,0.638532629,0.40381619799999996,0.020105807,0.008009522
cur_2_70,14,0.385885479,0.811072875,0.892459604,0.945278075,0.621036368,0.385885479,0.020105807,0.008009522
cur_3,14,0.469890871,0.8582773029999999,0.9213022120000001,0.960580345,0.698045466,0.469890871,0.013726257,0.0016299729999999998
cur_3_60,14,0.451269043,0.8489119629999999,0.9156925890000001,0.957641766,0.68201461,0.451269043,0.013726257,0.0016299729999999998
cur_3_70,14,0.432760748,0.8390317209999999,0.909714943,0.9544906190000001,0.6655205439999999,0.432760748,0.013726257,0.0016299729999999998
recover,0,0.9218686890000001,0.9881575690000001,0.9938386029999999,0.997030451,0.9695606259999999,0.9218686890000001,0.00698358,0.00698358
recover_60,0,0.838759785,0.9832243420000001,0.9912509840000001,0.995777626,0.957215852,0.838759785,0.00698358,0.00698358
recover_70,0,0.589970354,0.959235013,0.978488696,0.989548784,0.899823536,0.589970354,0.00698358,0.00698358
