name,effectDays,infectReduct,reduceHosp,reduceIcu,reduceMort,reduceSympt,riskReduct,waneRate,waneRateOut
cur_2,14,0.527627295,0.881766998,0.9469970879999999,0.9738153709999999,0.634592084,0.527627295,0.021636924,0.01670962
cur_2_60,14,0.489522279,0.864915546,0.938797416,0.969631502,0.5985505179999999,0.489522279,0.021636924,0.01670962
cur_2_70,14,0.451547824,0.8460863809999999,0.9294262059999999,0.964804543,0.561420099,0.451547824,0.021636924,0.01670962
cur_3,14,0.574236608,0.9000523579999999,0.955701087,0.9782166459999999,0.677106056,0.574236608,0.015438483000000001,0.01051118
cur_3_60,14,0.536589196,0.885468562,0.948775107,0.97471777,0.642898115,0.536589196,0.015438483000000001,0.01051118
cur_3_70,14,0.49852928,0.869070566,0.9408353779999999,0.9706748040000001,0.6071775079999999,0.49852928,0.015438483000000001,0.01051118
recover,0,0.9380699509999999,0.98788551,0.994907309,0.997546892,0.9499725920000001,0.9380699509999999,0.006501831,0.006501831
recover_60,0,0.870975237,0.98284092,0.99276525,0.996511185,0.930255279,0.870975237,0.006501831,0.006501831
recover_70,0,0.653178757,0.9583265329999999,0.9821721109999999,0.9913550940000001,0.8426423609999999,0.653178757,0.006501831,0.006501831
