name,effectDays,infectReduct,reduceHosp,reduceIcu,reduceMort,reduceSympt,riskReduct,waneRate,waneRateOut
cur_2,14,0.508343599,0.875138517,0.93580289,0.968094357,0.6933059490000001,0.508343599,0.020094793,0.016394253
cur_2_60,14,0.46395005100000003,0.854376725,0.9242552209999999,0.962120103,0.654254343,0.46395005100000003,0.020094793,0.016394253
cur_2_70,14,0.420139675,0.830841045,0.910834672,0.9550824520000001,0.6130244189999999,0.420139675,0.020094793,0.016394253
cur_3,14,0.511607611,0.87655876,0.9365831059999999,0.968495333,0.696076175,0.511607611,0.019665381000000003,0.015964841
cur_3_60,14,0.467199884,0.855994264,0.925164558,0.962593259,0.657202898,0.467199884,0.019665381000000003,0.015964841
cur_3_70,14,0.423324975,0.83266881,0.911889767,0.955639463,0.61611828,0.423324975,0.019665381000000003,0.015964841
recover,0,0.886575529,0.919838045,0.94523328,0.9724975779999999,0.9119710209999999,0.886575529,0.006309596,0.006309596
recover_60,0,0.8011911709999999,0.8554095759999999,0.89897396,0.948000465,0.8423036009999999,0.8011911709999999,0.006309596,0.006309596
recover_70,0,0.8011911709999999,0.8554095759999999,0.89897396,0.948000465,0.8423036009999999,0.8011911709999999,0.006309596,0.006309596
