name,effectDays,infectReduct,reduceHosp,reduceIcu,reduceMort,reduceSympt,riskReduct,waneRate,waneRateOut
cur_2,14,0.46882917700000004,0.8568229279999999,0.925504612,0.96277008,0.659659595,0.46882917700000004,0.019833904,0.013525108000000001
cur_2_60,14,0.42661054200000004,0.834560642,0.9128350940000001,0.9561379809999999,0.620325298,0.42661054200000004,0.019833904,0.013525108000000001
cur_2_70,14,0.385450869,0.809616344,0.898253871,0.948391057,0.579360244,0.385450869,0.019833904,0.013525108000000001
cur_3,14,0.49116619200000006,0.8674566109999999,0.931445472,0.965848754,0.679458393,0.49116619200000006,0.016891232,0.010582436
cur_3_60,14,0.448635005,0.8465516240000001,0.919698658,0.9597421540000001,0.6411676,0.448635005,0.016891232,0.010582436
cur_3_70,14,0.40685818,0.823031903,0.906147547,0.952600243,0.601004905,0.40685818,0.016891232,0.010582436
recover,0,0.8833159159999999,0.9242538490000001,0.937298078,0.96591414,0.9068888409999999,0.8833159159999999,0.005979005,0.005979005
recover_60,0,0.778125258,0.849688612,0.873820667,0.9292190140000001,0.81858464,0.778125258,0.005979005,0.005979005
recover_70,0,0.778125258,0.849688612,0.873820667,0.9292190140000001,0.81858464,0.778125258,0.005979005,0.005979005
