name,effectDays,infectReduct,reduceHosp,reduceIcu,reduceMort,reduceSympt,riskReduct,waneRate,waneRateOut
cur_2,14,0.405290751,0.8245236229999999,0.8929455559999999,0.9455399170000001,0.6858074470000001,0.405290751,0.021794732,0.011107706
cur_2_60,14,0.374308174,0.804866231,0.879835942,0.9384267629999999,0.6570736220000001,0.374308174,0.021794732,0.011107706
cur_2_70,14,0.34432296799999995,0.7835848879999999,0.865363109,0.930452933,0.627140876,0.34432296799999995,0.021794732,0.011107706
cur_3,14,0.41780741899999996,0.83187698,0.897787124,0.9481410290000001,0.6968364090000001,0.41780741899999996,0.020095426,0.0094084
cur_3_60,14,0.386489834,0.8128563670000001,0.885194168,0.941346538,0.6686238529999999,0.386489834,0.020095426,0.0094084
cur_3_70,14,0.356084138,0.7922214740000001,0.8712722709999999,0.9337241190000001,0.639145608,0.356084138,0.020095426,0.0094084
recover,0,0.902801689,0.948426544,0.960538784,0.9532535959999999,0.9039485270000001,0.902801689,0.006751808000000001,0.006751808000000001
recover_60,0,0.799657975,0.887674649,0.9127420409999999,0.897573737,0.8017545620000001,0.799657975,0.006751808000000001,0.006751808000000001
recover_70,0,0.799657975,0.887674649,0.9127420409999999,0.897573737,0.8017545620000001,0.799657975,0.006751808000000001,0.006751808000000001
