name,effectDays,infectReduct,reduceHosp,reduceIcu,reduceMort,reduceSympt,riskReduct,waneRate,waneRateOut
cur_2,14,0.521626611,0.879933735,0.94288841,0.971723517,0.662904206,0.521626611,0.020528066,0.016953466
cur_2_60,14,0.513705315,0.876541323,0.941155799,0.9708386309999999,0.655778535,0.513705315,0.020528066,0.016953466
cur_2_70,14,0.505737135,0.873049155,0.9393648929999999,0.969922242,0.648545623,0.505737135,0.020528066,0.016953466
cur_3,14,0.551817404,0.8921852029999999,0.94908771,0.974876249,0.68948642,0.551817404,0.016534992,0.012960391000000002
cur_3_60,14,0.543958964,0.889095321,0.947532705,0.974087393,0.6826536590000001,0.543958964,0.016534992,0.012960391000000002
cur_3_70,14,0.5360387870000001,0.885912038,0.9459247270000001,0.973270285,0.675706198,0.5360387870000001,0.016534992,0.012960391000000002
recover,0,0.878778827,0.9186378559999999,0.926779606,0.9554573759999999,0.889791317,0.878778827,0.005841542,0.005841542
recover_60,0,0.793556515,0.8568737470000001,0.870323645,0.919185025,0.8106428790000001,0.793556515,0.005841542,0.005841542
recover_70,0,0.793556515,0.8568737470000001,0.870323645,0.919185025,0.8106428790000001,0.793556515,0.005841542,0.005841542
