name,effectDays,infectReduct,reduceHosp,reduceIcu,reduceMort,reduceSympt,riskReduct,waneRate,waneRateOut
cur_2,14,0.527022255,0.8819007409999999,0.94529788,0.9729513670000001,0.65317751,0.527022255,0.020683462,0.016605208
cur_2_60,14,0.476587424,0.85919752,0.933868123,0.967098571,0.606141692,0.476587424,0.020683462,0.016605208
cur_2_70,14,0.42665437100000003,0.832972915,0.92026028,0.9600358840000001,0.557081783,0.42665437100000003,0.020683462,0.016605208
cur_3,14,0.571748003,0.899469697,0.9539283040000001,0.9773235259999999,0.692924614,0.571748003,0.014739612,0.010661358000000001
cur_3_60,14,0.5217545720000001,0.879683126,0.94419538,0.972389933,0.6483774370000001,0.5217545720000001,0.014739612,0.010661358000000001
cur_3_70,14,0.47135082,0.8566373509999999,0.932559096,0.966423665,0.601116416,0.47135082,0.014739612,0.010661358000000001
recover,0,0.874417489,0.920473993,0.95295553,0.9479248229999999,0.883078832,0.874417489,0.005214793,0.005214793
recover_60,0,0.759893715,0.840279157,0.902029152,0.8921688440000001,0.7744159820000001,0.759893715,0.005214793,0.005214793
recover_70,0,0.759893715,0.840279157,0.902029152,0.8921688440000001,0.7744159820000001,0.759893715,0.005214793,0.005214793
