name,effectDays,infectReduct,reduceHosp,reduceIcu,reduceMort,reduceSympt,riskReduct,waneRate,waneRateOut
cur_2,14,0.47956064299999995,0.86230587,0.927086828,0.9635919470000001,0.681018958,0.47956064299999995,0.021320042999999997,0.014926366000000002
cur_2_60,14,0.46857358200000004,0.856989387,0.92405129,0.962013927,0.671370439,0.46857358200000004,0.021320042999999997,0.014926366000000002
cur_2_70,14,0.457582195,0.851485295,0.92088997,0.9603650020000001,0.661543789,0.457582195,0.021320042999999997,0.014926366000000002
cur_3,14,0.47114026200000003,0.858247615,0.924771291,0.962388687,0.673639847,0.47114026200000003,0.022430105,0.016036428000000002
cur_3_60,14,0.46017554,0.8528011870000001,0.9216474990000001,0.9607606390000001,0.6638782879999999,0.46017554,0.022430105,0.016036428000000002
cur_3_70,14,0.44921462700000003,0.8471646490000001,0.918394959,0.959059625,0.653943084,0.44921462700000003,0.022430105,0.016036428000000002
recover,0,0.947240966,0.9880958679999999,0.994101239,0.9971574209999999,0.965867523,0.947240966,0.008559882,0.008559882
recover_60,0,0.931881022,0.983137377,0.99162299,0.995957946,0.952098995,0.931881022,0.008559882,0.008559882
recover_70,0,0.854265299,0.95902887,0.9793920709999999,0.989992436,0.888641255,0.854265299,0.008559882,0.008559882
