name,effectDays,infectReduct,reduceHosp,reduceIcu,reduceMort,reduceSympt,riskReduct,waneRate,waneRateOut
cur_2,14,0.526966512,0.8817076209999999,0.9459843029999999,0.9733005840000001,0.644775811,0.526966512,0.021247046000000002,0.014533405
cur_2_60,14,0.505202273,0.8723100859999999,0.9413534709999999,0.97093967,0.624570286,0.505202273,0.021247046000000002,0.014533405
cur_2_70,14,0.48340093,0.86227433,0.936348198,0.968374642,0.603904819,0.48340093,0.021247046000000002,0.014533405
cur_3,14,0.582011637,0.903066165,0.9563122740000001,0.978524169,0.694070658,0.582011637,0.013913368,0.0071997269999999995
cur_3_60,14,0.560668576,0.895163672,0.952522433,0.976614055,0.6752568609999999,0.560668576,0.013913368,0.0071997269999999995
cur_3_70,14,0.539081455,0.886690772,0.948418159,0.974536745,0.655844041,0.539081455,0.013913368,0.0071997269999999995
recover,0,0.9231292409999999,0.9529366570000001,0.961308238,0.967497675,0.9362004840000001,0.9231292409999999,0.007675159,0.007675159
recover_60,0,0.831655057,0.892814032,0.910879997,0.924502788,0.857886162,0.831655057,0.007675159,0.007675159
recover_70,0,0.831655057,0.892814032,0.910879997,0.924502788,0.857886162,0.831655057,0.007675159,0.007675159
