name,effectDays,infectReduct,reduceHosp,reduceIcu,reduceMort,reduceSympt,riskReduct,waneRate,waneRateOut
cur_2,14,0.540077322,0.8877815990000001,0.9457399879999999,0.973176319,0.690821595,0.540077322,0.021914499,0.014603371
cur_2_60,14,0.491171531,0.8667250259999999,0.93475949,0.967557598,0.647482536,0.491171531,0.021914499,0.014603371
cur_2_70,14,0.442460766,0.842433054,0.9217485529999999,0.960813392,0.601598053,0.442460766,0.021914499,0.014603371
cur_3,14,0.524467304,0.8813808940000001,0.9424307390000001,0.971489933,0.67727059,0.524467304,0.023976082000000003,0.016664954
cur_3_60,14,0.47551359600000004,0.8593136229999999,0.930829535,0.9655304790000001,0.633041025,0.47551359600000004,0.023976082000000003,0.016664954
cur_3_70,14,0.427052395,0.8339296140000001,0.917104349,0.958382996,0.586477321,0.427052395,0.023976082000000003,0.016664954
recover,0,0.855545861,0.909496953,0.949232141,0.954775837,0.8997447340000001,0.855545861,0.004951444,0.004951444
recover_60,0,0.7849607040000001,0.860990762,0.9201528179999999,0.928633151,0.846891628,0.7849607040000001,0.004951444,0.004951444
recover_70,0,0.7849607040000001,0.860990762,0.9201528179999999,0.928633151,0.846891628,0.7849607040000001,0.004951444,0.004951444
