name,effectDays,infectReduct,reduceHosp,reduceIcu,reduceMort,reduceSympt,riskReduct,waneRate,waneRateOut
cur_2,14,0.454462427,0.850219321,0.918358825,0.959040694,0.671750748,0.454462427,0.020759031,0.011866075
cur_2_60,14,0.42228256799999997,0.8327952209999999,0.908003751,0.9535847709999999,0.642299893,0.42228256799999997,0.020759031,0.011866075
cur_2_70,14,0.39074960200000003,0.8137883359999999,0.896483466,0.947442005,0.611734307,0.39074960200000003,0.020759031,0.011866075
cur_3,14,0.466912249,0.856489515,0.922038092,0.960964508,0.682703905,0.466912249,0.019111522,0.010218567
cur_3_60,14,0.434553045,0.8396572720000001,0.9121050190000001,0.9557530209999999,0.6537292060000001,0.434553045,0.019111522,0.010218567
cur_3_70,14,0.402742566,0.821263011,0.901042346,0.9498821279999999,0.623567881,0.402742566,0.019111522,0.010218567
recover,0,0.89730501,0.988126416,0.9939727970000001,0.99709533,0.967744715,0.89730501,0.004583768,0.004583768
recover_60,0,0.795232024,0.983180433,0.99144105,0.995869764,0.954697902,0.795232024,0.004583768,0.004583768
recover_70,0,0.519503983,0.9591309240000001,0.978950126,0.989775447,0.8943008859999999,0.519503983,0.004583768,0.004583768
