name,effectDays,infectReduct,reduceHosp,reduceIcu,reduceMort,reduceSympt,riskReduct,waneRate,waneRateOut
cur_2,14,0.517120568,0.878878988,0.938100342,0.9692741229999999,0.698589338,0.517120568,0.022132871000000002,0.01366622
cur_2_60,14,0.464908283,0.854799326,0.92478671,0.9623967090000001,0.6528255000000001,0.464908283,0.022132871000000002,0.01366622
cur_2_70,14,0.413485311,0.826893986,0.908898361,0.954058559,0.60408243,0.413485311,0.022132871000000002,0.01366622
cur_3,14,0.5232626260000001,0.88147427,0.939514008,0.96999861,0.703745537,0.5232626260000001,0.021323819,0.012857167
cur_3_60,14,0.471035129,0.857827103,0.9264806040000001,0.9632772159999999,0.65838174,0.471035129,0.021323819,0.012857167
cur_3_70,14,0.419465718,0.8303881940000001,0.910915611,0.955125205,0.609952676,0.419465718,0.021323819,0.012857167
recover,0,0.91694021,0.9880601720000001,0.994247485,0.997228107,0.963546955,0.91694021,0.010552223000000001,0.010552223000000001
recover_60,0,0.847695761,0.983087067,0.9918301740000001,0.9960583409999999,0.948891877,0.847695761,0.010552223000000001,0.010552223000000001
recover_70,0,0.6315261999999999,0.958909637,0.9798956209999999,0.99023955,0.881713295,0.6315261999999999,0.010552223000000001,0.010552223000000001
