name,effectDays,infectReduct,reduceHosp,reduceIcu,reduceMort,reduceSympt,riskReduct,waneRate,waneRateOut
cur_2,14,0.520744494,0.880155316,0.940108334,0.970302867,0.689865141,0.520744494,0.021906217000000002,0.01615068
cur_2_60,14,0.467917194,0.855989065,0.9270291079999999,0.963561989,0.642895901,0.467917194,0.021906217000000002,0.01615068
cur_2_70,14,0.41583185799999994,0.8279216,0.911373691,0.9553670940000001,0.593042039,0.41583185799999994,0.021906217000000002,0.01615068
cur_3,14,0.524979386,0.881934365,0.941057005,0.970788125,0.6934852429999999,0.524979386,0.02134813,0.015592591999999999
cur_3_60,14,0.47214571299999997,0.8580690040000001,0.9281691209999999,0.964153325,0.6467835479999999,0.47214571299999997,0.02134813,0.015592591999999999
cur_3_70,14,0.41996119200000004,0.830326563,0.912735263,0.956085359,0.59713232,0.41996119200000004,0.02134813,0.015592591999999999
recover,0,0.872729025,0.925799904,0.93407532,0.942370897,0.864707043,0.872729025,0.005269845,0.005269845
recover_60,0,0.734613029,0.834345167,0.8511807990000001,0.868438167,0.7206718190000001,0.734613029,0.005269845,0.005269845
recover_70,0,0.734613029,0.834345167,0.8511807990000001,0.868438167,0.7206718190000001,0.734613029,0.005269845,0.005269845
