name,effectDays,infectReduct,reduceHosp,reduceIcu,reduceMort,reduceSympt,riskReduct,waneRate,waneRateOut
cur_2,14,0.534232265,0.885818828,0.942767085,0.971661607,0.704641262,0.534232265,0.021290224,0.01647562
cur_2_60,14,0.499179882,0.87082826,0.934701978,0.9675279940000001,0.6746020490000001,0.499179882,0.021290224,0.01647562
cur_2_70,14,0.46413986799999996,0.854195722,0.9255912540000001,0.9628151220000001,0.643059305,0.46413986799999996,0.021290224,0.01647562
cur_3,14,0.5338189870000001,0.885650741,0.9426774059999999,0.971615841,0.704295495,0.5338189870000001,0.021344826,0.016530222
cur_3_60,14,0.498764683,0.8706413279999999,0.9346005390000001,0.967475775,0.674237373,0.498764683,0.021344826,0.016530222
cur_3_70,14,0.463726828,0.853988755,0.92547679,0.9627556159999999,0.642678004,0.463726828,0.021344826,0.016530222
recover,0,0.8915640859999999,0.9289048120000001,0.937140966,0.964664567,0.887411208,0.8915640859999999,0.0062955319999999995,0.0062955319999999995
recover_60,0,0.7947188940000001,0.8601789209999999,0.8753080129999999,0.927820647,0.787740057,0.7947188940000001,0.0062955319999999995,0.0062955319999999995
recover_70,0,0.7947188940000001,0.8601789209999999,0.8753080129999999,0.927820647,0.787740057,0.7947188940000001,0.0062955319999999995,0.0062955319999999995
