name,effectDays,infectReduct,reduceHosp,reduceIcu,reduceMort,reduceSympt,riskReduct,waneRate,waneRateOut
cur_2,14,0.284554483,0.7363719670000001,0.8067888040000001,0.8968198079999999,0.658417638,0.284554483,0.019334978,0.01129955
cur_2_60,14,0.23758880899999998,0.686376353,0.76590197,0.871961495,0.601636078,0.23758880899999998,0.019334978,0.01129955
cur_2_70,14,0.196277886,0.631685584,0.719409946,0.8421930259999999,0.542027893,0.196277886,0.019334978,0.01129955
cur_3,14,0.35857798,0.796997862,0.8544225120000001,0.924339088,0.730407267,0.35857798,0.008142455,0.000107026
cur_3_60,14,0.30459629,0.754669135,0.8213841470000001,0.905411486,0.679772396,0.30459629,0.008142455,0.000107026
cur_3_70,14,0.255539483,0.706800267,0.782785927,0.8823708840000001,0.62455993,0.255539483,0.008142455,0.000107026
recover,0,0.824552397,0.888392115,0.9147620129999999,0.911026551,0.8373979690000001,0.824552397,0.004042335,0.004042335
recover_60,0,0.61982562,0.734139905,0.788269305,0.7803216759999999,0.641136809,0.61982562,0.004042335,0.004042335
recover_70,0,0.61982562,0.734139905,0.788269305,0.7803216759999999,0.641136809,0.61982562,0.004042335,0.004042335
