name,effectDays,infectReduct,reduceHosp,reduceIcu,reduceMort,reduceSympt,riskReduct,waneRate,waneRateOut
cur_2,14,0.485842137,0.8645039409999999,0.93228016,0.966279728,0.654063976,0.485842137,0.019928688,0.012994306
cur_2_60,14,0.4453463,0.8442725670000001,0.9212467959999999,0.960551403,0.6163551620000001,0.4453463,0.019928688,0.012994306
cur_2_70,14,0.405576373,0.8216515040000001,0.908596533,0.953898762,0.577206172,0.405576373,0.019928688,0.012994306
cur_3,14,0.53697144,0.8867550959999999,0.944120538,0.9723517970000001,0.6988345159999999,0.53697144,0.013195446000000001,0.006261065
cur_3_60,14,0.496327814,0.86934399,0.934881541,0.9676204159999999,0.663495132,0.496327814,0.013195446000000001,0.006261065
cur_3_70,14,0.45574603399999997,0.849716548,0.9242413420000001,0.962112877,0.626239491,0.45574603399999997,0.013195446000000001,0.006261065
recover,0,0.846162636,0.901536674,0.922884232,0.95163619,0.871185907,0.846162636,0.00462542,0.00462542
recover_60,0,0.725184255,0.8145613829999999,0.851663142,0.9042132009999999,0.76440697,0.725184255,0.00462542,0.00462542
recover_70,0,0.725184255,0.8145613829999999,0.851663142,0.9042132009999999,0.76440697,0.725184255,0.00462542,0.00462542
