name,effectDays,infectReduct,reduceHosp,reduceIcu,reduceMort,reduceSympt,riskReduct,waneRate,waneRateOut
cur_2,14,0.465611755,0.856661771,0.917579725,0.958632332,0.71302627,0.465611755,0.020688646,0.013070911000000001
cur_2_60,14,0.42520707,0.8353698340000001,0.904326137,0.951632228,0.678407842,0.42520707,0.020688646,0.013070911000000001
cur_2_70,14,0.385790539,0.811619097,0.889204104,0.943520325,0.6417244529999999,0.385790539,0.020688646,0.013070911000000001
cur_3,14,0.46027020799999996,0.85400338,0.9159402740000001,0.957771893,0.7086100909999999,0.46027020799999996,0.021394983,0.013777248
cur_3_60,14,0.419964774,0.832393816,0.9024510809999999,0.950633685,0.673702719,0.419964774,0.021394983,0.013777248
cur_3_70,14,0.38071232899999996,0.8083122559999999,0.887069689,0.942364456,0.636769985,0.38071232899999996,0.021394983,0.013777248
recover,0,0.943171199,0.988203927,0.9936327140000001,0.9969308920000001,0.9720886590000001,0.943171199,0.004321607,0.004321607
recover_60,0,0.8165813540000001,0.9832896859999999,0.9909594140000001,0.9956362470000001,0.960727607,0.8165813540000001,0.004321607,0.004321607
recover_70,0,0.452809856,0.95938994,0.977781342,0.989201104,0.90759132,0.452809856,0.004321607,0.004321607
