name,effectDays,infectReduct,reduceHosp,reduceIcu,reduceMort,reduceSympt,riskReduct,waneRate,waneRateOut
cur_2,14,0.5235216420000001,0.881284491,0.940909056,0.970712479,0.6904089059999999,0.5235216420000001,0.019961183,0.011838607
cur_2_60,14,0.48172979200000005,0.862638679,0.930893711,0.965563651,0.6535684939999999,0.48172979200000005,0.019961183,0.011838607
cur_2_70,14,0.44020707200000003,0.8415988529999999,0.919330938,0.959549738,0.614804631,0.44020707200000003,0.019961183,0.011838607
cur_3,14,0.529864098,0.883920643,0.942307882,0.97142721,0.6958206290000001,0.529864098,0.019124711000000003,0.011002136000000001
cur_3_60,14,0.488084581,0.865625742,0.932512618,0.9663996840000001,0.659306414,0.488084581,0.019124711000000003,0.011002136000000001
cur_3_70,14,0.44648599299999997,0.844961218,0.921197789,0.9605258059999999,0.620812093,0.44648599299999997,0.019124711000000003,0.011002136000000001
recover,0,0.882017267,0.9880264609999999,0.994381904,0.997293068,0.9612234590000001,0.882017267,0.0028633459999999997,0.0028633459999999997
recover_60,0,0.8095071420000001,0.9830395559999999,0.992020625,0.99615061,0.9456869290000001,0.8095071420000001,0.0028633459999999997,0.0028633459999999997
recover_70,0,0.590231128,0.958797054,0.980358775,0.990466725,0.874851246,0.590231128,0.0028633459999999997,0.0028633459999999997
