name,effectDays,infectReduct,reduceHosp,reduceIcu,reduceMort,reduceSympt,riskReduct,waneRate,waneRateOut
cur_2,14,0.41165021799999996,0.8268819940000001,0.902936293,0.950892277,0.641852978,0.41165021799999996,0.019177365,0.010409735
cur_2_60,14,0.385089222,0.8104342090000001,0.892777375,0.945449313,0.615989778,0.385089222,0.019177365,0.010409735
cur_2_70,14,0.359188613,0.792810208,0.881691288,0.9394397290000001,0.589446036,0.359188613,0.019177365,0.010409735
cur_3,14,0.45897986799999996,0.852756455,0.918563089,0.9591476999999999,0.684841812,0.45897986799999996,0.012842105,0.004074475
cur_3_60,14,0.431605281,0.838286207,0.909876462,0.954576035,0.660440689,0.431605281,0.012842105,0.004074475
cur_3_70,14,0.40463480799999996,0.8226850790000001,0.9003609929999999,0.9495182120000001,0.635149631,0.40463480799999996,0.012842105,0.004074475
recover,0,0.8941893259999999,0.9352062259999999,0.947081408,0.960549708,0.908062024,0.8941893259999999,0.005861163000000001,0.005861163000000001
recover_60,0,0.7828218690000001,0.860263316,0.8841726329999999,0.912166971,0.8081633009999999,0.7828218690000001,0.005861163000000001,0.005861163000000001
recover_70,0,0.7828218690000001,0.860263316,0.8841726329999999,0.912166971,0.8081633009999999,0.7828218690000001,0.005861163000000001,0.005861163000000001
