name,effectDays,infectReduct,reduceHosp,reduceIcu,reduceMort,reduceSympt,riskReduct,waneRate,waneRateOut
cur_2,14,0.418453495,0.831727326,0.900838296,0.949773172,0.679422119,0.418453495,0.021395364,0.008106554
cur_2_60,14,0.385592726,0.81171122,0.887935323,0.9428335590000001,0.648936153,0.385592726,0.021395364,0.008106554
cur_2_70,14,0.353745394,0.789917465,0.8735902609999999,0.9350014390000001,0.617187233,0.353745394,0.021395364,0.008106554
cur_3,14,0.43067937100000003,0.8386157209999999,0.905219964,0.952107507,0.6902231329999999,0.43067937100000003,0.019750038,0.006461229000000001
cur_3_60,14,0.39751478,0.819240918,0.892819302,0.945471902,0.66025068,0.39751478,0.019750038,0.006461229000000001
cur_3_70,14,0.365268165,0.79810192,0.8790142390000001,0.937977471,0.628939916,0.365268165,0.019750038,0.006461229000000001
recover,0,0.909550938,0.9882206729999999,0.9935564729999999,0.9968940190000001,0.972952967,0.909550938,0.007973095,0.007973095
recover_60,0,0.801446184,0.98331329,0.990851458,0.99558389,0.961929945,0.801446184,0.007973095,0.007973095
recover_70,0,0.5087772079999999,0.959445911,0.9775195940000001,0.989072383,0.910268502,0.5087772079999999,0.007973095,0.007973095
