name,effectDays,infectReduct,reduceHosp,reduceIcu,reduceMort,reduceSympt,riskReduct,waneRate,waneRateOut
cur_2,14,0.454538888,0.8489268059999999,0.924659931,0.962330743,0.618202259,0.454538888,0.020779079,0.012592581
cur_2_60,14,0.410136303,0.824212808,0.911036762,0.95518919,0.574655376,0.410136303,0.020779079,0.012592581
cur_2_70,14,0.36717108,0.796438922,0.895237178,0.9467728059999999,0.529939268,0.36717108,0.020779079,0.012592581
cur_3,14,0.5016808460000001,0.871611164,0.936818934,0.968616466,0.661726175,0.5016808460000001,0.014563031,0.006376533
cur_3_60,14,0.456527421,0.849952184,0.925216567,0.962620307,0.620092826,0.456527421,0.014563031,0.006376533
cur_3_70,14,0.41209759100000004,0.8253834729999999,0.9116911679999999,0.955534667,0.5766343079999999,0.41209759100000004,0.014563031,0.006376533
recover,0,0.792211505,0.86444327,0.8891267270000001,0.876400727,0.836048797,0.792211505,0.003218187,0.003218187
recover_60,0,0.5533114920000001,0.6744644679999999,0.7226417959999999,0.697312068,0.623603129,0.5533114920000001,0.003218187,0.003218187
recover_70,0,0.5533114920000001,0.6744644679999999,0.7226417959999999,0.697312068,0.623603129,0.5533114920000001,0.003218187,0.003218187
