name,effectDays,infectReduct,reduceHosp,reduceIcu,reduceMort,reduceSympt,riskReduct,waneRate,waneRateOut
cur_2,14,0.583068383,0.9031728309999999,0.9575647970000001,0.97915376,0.679880685,0.583068383,0.020968948,0.012820085
cur_2_60,14,0.560347791,0.8947473490000001,0.9536292690000001,0.977172707,0.6593535939999999,0.560347791,0.020968948,0.012820085
cur_2_70,14,0.537356442,0.885675405,0.949345157,0.975006725,0.638196739,0.537356442,0.020968948,0.012820085
cur_3,14,0.593548117,0.906891454,0.9592886690000001,0.9800189109999999,0.689224017,0.593548117,0.019546357,0.011397494
cur_3_60,14,0.570978408,0.898753276,0.955505588,0.978118237,0.6690043720000001,0.570978408,0.019546357,0.011397494
cur_3_70,14,0.548094645,0.8899841559999999,0.951385989,0.976039773,0.648127033,0.548094645,0.019546357,0.011397494
recover,0,0.91064207,0.9878730020000001,0.994951228,0.997568103,0.9488436370000001,0.91064207,0.010736502,0.010736502
recover_60,0,0.873014719,0.9828232929999999,0.992827509,0.9965413209999999,0.9287147579999999,0.873014719,0.010736502,0.010736502
recover_70,0,0.727700358,0.958284793,0.982323907,0.991429384,0.8395005329999999,0.727700358,0.010736502,0.010736502
