name,effectDays,infectReduct,reduceHosp,reduceIcu,reduceMort,reduceSympt,riskReduct,waneRate,waneRateOut
cur_2,14,0.5918884729999999,0.90709227,0.955878397,0.9783058809999999,0.7306392909999999,0.5918884729999999,0.02142472,0.01708696
cur_2_60,14,0.5564801079999999,0.894140328,0.949347783,0.975008056,0.70119179,0.5564801079999999,0.02142472,0.01708696
cur_2_70,14,0.520494616,0.879625021,0.941910638,0.971224347,0.669984546,0.520494616,0.02142472,0.01708696
cur_3,14,0.5583673060000001,0.894862218,0.9497143690000001,0.9751937829999999,0.702792098,0.5583673060000001,0.025936696000000002,0.021598936000000003
cur_3_60,14,0.522397377,0.880430067,0.942326441,0.971436686,0.671668301,0.522397377,0.025936696000000002,0.021598936000000003
cur_3_70,14,0.486199793,0.864320098,0.933930116,0.96713051,0.6389652579999999,0.486199793,0.025936696000000002,0.021598936000000003
recover,0,0.898610198,0.991711345,0.996247555,0.9981937390000001,0.9707950040000001,0.898610198,0.006845731999999999,0.006845731999999999
recover_60,0,0.863988083,0.990492465,0.995692846,0.997926127,0.96660387,0.863988083,0.006845731999999999,0.006845731999999999
recover_70,0,0.721591187,0.980263973,0.991008291,0.99565995,0.9324285729999999,0.721591187,0.006845731999999999,0.006845731999999999
