name,effectDays,infectReduct,reduceHosp,reduceIcu,reduceMort,reduceSympt,riskReduct,waneRate,waneRateOut
cur_2,14,0.489152476,0.86704746,0.9284763309999999,0.964312553,0.699426212,0.489152476,0.020460675,0.012613522
cur_2_60,14,0.439056806,0.842042909,0.9138772390000001,0.956686961,0.655425223,0.439056806,0.020460675,0.012613522
cur_2_70,14,0.39020094,0.813365853,0.896640862,0.947526454,0.608615506,0.39020094,0.020460675,0.012613522
cur_3,14,0.525726733,0.88303564,0.937608957,0.9690220359999999,0.7292778590000001,0.525726733,0.015647696000000003,0.007800543
cur_3_60,14,0.47537093799999997,0.86055441,0.924722842,0.962363478,0.687695588,0.47537093799999997,0.015647696000000003,0.007800543
cur_3_70,14,0.42553967200000004,0.8345778779999999,0.9094419840000001,0.954346237,0.642881114,0.42553967200000004,0.015647696000000003,0.007800543
recover,0,0.9319251340000001,0.98812078,0.9939967279999999,0.997106899,0.967405677,0.9319251340000001,0.005306757,0.005306757
recover_60,0,0.850433427,0.9831724890000001,0.991474947,0.9958861940000001,0.954228214,0.850433427,0.005306757,0.005306757
recover_70,0,0.599910603,0.959112093,0.979032446,0.989815873,0.893275009,0.599910603,0.005306757,0.005306757
