name,effectDays,infectReduct,reduceHosp,reduceIcu,reduceMort,reduceSympt,riskReduct,waneRate,waneRateOut
cur_2,14,0.512547551,0.876563034,0.938617912,0.969539499,0.678892886,0.512547551,0.021046711,0.014044715
cur_2_60,14,0.48446308899999996,0.8638814770000001,0.931815783,0.966040005,0.653921164,0.48446308899999996,0.021046711,0.014044715
cur_2_70,14,0.45646936,0.850116202,0.924318655,0.9621531240000001,0.628064721,0.45646936,0.021046711,0.014044715
cur_3,14,0.542847166,0.889130215,0.9452617809999999,0.9729329940000001,0.704807684,0.542847166,0.017048596000000003,0.010046601
cur_3_60,14,0.514856038,0.877559427,0.939148168,0.969811227,0.6809040390000001,0.514856038,0.017048596000000003,0.010046601
cur_3_70,14,0.486764295,0.864961146,0.932398775,0.9663409409999999,0.656003055,0.486764295,0.017048596000000003,0.010046601
recover,0,0.95128606,0.9880215240000001,0.994401295,0.997302438,0.960872032,0.95128606,0.004159225,0.004159225
recover_60,0,0.900643258,0.983032598,0.9920481,0.99616392,0.945202723,0.900643258,0.004159225,0.004159225
recover_70,0,0.7232072209999999,0.958780568,0.9804256140000001,0.9904995000000001,0.873819793,0.7232072209999999,0.004159225,0.004159225
