name,effectDays,infectReduct,reduceHosp,reduceIcu,reduceMort,reduceSympt,riskReduct,waneRate,waneRateOut
cur_2,14,0.48694411200000004,0.8646515840000001,0.934190533,0.967264653,0.638874805,0.48694411200000004,0.019422993,0.015787494
cur_2_60,14,0.452390465,0.8475732229999999,0.925126835,0.96257364,0.606280112,0.452390465,0.019422993,0.015787494
cur_2_70,14,0.418293277,0.8287687440000001,0.914929643,0.957240715,0.572714672,0.418293277,0.019422993,0.015787494
cur_3,14,0.546931877,0.8904154259999999,0.947520895,0.9740813970000001,0.69232277,0.546931877,0.011515579,0.00788008
cur_3_60,14,0.51237256,0.8761222120000001,0.940175567,0.970337274,0.661999983,0.51237256,0.011515579,0.00788008
cur_3_70,14,0.477698203,0.8602590640000001,0.9318769859999999,0.966071606,0.6302880670000001,0.477698203,0.011515579,0.00788008
recover,0,0.8701439459999999,0.930617626,0.9399190390000001,0.955318317,0.8972159609999999,0.8701439459999999,0.005585576,0.005585576
recover_60,0,0.735580991,0.847756105,0.8665732829999999,0.8987465720000001,0.7837339190000001,0.735580991,0.005585576,0.005585576
recover_70,0,0.735580991,0.847756105,0.8665732829999999,0.8987465720000001,0.7837339190000001,0.735580991,0.005585576,0.005585576
