name,effectDays,infectReduct,reduceHosp,reduceIcu,reduceMort,reduceSympt,riskReduct,waneRate,waneRateOut
cur_2,14,0.323870814,0.7681742540000001,0.850828017,0.922313961,0.6229965679999999,0.323870814,0.018811696,0.006994517
cur_2_60,14,0.29316788,0.741546539,0.8316129309999999,0.9113476420000001,0.588623618,0.29316788,0.018811696,0.006994517
cur_2_70,14,0.264242582,0.713007761,0.810477626,0.899004915,0.553369235,0.264242582,0.018811696,0.006994517
cur_3,14,0.42142546299999994,0.8344010959999999,0.896620416,0.947515485,0.7153276270000001,0.42142546299999994,0.005032573,-0.0067846059999999994
cur_3_60,14,0.386764565,0.813533767,0.882489249,0.939874753,0.685118056,0.386764565,0.005032573,-0.0067846059999999994
cur_3_70,14,0.35321935600000004,0.7907003509999999,0.866716285,0.931203927,0.653261867,0.35321935600000004,0.005032573,-0.0067846059999999994
recover,0,0.818020201,0.8782331590000001,0.913339095,0.9320053509999999,0.823652852,0.818020201,0.004090031,0.004090031
recover_60,0,0.6900813259999999,0.781309219,0.839243831,0.87162658,0.698213022,0.6900813259999999,0.004090031,0.004090031
recover_70,0,0.6900813259999999,0.781309219,0.839243831,0.87162658,0.698213022,0.6900813259999999,0.004090031,0.004090031
