name,effectDays,infectReduct,reduceHosp,reduceIcu,reduceMort,reduceSympt,riskReduct,waneRate,waneRateOut
cur_2,14,0.467422226,0.85624201,0.924579225,0.962288745,0.663047307,0.467422226,0.020592857,0.013538014
cur_2_60,14,0.43880114600000003,0.841427613,0.916117143,0.9578647929999999,0.636769657,0.43880114600000003,0.020592857,0.013538014
cur_2_70,14,0.41057587799999995,0.8253945309999999,0.906799366,0.952946195,0.60964364,0.41057587799999995,0.020592857,0.013538014
cur_3,14,0.49683580299999996,0.8701471909999999,0.932396285,0.9663396559999999,0.688848795,0.49683580299999996,0.016718698,0.009663854
cur_3_60,14,0.467996325,0.856525628,0.924739871,0.9623723390000001,0.663562312,0.467996325,0.016718698,0.009663854
cur_3_70,14,0.439363359,0.841731955,0.916292397,0.9579568279999999,0.637297476,0.439363359,0.016718698,0.009663854
recover,0,0.8947795609999999,0.9335315959999999,0.9450078609999999,0.9547457020000001,0.899400538,0.8947795609999999,0.005936233000000001,0.005936233000000001
recover_60,0,0.785160692,0.857871938,0.8807425990000001,0.900664123,0.7934847070000001,0.785160692,0.005936233000000001,0.005936233000000001
recover_70,0,0.785160692,0.857871938,0.8807425990000001,0.900664123,0.7934847070000001,0.785160692,0.005936233000000001,0.005936233000000001
