name,effectDays,infectReduct,reduceHosp,reduceIcu,reduceMort,reduceSympt,riskReduct,waneRate,waneRateOut
cur_2,14,0.329561742,0.773241576,0.85114553,0.922493177,0.643652123,0.329561742,0.020951951,0.007844422
cur_2_60,14,0.30671071,0.754235669,0.8372952490000001,0.914615528,0.619134559,0.30671071,0.020951951,0.007844422
cur_2_70,14,0.284763003,0.7341766129999999,0.822419302,0.9060153879999999,0.593984569,0.284763003,0.020951951,0.007844422
cur_3,14,0.418665749,0.833219862,0.8933598009999999,0.94576301,0.725750065,0.418665749,0.008395846,-0.0047116829999999995
cur_3_60,14,0.39326045200000004,0.818058207,0.8828969740000001,0.9400968829999999,0.704285918,0.39326045200000004,0.008395846,-0.0047116829999999995
cur_3_70,14,0.36841050799999997,0.801839691,0.871550736,0.933877741,0.6818695929999999,0.36841050799999997,0.008395846,-0.0047116829999999995
recover,0,0.941928978,0.988334553,0.9930102609999999,0.9966297679999999,0.978202784,0.941928978,0.010578273000000001,0.010578273000000001
recover_60,0,0.8987572840000001,0.98347382,0.990078233,0.995208711,0.969251709,0.8987572840000001,0.010578273000000001,0.010578273000000001
recover_70,0,0.74483942,0.95982667,0.9756472690000001,0.9881505909999999,0.92676958,0.74483942,0.010578273000000001,0.010578273000000001
