name,effectDays,infectReduct,reduceHosp,reduceIcu,reduceMort,reduceSympt,riskReduct,waneRate,waneRateOut
cur_2,14,0.454069615,0.849704832,0.919759622,0.959774047,0.659127314,0.454069615,0.021366546,0.01360394
cur_2_60,14,0.38180717700000005,0.8076238920000001,0.894866327,0.9465734990000001,0.5894673539999999,0.38180717700000005,0.021366546,0.01360394
cur_2_70,14,0.314480544,0.7571788190000001,0.863429558,0.929377865,0.516092921,0.314480544,0.021366546,0.01360394
cur_3,14,0.519038971,0.880030767,0.936998265,0.968708558,0.715009773,0.519038971,0.012804343000000001,0.005041737
cur_3_60,14,0.444862387,0.844890771,0.9169702009999999,0.9583126120000001,0.650718183,0.444862387,0.012804343000000001,0.005041737
cur_3_70,14,0.373127964,0.801819903,0.8913403129999999,0.944674445,0.580500322,0.373127964,0.012804343000000001,0.005041737
recover,0,0.939514905,0.988097638,0.994093879,0.997153863,0.9659790109999999,0.939514905,0.004548383,0.004548383
recover_60,0,0.87184376,0.9831398720000001,0.991612563,0.995952892,0.952253233,0.87184376,0.004548383,0.004548383
recover_70,0,0.6517804939999999,0.9590347840000001,0.9793667359999999,0.98998,0.888975996,0.6517804939999999,0.004548383,0.004548383
