name,effectDays,infectReduct,reduceHosp,reduceIcu,reduceMort,reduceSympt,riskReduct,waneRate,waneRateOut
cur_2,14,0.5925793739999999,0.9072538440000001,0.9563280209999999,0.9785320890000001,0.727014672,0.5925793739999999,0.021446052,0.015960896999999998
cur_2_60,14,0.567976783,0.898395132,0.951908195,0.976303747,0.7065094470000001,0.567976783,0.021446052,0.015960896999999998
cur_2_70,14,0.54302255,0.888789353,0.9470634659999999,0.973849091,0.685120933,0.54302255,0.021446052,0.015960896999999998
cur_3,14,0.565207977,0.8973612790000001,0.951389387,0.9760414909999999,0.7041660479999999,0.565207977,0.025138526,0.019653371
cur_3_60,14,0.5402349320000001,0.887674658,0.946497708,0.973561612,0.682693621,0.5402349320000001,0.025138526,0.019653371
cur_3_70,14,0.515046471,0.877193902,0.941141633,0.9708313890000001,0.660403748,0.515046471,0.025138526,0.019653371
recover,0,0.899697163,0.93593802,0.9523783309999999,0.937630449,0.9254636629999999,0.899697163,0.006569525,0.006569525
recover_60,0,0.8265044420000001,0.885835135,0.913951273,0.8886937970000001,0.868321327,0.8265044420000001,0.006569525,0.006569525
recover_70,0,0.8265044420000001,0.885835135,0.913951273,0.8886937970000001,0.868321327,0.8265044420000001,0.006569525,0.006569525
