name,effectDays,infectReduct,reduceHosp,reduceIcu,reduceMort,reduceSympt,riskReduct,waneRate,waneRateOut
cur_2,14,0.495694356,0.8696728909999999,0.931909942,0.966088622,0.689677381,0.495694356,0.021155632,0.017485941
cur_2_60,14,0.45674761399999997,0.8509218470000001,0.9213030729999999,0.9605807940000001,0.655293845,0.45674761399999997,0.021155632,0.017485941
cur_2_70,14,0.418333092,0.8300064070000001,0.9092084359999999,0.954222667,0.619214258,0.418333092,0.021155632,0.017485941
cur_3,14,0.527369461,0.883384672,0.939529033,0.970006305,0.716145556,0.527369461,0.016986523,0.013316833
cur_3_60,14,0.488343949,0.866303151,0.9300199170000001,0.9651118009999999,0.683348205,0.488343949,0.016986523,0.013316833
cur_3_70,14,0.44947068100000004,0.847158071,0.9191473729999999,0.959453656,0.648630508,0.44947068100000004,0.016986523,0.013316833
recover,0,0.8289407040000001,0.88342822,0.915620175,0.933752783,0.825251008,0.8289407040000001,0.003967266,0.003967266
recover_60,0,0.66804658,0.7588761159999999,0.8183930759999999,0.8540895709999999,0.662300259,0.66804658,0.003967266,0.003967266
recover_70,0,0.66804658,0.7588761159999999,0.8183930759999999,0.8540895709999999,0.662300259,0.66804658,0.003967266,0.003967266
