name,effectDays,infectReduct,reduceHosp,reduceIcu,reduceMort,reduceSympt,riskReduct,waneRate,waneRateOut
cur_2,14,0.48312264299999996,0.8640160240000001,0.9279279020000001,0.964028263,0.685135693,0.48312264299999996,0.021656709,0.011278541999999999
cur_2_60,14,0.447409799,0.8462448859999999,0.917713668,0.958702562,0.653366112,0.447409799,0.021656709,0.011278541999999999
cur_2_70,14,0.412236885,0.826620589,0.906200095,0.952628142,0.620173419,0.412236885,0.021656709,0.011278541999999999
cur_3,14,0.521267029,0.8809763759999999,0.937493637,0.9689628570000001,0.7171015959999999,0.521267029,0.016637929,0.0062597619999999994
cur_3_60,14,0.485382374,0.865075587,0.928530668,0.96434071,0.687084274,0.485382374,0.016637929,0.0062597619999999994
cur_3_70,14,0.449653376,0.847421378,0.918396034,0.9590601879999999,0.655417506,0.449653376,0.016637929,0.0062597619999999994
recover,0,0.892400599,0.9917909420000001,0.995931917,0.998041482,0.976401599,0.892400599,0.007607177,0.007607177
recover_60,0,0.821980507,0.990583655,0.9953307659999999,0.9977513640000001,0.97299267,0.821980507,0.007607177,0.007607177
recover_70,0,0.606179873,0.980451333,0.99025626,0.995295119,0.944983109,0.606179873,0.007607177,0.007607177
