name,effectDays,infectReduct,reduceHosp,reduceIcu,reduceMort,reduceSympt,riskReduct,waneRate,waneRateOut
cur_2,14,0.46400709799999995,0.85431848,0.9246770870000001,0.962339671,0.650748169,0.46400709799999995,0.021468609,0.015530583999999998
cur_2_60,14,0.42452484799999995,0.8332553779999999,0.912747715,0.956091923,0.613565597,0.42452484799999995,0.021468609,0.015530583999999998
cur_2_70,14,0.38599452,0.809832406,0.89913957,0.9488651579999999,0.57502175,0.38599452,0.021468609,0.015530583999999998
cur_3,14,0.511903575,0.8766114509999999,0.9369974040000001,0.968708116,0.6929982140000001,0.511903575,0.015161397,0.009223371999999999
cur_3_60,14,0.471934245,0.8582366909999999,0.926864949,0.9634767790000001,0.657949414,0.471934245,0.015161397,0.009223371999999999
cur_3_70,14,0.43233362299999994,0.837639131,0.915254146,0.9574113340000001,0.621098696,0.43233362299999994,0.015161397,0.009223371999999999
recover,0,0.8066047209999999,0.847879605,0.9145099659999999,0.9311321,0.853066137,0.8066047209999999,0.004423454,0.004423454
recover_60,0,0.681704995,0.741079563,0.8459925220000001,0.874102745,0.748828743,0.681704995,0.004423454,0.004423454
recover_70,0,0.681704995,0.741079563,0.8459925220000001,0.874102745,0.748828743,0.681704995,0.004423454,0.004423454
