name,effectDays,infectReduct,reduceHosp,reduceIcu,reduceMort,reduceSympt,riskReduct,waneRate,waneRateOut
cur_2,14,0.40915624,0.825079627,0.903661116,0.951278312,0.62781997,0.40915624,0.019989982,0.012667622
cur_2_60,14,0.39435472200000005,0.81601221,0.8981643909999999,0.948343134,0.61331936,0.39435472200000005,0.019989982,0.012667622
cur_2_70,14,0.379718306,0.8065675859999999,0.892380705,0.9452355490000001,0.598588248,0.379718306,0.019989982,0.012667622
cur_3,14,0.480842823,0.863177671,0.9261753359999999,0.963118653,0.692889743,0.480842823,0.010429819,0.0031074590000000003
cur_3_60,14,0.46549111200000004,0.855739858,0.921852097,0.960867439,0.679630649,0.46549111200000004,0.010429819,0.0031074590000000003
cur_3_70,14,0.450176955,0.847954585,0.91728985,0.958480307,0.666050241,0.450176955,0.010429819,0.0031074590000000003
recover,0,0.942776285,0.9881220140000001,0.9939914959999999,0.99710437,0.96748021,0.942776285,0.0077582269999999995,0.0077582269999999995
recover_60,0,0.921027875,0.9831742290000001,0.9914675359999999,0.995882602,0.954331458,0.921027875,0.0077582269999999995,0.0077582269999999995
recover_70,0,0.824917077,0.959116217,0.9790144470000001,0.989807034,0.893500395,0.824917077,0.0077582269999999995,0.0077582269999999995
