name,effectDays,infectReduct,reduceHosp,reduceIcu,reduceMort,reduceSympt,riskReduct,waneRate,waneRateOut
cur_2,14,0.283692344,0.734713715,0.811648519,0.899696563,0.635427531,0.283692344,0.019126123999999998,0.007338806
cur_2_60,14,0.257799145,0.708363999,0.790764183,0.88721839,0.604524409,0.257799145,0.019126123999999998,0.007338806
cur_2_70,14,0.233499299,0.680535585,0.7682258679999999,0.87340656,0.572763599,0.233499299,0.019126123999999998,0.007338806
cur_3,14,0.34801795399999996,0.788703452,0.853111197,0.9236012459999999,0.7014116659999999,0.34801795399999996,0.009313857,-0.002473461
cur_3_60,14,0.318867179,0.76600843,0.835894696,0.913812033,0.673225372,0.318867179,0.009313857,-0.002473461
cur_3_70,14,0.29106853899999996,0.74167462,0.817093272,0.902900568,0.643730346,0.29106853899999996,0.009313857,-0.002473461
recover,0,0.914441307,0.992018185,0.9948554609999999,0.99752185,0.987376321,0.914441307,0.009084100000000001,0.009084100000000001
recover_60,0,0.879963842,0.99084401,0.9940961840000001,0.997154977,0.98552926,0.879963842,0.009084100000000001,0.009084100000000001
recover_70,0,0.7427802590000001,0.980986461,0.987696523,0.9940511670000001,0.9701222690000001,0.7427802590000001,0.009084100000000001,0.009084100000000001
