name,effectDays,infectReduct,reduceHosp,reduceIcu,reduceMort,reduceSympt,riskReduct,waneRate,waneRateOut
cur_2,14,0.566933562,0.898380568,0.950122336,0.97540039,0.7243776890000001,0.566933562,0.021024299,0.016633676
cur_2_60,14,0.519970976,0.879736202,0.94034074,0.9704217909999999,0.6850023059999999,0.519970976,0.021024299,0.016633676
cur_2_70,14,0.47267703200000005,0.858222829,0.928791074,0.9644756309999999,0.6427981220000001,0.47267703200000005,0.021024299,0.016633676
cur_3,14,0.50347911,0.872575448,0.936528155,0.9684671029999999,0.670588317,0.50347911,0.029422139,0.025031516
cur_3_60,14,0.456235312,0.849987133,0.9242930079999999,0.9621397740000001,0.6274803529999999,0.456235312,0.029422139,0.025031516
cur_3_70,14,0.409789616,0.8242154490000001,0.909934164,0.954606545,0.582269108,0.409789616,0.029422139,0.025031516
recover,0,0.8402703979999999,0.8893571790000001,0.920009978,0.9460447940000001,0.856445338,0.8402703979999999,0.004217563,0.004217563
recover_60,0,0.725995135,0.801921586,0.852788184,0.8982831029999999,0.750303333,0.725995135,0.004217563,0.004217563
recover_70,0,0.725995135,0.801921586,0.852788184,0.8982831029999999,0.750303333,0.725995135,0.004217563,0.004217563
