name,effectDays,infectReduct,reduceHosp,reduceIcu,reduceMort,reduceSympt,riskReduct,waneRate,waneRateOut
cur_2,14,0.42182175899999996,0.832526368,0.9078739640000001,0.953515997,0.64165692,0.42182175899999996,0.020217191000000002,0.010370391
cur_2_60,14,0.40627449600000004,0.8233993359999999,0.902371712,0.950591373,0.626790913,0.40627449600000004,0.020217191000000002,0.010370391
cur_2_70,14,0.39088730899999996,0.813869855,0.8965683320000001,0.947487541,0.611655949,0.39088730899999996,0.020217191000000002,0.010370391
cur_3,14,0.490991654,0.86794399,0.928721226,0.964439445,0.703041803,0.490991654,0.011035973000000001,0.001189172
cur_3_60,14,0.474989389,0.860423553,0.924360345,0.9621748259999999,0.6894900359999999,0.474989389,0.011035973000000001,0.001189172
cur_3_70,14,0.459011706,0.8525341190000001,0.9197478040000001,0.959767865,0.6755816929999999,0.459011706,0.011035973000000001,0.001189172
recover,0,0.770585469,0.8462788440000001,0.8736745229999999,0.906022832,0.8256725109999999,0.770585469,0.00329273,0.00329273
recover_60,0,0.6399266379999999,0.744432256,0.78537549,0.836092686,0.7147747590000001,0.6399266379999999,0.00329273,0.00329273
recover_70,0,0.6399266379999999,0.744432256,0.78537549,0.836092686,0.7147747590000001,0.6399266379999999,0.00329273,0.00329273
