name,effectDays,infectReduct,reduceHosp,reduceIcu,reduceMort,reduceSympt,riskReduct,waneRate,waneRateOut
cur_2,14,0.437869499,0.841795538,0.911525362,0.955447157,0.669258235,0.437869499,0.022324255,0.012474886999999999
cur_2_60,14,0.426242505,0.835382297,0.90762863,0.953385968,0.658686618,0.426242505,0.022324255,0.012474886999999999
cur_2_70,14,0.41466385299999997,0.828742882,0.903566713,0.951228051,0.6479241729999999,0.41466385299999997,0.022324255,0.012474886999999999
cur_3,14,0.48194946899999996,0.864036494,0.9248387140000001,0.9624237659999999,0.707321731,0.48194946899999996,0.016486021,0.0066366540000000005
cur_3_60,14,0.47013091100000004,0.858373162,0.9214778370000001,0.960672057,0.697416688,0.47013091100000004,0.016486021,0.0066366540000000005
cur_3_70,14,0.45831237700000005,0.8524972940000001,0.917969881,0.9588368740000001,0.68729572,0.45831237700000005,0.016486021,0.0066366540000000005
recover,0,0.853193135,0.8924081220000001,0.936019405,0.936894352,0.880625188,0.853193135,0.0053470819999999995,0.0053470819999999995
recover_60,0,0.747204712,0.808372489,0.8815245909999999,0.8830516540000001,0.789556632,0.747204712,0.0053470819999999995,0.0053470819999999995
recover_70,0,0.747204712,0.808372489,0.8815245909999999,0.8830516540000001,0.789556632,0.747204712,0.0053470819999999995,0.0053470819999999995
