name,effectDays,infectReduct,reduceHosp,reduceIcu,reduceMort,reduceSympt,riskReduct,waneRate,waneRateOut
cur_2,14,0.573298336,0.901107296,0.949668895,0.9751707479999999,0.748022815,0.573298336,0.020812885,0.016492073
cur_2_60,14,0.524034334,0.881892945,0.939253757,0.969865317,0.708680723,0.524034334,0.020812885,0.016492073
cur_2_70,14,0.474326321,0.859540966,0.926857067,0.963472687,0.6659644060000001,0.474326321,0.020812885,0.016492073
cur_3,14,0.512903844,0.877169465,0.936659555,0.968534604,0.699391228,0.512903844,0.028824752000000002,0.02450394
cur_3_60,14,0.46319598100000003,0.8540573859999999,0.923768459,0.961866634,0.6559485070000001,0.46319598100000003,0.028824752000000002,0.02450394
cur_3_70,14,0.41423641200000005,0.827468085,0.90851942,0.953857927,0.609757824,0.41423641200000005,0.028824752000000002,0.02450394
recover,0,0.930703003,0.988071017,0.994203484,0.9972068409999999,0.9642668640000001,0.930703003,0.004213783,0.004213783
recover_60,0,0.905969941,0.9831023520000001,0.991767835,0.996028136,0.9498861559999999,0.905969941,0.004213783,0.004213783
recover_70,0,0.7973274779999999,0.95894586,0.979744078,0.990165195,0.883854525,0.7973274779999999,0.004213783,0.004213783
