name,effectDays,infectReduct,reduceHosp,reduceIcu,reduceMort,reduceSympt,riskReduct,waneRate,waneRateOut
cur_2,14,0.372098353,0.8031304459999999,0.8802182470000001,0.938635661,0.6469250879999999,0.372098353,0.020406514,0.011458923000000001
cur_2_60,14,0.346965232,0.7852951509999999,0.868220777,0.932037569,0.621605841,0.346965232,0.020406514,0.011458923000000001
cur_2_70,14,0.32265002,0.766308193,0.8552151170000001,0.924784539,0.595597804,0.32265002,0.020406514,0.011458923000000001
cur_3,14,0.430964964,0.839064771,0.9037678170000001,0.951335114,0.700747595,0.430964964,0.012341524,0.003393932
cur_3_60,14,0.404416654,0.82377059,0.8938446290000001,0.946023987,0.6773630979999999,0.404416654,0.012341524,0.003393932
cur_3_70,14,0.378408278,0.807351424,0.88302715,0.9401677829999999,0.653048368,0.378408278,0.012341524,0.003393932
recover,0,0.908554493,0.988245756,0.9934403690000001,0.996837862,0.97420124,0.908554493,0.008101951,0.008101951
recover_60,0,0.83931088,0.9833486459999999,0.99068707,0.995504152,0.963667954,0.83931088,0.008101951,0.008101951
recover_70,0,0.6245035489999999,0.9595297559999999,0.97712118,0.9888763859999999,0.914154529,0.6245035489999999,0.008101951,0.008101951
