name,effectDays,infectReduct,reduceHosp,reduceIcu,reduceMort,reduceSympt,riskReduct,waneRate,waneRateOut
cur_2,14,0.575123001,0.900249803,0.9563543790000001,0.9785453470000001,0.670834669,0.575123001,0.022559613,0.016291038
cur_2_60,14,0.56344392,0.895890037,0.9543223470000001,0.977522188,0.660232235,0.56344392,0.022559613,0.016291038
cur_2_70,14,0.551660896,0.891349733,0.9521943359999999,0.9764483279999999,0.649436228,0.551660896,0.022559613,0.016291038
cur_3,14,0.607508112,0.911659564,0.9616203000000001,0.981186558,0.6997332620000001,0.607508112,0.018151982,0.011883408
cur_3_60,14,0.59609405,0.90774738,0.959823137,0.98028682,0.6896309970000001,0.59609405,0.018151982,0.011883408
cur_3_70,14,0.584542484,0.90366858,0.9579401,0.979342247,0.679315401,0.584542484,0.018151982,0.011883408
recover,0,0.934983833,0.987868388,0.99496732,0.997575874,0.948421505,0.934983833,0.00681398,0.00681398
recover_60,0,0.888271439,0.982816792,0.9928503209999999,0.9965523620000001,0.9281391059999999,0.888271439,0.00681398,0.00681398
recover_70,0,0.724930977,0.9582693990000001,0.982379532,0.991456604,0.8383298579999999,0.724930977,0.00681398,0.00681398
