name,effectDays,infectReduct,reduceHosp,reduceIcu,reduceMort,reduceSympt,riskReduct,waneRate,waneRateOut
cur_2,14,0.524067952,0.8816708209999999,0.940329658,0.970416121,0.698074095,0.524067952,0.022716342,0.015430201000000001
cur_2_60,14,0.464568552,0.854462442,0.925468993,0.962751562,0.645618238,0.464568552,0.022716342,0.015430201000000001
cur_2_70,14,0.40610356799999997,0.822284923,0.9072871920000001,0.953204945,0.589452044,0.40610356799999997,0.022716342,0.015430201000000001
cur_3,14,0.499124285,0.8708504509999999,0.93447458,0.9674109259999999,0.676622794,0.499124285,0.025999052999999998,0.018712911999999998
cur_3_60,14,0.43983964700000006,0.84160105,0.918282452,0.9590006790000001,0.622455684,0.43983964700000006,0.025999052999999998,0.018712911999999998
cur_3_70,14,0.38226491100000004,0.8072215009999999,0.898539698,0.9485441059999999,0.565091375,0.38226491100000004,0.025999052999999998,0.018712911999999998
recover,0,0.925619124,0.988044283,0.99431128,0.997258938,0.962468227,0.925619124,0.010638314,0.010638314
recover_60,0,0.8959924309999999,0.9830646740000001,0.991920558,0.9961021320000001,0.947403146,0.8959924309999999,0.010638314,0.010638314
recover_70,0,0.7736840840000001,0.9588565729999999,0.9801153920000001,0.99034736,0.878518241,0.7736840840000001,0.010638314,0.010638314
