name,effectDays,infectReduct,reduceHosp,reduceIcu,reduceMort,reduceSympt,riskReduct,waneRate,waneRateOut
cur_2,14,0.56061379,0.895588038,0.95068854,0.9756869840000001,0.698205434,0.56061379,0.020869974,0.016136057
cur_2_60,14,0.537099711,0.8863667759999999,0.9460403470000001,0.973329085,0.677823077,0.537099711,0.020869974,0.016136057
cur_2_70,14,0.513405264,0.87643733,0.9409780520000001,0.970747758,0.65672811,0.513405264,0.020869974,0.016136057
cur_3,14,0.547876739,0.89066758,0.948214572,0.9744334659999999,0.6872317059999999,0.547876739,0.02256503,0.017831114
cur_3_60,14,0.524259465,0.881069469,0.9433470740000001,0.9719574940000001,0.666462259,0.524259465,0.02256503,0.017831114
cur_3_70,14,0.500518983,0.870744638,0.938048653,0.969247612,0.645013002,0.500518983,0.02256503,0.017831114
recover,0,0.8420771109999999,0.889505503,0.90273022,0.9138635559999999,0.8723278170000001,0.8420771109999999,0.00472365,0.00472365
recover_60,0,0.759893735,0.826931195,0.846351558,0.862958282,0.802188914,0.759893735,0.00472365,0.00472365
recover_70,0,0.759893735,0.826931195,0.846351558,0.862958282,0.802188914,0.759893735,0.00472365,0.00472365
