name,effectDays,infectReduct,reduceHosp,reduceIcu,reduceMort,reduceSympt,riskReduct,waneRate,waneRateOut
cur_2,14,0.5126476179999999,0.877092187,0.936445836,0.96842481,0.7006336190000001,0.5126476179999999,0.021623875,0.013461744
cur_2_60,14,0.45256605,0.848677785,0.920509501,0.96016617,0.647805646,0.45256605,0.021623875,0.013461744
cur_2_70,14,0.39387892399999996,0.815106689,0.901015725,0.949867915,0.5911398489999999,0.39387892399999996,0.021623875,0.013461744
cur_3,14,0.527599587,0.883405985,0.9399194820000001,0.970206208,0.713046475,0.527599587,0.01965425,0.01149212
cur_3_60,14,0.467446445,0.856211945,0.924784209,0.962395408,0.661350201,0.467446445,0.01965425,0.01149212
cur_3_70,14,0.40826877899999997,0.823965617,0.906231951,0.9526450540000001,0.6055366520000001,0.40826877899999997,0.01965425,0.01149212
recover,0,0.883387512,0.9133422729999999,0.951422524,0.942666259,0.894313065,0.883387512,0.005542379,0.005542379
recover_60,0,0.8248518220000001,0.86758911,0.9241041040000001,0.910884825,0.840270007,0.8248518220000001,0.005542379,0.005542379
recover_70,0,0.8248518220000001,0.86758911,0.9241041040000001,0.910884825,0.840270007,0.8248518220000001,0.005542379,0.005542379
