name,effectDays,infectReduct,reduceHosp,reduceIcu,reduceMort,reduceSympt,riskReduct,waneRate,waneRateOut
cur_2,14,0.52406681,0.881765573,0.939901012,0.970196754,0.702385635,0.52406681,0.022113415,0.014072598
cur_2_60,14,0.503241275,0.8727927520000001,0.935014943,0.967689067,0.6846679170000001,0.503241275,0.022113415,0.014072598
cur_2_70,14,0.482385579,0.8632356520000001,0.9297563740000001,0.964975437,0.666379559,0.482385579,0.022113415,0.014072598
cur_3,14,0.527924053,0.8833689859999999,0.9407689920000001,0.970640855,0.705609507,0.527924053,0.021604784,0.013563967
cur_3_60,14,0.507108559,0.87450053,0.935948681,0.9681693090000001,0.687998461,0.507108559,0.021604784,0.013563967
cur_3_70,14,0.486249472,0.8650518979999999,0.930760075,0.965494574,0.669810111,0.486249472,0.021604784,0.013563967
recover,0,0.754401326,0.8336427609999999,0.907423677,0.912974836,0.807171712,0.754401326,0.002968026,0.002968026
recover_60,0,0.596684762,0.707052644,0.825205407,0.834789028,0.668449583,0.596684762,0.002968026,0.002968026
recover_70,0,0.596684762,0.707052644,0.825205407,0.834789028,0.668449583,0.596684762,0.002968026,0.002968026
