name,effectDays,infectReduct,reduceHosp,reduceIcu,reduceMort,reduceSympt,riskReduct,waneRate,waneRateOut
cur_2,14,0.45566966,0.8489917290000001,0.9272876959999999,0.963696185,0.597553078,0.45566966,0.020573502,0.013220025
cur_2_60,14,0.403224728,0.819424968,0.911452059,0.9554084629999999,0.545132202,0.403224728,0.020573502,0.013220025
cur_2_70,14,0.352934012,0.7855547759999999,0.892580433,0.9453431940000001,0.491725983,0.352934012,0.020573502,0.013220025
cur_3,14,0.552767378,0.892483281,0.94956889,0.9751200870000001,0.68674091,0.552767378,0.007763203000000001,0.00040972599999999996
cur_3_60,14,0.499400002,0.870129363,0.938262687,0.9693573790000001,0.63891732,0.499400002,0.007763203000000001,0.00040972599999999996
cur_3_70,14,0.44608033799999997,0.8439586459999999,0.924632545,0.962316492,0.588204423,0.44608033799999997,0.007763203000000001,0.00040972599999999996
recover,0,0.921015405,0.991691952,0.996320258,0.9982288020000001,0.969253585,0.921015405,0.005998396,0.005998396
recover_60,0,0.876673005,0.9904702470000001,0.9957762509999999,0.997966375,0.9648492559999999,0.876673005,0.005998396,0.005998396
recover_70,0,0.718159707,0.9802183309999999,0.9911816059999999,0.99574399,0.929010276,0.718159707,0.005998396,0.005998396
