name,effectDays,infectReduct,reduceHosp,reduceIcu,reduceMort,reduceSympt,riskReduct,waneRate,waneRateOut
cur_2,14,0.432369341,0.8387451309999999,0.909943609,0.9546115390000001,0.662525326,0.432369341,0.02019753,0.017545985
cur_2_60,14,0.39663215700000004,0.817812062,0.897119378,0.947783108,0.628839474,0.39663215700000004,0.02019753,0.017545985
cur_2_70,14,0.36197181700000003,0.794830989,0.8827073129999999,0.939993568,0.593859355,0.36197181700000003,0.02019753,0.017545985
cur_3,14,0.47241181299999996,0.859440001,0.922347079,0.961125722,0.6976841490000001,0.47241181299999996,0.014880516000000002,0.012228971000000002
cur_3_60,14,0.43590658600000004,0.840683119,0.9111165990000001,0.9552313509999999,0.6657371360000001,0.43590658600000004,0.014880516000000002,0.012228971000000002
cur_3_70,14,0.40008996700000005,0.819951843,0.8984433709999999,0.948492532,0.632200546,0.40008996700000005,0.014880516000000002,0.012228971000000002
recover,0,0.850210624,0.899647608,0.9045023000000001,0.9390239979999999,0.888348965,0.850210624,0.005059674,0.005059674
recover_60,0,0.696241793,0.783558641,0.792735475,0.8614721909999999,0.7626380620000001,0.696241793,0.005059674,0.005059674
recover_70,0,0.696241793,0.783558641,0.792735475,0.8614721909999999,0.7626380620000001,0.696241793,0.005059674,0.005059674
