name,effectDays,infectReduct,reduceHosp,reduceIcu,reduceMort,reduceSympt,riskReduct,waneRate,waneRateOut
cur_2,14,0.462188837,0.853394546,0.924219472,0.9621014920000001,0.648616235,0.462188837,0.021147717000000003,0.014313602
cur_2_60,14,0.41560717799999997,0.828093889,0.909850367,0.9545622359999999,0.604359522,0.41560717799999997,0.021147717000000003,0.014313602
cur_2_70,14,0.37050879200000003,0.79946857,0.8930811609999999,0.945612958,0.558348324,0.37050879200000003,0.021147717000000003,0.014313602
cur_3,14,0.49109275799999996,0.867309691,0.9319482859999999,0.966108418,0.6745558190000001,0.49109275799999996,0.017337266,0.010503151
cur_3_60,14,0.44400298299999996,0.843971402,0.918916107,0.959332579,0.631711118,0.44400298299999996,0.017337266,0.010503151
cur_3_70,14,0.39792140200000004,0.817406992,0.903654695,0.9512748940000001,0.586705533,0.39792140200000004,0.017337266,0.010503151
recover,0,0.925108333,0.988056195,0.994263529,0.997235861,0.9632796290000001,0.925108333,0.008985266,0.008985266
recover_60,0,0.8962227070000001,0.9830814609999999,0.991852903,0.9960693540000001,0.948522821,0.8962227070000001,0.008985266,0.008985266
recover_70,0,0.775494481,0.958896353,0.979950883,0.990266662,0.8809200140000001,0.775494481,0.008985266,0.008985266
