name,effectDays,infectReduct,reduceHosp,reduceIcu,reduceMort,reduceSympt,riskReduct,waneRate,waneRateOut
cur_2,14,0.43543780200000004,0.840277237,0.911716615,0.955548095,0.659675064,0.43543780200000004,0.019545849,0.013004533
cur_2_60,14,0.413591234,0.827905023,0.904247547,0.951590417,0.639318197,0.413591234,0.019545849,0.013004533
cur_2_70,14,0.39206384200000005,0.814775756,0.896212377,0.947296521,0.618432419,0.39206384200000005,0.019545849,0.013004533
cur_3,14,0.494403473,0.869620088,0.929043519,0.96460639,0.710776457,0.494403473,0.011743826,0.005202509
cur_3_60,14,0.47207224299999995,0.859139767,0.922916425,0.9614226370000001,0.6920493459999999,0.47207224299999995,0.011743826,0.005202509
cur_3_70,14,0.449835928,0.847955802,0.9163028679999999,0.957962326,0.672653587,0.449835928,0.011743826,0.005202509
recover,0,0.92471482,0.988138286,0.9939220529999999,0.997070798,0.968448097,0.92471482,0.008317049,0.008317049
recover_60,0,0.8432868440000001,0.9831971629999999,0.991369175,0.9958349240000001,0.955672761,0.8432868440000001,0.008317049,0.008317049
recover_70,0,0.596918171,0.959170583,0.978775603,0.9896897309999999,0.8964344409999999,0.596918171,0.008317049,0.008317049
