name,effectDays,infectReduct,reduceHosp,reduceIcu,reduceMort,reduceSympt,riskReduct,waneRate,waneRateOut
cur_2,14,0.44632994,0.844758825,0.9217025759999999,0.9607893909999999,0.615816774,0.44632994,0.020575433,0.013532229
cur_2_60,14,0.409778552,0.824147057,0.910221093,0.954758234,0.579923527,0.409778552,0.020575433,0.013532229
cur_2_70,14,0.374204924,0.80144694,0.8972466170000001,0.94785133,0.543172474,0.374204924,0.020575433,0.013532229
cur_3,14,0.491147431,0.866939793,0.9337519259999999,0.9670387009999999,0.6574444420000001,0.491147431,0.014654452,0.007611248
cur_3_60,14,0.453934904,0.8487457409999999,0.9238914509999999,0.961930691,0.62305981,0.453934904,0.014654452,0.007611248
cur_3_70,14,0.417237804,0.828560429,0.9127030859999999,0.956068397,0.587397598,0.417237804,0.014654452,0.007611248
recover,0,0.859753131,0.913067238,0.931834163,0.946554116,0.8790803979999999,0.859753131,0.005122675,0.005122675
recover_60,0,0.730919105,0.8231336490000001,0.8583023679999999,0.886975042,0.763108887,0.730919105,0.005122675,0.005122675
recover_70,0,0.730919105,0.8231336490000001,0.8583023679999999,0.886975042,0.763108887,0.730919105,0.005122675,0.005122675
