name,effectDays,infectReduct,reduceHosp,reduceIcu,reduceMort,reduceSympt,riskReduct,waneRate,waneRateOut
cur_2,14,0.46281846,0.854007066,0.923003868,0.961468223,0.661246557,0.46281846,0.02144182,0.016505958
cur_2_60,14,0.415831539,0.8285624690000001,0.908293165,0.9537380959999999,0.617262802,0.415831539,0.02144182,0.016505958
cur_2_70,14,0.37034957,0.7997391770000001,0.891113137,0.944551838,0.571295326,0.37034957,0.02144182,0.016505958
cur_3,14,0.5267427889999999,0.883134705,0.9393434070000001,0.969911237,0.716045316,0.5267427889999999,0.01302293,0.008087069
cur_3_60,14,0.47905361,0.861946015,0.92750932,0.963811168,0.6756869959999999,0.47905361,0.01302293,0.008087069
cur_3_70,14,0.43176762799999996,0.8376355459999999,0.9135866909999999,0.9565339690000001,0.632559425,0.43176762799999996,0.01302293,0.008087069
recover,0,0.9248003090000001,0.9880841490000001,0.9941497029999999,0.9971808459999999,0.9651210929999999,0.9248003090000001,0.004465165,0.004465165
recover_60,0,0.889969846,0.98312086,0.9916916440000001,0.995991216,0.951066722,0.889969846,0.004465165,0.004465165
recover_70,0,0.754958473,0.958989723,0.979558898,0.99007432,0.8864046170000001,0.754958473,0.004465165,0.004465165
