name,effectDays,infectReduct,reduceHosp,reduceIcu,reduceMort,reduceSympt,riskReduct,waneRate,waneRateOut
cur_2,14,0.51349811,0.8772622,0.937545229,0.968989333,0.692669695,0.51349811,0.02145195,0.012656911000000002
cur_2_60,14,0.48209691200000004,0.863079578,0.9297707940000001,0.964982899,0.66529514,0.48209691200000004,0.02145195,0.012656911000000002
cur_2_70,14,0.450834809,0.8475420570000001,0.92110953,0.960479705,0.636759368,0.450834809,0.02145195,0.012656911000000002
cur_3,14,0.497755658,0.8703179090000001,0.93375409,0.9670398159999999,0.679101818,0.497755658,0.023522624,0.014727583999999998
cur_3_60,14,0.46639424799999996,0.855465065,0.925545207,0.9627911840000001,0.65112743,0.46639424799999996,0.023522624,0.014727583999999998
cur_3_70,14,0.43529456299999997,0.839224423,0.91640966,0.9580183990000001,0.6220699279999999,0.43529456299999997,0.023522624,0.014727583999999998
recover,0,0.952120275,0.988053115,0.994275919,0.997241849,0.963071373,0.952120275,0.003786274,0.003786274
recover_60,0,0.912356462,0.98307712,0.991870458,0.996077859,0.948235371,0.912356462,0.003786274,0.003786274
recover_70,0,0.7676262359999999,0.958886067,0.979993565,0.9902876,0.880302705,0.7676262359999999,0.003786274,0.003786274
