name,effectDays,infectReduct,reduceHosp,reduceIcu,reduceMort,reduceSympt,riskReduct,waneRate,waneRateOut
cur_2,14,0.43831401299999995,0.8411514170000001,0.9160227890000001,0.957815236,0.635842429,0.43831401299999995,0.019817118999999998,0.011361757
cur_2_60,14,0.41873255299999995,0.830172327,0.909662796,0.9544630390000001,0.617132066,0.41873255299999995,0.019817118999999998,0.011361757
cur_2_70,14,0.399384339,0.818585978,0.902865075,0.95085433,0.598048511,0.399384339,0.019817118999999998,0.011361757
cur_3,14,0.5065934120000001,0.874484224,0.9348612390000001,0.967609967,0.6967241259999999,0.5065934120000001,0.010796323,0.00234096
cur_3_60,14,0.486604205,0.8654404379999999,0.9298186620000001,0.96500767,0.679565445,0.486604205,0.010796323,0.00234096
cur_3_70,14,0.46663752700000005,0.8558424059999999,0.9244116059999999,0.9622015079999999,0.661888864,0.46663752700000005,0.010796323,0.00234096
recover,0,0.947511549,0.988077614,0.994176533,0.9971938140000001,0.9646984040000001,0.947511549,0.00892693,0.00892693
recover_60,0,0.901041448,0.98311165,0.991729654,0.996009635,0.95048245,0.901041448,0.00892693,0.00892693
recover_70,0,0.7371743470000001,0.9589678970000001,0.9796512740000001,0.990119655,0.885141512,0.7371743470000001,0.00892693,0.00892693
