name,effectDays,infectReduct,reduceHosp,reduceIcu,reduceMort,reduceSympt,riskReduct,waneRate,waneRateOut
cur_2,14,0.46739110899999997,0.857440773,0.9186130159999999,0.959173852,0.71084233,0.46739110899999997,0.023231431,0.011162743000000001
cur_2_60,14,0.44887579899999996,0.848077509,0.9128592109999999,0.956150692,0.69527242,0.44887579899999996,0.023231431,0.011162743000000001
cur_2_70,14,0.430479024,0.83820309,0.906732311,0.952910617,0.679222818,0.430479024,0.023231431,0.011162743000000001
cur_3,14,0.443520739,0.845264213,0.911119818,0.9552330509999999,0.690661601,0.443520739,0.026396287,0.014327600000000001
cur_3_60,14,0.425196132,0.8352548559999999,0.9048911140000001,0.9519327,0.674502624,0.425196132,0.026396287,0.014327600000000001
cur_3_70,14,0.407053056,0.824719263,0.89826641,0.9483977720000001,0.6578973579999999,0.407053056,0.026396287,0.014327600000000001
recover,0,0.926621055,0.988194703,0.993674285,0.996950995,0.971601664,0.926621055,0.004678212,0.004678212
recover_60,0,0.8585630870000001,0.9832766829999999,0.99101828,0.9956647940000001,0.960050532,0.8585630870000001,0.004678212,0.004678212
recover_70,0,0.642769598,0.9593591090000001,0.977924105,0.989271295,0.906087698,0.642769598,0.004678212,0.004678212
