name,effectDays,infectReduct,reduceHosp,reduceIcu,reduceMort,reduceSympt,riskReduct,waneRate,waneRateOut
cur_2,14,0.444894305,0.844163294,0.920506789,0.9601647529999999,0.621226391,0.444894305,0.021408045,0.011801757
cur_2_60,14,0.423104181,0.832132373,0.91376768,0.956629277,0.60013687,0.423104181,0.021408045,0.011801757
cur_2_70,14,0.401593063,0.819361463,0.906509598,0.952792431,0.57865317,0.401593063,0.021408045,0.011801757
cur_3,14,0.515759037,0.878031118,0.93898224,0.969726214,0.685493812,0.515759037,0.012058603999999999,0.002452316
cur_3_60,14,0.49358424700000003,0.8682066540000001,0.9336965859999999,0.967010185,0.666059076,0.49358424700000003,0.012058603999999999,0.002452316
cur_3_70,14,0.471417972,0.857710897,0.9279836990000001,0.964057194,0.646028175,0.471417972,0.012058603999999999,0.002452316
recover,0,0.910115965,0.988030773,0.9943649059999999,0.9972848529999999,0.961528058,0.910115965,0.00862026,0.00862026
recover_60,0,0.753958186,0.9830456329999999,0.99199654,0.9961389420000001,0.946106728,0.753958186,0.00862026,0.00862026
recover_70,0,0.38548344799999995,0.958811455,0.980300188,0.9904379940000001,0.8757466159999999,0.38548344799999995,0.00862026,0.00862026
