name,effectDays,infectReduct,reduceHosp,reduceIcu,reduceMort,reduceSympt,riskReduct,waneRate,waneRateOut
cur_2,14,0.509110531,0.874345789,0.9409429990000001,0.970729835,0.6426434879999999,0.509110531,0.020562167,0.016649635
cur_2_60,14,0.515731566,0.8772285470000001,0.94239854,0.971473496,0.648706218,0.515731566,0.020562167,0.016649635
cur_2_70,14,0.522283465,0.880027325,0.9438068279999999,0.9721919109999999,0.65466371,0.522283465,0.020562167,0.016649635
cur_3,14,0.553773176,0.892776782,0.9501622999999999,0.975420625,0.6827281590000001,0.553773176,0.014661401000000001,0.010748869
cur_3_60,14,0.560312066,0.8952873370000001,0.9514023540000001,0.976048048,0.68844053,0.560312066,0.014661401000000001,0.010748869
cur_3_70,14,0.566767483,0.897722433,0.9526015809999999,0.976654025,0.694041993,0.566767483,0.014661401000000001,0.010748869
recover,0,0.810249253,0.8536513109999999,0.899419325,0.905772373,0.8635365420000001,0.810249253,0.00398326,0.00398326
recover_60,0,0.6740068229999999,0.7385148990000001,0.812375863,0.8231458209999999,0.7539353940000001,0.6740068229999999,0.00398326,0.00398326
recover_70,0,0.6740068229999999,0.7385148990000001,0.812375863,0.8231458209999999,0.7539353940000001,0.6740068229999999,0.00398326,0.00398326
