name,effectDays,infectReduct,reduceHosp,reduceIcu,reduceMort,reduceSympt,riskReduct,waneRate,waneRateOut
cur_2,14,0.39551099,0.81692128,0.897670023,0.9480782809999999,0.620989939,0.39551099,0.018520569,0.007658577
cur_2_60,14,0.380382822,0.807198393,0.891666827,0.94485061,0.60588164,0.380382822,0.018520569,0.007658577
cur_2_70,14,0.36545844299999997,0.797069968,0.8853454890000001,0.9414287440000001,0.590542099,0.36545844299999997,0.018520569,0.007658577
cur_3,14,0.50034413,0.872273075,0.930679954,0.9654531540000001,0.714906295,0.50034413,0.00452885,-0.006333141
cur_3_60,14,0.48441949,0.865004025,0.92645463,0.963263726,0.70174365,0.48441949,0.00452885,-0.006333141
cur_3_70,14,0.468499583,0.857375742,0.921985589,0.9609371090000001,0.688215178,0.468499583,0.00452885,-0.006333141
recover,0,0.944690235,0.988136417,0.993930075,0.9970746770000001,0.968338274,0.944690235,0.0070225719999999995,0.0070225719999999995
recover_60,0,0.920288384,0.983194529,0.991380539,0.995840432,0.955520512,0.920288384,0.0070225719999999995,0.0070225719999999995
recover_70,0,0.8180159929999999,0.959164337,0.978803192,0.989703282,0.89610085,0.8180159929999999,0.0070225719999999995,0.0070225719999999995
