name,effectDays,infectReduct,reduceHosp,reduceIcu,reduceMort,reduceSympt,riskReduct,waneRate,waneRateOut
cur_2,14,0.565529894,0.896712108,0.954560977,0.9776424570000001,0.6639410029999999,0.565529894,0.021613472,0.017679092
cur_2_60,14,0.522781136,0.8796125640000001,0.946466701,0.9735458509999999,0.624444978,0.522781136,0.021613472,0.017679092
cur_2_70,14,0.479713372,0.8601321040000001,0.9370297809999999,0.968724741,0.583237865,0.479713372,0.021613472,0.017679092
cur_3,14,0.590891717,0.9059563079999999,0.9588652440000001,0.979806556,0.686740261,0.590891717,0.018193738,0.014259358
cur_3_60,14,0.548646769,0.8901997690000001,0.9514987509999999,0.9760967859999999,0.648505204,0.548646769,0.018193738,0.014259358
cur_3_70,14,0.505706206,0.872183534,0.9428953659999999,0.971727067,0.608281992,0.505706206,0.018193738,0.014259358
recover,0,0.848600537,0.907641647,0.9243284559999999,0.912506435,0.9063441040000001,0.848600537,0.005036499,0.005036499
recover_60,0,0.696723825,0.801110891,0.833514623,0.810414903,0.798648715,0.696723825,0.005036499,0.005036499
recover_70,0,0.696723825,0.801110891,0.833514623,0.810414903,0.798648715,0.696723825,0.005036499,0.005036499
