name,effectDays,infectReduct,reduceHosp,reduceIcu,reduceMort,reduceSympt,riskReduct,waneRate,waneRateOut
cur_2,14,0.573298336,0.901107296,0.949668895,0.9751707479999999,0.748022815,0.573298336,0.020812885,0.016492073
cur_2_60,14,0.524034334,0.881892945,0.939253757,0.969865317,0.708680723,0.524034334,0.020812885,0.016492073
cur_2_70,14,0.474326321,0.859540966,0.926857067,0.963472687,0.6659644060000001,0.474326321,0.020812885,0.016492073
cur_3,14,0.512903844,0.877169465,0.936659555,0.968534604,0.699391228,0.512903844,0.028824752000000002,0.02450394
cur_3_60,14,0.46319598100000003,0.8540573859999999,0.923768459,0.961866634,0.6559485070000001,0.46319598100000003,0.028824752000000002,0.02450394
cur_3_70,14,0.41423641200000005,0.827468085,0.90851942,0.953857927,0.609757824,0.41423641200000005,0.028824752000000002,0.02450394
recover,0,0.824543535,0.882382485,0.922169215,0.928253236,0.865282605,0.824543535,0.00446593,0.00446593
recover_60,0,0.6722793020000001,0.76607165,0.837978698,0.849570322,0.737100056,0.6722793020000001,0.00446593,0.00446593
recover_70,0,0.6722793020000001,0.76607165,0.837978698,0.849570322,0.737100056,0.6722793020000001,0.00446593,0.00446593
