name,effectDays,infectReduct,reduceHosp,reduceIcu,reduceMort,reduceSympt,riskReduct,waneRate,waneRateOut
cur_2,14,0.450107349,0.8481587009999999,0.916081247,0.95784594,0.6752576259999999,0.450107349,0.020083457,0.012908791000000001
cur_2_60,14,0.421159115,0.8323607959999999,0.906571715,0.952825397,0.648917001,0.421159115,0.020083457,0.012908791000000001
cur_2_70,14,0.39273826799999995,0.815274265,0.896104965,0.947238865,0.6216323739999999,0.39273826799999995,0.020083457,0.012908791000000001
cur_3,14,0.5122038179999999,0.877535242,0.933349545,0.966831317,0.727331197,0.5122038179999999,0.011895119,0.0047204529999999995
cur_3_60,14,0.48276808200000004,0.86430475,0.925637985,0.9628394140000001,0.70335886,0.48276808200000004,0.011895119,0.0047204529999999995
cur_3_70,14,0.453446591,0.849886905,0.917111931,0.9583869740000001,0.6782071040000001,0.453446591,0.011895119,0.0047204529999999995
recover,0,0.905070797,0.991822467,0.9957988109999999,0.997977261,0.9783313920000001,0.905070797,0.010560128,0.010560128
recover_60,0,0.801894333,0.9906197729999999,0.995178087,0.9976776509999999,0.975194151,0.801894333,0.010560128,0.010560128
recover_70,0,0.5206911470000001,0.980525552,0.9899393259999999,0.995141279,0.949348911,0.5206911470000001,0.010560128,0.010560128
