name,effectDays,infectReduct,reduceHosp,reduceIcu,reduceMort,reduceSympt,riskReduct,waneRate,waneRateOut
cur_2,14,0.414683356,0.828704563,0.9038277720000001,0.951367028,0.646142374,0.414683356,0.019983492,0.010593785
cur_2_60,14,0.396186194,0.8175342170000001,0.8969470909999999,0.9476907170000001,0.628405248,0.396186194,0.019983492,0.010593785
cur_2_70,14,0.37796094700000005,0.805792593,0.889625743,0.943748337,0.610294659,0.37796094700000005,0.019983492,0.010593785
cur_3,14,0.49465847,0.8698626340000001,0.9284931000000001,0.964321243,0.716140309,0.49465847,0.009355411,-3.42962e-05
cur_3_60,14,0.47549195899999996,0.860925822,0.9232272140000001,0.9615846379999999,0.700284331,0.47549195899999996,0.009355411,-3.42962e-05
cur_3_70,14,0.45637590299999997,0.851469138,0.917601408,0.958643702,0.6839148490000001,0.45637590299999997,0.009355411,-3.42962e-05
recover,0,0.876719708,0.9260316740000001,0.9489310409999999,0.914593337,0.901801842,0.876719708,0.005872237,0.005872237
recover_60,0,0.7625429570000001,0.849695753,0.893509825,0.828637379,0.805706978,0.7625429570000001,0.005872237,0.005872237
recover_70,0,0.7625429570000001,0.849695753,0.893509825,0.828637379,0.805706978,0.7625429570000001,0.005872237,0.005872237
