name,effectDays,infectReduct,reduceHosp,reduceIcu,reduceMort,reduceSympt,riskReduct,waneRate,waneRateOut
cur_2,14,0.6808971079999999,0.9335510859999999,0.9745871490000001,0.9876278620000001,0.707774962,0.6808971079999999,0.021618611,0.020925994
cur_2_60,14,0.638306319,0.920757597,0.9694357140000001,0.985079437,0.667017207,0.638306319,0.021618611,0.020925994
cur_2_70,14,0.593448939,0.905758005,0.9632828440000001,0.982017375,0.623620965,0.593448939,0.021618611,0.020925994
cur_3,14,0.665969072,0.929213767,0.972850478,0.9867702740000001,0.693538379,0.665969072,0.023850543999999998,0.023157927000000002
cur_3_60,14,0.622490506,0.9156606509999999,0.967358794,0.984048055,0.65177193,0.622490506,0.023850543999999998,0.023157927000000002
cur_3_70,14,0.5769715879999999,0.8998012609999999,0.9608047259999999,0.980778459,0.6075578079999999,0.5769715879999999,0.023850543999999998,0.023157927000000002
recover,0,0.937172068,0.9877170059999999,0.995464965,0.997816145,0.9327186340000001,0.937172068,0.012576695,0.012576695
recover_60,0,0.8948261670000001,0.9826034840000001,0.993555945,0.9968937640000001,0.906867696,0.8948261670000001,0.012576695,0.012576695
recover_70,0,0.743044528,0.9577644609999999,0.984102005,0.9922987120000001,0.796308424,0.743044528,0.012576695,0.012576695
