name,effectDays,infectReduct,reduceHosp,reduceIcu,reduceMort,reduceSympt,riskReduct,waneRate,waneRateOut
cur_2,14,0.616625282,0.914823725,0.96255255,0.981652608,0.7148576329999999,0.616625282,0.021316971,0.016267281
cur_2_60,14,0.602556145,0.910102492,0.9603622490000001,0.980556903,0.702655088,0.602556145,0.021316971,0.016267281
cur_2_70,14,0.5882874810000001,0.9051368000000001,0.958044786,0.9793948090000001,0.690132025,0.5882874810000001,0.021316971,0.016267281
cur_3,14,0.562876,0.8958184090000001,0.9536574440000001,0.9771869190000001,0.667453193,0.562876,0.028628955,0.023579265
cur_3_60,14,0.548279356,0.8901702029999999,0.950973368,0.97583109,0.6542033110000001,0.548279356,0.028628955,0.023579265
cur_3_70,14,0.533570476,0.884243544,0.948136619,0.974393915,0.640683145,0.533570476,0.028628955,0.023579265
recover,0,0.918318399,0.98788684,0.994902615,0.997544625,0.950091267,0.918318399,0.005096237,0.005096237
recover_60,0,0.906855539,0.982842793,0.9927585959999999,0.996507965,0.9304173020000001,0.906855539,0.005096237,0.005096237
recover_70,0,0.822112285,0.95833097,0.9821558909999999,0.991347155,0.842973561,0.822112285,0.005096237,0.005096237
