name,effectDays,infectReduct,reduceHosp,reduceIcu,reduceMort,reduceSympt,riskReduct,waneRate,waneRateOut
cur_2,14,0.474707721,0.859947081,0.925916695,0.9629842679999999,0.67543707,0.474707721,0.020532323,0.013652724
cur_2_60,14,0.463601525,0.854489273,0.922798905,0.961361365,0.665585125,0.463601525,0.020532323,0.013652724
cur_2_70,14,0.45249688600000004,0.848838325,0.91955102,0.959664909,0.6555552339999999,0.45249688600000004,0.020532323,0.013652724
cur_3,14,0.487631249,0.8660668090000001,0.929390513,0.964786065,0.686681641,0.487631249,0.018830281,0.011950681999999999
cur_3_60,14,0.47649696700000005,0.860808883,0.9264072990000001,0.9632391440000001,0.6770077990000001,0.47649696700000005,0.018830281,0.011950681999999999
cur_3_70,14,0.46535141399999996,0.8553618159999999,0.923298603,0.9616218409999999,0.667149175,0.46535141399999996,0.018830281,0.011950681999999999
recover,0,0.950531735,0.988092665,0.994114528,0.997163844,0.965665007,0.950531735,0.007849544,0.007849544
recover_60,0,0.9182235959999999,0.983132863,0.991641815,0.995967068,0.951818862,0.9182235959999999,0.007849544,0.007849544
recover_70,0,0.795542115,0.959018171,0.97943781,0.9900148879999999,0.888033654,0.795542115,0.007849544,0.007849544
