name,effectDays,infectReduct,reduceHosp,reduceIcu,reduceMort,reduceSympt,riskReduct,waneRate,waneRateOut
cur_2,14,0.524245891,0.880580316,0.945360775,0.972983376,0.643032704,0.524245891,0.019143741000000002,0.014189253999999998
cur_2_60,14,0.475930715,0.858698965,0.9344658259999999,0.9674064179999999,0.5975194620000001,0.475930715,0.019143741000000002,0.014189253999999998
cur_2_70,14,0.428087316,0.833580458,0.9215861559999999,0.960728613,0.55028755,0.428087316,0.019143741000000002,0.014189253999999998
cur_3,14,0.579072945,0.9020176129999999,0.955753502,0.978243027,0.692207652,0.579072945,0.011848096,0.006893609
cur_3_60,14,0.5313482279999999,0.883544765,0.946814255,0.97372248,0.649547167,0.5313482279999999,0.011848096,0.006893609
cur_3_70,14,0.48306899299999995,0.862133877,0.936195762,0.968296307,0.604378281,0.48306899299999995,0.011848096,0.006893609
recover,0,0.9326754290000001,0.9879121540000001,0.994812337,0.9975010209999999,0.952302674,0.9326754290000001,0.007014176,0.007014176
recover_60,0,0.88037192,0.982878465,0.992630627,0.996446017,0.933439372,0.88037192,0.007014176,0.007014176
recover_70,0,0.7026390809999999,0.9584154490000001,0.981843978,0.9911944640000001,0.849177801,0.7026390809999999,0.007014176,0.007014176
