name,effectDays,infectReduct,reduceHosp,reduceIcu,reduceMort,reduceSympt,riskReduct,waneRate,waneRateOut
cur_2,14,0.544807331,0.890224245,0.944262933,0.972424353,0.7213589140000001,0.544807331,0.022980932000000003,0.015649918999999998
cur_2_60,14,0.503763944,0.8730698159999999,0.93493583,0.967648355,0.6870915559999999,0.503763944,0.022980932000000003,0.015649918999999998
cur_2_70,14,0.46268390200000004,0.853682423,0.924177241,0.9620795059999999,0.650663825,0.46268390200000004,0.022980932000000003,0.015649918999999998
cur_3,14,0.489852089,0.866773273,0.931467334,0.965860047,0.6750035390000001,0.489852089,0.030223957000000003,0.022892943
cur_3_60,14,0.44886624299999994,0.8465857440000001,0.920180003,0.95999391,0.637897032,0.44886624299999994,0.030223957000000003,0.022892943
cur_3_70,14,0.408577001,0.823968763,0.907223607,0.953171227,0.599083966,0.408577001,0.030223957000000003,0.022892943
recover,0,0.9408021609999999,0.988059868,0.994248713,0.9972287000000001,0.963526595,0.9408021609999999,0.010265629,0.010265629
recover_60,0,0.8578860140000001,0.983086638,0.991831913,0.996059184,0.9488637659999999,0.8578860140000001,0.010265629,0.010265629
recover_70,0,0.597109801,0.958908622,0.979899849,0.990241625,0.881652843,0.597109801,0.010265629,0.010265629
