name,effectDays,infectReduct,reduceHosp,reduceIcu,reduceMort,reduceSympt,riskReduct,waneRate,waneRateOut
cur_2,14,0.40305947,0.822169688,0.897484332,0.9479787609999999,0.649228671,0.40305947,0.021398667000000003,0.011426041999999999
cur_2_60,14,0.38084658200000004,0.8081283020000001,0.88858387,0.9431847240000001,0.627715193,0.38084658200000004,0.021398667000000003,0.011426041999999999
cur_2_70,14,0.359107666,0.793247223,0.879008488,0.937974325,0.605669393,0.359107666,0.021398667000000003,0.011426041999999999
cur_3,14,0.46284755,0.855074178,0.91784563,0.9587717440000001,0.7025561029999999,0.46284755,0.013381708,0.003409084
cur_3_60,14,0.43976710399999996,0.843135207,0.91053673,0.954925045,0.682714885,0.43976710399999996,0.013381708,0.003409084
cur_3_70,14,0.41692971799999995,0.830399372,0.902641316,0.9507350859999999,0.662173193,0.41692971799999995,0.013381708,0.003409084
recover,0,0.8405656970000001,0.881593869,0.905011015,0.950404962,0.900522548,0.8405656970000001,0.004895062,0.004895062
recover_60,0,0.7319904290000001,0.794115331,0.8315269270000001,0.908486951,0.8242404990000001,0.7319904290000001,0.004895062,0.004895062
recover_70,0,0.7319904290000001,0.794115331,0.8315269270000001,0.908486951,0.8242404990000001,0.7319904290000001,0.004895062,0.004895062
