name,effectDays,infectReduct,reduceHosp,reduceIcu,reduceMort,reduceSympt,riskReduct,waneRate,waneRateOut
cur_2,14,0.5318905829999999,0.883578102,0.947695035,0.974169805,0.640494322,0.5318905829999999,0.021664713999999998,0.016362248
cur_2_60,14,0.510889025,0.8746360009999999,0.9433619329999999,0.971965072,0.620892356,0.510889025,0.021664713999999998,0.016362248
cur_2_70,14,0.489830355,0.865103242,0.938688803,0.969575836,0.600869745,0.489830355,0.021664713999999998,0.016362248
cur_3,14,0.58370392,0.90352505,0.95718888,0.97896489,0.6873526679999999,0.58370392,0.014752011,0.009449544
cur_3_60,14,0.563117588,0.895934584,0.953603773,0.9771598459999999,0.66898522,0.563117588,0.014752011,0.009449544
cur_3_70,14,0.5422930020000001,0.887813648,0.9497306529999999,0.975202032,0.6500711029999999,0.5422930020000001,0.014752011,0.009449544
recover,0,0.918406993,0.987889993,0.994891468,0.9975392409999999,0.950371628,0.918406993,0.008015334,0.008015334
recover_60,0,0.801753767,0.9828472359999999,0.9927427940000001,0.9965003159999999,0.9308001309999999,0.801753767,0.008015334,0.008015334
recover_70,0,0.48710469799999995,0.958341491,0.982117369,0.9913283000000002,0.843756698,0.48710469799999995,0.008015334,0.008015334
