name,effectDays,infectReduct,reduceHosp,reduceIcu,reduceMort,reduceSympt,riskReduct,waneRate,waneRateOut
cur_2,14,0.338091985,0.780899151,0.849826048,0.921747993,0.6816136209999999,0.338091985,0.022543491000000002,0.009352014
cur_2_60,14,0.295872652,0.745677942,0.8231761059999999,0.9064564490000001,0.6378340889999999,0.295872652,0.022543491000000002,0.009352014
cur_2_70,14,0.256899778,0.7069419,0.79296662,0.8885486359999999,0.5916670079999999,0.256899778,0.022543491000000002,0.009352014
cur_3,14,0.356837588,0.7947185309999999,0.860076974,0.9275082840000001,0.699283723,0.356837588,0.019824848,0.006633371
cur_3_60,14,0.313385692,0.761039035,0.834892739,0.913236426,0.6567101989999999,0.313385692,0.019824848,0.006633371
cur_3_70,14,0.273000368,0.723775967,0.806213748,0.896478329,0.61148367,0.273000368,0.019824848,0.006633371
recover,0,0.8794428759999999,0.924361468,0.954461804,0.9462911540000001,0.911916594,0.8794428759999999,0.005616285,0.005616285
recover_60,0,0.8070057359999999,0.875080107,0.923161728,0.9099052,0.855791892,0.8070057359999999,0.005616285,0.005616285
recover_70,0,0.8070057359999999,0.875080107,0.923161728,0.9099052,0.855791892,0.8070057359999999,0.005616285,0.005616285
