name,effectDays,infectReduct,reduceHosp,reduceIcu,reduceMort,reduceSympt,riskReduct,waneRate,waneRateOut
cur_2,14,0.572543826,0.8999255540000001,0.953408983,0.977061575,0.70215711,0.572543826,0.021482505,0.019122704
cur_2_60,14,0.543904348,0.888966837,0.94796838,0.9743085440000001,0.6773072509999999,0.543904348,0.021482505,0.019122704
cur_2_70,14,0.514966014,0.876969735,0.941929937,0.971234205,0.651408337,0.514966014,0.021482505,0.019122704
cur_3,14,0.600842264,0.909959124,0.9583285509999999,0.979537257,0.725981579,0.600842264,0.017644535,0.015284734
cur_3_60,14,0.57268371,0.89997702,0.9534343670000001,0.9770743820000001,0.7022766340000001,0.57268371,0.017644535,0.015284734
cur_3_70,14,0.544040623,0.889021049,0.94799547,0.9743222909999999,0.6774273059999999,0.544040623,0.017644535,0.015284734
recover,0,0.899365801,0.987951293,0.99466923,0.997431892,0.95554776,0.899365801,0.009825589000000001,0.009825589000000001
recover_60,0,0.828823566,0.9829336209999999,0.992427793,0.9963478109999999,0.937884112,0.828823566,0.009825589000000001,0.009825589000000001
recover_70,0,0.6123032820000001,0.958546087,0.981349833,0.990952462,0.858395713,0.6123032820000001,0.009825589000000001,0.009825589000000001
