name,effectDays,infectReduct,reduceHosp,reduceIcu,reduceMort,reduceSympt,riskReduct,waneRate,waneRateOut
cur_2,14,0.46862102200000005,0.8566817990000001,0.925627326,0.962833873,0.657883283,0.46862102200000005,0.020830983,0.012640558
cur_2_60,14,0.45497226700000004,0.8498059720000001,0.9217571240000001,0.960817866,0.645417522,0.45497226700000004,0.020830983,0.012640558
cur_2_70,14,0.44136071299999996,0.8426446609999999,0.917694204,0.958692358,0.632722714,0.44136071299999996,0.020830983,0.012640558
cur_3,14,0.519469515,0.87991207,0.9384847590000001,0.9694712409999999,0.702132656,0.519469515,0.014137331999999999,0.0059469069999999995
cur_3_60,14,0.5057493279999999,0.873986802,0.9352368190000001,0.9678032259999999,0.6905207529999999,0.5057493279999999,0.014137331999999999,0.0059469069999999995
cur_3_70,14,0.491989946,0.8677990809999999,0.931822087,0.96604326,0.678636708,0.491989946,0.014137331999999999,0.0059469069999999995
recover,0,0.865578292,0.907739237,0.9195554490000001,0.942442931,0.903816141,0.865578292,0.005331039,0.005331039
recover_60,0,0.755933125,0.8255530670000001,0.846110736,0.88733394,0.81883274,0.755933125,0.005331039,0.005331039
recover_70,0,0.755933125,0.8255530670000001,0.846110736,0.88733394,0.81883274,0.755933125,0.005331039,0.005331039
