name,effectDays,infectReduct,reduceHosp,reduceIcu,reduceMort,reduceSympt,riskReduct,waneRate,waneRateOut
cur_2,14,0.46230142399999996,0.8540979590000001,0.921172835,0.9605127720000001,0.674800263,0.46230142399999996,0.020687899,0.011625416000000001
cur_2_60,14,0.431338954,0.83777987,0.911579962,0.9554759759999999,0.646723512,0.431338954,0.020687899,0.011625416000000001
cur_2_70,14,0.40090229,0.820020222,0.9009445629999999,0.9498299179999999,0.617594664,0.40090229,0.020687899,0.011625416000000001
cur_3,14,0.5114106079999999,0.8769481259999999,0.934325944,0.96733439,0.7164070459999999,0.5114106079999999,0.014220018000000001,0.005157535
cur_3_60,14,0.480095785,0.8627750590000001,0.9262055109999999,0.963134328,0.690273713,0.480095785,0.014220018000000001,0.005157535
cur_3_70,14,0.448934769,0.847252934,0.917169462,0.958417156,0.662863816,0.448934769,0.014220018000000001,0.005157535
recover,0,0.836114947,0.894050956,0.9272532290000001,0.914511098,0.860027938,0.836114947,0.004637007,0.004637007
recover_60,0,0.68174253,0.7798847809999999,0.8425642809999999,0.817901412,0.720654925,0.68174253,0.004637007,0.004637007
recover_70,0,0.68174253,0.7798847809999999,0.8425642809999999,0.817901412,0.720654925,0.68174253,0.004637007,0.004637007
