name,effectDays,infectReduct,reduceHosp,reduceIcu,reduceMort,reduceSympt,riskReduct,waneRate,waneRateOut
cur_2,14,0.550648908,0.8913507009999999,0.950422105,0.975552145,0.669237544,0.550648908,0.021338081000000002,0.016035937
cur_2_60,14,0.510048606,0.874518997,0.9421476590000001,0.971345399,0.632195132,0.510048606,0.021338081000000002,0.016035937
cur_2_70,14,0.469328831,0.855509187,0.9325935870000001,0.96644146,0.593537038,0.469328831,0.021338081000000002,0.016035937
cur_3,14,0.586548337,0.904739712,0.956883782,0.978811546,0.700810461,0.586548337,0.016524221000000002,0.011222076999999999
cur_3_60,14,0.546520416,0.889725593,0.949630621,0.97515136,0.665536813,0.546520416,0.016524221000000002,0.011222076999999999
cur_3_70,14,0.5058953939999999,0.872684127,0.94123525,0.970879244,0.628322818,0.5058953939999999,0.016524221000000002,0.011222076999999999
recover,0,0.8720963820000001,0.922852445,0.917654733,0.955527826,0.9177574079999999,0.8720963820000001,0.005877321,0.005877321
recover_60,0,0.762537462,0.849254802,0.8399584609999999,0.910064195,0.840141138,0.762537462,0.005877321,0.005877321
recover_70,0,0.762537462,0.849254802,0.8399584609999999,0.910064195,0.840141138,0.762537462,0.005877321,0.005877321
