name,effectDays,infectReduct,reduceHosp,reduceIcu,reduceMort,reduceSympt,riskReduct,waneRate,waneRateOut
cur_2,14,0.42192182200000006,0.83322689,0.904636533,0.951797329,0.665294484,0.42192182200000006,0.019435235,0.013822361000000002
cur_2_60,14,0.409223606,0.8258340000000001,0.9000293640000001,0.949340987,0.653552572,0.409223606,0.019435235,0.013822361000000002
cur_2_70,14,0.396615075,0.81816609,0.895213533,0.946760101,0.641591554,0.396615075,0.019435235,0.013822361000000002
cur_3,14,0.47899972399999996,0.862890774,0.922775998,0.9613494220000001,0.7145971390000001,0.47899972399999996,0.011846023,0.00623315
cur_3_60,14,0.465968361,0.856586525,0.918966678,0.959359057,0.70381482,0.465968361,0.011846023,0.00623315
cur_3_70,14,0.45295195,0.850026664,0.914976925,0.9572655790000001,0.6927733559999999,0.45295195,0.011846023,0.00623315
recover,0,0.887357052,0.9059410520000001,0.948578137,0.952148406,0.904510305,0.887357052,0.006504885,0.006504885
recover_60,0,0.791366537,0.822621523,0.898808811,0.905490328,0.820174957,0.791366537,0.006504885,0.006504885
recover_70,0,0.791366537,0.822621523,0.898808811,0.905490328,0.820174957,0.791366537,0.006504885,0.006504885
