name,effectDays,infectReduct,reduceHosp,reduceIcu,reduceMort,reduceSympt,riskReduct,waneRate,waneRateOut
cur_2,14,0.578122875,0.901655895,0.9556553590000001,0.97819363,0.6904668620000001,0.578122875,0.01832382,0.020663698
cur_2_60,14,0.54770424,0.89013171,0.9501088190000001,0.975393546,0.663432775,0.54770424,0.01832382,0.020663698
cur_2_70,14,0.516922517,0.877439579,0.9439087190000001,0.972243847,0.635282436,0.516922517,0.01832382,0.020663698
cur_3,14,0.609522178,0.9126151370000001,0.9608582529999999,0.9808052540000001,0.7175892290000001,0.609522178,0.014042225,0.016382103000000002
cur_3_60,14,0.579721678,0.902235935,0.955932473,0.9783330929999999,0.691866834,0.579721678,0.014042225,0.016382103000000002
cur_3_70,14,0.549325983,0.890770513,0.950418325,0.975550232,0.664893449,0.549325983,0.014042225,0.016382103000000002
recover,0,0.90691602,0.987909892,0.994820475,0.997504952,0.952108746,0.90691602,0.007620458,0.007620458
recover_60,0,0.84661832,0.982875278,0.992642163,0.996451602,0.9331741309999999,0.84661832,0.007620458,0.007620458
recover_70,0,0.651068381,0.9584079,0.981872091,0.991208228,0.8486312309999999,0.651068381,0.007620458,0.007620458
