name,effectDays,infectReduct,reduceHosp,reduceIcu,reduceMort,reduceSympt,riskReduct,waneRate,waneRateOut
cur_2,14,0.5351582779999999,0.8856727190000001,0.945239015,0.9729214079999999,0.680700113,0.5351582779999999,0.021348411,0.015506258
cur_2_60,14,0.5111398229999999,0.8755538270000001,0.940035275,0.9702654759999999,0.659415861,0.5111398229999999,0.021348411,0.015506258
cur_2_70,14,0.487056169,0.864669778,0.934368023,0.967356058,0.637455818,0.487056169,0.021348411,0.015506258
cur_3,14,0.576407219,0.901540397,0.9532755340000001,0.976994238,0.715890467,0.576407219,0.015852206,0.010010053
cur_3_60,14,0.552738827,0.892655706,0.948794105,0.9747274029999999,0.69590403,0.552738827,0.015852206,0.010010053
cur_3_70,14,0.528815369,0.8830676270000001,0.9439052509999999,0.972242079,0.6751376090000001,0.528815369,0.015852206,0.010010053
recover,0,0.940040447,0.9879781240000001,0.9945685890000001,0.9973832709999999,0.957655168,0.940040447,0.004904587,0.004904587
recover_60,0,0.886828563,0.9829714340000001,0.9922851640000001,0.996278742,0.940777023,0.886828563,0.004904587,0.004904587
recover_70,0,0.705565708,0.958635659,0.981002534,0.9907823020000001,0.864455605,0.705565708,0.004904587,0.004904587
