name,effectDays,infectReduct,reduceHosp,reduceIcu,reduceMort,reduceSympt,riskReduct,waneRate,waneRateOut
cur_2,14,0.598790695,0.908351087,0.961500653,0.9811267109999999,0.6726094659999999,0.598790695,0.021853503,0.017121142
cur_2_60,14,0.553939034,0.891855515,0.954087768,0.977403932,0.630923634,0.553939034,0.021853503,0.017121142
cur_2_70,14,0.508213579,0.8728164829999999,0.945333277,0.972969381,0.5872090329999999,0.508213579,0.021853503,0.017121142
cur_3,14,0.584763701,0.903400907,0.959292558,0.980020861,0.659696573,0.584763701,0.023762613999999998,0.019030253
cur_3_60,14,0.539549759,0.886126063,0.9514759709999999,0.976085269,0.617302064,0.539549759,0.023762613999999998,0.019030253
cur_3_70,14,0.493697457,0.866229644,0.942253608,0.9713994990000001,0.573065826,0.493697457,0.023762613999999998,0.019030253
recover,0,0.786546399,0.852320399,0.9069241140000001,0.9123593959999999,0.810454297,0.786546399,0.003309254,0.003309254
recover_60,0,0.660422162,0.7528482740000001,0.837206398,0.846021713,0.692941783,0.660422162,0.003309254,0.003309254
recover_70,0,0.660422162,0.7528482740000001,0.837206398,0.846021713,0.692941783,0.660422162,0.003309254,0.003309254
