name,effectDays,infectReduct,reduceHosp,reduceIcu,reduceMort,reduceSympt,riskReduct,waneRate,waneRateOut
cur_2,14,0.538854885,0.8871830270000001,0.945946345,0.97328128,0.684575721,0.538854885,0.021809555,0.016655497
cur_2_60,14,0.493408877,0.86763237,0.935842677,0.968114813,0.644002996,0.493408877,0.021809555,0.016655497
cur_2_70,14,0.44809263,0.8452956709999999,0.924008158,0.961991467,0.6012717360000001,0.44809263,0.021809555,0.016655497
cur_3,14,0.534626429,0.8854696940000001,0.9450701859999999,0.9728354709999999,0.680892165,0.534626429,0.022368647999999998,0.01721459
cur_3_60,14,0.48915875700000006,0.8656670809999999,0.934814032,0.9675856709999999,0.640094727,0.48915875700000006,0.022368647999999998,0.01721459
cur_3_70,14,0.443890823,0.843058732,0.92280542,0.961364763,0.597187774,0.443890823,0.022368647999999998,0.01721459
recover,0,0.912788343,0.93807445,0.9633962009999999,0.9695986529999999,0.91684086,0.912788343,0.0062296140000000005,0.0062296140000000005
recover_60,0,0.7952216209999999,0.848954306,0.907109284,0.922078023,0.803561497,0.7952216209999999,0.0062296140000000005,0.0062296140000000005
recover_70,0,0.7952216209999999,0.848954306,0.907109284,0.922078023,0.803561497,0.7952216209999999,0.0062296140000000005,0.0062296140000000005
