name,effectDays,infectReduct,reduceHosp,reduceIcu,reduceMort,reduceSympt,riskReduct,waneRate,waneRateOut
cur_2,14,0.531551179,0.8845681479999999,0.9428763859999999,0.971717382,0.695121057,0.531551179,0.020291741000000002,0.014704924
cur_2_60,14,0.470070031,0.8569497640000001,0.9280745429999999,0.9641042940000001,0.6405922070000001,0.470070031,0.020291741000000002,0.014704924
cur_2_70,14,0.40952991,0.8240654000000001,0.909819739,0.95454604,0.5822190629999999,0.40952991,0.020291741000000002,0.014704924
cur_3,14,0.532111667,0.8847978009999999,0.942997509,0.971779182,0.695597913,0.532111667,0.020217733,0.014630916
cur_3_60,14,0.470630822,0.857225495,0.928224662,0.9641821159999999,0.641110318,0.470630822,0.020217733,0.014630916
cur_3_70,14,0.410074366,0.8243915270000001,0.910004265,0.954643609,0.582766514,0.410074366,0.020217733,0.014630916
recover,0,0.91497094,0.9880211609999999,0.994402716,0.9973031240000001,0.9608461090000001,0.91497094,0.002371245,0.002371245
recover_60,0,0.859210427,0.983032087,0.9920501140000001,0.996164895,0.9451670109999999,0.859210427,0.002371245,0.002371245
recover_70,0,0.673712833,0.9587793579999999,0.980430512,0.990501902,0.873743776,0.673712833,0.002371245,0.002371245
