name,effectDays,infectReduct,reduceHosp,reduceIcu,reduceMort,reduceSympt,riskReduct,waneRate,waneRateOut
cur_2,14,0.5331544,0.884212953,0.9474880179999999,0.9740647040000001,0.647381569,0.5331544,0.022483902000000004,0.016561627
cur_2_60,14,0.49133989,0.8659354359999999,0.938504089,0.96948115,0.6082811779999999,0.49133989,0.022483902000000004,0.016561627
cur_2_70,14,0.44966140200000004,0.845285622,0.928103893,0.96411951,0.567755137,0.44966140200000004,0.022483902000000004,0.016561627
cur_3,14,0.5504097,0.891141945,0.9508409859999999,0.975764118,0.663082883,0.5504097,0.02019852,0.014276245
cur_3_60,14,0.508716567,0.873802093,0.942395819,0.9714721059999999,0.62471426,0.508716567,0.02019852,0.014276245
cur_3_70,14,0.466917116,0.8541599,0.9326065309999999,0.966448138,0.58472767,0.466917116,0.02019852,0.014276245
recover,0,0.8210231170000001,0.880168581,0.914609056,0.9223565640000001,0.871308926,0.8210231170000001,0.004477111,0.004477111
recover_60,0,0.690908823,0.7816153,0.839206195,0.852693135,0.7673947959999999,0.690908823,0.004477111,0.004477111
recover_70,0,0.690908823,0.7816153,0.839206195,0.852693135,0.7673947959999999,0.690908823,0.004477111,0.004477111
