name,effectDays,infectReduct,reduceHosp,reduceIcu,reduceMort,reduceSympt,riskReduct,waneRate,waneRateOut
cur_2,14,0.43543780200000004,0.840277237,0.911716615,0.955548095,0.659675064,0.43543780200000004,0.019545849,0.013004533
cur_2_60,14,0.413591234,0.827905023,0.904247547,0.951590417,0.639318197,0.413591234,0.019545849,0.013004533
cur_2_70,14,0.39206384200000005,0.814775756,0.896212377,0.947296521,0.618432419,0.39206384200000005,0.019545849,0.013004533
cur_3,14,0.494403473,0.869620088,0.929043519,0.96460639,0.710776457,0.494403473,0.011743826,0.005202509
cur_3_60,14,0.47207224299999995,0.859139767,0.922916425,0.9614226370000001,0.6920493459999999,0.47207224299999995,0.011743826,0.005202509
cur_3_70,14,0.449835928,0.847955802,0.9163028679999999,0.957962326,0.672653587,0.449835928,0.011743826,0.005202509
recover,0,0.8848453279999999,0.931567065,0.953304501,0.964688633,0.916673063,0.8848453279999999,0.00562663,0.00562663
recover_60,0,0.7596469140000001,0.84846626,0.893584972,0.9182803690000001,0.8190000000000001,0.7596469140000001,0.00562663,0.00562663
recover_70,0,0.7596469140000001,0.84846626,0.893584972,0.9182803690000001,0.8190000000000001,0.7596469140000001,0.00562663,0.00562663
