name,effectDays,infectReduct,reduceHosp,reduceIcu,reduceMort,reduceSympt,riskReduct,waneRate,waneRateOut
cur_2,14,0.546494609,0.88999367,0.948481647,0.9745689479999999,0.6795813,0.546494609,0.020887853,0.018067565
cur_2_60,14,0.5067842610000001,0.8733930040000001,0.9401132879999999,0.970305402,0.643931613,0.5067842610000001,0.020887853,0.018067565
cur_2_70,14,0.46700013799999995,0.8547021840000001,0.930488365,0.965354095,0.6066230779999999,0.46700013799999995,0.020887853,0.018067565
cur_3,14,0.541643538,0.888064353,0.947517616,0.974079732,0.67530802,0.541643538,0.021530801000000002,0.018710513999999998
cur_3_60,14,0.501895578,0.8712146709999999,0.939002736,0.9697367159999999,0.6394351460000001,0.501895578,0.021530801000000002,0.018710513999999998
cur_3_70,14,0.462135639,0.852256665,0.9292127659999999,0.964694035,0.601946712,0.462135639,0.021530801000000002,0.018710513999999998
recover,0,0.9385343429999999,0.987951281,0.994669274,0.9974319140000001,0.955546803,0.9385343429999999,0.010413617,0.010413617
recover_60,0,0.903101725,0.9829336040000001,0.9924278559999999,0.996347842,0.9378828000000001,0.903101725,0.010413617,0.010413617
recover_70,0,0.76981016,0.958546047,0.9813499859999999,0.9909525370000001,0.858392975,0.76981016,0.010413617,0.010413617
