name,effectDays,infectReduct,reduceHosp,reduceIcu,reduceMort,reduceSympt,riskReduct,waneRate,waneRateOut
cur_2,14,0.517589031,0.878145779,0.942301907,0.97142416,0.65603648,0.517589031,0.021307529,0.015169874
cur_2_60,14,0.479650595,0.8609448009999999,0.933471116,0.966893984,0.621013685,0.479650595,0.021307529,0.015169874
cur_2_70,14,0.44195428299999995,0.8417580709999999,0.923401171,0.96167529,0.5846911220000001,0.44195428299999995,0.021307529,0.015169874
cur_3,14,0.547363722,0.8903798209999999,0.9484726920000001,0.9745644059999999,0.682507704,0.547363722,0.017374177,0.011236521999999999
cur_3_60,14,0.509548055,0.8746593090000001,0.9405267409999999,0.9705169490000001,0.648737074,0.509548055,0.017374177,0.011236521999999999
cur_3_70,14,0.471631755,0.8570506999999999,0.9314463190000001,0.9658491920000001,0.613417541,0.471631755,0.017374177,0.011236521999999999
recover,0,0.840716228,0.901978284,0.94407847,0.9271449490000001,0.887586415,0.840716228,0.00477547,0.00477547
recover_60,0,0.71299286,0.812417996,0.88821707,0.856931633,0.7879677159999999,0.71299286,0.00477547,0.00477547
recover_70,0,0.71299286,0.812417996,0.88821707,0.856931633,0.7879677159999999,0.71299286,0.00477547,0.00477547
