name,effectDays,infectReduct,reduceHosp,reduceIcu,reduceMort,reduceSympt,riskReduct,waneRate,waneRateOut
cur_2,14,0.499166225,0.871429288,0.931893235,0.9660799959999999,0.7007155409999999,0.499166225,0.019878786000000002,0.015231449
cur_2_60,14,0.480600166,0.8628721079999999,0.927023301,0.963558975,0.684904645,0.480600166,0.019878786000000002,0.015231449
cur_2_70,14,0.462065027,0.8538296190000001,0.921827829,0.960854772,0.668633391,0.462065027,0.019878786000000002,0.015231449
cur_3,14,0.48844437399999996,0.866546197,0.929119768,0.964645878,0.691643036,0.48844437399999996,0.021289053999999998,0.016641717
cur_3_60,14,0.469902944,0.857717081,0.924067677,0.96202246,0.6755747559999999,0.469902944,0.021289053999999998,0.016641717
cur_3_70,14,0.4514218,0.848394386,0.918680243,0.959209063,0.6590615439999999,0.4514218,0.021289053999999998,0.016641717
recover,0,0.835463352,0.861696334,0.9259491809999999,0.9365507340000001,0.8510513209999999,0.835463352,0.0044466440000000005,0.0044466440000000005
recover_60,0,0.68922604,0.731275088,0.8452364640000001,0.86571756,0.7139243909999999,0.68922604,0.0044466440000000005,0.0044466440000000005
recover_70,0,0.68922604,0.731275088,0.8452364640000001,0.86571756,0.7139243909999999,0.68922604,0.0044466440000000005,0.0044466440000000005
