name,effectDays,infectReduct,reduceHosp,reduceIcu,reduceMort,reduceSympt,riskReduct,waneRate,waneRateOut
cur_2,14,0.5721611360000001,0.899842569,0.953100773,0.976906042,0.7048458479999999,0.5721611360000001,0.022788943,0.018375372
cur_2_60,14,0.558437592,0.894695384,0.950540139,0.975611885,0.69309543,0.558437592,0.022788943,0.018375372
cur_2_70,14,0.5445942779999999,0.8893043420000001,0.9478413840000001,0.974244091,0.6810626679999999,0.5445942779999999,0.022788943,0.018375372
cur_3,14,0.601328348,0.910177613,0.958195523,0.979470483,0.729247943,0.601328348,0.018832923,0.014419352
cur_3_60,14,0.587866476,0.9055057809999999,0.9559001840000001,0.978316845,0.7180804359999999,0.587866476,0.018832923,0.014419352
cur_3_70,14,0.574242368,0.900606692,0.9534795840000001,0.977097195,0.7066125990000001,0.574242368,0.018832923,0.014419352
recover,0,0.876723172,0.918543707,0.940952789,0.93157265,0.9074848640000001,0.876723172,0.005681263000000001,0.005681263000000001
recover_60,0,0.711030743,0.795980551,0.8464717420000001,0.8248759040000001,0.772404975,0.711030743,0.005681263000000001,0.005681263000000001
recover_70,0,0.711030743,0.795980551,0.8464717420000001,0.8248759040000001,0.772404975,0.711030743,0.005681263000000001,0.005681263000000001
