name,effectDays,infectReduct,reduceHosp,reduceIcu,reduceMort,reduceSympt,riskReduct,waneRate,waneRateOut
cur_2,14,0.525162522,0.881621799,0.9427985640000001,0.971677672,0.6755095809999999,0.525162522,0.019784923,0.014435698
cur_2_60,14,0.497060485,0.869368328,0.936420901,0.9684119990000001,0.650381818,0.497060485,0.019784923,0.014435698
cur_2_70,14,0.46896997799999995,0.8560501,0.929383567,0.9647824690000001,0.624383559,0.46896997799999995,0.019784923,0.014435698
cur_3,14,0.536618894,0.886339255,0.9452295390000001,0.972916584,0.6855107859999999,0.536618894,0.018272491000000002,0.012923266000000001
cur_3_60,14,0.508560396,0.874504585,0.93910541,0.9697893209999999,0.660768565,0.508560396,0.018272491000000002,0.012923266000000001
cur_3_70,14,0.480440816,0.8616266640000001,0.9323437459999999,0.9663125440000001,0.6351093489999999,0.480440816,0.018272491000000002,0.012923266000000001
recover,0,0.906709262,0.9879867520000001,0.9945357779999999,0.997367419,0.958313275,0.906709262,0.0049713909999999995,0.0049713909999999995
recover_60,0,0.843528849,0.9829835929999999,0.9922386670000001,0.9962562229999999,0.94168147,0.843528849,0.0049713909999999995,0.0049713909999999995
recover_70,0,0.641807899,0.958664465,0.980889346,0.9907268309999999,0.8663600509999999,0.641807899,0.0049713909999999995,0.0049713909999999995
