name,effectDays,infectReduct,reduceHosp,reduceIcu,reduceMort,reduceSympt,riskReduct,waneRate,waneRateOut
cur_2,14,0.529848239,0.882540012,0.9480523999999999,0.974351181,0.628932348,0.529848239,0.019390185,0.011873173999999998
cur_2_60,14,0.494837068,0.8672107609999999,0.940698424,0.9706047640000001,0.595669111,0.494837068,0.019390185,0.011873173999999998
cur_2_70,14,0.459880667,0.850222629,0.932378705,0.966330584,0.561507187,0.459880667,0.019390185,0.011873173999999998
cur_3,14,0.589768948,0.9055251679999999,0.958816005,0.979781855,0.683761938,0.589768948,0.01138552,0.0038685090000000004
cur_3_60,14,0.5554763460000001,0.8928313609999999,0.952910096,0.976809794,0.652699621,0.5554763460000001,0.01138552,0.0038685090000000004
cur_3_70,14,0.5206512839999999,0.878662341,0.946205642,0.9734131359999999,0.620284598,0.5206512839999999,0.01138552,0.0038685090000000004
recover,0,0.9288460270000001,0.987867816,0.994969312,0.9975768359999999,0.948368935,0.9288460270000001,0.009146618,0.009146618
recover_60,0,0.811224435,0.982815986,0.992853144,0.996553729,0.9280674320000001,0.811224435,0.009146618,0.009146618
recover_70,0,0.48477900799999996,0.95826749,0.9823864170000001,0.991459973,0.838184226,0.48477900799999996,0.009146618,0.009146618
