name,effectDays,infectReduct,reduceHosp,reduceIcu,reduceMort,reduceSympt,riskReduct,waneRate,waneRateOut
cur_2,14,0.46079183,0.8537274840000001,0.91882178,0.959283186,0.68863666,0.46079183,0.020845749,0.013701561999999999
cur_2_60,14,0.44696511,0.846622848,0.914562443,0.9570475740000001,0.676551363,0.44696511,0.020845749,0.013701561999999999
cur_2_70,14,0.43319029600000003,0.8392218220000001,0.9100916109999999,0.9546897870000001,0.6641987770000001,0.43319029600000003,0.020845749,0.013701561999999999
cur_3,14,0.464688235,0.8556738159999999,0.9199831359999999,0.9598909590000001,0.691987175,0.464688235,0.020330481,0.013186294
cur_3_60,14,0.450842356,0.848646957,0.915779149,0.957687246,0.679971489,0.450842356,0.020330481,0.013186294
cur_3_70,14,0.43704248,0.841325296,0.911365815,0.955362935,0.667685361,0.43704248,0.020330481,0.013186294
recover,0,0.904169482,0.941757737,0.95446491,0.96683014,0.928752585,0.904169482,0.007255484,0.007255484
recover_60,0,0.858785846,0.9124515959999999,0.9310848290000001,0.949462844,0.893641597,0.858785846,0.007255484,0.007255484
recover_70,0,0.858785846,0.9124515959999999,0.9310848290000001,0.949462844,0.893641597,0.858785846,0.007255484,0.007255484
