name,effectDays,infectReduct,reduceHosp,reduceIcu,reduceMort,reduceSympt,riskReduct,waneRate,waneRateOut
cur_2,14,0.467010755,0.856489114,0.9223051459999999,0.961103846,0.680841936,0.467010755,0.019435993999999998,0.012664161
cur_2_60,14,0.40143740299999997,0.820405939,0.9008546129999999,0.9497818859999999,0.620180201,0.40143740299999997,0.019435993999999998,0.012664161
cur_2_70,14,0.339261785,0.77764484,0.874313728,0.935399428,0.555571215,0.339261785,0.019435993999999998,0.012664161
cur_3,14,0.48415776,0.864735259,0.927091422,0.9635943309999999,0.695593715,0.48415776,0.017175432,0.010403598
cur_3_60,14,0.41806527200000004,0.83031466,0.906828827,0.952961825,0.6362377770000001,0.41806527200000004,0.017175432,0.010403598
cur_3_70,14,0.354841022,0.789306921,0.881677162,0.939432024,0.5724773129999999,0.354841022,0.017175432,0.010403598
recover,0,0.92297523,0.988121734,0.993992685,0.997104945,0.967463291,0.92297523,0.010318896999999999,0.010318896999999999
recover_60,0,0.8559620859999999,0.9831738329999999,0.99146922,0.995883418,0.95430802,0.8559620859999999,0.010318896999999999,0.010318896999999999
recover_70,0,0.643614947,0.95911528,0.9790185370000001,0.9898090429999999,0.893449224,0.643614947,0.010318896999999999,0.010318896999999999
