name,effectDays,infectReduct,reduceHosp,reduceIcu,reduceMort,reduceSympt,riskReduct,waneRate,waneRateOut
cur_2,14,0.38510489600000003,0.810922206,0.8902748220000001,0.944099136,0.632435259,0.38510489600000003,0.020762233,0.008317204
cur_2_60,14,0.331071495,0.7721702979999999,0.8650805220000001,0.930295957,0.576219124,0.331071495,0.020762233,0.008317204
cur_2_70,14,0.28118777899999997,0.728172851,0.83519604,0.9134107370000001,0.518001433,0.28118777899999997,0.020762233,0.008317204
cur_3,14,0.45037155799999995,0.848743502,0.913908339,0.9567033340000001,0.6924172890000001,0.45037155799999995,0.011926079,-0.000518951
cur_3_60,14,0.393034046,0.815984154,0.893491385,0.9458338540000001,0.64015521,0.393034046,0.011926079,-0.000518951
cur_3_70,14,0.33853914399999996,0.7780154229999999,0.868946532,0.932439212,0.5843856270000001,0.33853914399999996,0.011926079,-0.000518951
recover,0,0.948084351,0.988184596,0.9937194859999999,0.996972854,0.971059063,0.948084351,0.009637696,0.009637696
recover_60,0,0.943986648,0.983262437,0.99108229,0.9956958340000001,0.9592964709999999,0.943986648,0.009637696,0.009637696
recover_70,0,0.893811673,0.959325331,0.978079367,0.989347621,0.9044164790000001,0.893811673,0.009637696,0.009637696
