name,effectDays,infectReduct,reduceHosp,reduceIcu,reduceMort,reduceSympt,riskReduct,waneRate,waneRateOut
cur_2,14,0.46348231799999995,0.854181393,0.923941094,0.9619565440000001,0.655414525,0.46348231799999995,0.019668337,0.012252541
cur_2_60,14,0.419342455,0.8304244159999999,0.910356715,0.9548299159999999,0.613911402,0.419342455,0.019668337,0.012252541
cur_2_70,14,0.37647558,0.8036991659999999,0.894630422,0.946446675,0.570703568,0.37647558,0.019668337,0.012252541
cur_3,14,0.506104132,0.874190468,0.9351050590000001,0.9677354359999999,0.692892018,0.506104132,0.01405467,0.006638874
cur_3_60,14,0.461395924,0.853132893,0.923349185,0.9616482009999999,0.653516543,0.461395924,0.01405467,0.006638874
cur_3_70,14,0.417319785,0.82925064,0.909676039,0.9544700429999999,0.611939291,0.417319785,0.01405467,0.006638874
recover,0,0.77624595,0.8357561659999999,0.8741914190000001,0.9158134,0.8377372409999999,0.77624595,0.003244378,0.003244378
recover_60,0,0.601300017,0.6886783320000001,0.7512893420000001,0.8254532040000001,0.691779183,0.601300017,0.003244378,0.003244378
recover_70,0,0.601300017,0.6886783320000001,0.7512893420000001,0.8254532040000001,0.691779183,0.601300017,0.003244378,0.003244378
