name,effectDays,infectReduct,reduceHosp,reduceIcu,reduceMort,reduceSympt,riskReduct,waneRate,waneRateOut
cur_2,14,0.5126476179999999,0.877092187,0.936445836,0.96842481,0.7006336190000001,0.5126476179999999,0.021623875,0.013461744
cur_2_60,14,0.45256605,0.848677785,0.920509501,0.96016617,0.647805646,0.45256605,0.021623875,0.013461744
cur_2_70,14,0.39387892399999996,0.815106689,0.901015725,0.949867915,0.5911398489999999,0.39387892399999996,0.021623875,0.013461744
cur_3,14,0.527599587,0.883405985,0.9399194820000001,0.970206208,0.713046475,0.527599587,0.01965425,0.01149212
cur_3_60,14,0.467446445,0.856211945,0.924784209,0.962395408,0.661350201,0.467446445,0.01965425,0.01149212
cur_3_70,14,0.40826877899999997,0.823965617,0.906231951,0.9526450540000001,0.6055366520000001,0.40826877899999997,0.01965425,0.01149212
recover,0,0.926309272,0.988074653,0.994188648,0.99719967,0.964505285,0.926309272,0.0032348520000000003,0.0032348520000000003
recover_60,0,0.859707742,0.9831074759999999,0.991746817,0.996017952,0.950215575,0.859707742,0.0032348520000000003,0.0032348520000000003
recover_70,0,0.647505326,0.9589580040000001,0.97969299,0.9901401259999999,0.8845652509999999,0.647505326,0.0032348520000000003,0.0032348520000000003
