name,effectDays,infectReduct,reduceHosp,reduceIcu,reduceMort,reduceSympt,riskReduct,waneRate,waneRateOut
cur_2,14,0.375783345,0.806255798,0.878220935,0.937543318,0.671411091,0.375783345,0.021036693,0.010485744
cur_2_60,14,0.343759221,0.783598412,0.8625446990000001,0.9288851020000001,0.6400249889999999,0.343759221,0.021036693,0.010485744
cur_2_70,14,0.313098588,0.759085881,0.8452081770000001,0.9191312770000001,0.607397607,0.313098588,0.021036693,0.010485744
cur_3,14,0.391409059,0.816371363,0.88511453,0.941303269,0.685823579,0.391409059,0.018863819,0.00831287
cur_3_60,14,0.358818772,0.7945955640000001,0.8701945240000001,0.9331291070000001,0.655106964,0.358818772,0.018863819,0.00831287
cur_3_70,14,0.327485242,0.77096462,0.853659139,0.923909691,0.623041453,0.327485242,0.018863819,0.00831287
recover,0,0.914331973,0.9919262590000001,0.995325089,0.997748623,0.98369339,0.914331973,0.006069675,0.006069675
recover_60,0,0.820456937,0.990738688,0.994634749,0.997415235,0.9813176490000001,0.820456937,0.006069675,0.006069675
recover_70,0,0.552513669,0.980769948,0.988812317,0.994593817,0.9616012690000001,0.552513669,0.006069675,0.006069675
