name,effectDays,infectReduct,reduceHosp,reduceIcu,reduceMort,reduceSympt,riskReduct,waneRate,waneRateOut
cur_2,14,0.477614885,0.861093675,0.9278931429999999,0.964010239,0.667574811,0.477614885,0.021768265,0.013386348000000001
cur_2_60,14,0.441907661,0.842981368,0.917658063,0.958673408,0.634927185,0.441907661,0.021768265,0.013386348000000001
cur_2_70,14,0.406796673,0.8229961640000001,0.906119122,0.952585151,0.600995139,0.406796673,0.021768265,0.013386348000000001
cur_3,14,0.510258184,0.87599542,0.93615999,0.9682779229999999,0.695905522,0.510258184,0.017473289,0.009091372
cur_3_60,14,0.474326441,0.859509165,0.927006025,0.963550008,0.664642538,0.474326441,0.017473289,0.009091372
cur_3_70,14,0.438664254,0.841231402,0.916658083,0.958148812,0.63187106,0.438664254,0.017473289,0.009091372
recover,0,0.937006784,0.988067907,0.9942161420000001,0.997212958,0.964061739,0.937006784,0.004788285,0.004788285
recover_60,0,0.9031527770000001,0.9830979679999999,0.991785768,0.996036825,0.949602793,0.9031527770000001,0.004788285,0.004788285
recover_70,0,0.7736841,0.958935471,0.979787668,0.990186584,0.883243688,0.7736841,0.004788285,0.004788285
