name,effectDays,infectReduct,reduceHosp,reduceIcu,reduceMort,reduceSympt,riskReduct,waneRate,waneRateOut
cur_2,14,0.529637374,0.8832402540000001,0.944790935,0.972693294,0.667792859,0.529637374,0.021045045,0.016318317
cur_2_60,14,0.5151389439999999,0.8771123470000001,0.9416800959999999,0.971106575,0.6547771960000001,0.5151389439999999,0.021045045,0.016318317
cur_2_70,14,0.500585752,0.870696742,0.93839864,0.969427088,0.641498435,0.500585752,0.021045045,0.016318317
cur_3,14,0.574170379,0.900579232,0.9534710670000001,0.977092898,0.706494196,0.574170379,0.01512072,0.010393991
cur_3_60,14,0.559904017,0.895253407,0.9508238659999999,0.9757554559999999,0.6943007040000001,0.559904017,0.01512072,0.010393991
cur_3_70,14,0.545509012,0.889665756,0.948028503,0.9743390540000001,0.6818034079999999,0.545509012,0.01512072,0.010393991
recover,0,0.935067972,0.987958791,0.9946413159999999,0.9974184070000001,0.956146079,0.935067972,0.008980493,0.008980493
recover_60,0,0.914351622,0.9829441879999999,0.992388232,0.996328654,0.938704929,0.914351622,0.008980493,0.008980493
recover_70,0,0.817352781,0.9585711170000001,0.981253488,0.9909052629999999,0.860110244,0.817352781,0.008980493,0.008980493
