name,effectDays,infectReduct,reduceHosp,reduceIcu,reduceMort,reduceSympt,riskReduct,waneRate,waneRateOut
cur_2,14,0.37991792,0.809077653,0.8795805309999999,0.938287152,0.6781231659999999,0.37991792,0.022155071000000002,0.010440673000000001
cur_2_60,14,0.34659657,0.785816717,0.8634596809999999,0.929394631,0.645890391,0.34659657,0.022155071000000002,0.010440673000000001
cur_2_70,14,0.314719491,0.760564749,0.8455626829999999,0.919332642,0.6122809029999999,0.314719491,0.022155071000000002,0.010440673000000001
cur_3,14,0.406147042,0.825491895,0.890751856,0.944356793,0.701644285,0.406147042,0.018539286000000002,0.006824888
cur_3_60,14,0.37190496799999995,0.8037456940000001,0.8759155609999999,0.936279482,0.670622852,0.37190496799999995,0.018539286000000002,0.006824888
cur_3_70,14,0.338907542,0.780015785,0.8593853379999999,0.9271217159999999,0.6380453,0.338907542,0.018539286000000002,0.006824888
recover,0,0.9330590320000001,0.9919308840000001,0.9953026359999999,0.9977377829999999,0.9839005759999999,0.9330590320000001,0.015399735,0.015399735
recover_60,0,0.913212668,0.990743987,0.9946089990000001,0.9974027940000001,0.981554455,0.913212668,0.015399735,0.015399735
recover_70,0,0.817363902,0.98078084,0.9887589370000001,0.99456787,0.962078331,0.817363902,0.015399735,0.015399735
