name,effectDays,infectReduct,reduceHosp,reduceIcu,reduceMort,reduceSympt,riskReduct,waneRate,waneRateOut
cur_2,14,0.512216315,0.876259175,0.939248849,0.9698628029999999,0.671300406,0.512216315,0.021501129,0.014590762
cur_2_60,14,0.478377981,0.860812602,0.931046534,0.965642634,0.640757968,0.478377981,0.021501129,0.014590762
cur_2_70,14,0.44473918799999995,0.843782797,0.9218296140000001,0.9608557040000001,0.609032592,0.44473918799999995,0.021501129,0.014590762
cur_3,14,0.552400612,0.892733584,0.9478362709999999,0.974241495,0.70590388,0.552400612,0.016191542,0.009281175
cur_3_60,14,0.518730702,0.8790596759999999,0.94072021,0.9706159059999999,0.677029835,0.518730702,0.016191542,0.009281175
cur_3_70,14,0.484892104,0.863909473,0.932702893,0.96649785,0.646741711,0.484892104,0.016191542,0.009281175
recover,0,0.830303738,0.87586985,0.910398748,0.9329083509999999,0.880385302,0.830303738,0.0049246540000000005,0.0049246540000000005
recover_60,0,0.705451719,0.77547712,0.83259445,0.8718997559999999,0.7827386559999999,0.705451719,0.0049246540000000005,0.0049246540000000005
recover_70,0,0.705451719,0.77547712,0.83259445,0.8718997559999999,0.7827386559999999,0.705451719,0.0049246540000000005,0.0049246540000000005
