name,effectDays,infectReduct,reduceHosp,reduceIcu,reduceMort,reduceSympt,riskReduct,waneRate,waneRateOut
cur_2,14,0.455805714,0.851178285,0.9174271079999999,0.958552298,0.683420435,0.455805714,0.021476363,0.014183386000000001
cur_2_60,14,0.42554717,0.834942649,0.9076345790000001,0.953389122,0.656273903,0.42554717,0.021476363,0.014183386000000001
cur_2_70,14,0.39583350799999995,0.8173142379999999,0.8968102929999999,0.947617345,0.628063747,0.39583350799999995,0.021476363,0.014183386000000001
cur_3,14,0.501983968,0.873144027,0.9304140670000001,0.9653156740000001,0.7220616559999999,0.501983968,0.015388398000000001,0.008095421
cur_3_60,14,0.47131488299999996,0.858907513,0.9220308009999999,0.9609607029999999,0.696758366,0.47131488299999996,0.015388398000000001,0.008095421
cur_3_70,14,0.440858026,0.843358411,0.912731393,0.9560833190000001,0.670201109,0.440858026,0.015388398000000001,0.008095421
recover,0,0.809753655,0.871498087,0.9107459109999999,0.9171855090000001,0.85719047,0.809753655,0.0038030259999999997,0.0038030259999999997
recover_60,0,0.707045734,0.79362865,0.852638295,0.862637988,0.7729101270000001,0.707045734,0.0038030259999999997,0.0038030259999999997
recover_70,0,0.707045734,0.79362865,0.852638295,0.862637988,0.7729101270000001,0.707045734,0.0038030259999999997,0.0038030259999999997
