name,effectDays,infectReduct,reduceHosp,reduceIcu,reduceMort,reduceSympt,riskReduct,waneRate,waneRateOut
cur_2,14,0.474644642,0.859937921,0.925798125,0.962922649,0.676253723,0.474644642,0.020593318,0.013074471
cur_2_60,14,0.44377166,0.8442786259999999,0.916789667,0.958217874,0.6484534270000001,0.44377166,0.020593318,0.013074471
cur_2_70,14,0.413324743,0.8272190759999999,0.906796893,0.952944882,0.619606621,0.413324743,0.020593318,0.013074471
cur_3,14,0.496769025,0.870271213,0.931658632,0.965958852,0.6953374809999999,0.496769025,0.017680954,0.010162107
cur_3_60,14,0.46573272299999996,0.855573175,0.923302724,0.961623989,0.6683723020000001,0.46573272299999996,0.017680954,0.010162107
cur_3_70,14,0.43495730200000005,0.839515764,0.914018752,0.9567614590000001,0.640253205,0.43495730200000005,0.017680954,0.010162107
recover,0,0.85536679,0.893586815,0.9244607909999999,0.929100771,0.8800028740000001,0.85536679,0.005488865999999999,0.005488865999999999
recover_60,0,0.7222817429999999,0.786908905,0.84330633,0.85213388,0.7633141809999999,0.7222817429999999,0.005488865999999999,0.005488865999999999
recover_70,0,0.7222817429999999,0.786908905,0.84330633,0.85213388,0.7633141809999999,0.7222817429999999,0.005488865999999999,0.005488865999999999
