name,effectDays,infectReduct,reduceHosp,reduceIcu,reduceMort,reduceSympt,riskReduct,waneRate,waneRateOut
cur_2,14,0.48446217399999997,0.863526837,0.9333915140000001,0.966852952,0.63844369,0.48446217399999997,0.021876472999999997,0.013857472
cur_2_60,14,0.45334718,0.848117584,0.92518729,0.962605081,0.609123964,0.45334718,0.021876472999999997,0.013857472
cur_2_70,14,0.422590555,0.8313072490000001,0.9160628140000001,0.957836259,0.578992562,0.422590555,0.021876472999999997,0.013857472
cur_3,14,0.550954674,0.892025249,0.948176295,0.9744140459999999,0.697477735,0.550954674,0.013108251999999999,0.005089252
cur_3_60,14,0.519875613,0.8793843140000001,0.941679342,0.97110619,0.670474376,0.519875613,0.013108251999999999,0.005089252
cur_3_70,14,0.488639996,0.8654857159999999,0.934423737,0.967384747,0.64229502,0.488639996,0.013108251999999999,0.005089252
recover,0,0.946173609,0.987985861,0.994539177,0.9973690609999999,0.9582457440000001,0.946173609,0.0032881390000000003,0.0032881390000000003
recover_60,0,0.924124433,0.982982337,0.992243483,0.9962585559999999,0.9415886379999999,0.924124433,0.0032881390000000003,0.0032881390000000003
recover_70,0,0.828669062,0.95866149,0.98090107,0.9907325770000001,0.8661643609999999,0.828669062,0.0032881390000000003,0.0032881390000000003
