name,effectDays,infectReduct,reduceHosp,reduceIcu,reduceMort,reduceSympt,riskReduct,waneRate,waneRateOut
cur_2,14,0.446257236,0.845687819,0.91711544,0.958388815,0.65428635,0.446257236,0.020864765,0.011626183
cur_2_60,14,0.435985963,0.840171973,0.913892795,0.9566951509999999,0.6448024520000001,0.435985963,0.020864765,0.011626183
cur_2_70,14,0.425734175,0.834477692,0.9105453590000001,0.954929605,0.635170124,0.425734175,0.020864765,0.011626183
cur_3,14,0.519628741,0.880327234,0.9369170729999999,0.968666865,0.71754052,0.519628741,0.011187174,0.001948593
cur_3_60,14,0.509221692,0.875867822,0.9344092740000001,0.9673773000000001,0.70902015,0.509221692,0.011187174,0.001948593
cur_3_70,14,0.4987707,0.87125041,0.9317999,0.966031803,0.700319923,0.4987707,0.011187174,0.001948593
recover,0,0.8725366370000001,0.928547166,0.921254237,0.962393616,0.932297163,0.8725366370000001,0.006101914,0.006101914
recover_60,0,0.7309070740000001,0.837567251,0.8227608259999999,0.9103489929999999,0.8452965459999999,0.7309070740000001,0.006101914,0.006101914
recover_70,0,0.7309070740000001,0.837567251,0.8227608259999999,0.9103489929999999,0.8452965459999999,0.7309070740000001,0.006101914,0.006101914
