name,effectDays,infectReduct,reduceHosp,reduceIcu,reduceMort,reduceSympt,riskReduct,waneRate,waneRateOut
cur_2,14,0.352967139,0.7907304690000001,0.8653446379999999,0.930442674,0.659539619,0.352967139,0.018695261,0.009165523
cur_2_60,14,0.329806414,0.773169542,0.8528800390000001,0.923471067,0.63603703,0.329806414,0.018695261,0.009165523
cur_2_70,14,0.30743401800000003,0.754584248,0.839469786,0.91586053,0.6118564320000001,0.30743401800000003,0.018695261,0.009165523
cur_3,14,0.380083933,0.809407407,0.8783865670000001,0.937633995,0.685264742,0.380083933,0.014854271,0.005324532
cur_3_60,14,0.356123212,0.79300348,0.8669435879999999,0.931329966,0.662629614,0.356123212,0.014854271,0.005324532
cur_3_70,14,0.332852238,0.7755715590000001,0.854596705,0.92443702,0.639213584,0.332852238,0.014854271,0.005324532
recover,0,0.850943663,0.905472059,0.935937145,0.9275710979999999,0.880116682,0.850943663,0.0057116730000000004,0.0057116730000000004
recover_60,0,0.7138099170000001,0.807134903,0.8645518659999999,0.848373783,0.762326031,0.7138099170000001,0.0057116730000000004,0.0057116730000000004
recover_70,0,0.7138099170000001,0.807134903,0.8645518659999999,0.848373783,0.762326031,0.7138099170000001,0.0057116730000000004,0.0057116730000000004
