name,effectDays,infectReduct,reduceHosp,reduceIcu,reduceMort,reduceSympt,riskReduct,waneRate,waneRateOut
cur_2,14,0.538481911,0.8863275079999999,0.948787233,0.9747239190000001,0.649185838,0.538481911,0.019238482,0.019795078
cur_2_60,14,0.477810825,0.8594485559999999,0.935604436,0.967992312,0.5920423260000001,0.477810825,0.019238482,0.019795078
cur_2_70,14,0.41783239899999997,0.827477527,0.9193304959999999,0.9595495070000001,0.532342714,0.41783239899999997,0.019238482,0.019795078
cur_3,14,0.602706077,0.9102168629999999,0.9601404040000001,0.980445782,0.7064040779999999,0.602706077,0.010607667,0.011164263
cur_3_60,14,0.54331753,0.888274715,0.9497251959999999,0.975199268,0.653607687,0.54331753,0.010607667,0.011164263
cur_3_70,14,0.482717546,0.861806402,0.936778694,0.968595798,0.5967814810000001,0.482717546,0.010607667,0.011164263
recover,0,0.939558378,0.987896082,0.99486986,0.9975288040000001,0.950909138,0.939558378,0.0067076309999999995,0.0067076309999999995
recover_60,0,0.8858173359999999,0.982855817,0.9927121640000001,0.9964854890000001,0.9315343429999999,0.8858173359999999,0.0067076309999999995,0.0067076309999999995
recover_70,0,0.70322335,0.958361811,0.982042703,0.9912917520000001,0.84526091,0.70322335,0.0067076309999999995,0.0067076309999999995
