name,effectDays,infectReduct,reduceHosp,reduceIcu,reduceMort,reduceSympt,riskReduct,waneRate,waneRateOut
cur_2,14,0.46530360200000004,0.854497678,0.927189745,0.963645357,0.6324362920000001,0.46530360200000004,0.020582944,0.014764808999999999
cur_2_60,14,0.450288054,0.8468134340000001,0.922998558,0.961465455,0.61826368,0.450288054,0.020582944,0.014764808999999999
cur_2_70,14,0.435334734,0.83878464,0.918578841,0.959155952,0.603859825,0.435334734,0.020582944,0.014764808999999999
cur_3,14,0.5534597929999999,0.8932131459999999,0.9477459999999999,0.9741956759999999,0.710199158,0.5534597929999999,0.008955481,0.0031373459999999996
cur_3_60,14,0.538464291,0.887303878,0.94466748,0.972630425,0.697591217,0.538464291,0.008955481,0.0031373459999999996
cur_3_70,14,0.5233706579999999,0.88109929,0.941412565,0.970969871,0.6846538879999999,0.5233706579999999,0.008955481,0.0031373459999999996
recover,0,0.928971544,0.9880126859999999,0.994435822,0.9973191220000001,0.9602356409999999,0.928971544,0.0075896919999999994,0.0075896919999999994
recover_60,0,0.866989234,0.983020142,0.9920970240000001,0.996187618,0.944326247,0.866989234,0.0075896919999999994,0.0075896919999999994
recover_70,0,0.665405141,0.9587510570000001,0.9805446409999999,0.99055786,0.8719562270000001,0.665405141,0.0075896919999999994,0.0075896919999999994
