name,effectDays,infectReduct,reduceHosp,reduceIcu,reduceMort,reduceSympt,riskReduct,waneRate,waneRateOut
cur_2,14,0.527236361,0.882897598,0.941451168,0.970989599,0.6965054490000001,0.527236361,0.024206969,0.016450381
cur_2_60,14,0.490196378,0.86667653,0.9327229109999999,0.9665081759999999,0.6642828510000001,0.490196378,0.024206969,0.016450381
cur_2_70,14,0.45327119299999996,0.8485977090000001,0.9228023209999999,0.961363147,0.630461294,0.45327119299999996,0.024206969,0.016450381
cur_3,14,0.5299583729999999,0.884022289,0.942050402,0.971295731,0.698809617,0.5299583729999999,0.02384783,0.016091242
cur_3_60,14,0.492926546,0.86793371,0.933405158,0.966859985,0.666714594,0.492926546,0.02384783,0.016091242
cur_3_70,14,0.455979649,0.849995858,0.923576928,0.9617668620000001,0.633002675,0.455979649,0.02384783,0.016091242
recover,0,0.927437397,0.988033706,0.994353314,0.997279252,0.961733937,0.927437397,0.007153921999999999,0.007153921999999999
recover_60,0,0.886475363,0.9830497659999999,0.991980115,0.9961309859999999,0.946390532,0.886475363,0.007153921999999999,0.007153921999999999
recover_70,0,0.73711742,0.958821247,0.980260239,0.990418402,0.876352515,0.73711742,0.007153921999999999,0.007153921999999999
