name,effectDays,infectReduct,reduceHosp,reduceIcu,reduceMort,reduceSympt,riskReduct,waneRate,waneRateOut
cur_2,14,0.44178215,0.842794048,0.9181882709999999,0.9589513279999999,0.630072793,0.44178215,0.021129321,0.011662001000000002
cur_2_60,14,0.407424374,0.823242942,0.9069787509999999,0.9530413590000001,0.596725165,0.407424374,0.021129321,0.011662001000000002
cur_2_70,14,0.37395280200000003,0.801834886,0.894411649,0.946329031,0.562463311,0.37395280200000003,0.021129321,0.011662001000000002
cur_3,14,0.507558625,0.8747180809999999,0.935965167,0.9681777840000001,0.6892677779999999,0.507558625,0.012444306,0.002976985
cur_3_60,14,0.47241454899999996,0.8584705220000001,0.92699771,0.9635456929999999,0.658362972,0.47241454899999996,0.012444306,0.002976985
cur_3_70,14,0.437546135,0.8405024529999999,0.9168873190000001,0.958269121,0.626056184,0.437546135,0.012444306,0.002976985
recover,0,0.9338823479999999,0.988057225,0.9942593759999999,0.9972338540000001,0.963349083,0.9338823479999999,0.001819869,0.001819869
recover_60,0,0.89582344,0.983082914,0.991847019,0.9960665040000001,0.948618697,0.89582344,0.001819869,0.001819869
recover_70,0,0.754850109,0.958899796,0.979936577,0.9902596440000001,0.8811260209999999,0.754850109,0.001819869,0.001819869
