name,effectDays,infectReduct,reduceHosp,reduceIcu,reduceMort,reduceSympt,riskReduct,waneRate,waneRateOut
cur_2,14,0.528505554,0.883442697,0.9416441329999999,0.9710882009999999,0.698483717,0.528505554,0.020665518,0.019219841
cur_2_60,14,0.47036194,0.8572464870000001,0.927454525,0.963782742,0.647313342,0.47036194,0.020665518,0.019219841
cur_2_70,14,0.4130525,0.8263442759999999,0.91015761,0.9547246770000001,0.592565487,0.4130525,0.020665518,0.019219841
cur_3,14,0.547850694,0.891222321,0.945777525,0.973195413,0.714620589,0.547850694,0.018106251,0.016660575
cur_3_60,14,0.489789662,0.8665103820000001,0.932520954,0.966403985,0.664874858,0.489789662,0.018106251,0.016660575
cur_3_70,14,0.43204404799999996,0.837232785,0.916323034,0.957972915,0.611215771,0.43204404799999996,0.018106251,0.016660575
recover,0,0.8085543279999999,0.892237176,0.9105571579999999,0.9291626709999999,0.868164773,0.8085543279999999,0.004166217,0.004166217
recover_60,0,0.687369296,0.811686265,0.841263876,0.872261381,0.7741743609999999,0.687369296,0.004166217,0.004166217
recover_70,0,0.687369296,0.811686265,0.841263876,0.872261381,0.7741743609999999,0.687369296,0.004166217,0.004166217
