name,effectDays,infectReduct,reduceHosp,reduceIcu,reduceMort,reduceSympt,riskReduct,waneRate,waneRateOut
cur_2,14,0.46322021,0.8551131999999999,0.9186985240000001,0.959218637,0.697276184,0.46322021,0.022505771,0.009786233
cur_2_60,14,0.453818546,0.8503581290000001,0.9158248520000001,0.957711258,0.68922364,0.453818546,0.022505771,0.009786233
cur_2_70,14,0.444412675,0.845455607,0.912847312,0.95614442,0.6810222979999999,0.444412675,0.022505771,0.009786233
cur_3,14,0.449827903,0.848296264,0.9145744140000001,0.957053871,0.6857620090000001,0.449827903,0.024280477999999998,0.01156094
cur_3_60,14,0.440475006,0.843358449,0.911569003,0.955470191,0.677544824,0.440475006,0.024280477999999998,0.01156094
cur_3_70,14,0.43112739200000005,0.83827022,0.908455968,0.9538243240000001,0.669183211,0.43112739200000005,0.024280477999999998,0.01156094
recover,0,0.863281874,0.8899596540000001,0.94148724,0.925783472,0.89346331,0.863281874,0.005224118,0.005224118
recover_60,0,0.763440004,0.8052038440000001,0.891584458,0.864416411,0.810832495,0.763440004,0.005224118,0.005224118
recover_70,0,0.763440004,0.8052038440000001,0.891584458,0.864416411,0.810832495,0.763440004,0.005224118,0.005224118
