name,effectDays,infectReduct,reduceHosp,reduceIcu,reduceMort,reduceSympt,riskReduct,waneRate,waneRateOut
cur_2,14,0.490253011,0.866491042,0.933688099,0.967005812,0.655085458,0.490253011,0.019710922,0.01222864
cur_2_60,14,0.46839577600000004,0.8560287609999999,0.928054415,0.9640938590000001,0.635034442,0.46839577600000004,0.019710922,0.01222864
cur_2_70,14,0.44664212700000006,0.844884353,0.921977148,0.9609327040000001,0.61448742,0.44664212700000006,0.019710922,0.01222864
cur_3,14,0.528441576,0.883207915,0.9425489840000001,0.971550294,0.688764844,0.528441576,0.01468466,0.007202376999999999
cur_3_60,14,0.506573742,0.873864937,0.9376178009999999,0.969026574,0.669684487,0.506573742,0.01468466,0.007202376999999999
cur_3_70,14,0.48466352799999995,0.863881638,0.932289418,0.9662845059999999,0.650013095,0.48466352799999995,0.01468466,0.007202376999999999
recover,0,0.9485092190000001,0.988012039,0.994438342,0.9973203390000001,0.960188652,0.9485092190000001,0.010311962,0.010311962
recover_60,0,0.9170933809999999,0.98301923,0.992100595,0.9961893479999999,0.944261549,0.9170933809999999,0.010311962,0.010311962
recover_70,0,0.796651965,0.958748895,0.98055333,0.99056212,0.871818845,0.796651965,0.010311962,0.010311962
