name,effectDays,infectReduct,reduceHosp,reduceIcu,reduceMort,reduceSympt,riskReduct,waneRate,waneRateOut
cur_2,14,0.570344407,0.8989168790000001,0.953811352,0.977264547,0.689932315,0.570344407,0.021738716,0.014060043000000001
cur_2_60,14,0.500638829,0.8704052090000001,0.939745437,0.97011711,0.626937699,0.500638829,0.021738716,0.014060043000000001
cur_2_70,14,0.430968778,0.835358597,0.9217651840000001,0.960822073,0.5593801389999999,0.430968778,0.021738716,0.014060043000000001
cur_3,14,0.566588889,0.897517283,0.953132196,0.976921901,0.686647795,0.566588889,0.022242032999999998,0.01456336
cur_3_60,14,0.496811571,0.868668516,0.93887271,0.9696700890000001,0.623350176,0.496811571,0.022242032999999998,0.01456336
cur_3_70,14,0.427218466,0.833242226,0.9206540209999999,0.960241705,0.555603458,0.427218466,0.022242032999999998,0.01456336
recover,0,0.764095924,0.847193622,0.89369587,0.917067773,0.83573479,0.764095924,0.0035101259999999997,0.0035101259999999997
recover_60,0,0.588806107,0.710234178,0.787985562,0.830182559,0.69223587,0.588806107,0.0035101259999999997,0.0035101259999999997
recover_70,0,0.588806107,0.710234178,0.787985562,0.830182559,0.69223587,0.588806107,0.0035101259999999997,0.0035101259999999997
