name,effectDays,infectReduct,reduceHosp,reduceIcu,reduceMort,reduceSympt,riskReduct,waneRate,waneRateOut
cur_2,14,0.46732479200000004,0.8560001070000001,0.925460921,0.962747366,0.6550093339999999,0.46732479200000004,0.020199906,0.014577972
cur_2_60,14,0.43411405200000003,0.838655753,0.91565858,0.957623896,0.624087512,0.43411405200000003,0.020199906,0.014577972
cur_2_70,14,0.40148630700000004,0.819663499,0.904700533,0.951831364,0.592121742,0.40148630700000004,0.020199906,0.014577972
cur_3,14,0.559510582,0.895904151,0.947301567,0.973970025,0.7332540470000001,0.559510582,0.008033438,0.002411504
cur_3_60,14,0.526220456,0.882707538,0.9401857690000001,0.970342495,0.706199668,0.526220456,0.008033438,0.002411504
cur_3_70,14,0.492697372,0.8680850990000001,0.9321783790000001,0.966227197,0.6776093440000001,0.492697372,0.008033438,0.002411504
recover,0,0.9450963659999999,0.98806014,0.9942476140000001,0.9972281690000001,0.963544817,0.9450963659999999,0.006453459,0.006453459
recover_60,0,0.90942054,0.983087022,0.9918303559999999,0.99605843,0.948888925,0.90942054,0.006453459,0.006453459
recover_70,0,0.776481457,0.95890953,0.979896065,0.990239768,0.8817069470000001,0.776481457,0.006453459,0.006453459
