name,effectDays,infectReduct,reduceHosp,reduceIcu,reduceMort,reduceSympt,riskReduct,waneRate,waneRateOut
cur_2,14,0.528312097,0.8828126620000001,0.94399555,0.972288102,0.672482354,0.528312097,0.02029282,0.012144233
cur_2_60,14,0.5048757429999999,0.872747515,0.938821195,0.9696436890000001,0.651483812,0.5048757429999999,0.02029282,0.012144233
cur_2_70,14,0.481403308,0.861946085,0.933198945,0.966753676,0.629866277,0.481403308,0.02029282,0.012144233
cur_3,14,0.5611208000000001,0.895825805,0.95059482,0.975639558,0.700939627,0.5611208000000001,0.015941839,0.007793252
cur_3_60,14,0.537888712,0.886734949,0.945995303,0.973306179,0.6808998479999999,0.537888712,0.015941839,0.007793252
cur_3_70,14,0.514476266,0.876953407,0.940990905,0.97075433,0.6601551139999999,0.514476266,0.015941839,0.007793252
recover,0,0.924788776,0.991704026,0.996275182,0.998207063,0.970221827,0.924788776,0.0054903140000000005,0.0054903140000000005
recover_60,0,0.897035038,0.990484079,0.995724539,0.9979414209999999,0.9659513240000001,0.897035038,0.0054903140000000005,0.0054903140000000005
recover_70,0,0.77886411,0.980246746,0.991074145,0.9956918840000001,0.931155815,0.77886411,0.0054903140000000005,0.0054903140000000005
