name,effectDays,infectReduct,reduceHosp,reduceIcu,reduceMort,reduceSympt,riskReduct,waneRate,waneRateOut
cur_2,14,0.36885008700000005,0.801483042,0.875562194,0.936085475,0.661794427,0.36885008700000005,0.02070149,0.011656245
cur_2_60,14,0.337370044,0.7786309709999999,0.859745399,0.927322998,0.630279922,0.337370044,0.02070149,0.011656245
cur_2_70,14,0.307271521,0.75395831,0.842282092,0.917466132,0.597617517,0.307271521,0.02070149,0.011656245
cur_3,14,0.400870805,0.8221385920000001,0.88957185,0.943719199,0.691387951,0.400870805,0.016252776,0.007207531
cur_3_60,14,0.368252426,0.8010741140000001,0.875282117,0.9359316520000001,0.661219381,0.368252426,0.016252776,0.007207531
cur_3_70,14,0.33679911799999995,0.7781902740000001,0.8594370309999999,0.9271506190000001,0.62968435,0.33679911799999995,0.016252776,0.007207531
recover,0,0.836813052,0.897928093,0.880264484,0.927206199,0.8883912959999999,0.836813052,0.004311734,0.004311734
recover_60,0,0.761549059,0.845652143,0.8207480640000001,0.8880555929999999,0.83214414,0.761549059,0.004311734,0.004311734
recover_70,0,0.761549059,0.845652143,0.8207480640000001,0.8880555929999999,0.83214414,0.761549059,0.004311734,0.004311734
