name,effectDays,infectReduct,reduceHosp,reduceIcu,reduceMort,reduceSympt,riskReduct,waneRate,waneRateOut
cur_2,14,0.441274386,0.843175517,0.914881147,0.957215211,0.6551258560000001,0.441274386,0.020245545,0.010439486999999999
cur_2_60,14,0.397905991,0.818146755,0.8999383190000001,0.9492923209999999,0.6138303070000001,0.397905991,0.020245545,0.010439486999999999
cur_2_70,14,0.356101559,0.7901308770000001,0.882716727,0.939998696,0.570848635,0.356101559,0.020245545,0.010439486999999999
cur_3,14,0.522001588,0.88143634,0.936955825,0.968686765,0.724262119,0.522001588,0.009591687,-0.00021437099999999998
cur_3_60,14,0.477479504,0.8615109559999999,0.925573003,0.9628056340000001,0.687293522,0.477479504,0.009591687,-0.00021437099999999998
cur_3_70,14,0.433331808,0.838859873,0.912333603,0.9558735829999999,0.647796905,0.433331808,0.009591687,-0.00021437099999999998
recover,0,0.879405077,0.906900578,0.930321293,0.955320281,0.907613703,0.879405077,0.005900971999999999,0.005900971999999999
recover_60,0,0.757786838,0.8069231840000001,0.8513730270000001,0.901703956,0.8082401929999999,0.757786838,0.005900971999999999,0.005900971999999999
recover_70,0,0.757786838,0.8069231840000001,0.8513730270000001,0.901703956,0.8082401929999999,0.757786838,0.005900971999999999,0.005900971999999999
