name,effectDays,infectReduct,reduceHosp,reduceIcu,reduceMort,reduceSympt,riskReduct,waneRate,waneRateOut
cur_2,14,0.49334880600000003,0.8677803059999999,0.935058772,0.96771162,0.6517962970000001,0.49334880600000003,0.020801398999999998,0.016856017
cur_2_60,14,0.448953074,0.8459494009999999,0.923355145,0.9616513059999999,0.610318014,0.448953074,0.020801398999999998,0.016856017
cur_2_70,14,0.405375156,0.821268041,0.909752387,0.954510422,0.567199209,0.405375156,0.020801398999999998,0.016856017
cur_3,14,0.557105388,0.894495156,0.9489793040000001,0.9748212959999999,0.707437993,0.557105388,0.01238401,0.008438628
cur_3_60,14,0.512779048,0.876447145,0.9396224259999999,0.970054128,0.6692241489999999,0.512779048,0.01238401,0.008438628
cur_3_70,14,0.468270491,0.8558192179999999,0.928683762,0.964420035,0.628657541,0.468270491,0.01238401,0.008438628
recover,0,0.9338643670000001,0.9879978640000001,0.994493196,0.9973468440000001,0.9591470999999999,0.9338643670000001,0.009433195,0.009433195
recover_60,0,0.8558641840000001,0.982999253,0.992178325,0.9962269979999999,0.94282812,0.8558641840000001,0.009433195,0.009433195
recover_70,0,0.612620637,0.9587015659999999,0.9807424790000001,0.990654846,0.868781294,0.612620637,0.009433195,0.009433195
