name,effectDays,infectReduct,reduceHosp,reduceIcu,reduceMort,reduceSympt,riskReduct,waneRate,waneRateOut
cur_2,14,0.515712582,0.878281475,0.9377542090000001,0.9690965659999999,0.6975759029999999,0.515712582,0.021696485,0.014310816
cur_2_60,14,0.467061997,0.8558748070000001,0.925365287,0.9626976420000001,0.654971992,0.467061997,0.021696485,0.014310816
cur_2_70,14,0.41905567,0.830156065,0.9107538820000001,0.955039775,0.6097493660000001,0.41905567,0.021696485,0.014310816
cur_3,14,0.531718289,0.884976908,0.9413964840000001,0.9709616529999999,0.7109399940000001,0.531718289,0.019586697,0.012201028000000001
cur_3_60,14,0.48306389,0.863611375,0.929678129,0.9649349429999999,0.669326302,0.48306389,0.019586697,0.012201028000000001
cur_3_70,14,0.434754552,0.839013523,0.9158342629999999,0.9577162020000001,0.624907632,0.434754552,0.019586697,0.012201028000000001
recover,0,0.863798493,0.91568194,0.932700185,0.949125452,0.894381862,0.863798493,0.005193281,0.005193281
recover_60,0,0.7540052559999999,0.839963714,0.870096405,0.900165367,0.80363781,0.7540052559999999,0.005193281,0.005193281
recover_70,0,0.7540052559999999,0.839963714,0.870096405,0.900165367,0.80363781,0.7540052559999999,0.005193281,0.005193281
