name,effectDays,infectReduct,reduceHosp,reduceIcu,reduceMort,reduceSympt,riskReduct,waneRate,waneRateOut
cur_2,14,0.404574728,0.824250963,0.8917892040000001,0.94491662,0.690424101,0.404574728,0.021848831000000003,0.015154673
cur_2_60,14,0.330918514,0.7734374509999999,0.857117743,0.925852212,0.618811924,0.330918514,0.021848831000000003,0.015154673
cur_2_70,14,0.26477005,0.713109799,0.813705005,0.9009090759999999,0.541708005,0.26477005,0.021848831000000003,0.015154673
cur_3,14,0.454499535,0.851870883,0.9099546479999999,0.954617376,0.732243559,0.454499535,0.015144195,0.008450038
cur_3_60,14,0.377516928,0.807174837,0.880322433,0.9386925740000001,0.665620067,0.377516928,0.015144195,0.008450038
cur_3_70,14,0.30631819899999996,0.75296124,0.842665922,0.917684872,0.591737618,0.30631819899999996,0.015144195,0.008450038
recover,0,0.83158241,0.881351983,0.901940427,0.897890017,0.8623438809999999,0.83158241,0.004594577,0.004594577
recover_60,0,0.683425556,0.764582835,0.800855326,0.793585097,0.7325445009999999,0.683425556,0.004594577,0.004594577
recover_70,0,0.683425556,0.764582835,0.800855326,0.793585097,0.7325445009999999,0.683425556,0.004594577,0.004594577
