name,effectDays,infectReduct,reduceHosp,reduceIcu,reduceMort,reduceSympt,riskReduct,waneRate,waneRateOut
cur_2,14,0.40342592899999996,0.822755632,0.895701781,0.947022383,0.662218737,0.40342592899999996,0.021434072999999998,0.01405751
cur_2_60,14,0.389409323,0.814050092,0.89010049,0.9440049420000001,0.648992169,0.389409323,0.021434072999999998,0.01405751
cur_2_70,14,0.37554587899999997,0.805000065,0.884225371,0.9408199079999999,0.635505823,0.37554587899999997,0.021434072999999998,0.01405751
cur_3,14,0.433050648,0.839824798,0.906543969,0.952810672,0.688902335,0.433050648,0.017429846000000002,0.010053284000000001
cur_3_60,14,0.41872719999999997,0.8317862220000001,0.9014608959999999,0.950105545,0.6762097429999999,0.41872719999999997,0.017429846000000002,0.010053284000000001
cur_3_70,14,0.40451148200000003,0.823412148,0.896122216,0.947248125,0.663226487,0.40451148200000003,0.017429846000000002,0.010053284000000001
recover,0,0.8226292620000001,0.889936085,0.883259364,0.904415163,0.866011275,0.8226292620000001,0.004401475,0.004401475
recover_60,0,0.716188719,0.814792865,0.804558861,0.8373504759999999,0.7785976790000001,0.716188719,0.004401475,0.004401475
recover_70,0,0.716188719,0.814792865,0.804558861,0.8373504759999999,0.7785976790000001,0.716188719,0.004401475,0.004401475
