name,effectDays,infectReduct,reduceHosp,reduceIcu,reduceMort,reduceSympt,riskReduct,waneRate,waneRateOut
cur_2,14,0.364925989,0.797977222,0.8782325320000001,0.937549667,0.6322778029999999,0.364925989,0.021629153999999998,0.008994296
cur_2_60,14,0.332181532,0.773715609,0.8619415570000001,0.928548942,0.598138133,0.332181532,0.021629153999999998,0.008994296
cur_2_70,14,0.300987698,0.747466889,0.8438616659999999,0.918365703,0.5630252689999999,0.300987698,0.021629153999999998,0.008994296
cur_3,14,0.46063611600000004,0.854453259,0.914672017,0.957105216,0.71874927,0.46063611600000004,0.008601266,-0.004033592
cur_3_60,14,0.425051567,0.835576532,0.902716161,0.9507749759999999,0.6886848940000001,0.425051567,0.008601266,-0.004033592
cur_3_70,14,0.39023273700000005,0.8147858440000001,0.8892901879999999,0.943566885,0.656946024,0.39023273700000005,0.008601266,-0.004033592
recover,0,0.815894448,0.876395019,0.909730893,0.923933314,0.851133331,0.815894448,0.003724085,0.003724085
recover_60,0,0.680864192,0.773415145,0.829108747,0.8539595090000001,0.7335067909999999,0.680864192,0.003724085,0.003724085
recover_70,0,0.680864192,0.773415145,0.829108747,0.8539595090000001,0.7335067909999999,0.680864192,0.003724085,0.003724085
