name,effectDays,infectReduct,reduceHosp,reduceIcu,reduceMort,reduceSympt,riskReduct,waneRate,waneRateOut
cur_2,14,0.318734767,0.7654384809999999,0.83872605,0.91543506,0.6602555,0.318734767,0.021771416000000002,0.007903107
cur_2_60,14,0.27859534399999997,0.72926239,0.8110630129999999,0.89935082,0.615995537,0.27859534399999997,0.021771416000000002,0.007903107
cur_2_70,14,0.241735864,0.689789895,0.779917546,0.880616995,0.569751975,0.241735864,0.021771416000000002,0.007903107
cur_3,14,0.357847116,0.7953698109999999,0.8610037009999999,0.928025779,0.69831879,0.357847116,0.016022205,0.002153896
cur_3_60,14,0.315060023,0.7623769109999999,0.836416622,0.9141116109999999,0.65643726,0.315060023,0.016022205,0.002153896
cur_3_70,14,0.275216627,0.725917866,0.808463598,0.89781304,0.611996244,0.275216627,0.016022205,0.002153896
recover,0,0.878624317,0.9223910240000001,0.9503067390000001,0.960669329,0.885077008,0.878624317,0.0054921480000000005,0.0054921480000000005
recover_60,0,0.794931646,0.864213033,0.911036873,0.928976427,0.804845426,0.794931646,0.0054921480000000005,0.0054921480000000005
recover_70,0,0.794931646,0.864213033,0.911036873,0.928976427,0.804845426,0.794931646,0.0054921480000000005,0.0054921480000000005
