name,effectDays,infectReduct,reduceHosp,reduceIcu,reduceMort,reduceSympt,riskReduct,waneRate,waneRateOut
cur_2,14,0.46429133100000003,0.855156833,0.9214388020000001,0.9606516740000001,0.679109537,0.46429133100000003,0.022367106,0.009467214
cur_2_60,14,0.419647731,0.8312471490000001,0.9072842179999999,0.953203369,0.6384265,0.419647731,0.022367106,0.009467214
cur_2_70,14,0.37630128799999996,0.804307058,0.890889514,0.94443112,0.595676775,0.37630128799999996,0.022367106,0.009467214
cur_3,14,0.48615876799999996,0.865684908,0.927557231,0.9638360220000001,0.6979135059999999,0.48615876799999996,0.019483845,0.006583953000000001
cur_3_60,14,0.441144004,0.843194454,0.914402615,0.956963483,0.6584153420000001,0.441144004,0.019483845,0.006583953000000001
cur_3_70,14,0.39709643200000005,0.8177434709999999,0.8991266929999999,0.948858268,0.6166097110000001,0.39709643200000005,0.019483845,0.006583953000000001
recover,0,0.929455988,0.988123282,0.9939861170000001,0.99710177,0.967556595,0.929455988,0.004192453,0.004192453
recover_60,0,0.922549092,0.9831760159999999,0.991459917,0.9958789090000001,0.9544372729999999,0.922549092,0.004192453,0.004192453
recover_70,0,0.8540596709999999,0.9591204529999999,0.978995944,0.989797948,0.8937314609999999,0.8540596709999999,0.004192453,0.004192453
