name,effectDays,infectReduct,reduceHosp,reduceIcu,reduceMort,reduceSympt,riskReduct,waneRate,waneRateOut
cur_2,14,0.552194417,0.892152913,0.9499041509999999,0.975289906,0.680786769,0.552194417,0.020727038,0.015485200000000001
cur_2_60,14,0.502302116,0.87130992,0.939465091,0.969973559,0.635771393,0.502302116,0.020727038,0.015485200000000001
cur_2_70,14,0.452392433,0.847143856,0.9270256370000001,0.963560188,0.5882752520000001,0.452392433,0.020727038,0.015485200000000001
cur_3,14,0.535712153,0.885590895,0.9466458959999999,0.973636927,0.666176242,0.535712153,0.022911655,0.017669816
cur_3_60,14,0.48569385200000004,0.863673487,0.9355739240000001,0.9679766209999999,0.620249791,0.48569385200000004,0.022911655,0.017669816
cur_3_70,14,0.435988779,0.838339478,0.9224009120000001,0.9611538040000001,0.572091895,0.435988779,0.022911655,0.017669816
recover,0,0.836703098,0.8961507740000001,0.9144771999999999,0.9333655679999999,0.866639884,0.836703098,0.00435653,0.00435653
recover_60,0,0.6992436670000001,0.7965659709999999,0.829115154,0.8640537159999999,0.7467531609999999,0.6992436670000001,0.00435653,0.00435653
recover_70,0,0.6992436670000001,0.7965659709999999,0.829115154,0.8640537159999999,0.7467531609999999,0.6992436670000001,0.00435653,0.00435653
