name,effectDays,infectReduct,reduceHosp,reduceIcu,reduceMort,reduceSympt,riskReduct,waneRate,waneRateOut
cur_2,14,0.540835684,0.887618417,0.947862249,0.9742546809999999,0.6685166020000001,0.540835684,0.02022414,0.013296128
cur_2_60,14,0.504218029,0.872116911,0.940109871,0.9703036540000001,0.635213438,0.504218029,0.02022414,0.013296128
cur_2_70,14,0.467561985,0.854830346,0.9312901290000001,0.965768503,0.600570216,0.467561985,0.02022414,0.013296128
cur_3,14,0.568703331,0.898393187,0.953165805,0.9769388640000001,0.693033318,0.568703331,0.016513827,0.009585815
cur_3_60,14,0.53238656,0.88418399,0.946157219,0.973388515,0.660944038,0.53238656,0.016513827,0.009585815
cur_3_70,14,0.495730304,0.8682822309999999,0.93816947,0.9693095759999999,0.6273107170000001,0.495730304,0.016513827,0.009585815
recover,0,0.919591052,0.9879366940000001,0.994723115,0.997457923,0.954361549,0.919591052,0.004452828,0.004452828
recover_60,0,0.870789632,0.982913048,0.9925041640000001,0.99638479,0.9362579870000001,0.870789632,0.004452828,0.004452828
recover_70,0,0.7015903720000001,0.958497357,0.9815358540000001,0.9910435790000001,0.855010365,0.7015903720000001,0.004452828,0.004452828
