name,effectDays,infectReduct,reduceHosp,reduceIcu,reduceMort,reduceSympt,riskReduct,waneRate,waneRateOut
cur_2,14,0.61688478,0.914209465,0.965188486,0.982967875,0.672320452,0.61688478,0.020772008,0.019246541000000002
cur_2_60,14,0.561721673,0.894538018,0.95665208,0.978695058,0.62022534,0.561721673,0.020772008,0.019246541000000002
cur_2_70,14,0.5050295,0.8710105229999999,0.946147385,0.973383515,0.565243656,0.5050295,0.020772008,0.019246541000000002
cur_3,14,0.676608867,0.932644239,0.972992442,0.9868404359999999,0.72722394,0.676608867,0.012162111000000001,0.010636645
cur_3_60,14,0.6248150720000001,0.9168151959999999,0.966302894,0.983522835,0.679699057,0.6248150720000001,0.012162111000000001,0.010636645
cur_3_70,14,0.570037225,0.897689101,0.958034332,0.97938956,0.628165661,0.570037225,0.012162111000000001,0.010636645
recover,0,0.85130969,0.886916101,0.9212078570000001,0.956075542,0.894820817,0.85130969,0.005103945,0.005103945
recover_60,0,0.7334159659999999,0.79029982,0.848898218,0.912733625,0.8034615620000001,0.7334159659999999,0.005103945,0.005103945
recover_70,0,0.7334159659999999,0.79029982,0.848898218,0.912733625,0.8034615620000001,0.7334159659999999,0.005103945,0.005103945
