name,effectDays,infectReduct,reduceHosp,reduceIcu,reduceMort,reduceSympt,riskReduct,waneRate,waneRateOut
cur_2,14,0.46668604399999997,0.855200869,0.927501343,0.96380703,0.6343098460000001,0.46668604399999997,0.019807243999999998,0.013744518
cur_2_60,14,0.430243156,0.83597547,0.916943183,0.958298435,0.599491195,0.430243156,0.019807243999999998,0.013744518
cur_2_70,14,0.394547625,0.8147547279999999,0.905007363,0.9519945009999999,0.563645037,0.394547625,0.019807243999999998,0.013744518
cur_3,14,0.54391348,0.889490771,0.9457557529999999,0.9731843379999999,0.7027259090000001,0.54391348,0.009629889,0.003567163
cur_3_60,14,0.507175018,0.8741481529999999,0.9376773970000001,0.969057155,0.671043123,0.507175018,0.009629889,0.003567163
cur_3_70,14,0.470366058,0.857021358,0.928488843,0.964319037,0.637731069,0.470366058,0.009629889,0.003567163
recover,0,0.9197580390000001,0.988014009,0.99443067,0.997316632,0.960331478,0.9197580390000001,0.012073783999999999,0.012073783999999999
recover_60,0,0.864351512,0.9830220059999999,0.992089723,0.9961840820000001,0.9444582109999999,0.864351512,0.012073783999999999,0.012073783999999999
recover_70,0,0.6796560290000001,0.958755473,0.980526879,0.990549151,0.8722365209999999,0.6796560290000001,0.012073783999999999,0.012073783999999999
