name,effectDays,infectReduct,reduceHosp,reduceIcu,reduceMort,reduceSympt,riskReduct,waneRate,waneRateOut
cur_2,14,0.555029908,0.892843774,0.9520978609999999,0.976399586,0.662110721,0.555029908,0.019897215,0.016217868
cur_2_60,14,0.552288798,0.891777906,0.951589428,0.976142628,0.6596247239999999,0.552288798,0.019897215,0.016217868
cur_2_70,14,0.54949657,0.890683881,0.9510668640000001,0.975878383,0.657086276,0.54949657,0.019897215,0.016217868
cur_3,14,0.576069574,0.9007662809999999,0.955856066,0.9782946440000001,0.680997282,0.576069574,0.017081516,0.013402168999999998
cur_3_60,14,0.573358446,0.8997703709999999,0.9553856540000001,0.978057855,0.678582786,0.573358446,0.017081516,0.013402168999999998
cur_3_70,14,0.570595455,0.898747968,0.9549021259999999,0.977814341,0.676116301,0.570595455,0.017081516,0.013402168999999998
recover,0,0.8514548000000001,0.908954459,0.91670516,0.943627952,0.8632099390000001,0.8514548000000001,0.004476829,0.004476829
recover_60,0,0.721166227,0.8183386309999999,0.832380902,0.8830830359999999,0.7400844059999999,0.721166227,0.004476829,0.004476829
recover_70,0,0.721166227,0.8183386309999999,0.832380902,0.8830830359999999,0.7400844059999999,0.721166227,0.004476829,0.004476829
