name,effectDays,infectReduct,reduceHosp,reduceIcu,reduceMort,reduceSympt,riskReduct,waneRate,waneRateOut
cur_2,14,0.39610624299999997,0.8171267320000001,0.898746972,0.948655063,0.615657891,0.39610624299999997,0.019730473999999998,0.012496337
cur_2_60,14,0.367736413,0.79847282,0.887270103,0.9424731040000001,0.586844108,0.367736413,0.019730473999999998,0.012496337
cur_2_70,14,0.34025013600000004,0.7784293790000001,0.874672039,0.935596422,0.557419187,0.34025013600000004,0.019730473999999998,0.012496337
cur_3,14,0.48774926,0.866424008,0.927981046,0.964055819,0.699277852,0.48774926,0.007477223000000001,0.000243086
cur_3_60,14,0.457791465,0.851887167,0.9195210909999999,0.959649248,0.6734074659999999,0.457791465,0.007477223000000001,0.000243086
cur_3_70,14,0.428131989,0.836065493,0.910162287,0.9547271490000001,0.646433217,0.428131989,0.007477223000000001,0.000243086
recover,0,0.944038087,0.988123341,0.9939858659999999,0.9971016490000001,0.967560152,0.944038087,0.0020140839999999998,0.0020140839999999998
recover_60,0,0.9086459290000001,0.983176099,0.991459561,0.9958787370000001,0.9544421999999999,0.9086459290000001,0.0020140839999999998,0.0020140839999999998
recover_70,0,0.776361374,0.95912065,0.978995081,0.9897975240000001,0.893742223,0.776361374,0.0020140839999999998,0.0020140839999999998
