name,effectDays,infectReduct,reduceHosp,reduceIcu,reduceMort,reduceSympt,riskReduct,waneRate,waneRateOut
cur_2,14,0.509154113,0.874734318,0.9393744559999999,0.96992714,0.659885002,0.509154113,0.020348604,0.015967956000000002
cur_2_60,14,0.46793845799999995,0.8555041729999999,0.929265098,0.964721132,0.62192781,0.46793845799999995,0.020348604,0.015967956000000002
cur_2_70,14,0.427169785,0.8338905040000001,0.91762218,0.958654593,0.58242918,0.427169785,0.020348604,0.015967956000000002
cur_3,14,0.558653057,0.8949714940000001,0.9497684390000001,0.9752211709999999,0.7030488220000001,0.558653057,0.013803613000000001,0.009422965
cur_3_60,14,0.517656262,0.87841624,0.94128395,0.970904137,0.667481388,0.517656262,0.013803613000000001,0.009422965
cur_3_70,14,0.47643472,0.8596675770000001,0.931473443,0.965863203,0.629909885,0.47643472,0.013803613000000001,0.009422965
recover,0,0.8429907259999999,0.87951505,0.9359559709999999,0.933041511,0.862325675,0.8429907259999999,0.004300349,0.004300349
recover_60,0,0.759999412,0.811512947,0.896044098,0.8915238670000001,0.786971702,0.759999412,0.004300349,0.004300349
recover_70,0,0.759999412,0.811512947,0.896044098,0.8915238670000001,0.786971702,0.759999412,0.004300349,0.004300349
