name,effectDays,infectReduct,reduceHosp,reduceIcu,reduceMort,reduceSympt,riskReduct,waneRate,waneRateOut
cur_2,14,0.454931851,0.850160887,0.9199558870000001,0.959876708,0.6604021929999999,0.454931851,0.020606552,0.013857878
cur_2_60,14,0.429941824,0.8367903740000001,0.9121699409999999,0.955787266,0.6373224829999999,0.429941824,0.020606552,0.013857878
cur_2_70,14,0.405292592,0.822469124,0.9037018809999999,0.9513000140000001,0.6135809879999999,0.405292592,0.020606552,0.013857878
cur_3,14,0.512030167,0.877046808,0.9352718459999999,0.967821246,0.7097108609999999,0.512030167,0.013081298,0.006332623000000001
cur_3_60,14,0.48670429600000004,0.865696395,0.9288604890000001,0.9645115890000001,0.688401101,0.48670429600000004,0.013081298,0.006332623000000001
cur_3_70,14,0.46143497,0.8534674179999999,0.9218637909999999,0.9608735420000001,0.6662523020000001,0.46143497,0.013081298,0.006332623000000001
recover,0,0.894107805,0.914695715,0.9373991009999999,0.971373418,0.929128451,0.894107805,0.006477593,0.006477593
recover_60,0,0.81597463,0.849191205,0.887178004,0.946862957,0.8731700109999999,0.81597463,0.006477593,0.006477593
recover_70,0,0.81597463,0.849191205,0.887178004,0.946862957,0.8731700109999999,0.81597463,0.006477593,0.006477593
