name,effectDays,infectReduct,reduceHosp,reduceIcu,reduceMort,reduceSympt,riskReduct,waneRate,waneRateOut
cur_2,14,0.37056023200000004,0.8029928909999999,0.874379687,0.9354356970000001,0.6742873079999999,0.37056023200000004,0.022129942000000003,0.009373278
cur_2_60,14,0.327098916,0.7709325690000001,0.851792443,0.92285812,0.630909151,0.327098916,0.022129942000000003,0.009373278
cur_2_70,14,0.28643608600000003,0.7353938329999999,0.8259667740000001,0.908079538,0.585331316,0.28643608600000003,0.022129942000000003,0.009373278
cur_3,14,0.421878598,0.834774982,0.8961349540000001,0.947254963,0.719581867,0.421878598,0.015069738000000001,0.002313074
cur_3_60,14,0.375993753,0.8066413459999999,0.876908757,0.936824361,0.6793675690000001,0.375993753,0.015069738000000001,0.002313074
cur_3_70,14,0.332253869,0.775025958,0.854713191,0.924502498,0.63632436,0.332253869,0.015069738000000001,0.002313074
recover,0,0.852528708,0.905854009,0.9160227459999999,0.94442735,0.9037062440000001,0.852528708,0.005502903000000001,0.005502903000000001
recover_60,0,0.748466319,0.8320054459999999,0.8488193820000001,0.897409186,0.8284919359999999,0.748466319,0.005502903000000001,0.005502903000000001
recover_70,0,0.748466319,0.8320054459999999,0.8488193820000001,0.897409186,0.8284919359999999,0.748466319,0.005502903000000001,0.005502903000000001
