name,effectDays,infectReduct,reduceHosp,reduceIcu,reduceMort,reduceSympt,riskReduct,waneRate,waneRateOut
cur_2,14,0.46079003799999996,0.8540329990000001,0.917281603,0.958475981,0.7003579329999999,0.46079003799999996,0.020636175,0.014119241000000001
cur_2_60,14,0.42671398899999996,0.835961449,0.90618037,0.95261767,0.670598818,0.42671398899999996,0.020636175,0.014119241000000001
cur_2_70,14,0.39332298299999996,0.816136256,0.893763133,0.945980128,0.639409008,0.39332298299999996,0.020636175,0.014119241000000001
cur_3,14,0.47060506799999996,0.858882145,0.9202258459999999,0.96001788,0.708570195,0.47060506799999996,0.019339286,0.012822351000000001
cur_3_60,14,0.436390612,0.8412993879999999,0.909480753,0.9543667459999999,0.679253157,0.436390612,0.019339286,0.012822351000000001
cur_3_70,14,0.402774391,0.8219819420000001,0.8974508959999999,0.947960839,0.648453217,0.402774391,0.019339286,0.012822351000000001
recover,0,0.8719824290000001,0.9237766559999999,0.936368254,0.9524745020000001,0.8697598240000001,0.8719824290000001,0.005308775999999999,0.005308775999999999
recover_60,0,0.7792274709999999,0.862637475,0.88406129,0.9121653609999999,0.775808519,0.7792274709999999,0.005308775999999999,0.005308775999999999
recover_70,0,0.7792274709999999,0.862637475,0.88406129,0.9121653609999999,0.775808519,0.7792274709999999,0.005308775999999999,0.005308775999999999
