name,effectDays,infectReduct,reduceHosp,reduceIcu,reduceMort,reduceSympt,riskReduct,waneRate,waneRateOut
cur_2,14,0.550648908,0.8913507009999999,0.950422105,0.975552145,0.669237544,0.550648908,0.021338081000000002,0.016035937
cur_2_60,14,0.510048606,0.874518997,0.9421476590000001,0.971345399,0.632195132,0.510048606,0.021338081000000002,0.016035937
cur_2_70,14,0.469328831,0.855509187,0.9325935870000001,0.96644146,0.593537038,0.469328831,0.021338081000000002,0.016035937
cur_3,14,0.586548337,0.904739712,0.956883782,0.978811546,0.700810461,0.586548337,0.016524221000000002,0.011222076999999999
cur_3_60,14,0.546520416,0.889725593,0.949630621,0.97515136,0.665536813,0.546520416,0.016524221000000002,0.011222076999999999
cur_3_70,14,0.5058953939999999,0.872684127,0.94123525,0.970879244,0.628322818,0.5058953939999999,0.016524221000000002,0.011222076999999999
recover,0,0.916228382,0.9879174359999999,0.9947932759999999,0.9974918140000001,0.952752777,0.916228382,0.005596389,0.005596389
recover_60,0,0.830719702,0.9828859090000001,0.99260361,0.996432937,0.934055155,0.830719702,0.005596389,0.005596389
recover_70,0,0.579223995,0.958433077,0.9817781409999999,0.991162228,0.8504482309999999,0.579223995,0.005596389,0.005596389
