name,effectDays,infectReduct,reduceHosp,reduceIcu,reduceMort,reduceSympt,riskReduct,waneRate,waneRateOut
cur_2,14,0.528345697,0.88386167,0.939409897,0.969945292,0.7202237340000001,0.528345697,0.021924605,0.012488221
cur_2_60,14,0.488407803,0.86641627,0.929644334,0.964917452,0.686905159,0.488407803,0.021924605,0.012488221
cur_2_70,14,0.4486295,0.8468109229999999,0.918445139,0.9590859140000001,0.651549585,0.4486295,0.021924605,0.012488221
cur_3,14,0.498920214,0.871209447,0.93234595,0.9663136809999999,0.695878553,0.498920214,0.025798259,0.016361874
cur_3_60,14,0.45904179999999994,0.852181373,0.921536954,0.960702924,0.661025255,0.45904179999999994,0.025798259,0.016361874
cur_3_70,14,0.41969312799999997,0.830894611,0.909173314,0.9542040820000001,0.624345468,0.41969312799999997,0.025798259,0.016361874
recover,0,0.881251032,0.919305528,0.9436091120000001,0.930662749,0.9093844320000001,0.881251032,0.0055523659999999996,0.0055523659999999996
recover_60,0,0.715894765,0.7945880190000001,0.8503389690000001,0.820062702,0.7731176409999999,0.715894765,0.0055523659999999996,0.0055523659999999996
recover_70,0,0.715894765,0.7945880190000001,0.8503389690000001,0.820062702,0.7731176409999999,0.715894765,0.0055523659999999996,0.0055523659999999996
