name,effectDays,infectReduct,reduceHosp,reduceIcu,reduceMort,reduceSympt,riskReduct,waneRate,waneRateOut
cur_2,14,0.49771386700000003,0.86990271,0.935528817,0.967953423,0.66163353,0.49771386700000003,0.021503746,0.015375992
cur_2_60,14,0.47392420700000004,0.858737755,0.929539714,0.964863301,0.6399919,0.47392420700000004,0.021503746,0.015375992
cur_2_70,14,0.45023839200000004,0.8467760759999999,0.923036014,0.96148498,0.617752441,0.45023839200000004,0.021503746,0.015375992
cur_3,14,0.506238463,0.87371341,0.937555239,0.96899447,0.669225019,0.506238463,0.020382658,0.014254903999999999
cur_3_60,14,0.482432697,0.8628239190000001,0.931740648,0.966001207,0.647810477,0.482432697,0.020382658,0.014254903999999999
cur_3_70,14,0.458692416,0.851148268,0.9254238020000001,0.9627280659999999,0.625771585,0.458692416,0.020382658,0.014254903999999999
recover,0,0.919739784,0.9880116520000001,0.994439847,0.997321067,0.960160545,0.919739784,0.007127707,0.007127707
recover_60,0,0.855091905,0.983018684,0.992102728,0.9961903809999999,0.9442228509999999,0.855091905,0.007127707,0.007127707
recover_70,0,0.6488853529999999,0.958747603,0.98055852,0.9905646640000001,0.871736682,0.6488853529999999,0.007127707,0.007127707
