name,effectDays,infectReduct,reduceHosp,reduceIcu,reduceMort,reduceSympt,riskReduct,waneRate,waneRateOut
cur_2,14,0.470820532,0.8573997409999999,0.9279066659999999,0.9640172509999999,0.644709661,0.470820532,0.019963599,0.014068952
cur_2_60,14,0.412154951,0.82572763,0.910255305,0.954776318,0.588471785,0.412154951,0.019963599,0.014068952
cur_2_70,14,0.35592376600000003,0.788783639,0.888817575,0.943311206,0.529868118,0.35592376600000003,0.019963599,0.014068952
cur_3,14,0.5483148,0.8913469209999999,0.946123785,0.973371515,0.712299715,0.5483148,0.009748319,0.0038536729999999997
cur_3_60,14,0.488914499,0.8660365720000001,0.932608773,0.966449295,0.661137215,0.488914499,0.009748319,0.0038536729999999997
cur_3_70,14,0.42986896700000005,0.8359398859999999,0.91601807,0.957812757,0.605952379,0.42986896700000005,0.009748319,0.0038536729999999997
recover,0,0.9430045859999999,0.988029005,0.994371882,0.9972882240000001,0.9614034509999999,0.9430045859999999,0.005265572,0.005265572
recover_60,0,0.903929882,0.983043142,0.992006423,0.99614373,0.945934981,0.903929882,0.005265572,0.005265572
recover_70,0,0.7613566959999999,0.958805551,0.98032423,0.990449784,0.87538018,0.7613566959999999,0.005265572,0.005265572
