name,effectDays,infectReduct,reduceHosp,reduceIcu,reduceMort,reduceSympt,riskReduct,waneRate,waneRateOut
cur_2,14,0.61673527,0.914453524,0.9641016809999999,0.9824260309999999,0.6904885940000001,0.61673527,0.021645388999999998,0.019734283000000002
cur_2_60,14,0.603875955,0.910127632,0.962182558,0.981467697,0.67881514,0.603875955,0.021645388999999998,0.019734283000000002
cur_2_70,14,0.590841539,0.905595009,0.960160352,0.980455775,0.666886353,0.590841539,0.021645388999999998,0.019734283000000002
cur_3,14,0.643212044,0.922933302,0.967833209,0.984283845,0.714231152,0.643212044,0.017909974,0.015998868
cur_3_60,14,0.63070915,0.91899823,0.96610656,0.983425111,0.7030680859999999,0.63070915,0.017909974,0.015998868
cur_3_70,14,0.6179991429999999,0.9148711409999999,0.964286394,0.982518167,0.691630862,0.6179991429999999,0.017909974,0.015998868
recover,0,0.927178741,0.9878243729999999,0.995118009,0.997648642,0.944233832,0.927178741,0.008073252,0.008073252
recover_60,0,0.871656051,0.982754769,0.993063956,0.996655752,0.922439366,0.871656051,0.008073252,0.008073252
recover_70,0,0.68630809,0.958122547,0.98290065,0.991711536,0.826835793,0.68630809,0.008073252,0.008073252
