name,effectDays,infectReduct,reduceHosp,reduceIcu,reduceMort,reduceSympt,riskReduct,waneRate,waneRateOut
cur_2,14,0.5285029960000001,0.882985957,0.943634,0.972103803,0.6771439140000001,0.5285029960000001,0.021184542,0.017527536
cur_2_60,14,0.476302489,0.859605652,0.931430605,0.965841075,0.629874933,0.476302489,0.021184542,0.017527536
cur_2_70,14,0.42464621,0.8324583000000001,0.9168278940000001,0.958237936,0.5800095670000001,0.42464621,0.021184542,0.017527536
cur_3,14,0.5418293160000001,0.8884087070000001,0.946416713,0.9735204409999999,0.688743303,0.5418293160000001,0.019423221,0.015766214
cur_3_60,14,0.48967956700000004,0.8659474140000001,0.9347741390000001,0.967565138,0.642275415,0.48967956700000004,0.019423221,0.015766214
cur_3_70,14,0.43778528899999997,0.8397977990000001,0.920822948,0.9603299820000001,0.5930012,0.43778528899999997,0.019423221,0.015766214
recover,0,0.839435204,0.875945374,0.915329827,0.943442065,0.88612366,0.839435204,0.005232031,0.005232031
recover_60,0,0.6925021929999999,0.752575057,0.823222234,0.8778344779999999,0.770220224,0.6925021929999999,0.005232031,0.005232031
recover_70,0,0.6925021929999999,0.752575057,0.823222234,0.8778344779999999,0.770220224,0.6925021929999999,0.005232031,0.005232031
