name,effectDays,infectReduct,reduceHosp,reduceIcu,reduceMort,reduceSympt,riskReduct,waneRate,waneRateOut
cur_2,14,0.46848155,0.856934326,0.924071903,0.96202466,0.67089356,0.46848155,0.02030411,0.010540051000000002
cur_2_60,14,0.440696129,0.842634392,0.9158234279999999,0.9577105090000001,0.6456867629999999,0.440696129,0.02030411,0.010540051000000002
cur_2_70,14,0.413270305,0.8271892340000001,0.9067668409999999,0.952928938,0.61963708,0.413270305,0.02030411,0.010540051000000002
cur_3,14,0.499983069,0.871717547,0.932464428,0.9663748190000001,0.6981287079999999,0.499983069,0.016155941,0.006391882
cur_3_60,14,0.471988394,0.858651519,0.9250537329999999,0.962535618,0.673994257,0.471988394,0.016155941,0.006391882
cur_3_70,14,0.444161662,0.844488285,0.916900127,0.958275842,0.648894084,0.444161662,0.016155941,0.006391882
recover,0,0.856249755,0.9110024179999999,0.925243368,0.9618637390000001,0.895389659,0.856249755,0.005678234,0.005678234
recover_60,0,0.776734035,0.8567047179999999,0.878475103,0.9364314090000001,0.8333094740000001,0.776734035,0.005678234,0.005678234
recover_70,0,0.776734035,0.8567047179999999,0.878475103,0.9364314090000001,0.8333094740000001,0.776734035,0.005678234,0.005678234
