name,effectDays,infectReduct,reduceHosp,reduceIcu,reduceMort,reduceSympt,riskReduct,waneRate,waneRateOut
cur_2,14,0.554661931,0.892847045,0.9514465240000001,0.97607038,0.669409406,0.554661931,0.021761146000000002,0.016782702
cur_2_60,14,0.538532865,0.8864589709999999,0.948349845,0.974502093,0.654850136,0.538532865,0.021761146000000002,0.016782702
cur_2_70,14,0.5222963820000001,0.879730188,0.945061587,0.972831094,0.63997018,0.5222963820000001,0.021761146000000002,0.016782702
cur_3,14,0.579403443,0.902115808,0.9558967970000001,0.97831514,0.6913236890000001,0.579403443,0.018447178,0.013468734
cur_3_60,14,0.563465216,0.896216074,0.9530699509999999,0.976890485,0.677264229,0.563465216,0.018447178,0.013468734
cur_3_70,14,0.54736866,0.889993769,0.950066372,0.975372053,0.662853082,0.54736866,0.018447178,0.013468734
recover,0,0.92730474,0.987909233,0.994822842,0.997506095,0.952052151,0.92730474,0.005061263,0.005061263
recover_60,0,0.824376764,0.98287435,0.992645518,0.996453226,0.933096732,0.824376764,0.005061263,0.005061263
recover_70,0,0.529094881,0.9584057020000001,0.9818802670000001,0.9912122309999999,0.848471814,0.529094881,0.005061263,0.005061263
