name,effectDays,infectReduct,reduceHosp,reduceIcu,reduceMort,reduceSympt,riskReduct,waneRate,waneRateOut
cur_2,14,0.543122413,0.888930476,0.946653457,0.97364077,0.69016625,0.543122413,0.0213977,0.016730866
cur_2_60,14,0.510018465,0.875121631,0.939532927,0.970008298,0.66106787,0.510018465,0.0213977,0.016730866
cur_2_70,14,0.476827654,0.859867224,0.9315310290000001,0.9658929479999999,0.630700136,0.476827654,0.0213977,0.016730866
cur_3,14,0.53500584,0.8856640090000001,0.944979505,0.972789307,0.683137931,0.53500584,0.022471665,0.017804831
cur_3_60,14,0.501853192,0.8715077590000001,0.937650257,0.9690432290000001,0.653710669,0.501853192,0.022471665,0.017804831
cur_3_70,14,0.468685476,0.8558846,0.929417933,0.96480026,0.623059613,0.468685476,0.022471665,0.017804831
recover,0,0.925361788,0.987984379,0.994544825,0.99737179,0.958133184,0.925361788,0.009162327,0.009162327
recover_60,0,0.8570971540000001,0.982980248,0.992251488,0.996262433,0.9414339190000001,0.8570971540000001,0.009162327,0.009162327
recover_70,0,0.641175443,0.958656541,0.980920555,0.9907421259999999,0.8658383270000001,0.641175443,0.009162327,0.009162327
