name,effectDays,infectReduct,reduceHosp,reduceIcu,reduceMort,reduceSympt,riskReduct,waneRate,waneRateOut
cur_2,14,0.541148575,0.8878716879999999,0.9473948,0.974017371,0.67515121,0.541148575,0.019813542,0.01405926
cur_2_60,14,0.533483466,0.884765208,0.945836791,0.9732255590000001,0.668352724,0.533483466,0.019813542,0.01405926
cur_2_70,14,0.525762261,0.881567287,0.944226852,0.9724059690000001,0.661447143,0.525762261,0.019813542,0.01405926
cur_3,14,0.5601615560000001,0.8952975609999999,0.951095789,0.9758930140000001,0.6917742509999999,0.5601615560000001,0.017286955,0.011532673
cur_3_60,14,0.552551441,0.8923718740000001,0.949641565,0.9751569040000001,0.685161425,0.552551441,0.017286955,0.011532673
cur_3_70,14,0.544876591,0.88935865,0.9481385179999999,0.9743948790000001,0.678437445,0.544876591,0.017286955,0.011532673
recover,0,0.9169154079999999,0.9916895859999999,0.996329018,0.998233026,0.969060527,0.9169154079999999,0.009543284,0.009543284
recover_60,0,0.810748253,0.990467537,0.9957863000000001,0.997971224,0.964629552,0.810748253,0.009543284,0.009543284
recover_70,0,0.516958065,0.980212764,0.99120249,0.995754115,0.928583147,0.516958065,0.009543284,0.009543284
