name,effectDays,infectReduct,reduceHosp,reduceIcu,reduceMort,reduceSympt,riskReduct,waneRate,waneRateOut
cur_2,14,0.567955176,0.89890124,0.9497041759999999,0.97518862,0.732121263,0.567955176,0.020287468,0.015544298
cur_2_60,14,0.530444359,0.884268759,0.941949787,0.971244344,0.7013692979999999,0.530444359,0.020287468,0.015544298
cur_2_70,14,0.492595269,0.867833923,0.933086317,0.966695603,0.668692532,0.492595269,0.020287468,0.015544298
cur_3,14,0.520607411,0.8801697390000001,0.9397545509999999,0.9701217759999999,0.693040998,0.520607411,0.02656813,0.021824958999999998
cur_3_60,14,0.482729741,0.863238636,0.930578305,0.9654005999999999,0.65988686,0.482729741,0.02656813,0.021824958999999998
cur_3_70,14,0.445058274,0.844343044,0.920125796,0.959965565,0.625097282,0.445058274,0.02656813,0.021824958999999998
recover,0,0.9114187640000001,0.9399528090000001,0.9639224609999999,0.9637707809999999,0.931279874,0.9114187640000001,0.00739262,0.00739262
recover_60,0,0.794893538,0.854991044,0.909614494,0.9092559840000001,0.836185301,0.794893538,0.00739262,0.00739262
recover_70,0,0.794893538,0.854991044,0.909614494,0.9092559840000001,0.836185301,0.794893538,0.00739262,0.00739262
