name,effectDays,infectReduct,reduceHosp,reduceIcu,reduceMort,reduceSympt,riskReduct,waneRate,waneRateOut
cur_2,14,0.563309695,0.896433189,0.951922032,0.9763107390000001,0.691553055,0.563309695,0.022324406,0.017478446
cur_2_60,14,0.538232723,0.88663609,0.947064039,0.973849381,0.6695199629999999,0.538232723,0.022324406,0.017478446
cur_2_70,14,0.512949188,0.876035337,0.94174267,0.9711385440000001,0.6467064220000001,0.512949188,0.022324406,0.017478446
cur_3,14,0.57617313,0.9012049040000001,0.954267593,0.977494588,0.7026330470000001,0.57617313,0.020599107,0.015753147
cur_3_60,14,0.551246379,0.891804715,0.949634065,0.9751531040000001,0.681026365,0.551246379,0.020599107,0.015753147
cur_3_70,14,0.526047943,0.881622754,0.944555922,0.9725736079999999,0.658602101,0.526047943,0.020599107,0.015753147
recover,0,0.949601184,0.9879446409999999,0.9946938559999999,0.9974437890000001,0.955010817,0.949601184,0.0059912640000000005,0.0059912640000000005
recover_60,0,0.8879054259999999,0.982924248,0.9924626959999999,0.9963647109999999,0.937147842,0.8879054259999999,0.0059912640000000005,0.0059912640000000005
recover_70,0,0.678367726,0.958523885,0.9814348420000001,0.990994103,0.85686105,0.678367726,0.0059912640000000005,0.0059912640000000005
