name,effectDays,infectReduct,reduceHosp,reduceIcu,reduceMort,reduceSympt,riskReduct,waneRate,waneRateOut
cur_2,14,0.506559863,0.8742252229999999,0.935972428,0.9681815159999999,0.6860219559999999,0.506559863,0.021664002,0.016915745
cur_2_60,14,0.475300744,0.859811682,0.928052642,0.964092939,0.658466553,0.475300744,0.021664002,0.016915745
cur_2_70,14,0.444232096,0.844040043,0.919237194,0.959500673,0.62979606,0.444232096,0.021664002,0.016915745
cur_3,14,0.515606804,0.878152687,0.938108267,0.969278188,0.693767679,0.515606804,0.02047365,0.015725392
cur_3_60,14,0.48433738600000004,0.86411927,0.930433035,0.965325483,0.6665616520000001,0.48433738600000004,0.02047365,0.015725392
cur_3_70,14,0.453188233,0.848746997,0.921884698,0.9608844540000001,0.638197324,0.453188233,0.02047365,0.015725392
recover,0,0.823907403,0.870032866,0.91726911,0.9268679759999999,0.870769662,0.823907403,0.004230016,0.004230016
recover_60,0,0.6922556240000001,0.76294378,0.842034652,0.859020998,0.764123082,0.6922556240000001,0.004230016,0.004230016
recover_70,0,0.6922556240000001,0.76294378,0.842034652,0.859020998,0.764123082,0.6922556240000001,0.004230016,0.004230016
