name,effectDays,infectReduct,reduceHosp,reduceIcu,reduceMort,reduceSympt,riskReduct,waneRate,waneRateOut
cur_2,14,0.456917091,0.8514579990000001,0.9191821290000001,0.959471849,0.673255242,0.456917091,0.020900863999999998,0.013385148999999999
cur_2_60,14,0.40861536200000004,0.824790947,0.903292359,0.951081953,0.628552705,0.40861536200000004,0.020900863999999998,0.013385148999999999
cur_2_70,14,0.362041324,0.7945098540000001,0.884681625,0.9410679940000001,0.581562303,0.362041324,0.020900863999999998,0.013385148999999999
cur_3,14,0.501237543,0.872560766,0.931438332,0.965845066,0.711084176,0.501237543,0.015058336,0.007542620999999999
cur_3_60,14,0.45215134100000004,0.8490103809999999,0.917742636,0.9587177490000001,0.669012718,0.45215134100000004,0.015058336,0.007542620999999999
cur_3_70,14,0.40400502299999996,0.822011805,0.9016098579999999,0.9501850340000001,0.6240795570000001,0.40400502299999996,0.015058336,0.007542620999999999
recover,0,0.857278318,0.910363024,0.909749574,0.9436532540000001,0.886610095,0.857278318,0.005098299000000001,0.005098299000000001
recover_60,0,0.765079985,0.846309547,0.8453322090000001,0.9007962620000001,0.809141588,0.765079985,0.005098299000000001,0.005098299000000001
recover_70,0,0.765079985,0.846309547,0.8453322090000001,0.9007962620000001,0.809141588,0.765079985,0.005098299000000001,0.005098299000000001
