name,effectDays,infectReduct,reduceHosp,reduceIcu,reduceMort,reduceSympt,riskReduct,waneRate,waneRateOut
cur_2,14,0.471004531,0.858014877,0.9255224240000001,0.96277934,0.666721132,0.471004531,0.021495929,0.015703375
cur_2_60,14,0.44099526899999997,0.8426246009999999,0.9167394640000001,0.9581915259999999,0.639312316,0.44099526899999997,0.021495929,0.015703375
cur_2_70,14,0.41140753,0.8259025440000001,0.907023591,0.9530651440000001,0.610961272,0.41140753,0.021495929,0.015703375
cur_3,14,0.517123864,0.879057338,0.937291344,0.968859026,0.7064131359999999,0.517123864,0.015425757,0.009633203
cur_3_60,14,0.486880666,0.865590628,0.929790982,0.964993346,0.68070532,0.486880666,0.015425757,0.009633203
cur_3_70,14,0.456729671,0.85087698,0.921467653,0.9606667390000001,0.653846226,0.456729671,0.015425757,0.009633203
recover,0,0.8440090309999999,0.897736495,0.9343932970000001,0.9171145909999999,0.8980377559999999,0.8440090309999999,0.00553548,0.00553548
recover_60,0,0.723663651,0.8094848859999999,0.873311658,0.84265493,0.809991105,0.723663651,0.00553548,0.00553548
recover_70,0,0.723663651,0.8094848859999999,0.873311658,0.84265493,0.809991105,0.723663651,0.00553548,0.00553548
