name,effectDays,infectReduct,reduceHosp,reduceIcu,reduceMort,reduceSympt,riskReduct,waneRate,waneRateOut
cur_2,14,0.409189791,0.8248638490000001,0.9048513979999999,0.951911583,0.619226994,0.409189791,0.020872523,0.011009016000000002
cur_2_60,14,0.391422076,0.813911899,0.898284585,0.9484075059999999,0.601626244,0.391422076,0.020872523,0.011009016000000002
cur_2_70,14,0.373916261,0.8024246859999999,0.891310176,0.9446581820000001,0.58373669,0.373916261,0.020872523,0.011009016000000002
cur_3,14,0.49164660299999996,0.868018781,0.929970083,0.965086019,0.694271906,0.49164660299999996,0.00989502,3.15134e-05
cur_3_60,14,0.473165944,0.8593051759999999,0.9249931659999999,0.962504114,0.678338089,0.473165944,0.00989502,3.15134e-05
cur_3_70,14,0.454735961,0.850104029,0.91968637,0.959735725,0.661957794,0.454735961,0.00989502,3.15134e-05
recover,0,0.920296401,0.988102831,0.9940722340000001,0.9971434000000001,0.966304025,0.920296401,0.004937305,0.004937305
recover_60,0,0.8677654090000001,0.98314719,0.9915819020000001,0.995938033,0.952702953,0.8677654090000001,0.004937305,0.004937305
recover_70,0,0.689827744,0.959052129,0.979292244,0.9899434309999999,0.8899528390000001,0.689827744,0.004937305,0.004937305
