name,effectDays,infectReduct,reduceHosp,reduceIcu,reduceMort,reduceSympt,riskReduct,waneRate,waneRateOut
cur_2,14,0.47216995799999995,0.8592043559999999,0.922860272,0.961393362,0.6928120190000001,0.47216995799999995,0.02043577,0.012314776999999999
cur_2_60,14,0.449194689,0.8476397090000001,0.916013093,0.957810143,0.672785175,0.449194689,0.02043577,0.012314776999999999
cur_2_70,14,0.426419292,0.83529887,0.908613265,0.9539076209999999,0.652094507,0.426419292,0.02043577,0.012314776999999999
cur_3,14,0.49813562200000006,0.871319382,0.9299445059999999,0.965072785,0.7144868740000001,0.49813562200000006,0.017017321999999998,0.008896329
cur_3_60,14,0.475033976,0.8605883740000001,0.92367414,0.9618175040000001,0.695251532,0.475033976,0.017017321999999998,0.008896329
cur_3_70,14,0.45202362,0.8491096459999999,0.916888059,0.9582695090000001,0.675295848,0.45202362,0.017017321999999998,0.008896329
recover,0,0.858716175,0.9180508009999999,0.9362709370000001,0.9468207000000001,0.8684742259999999,0.858716175,0.005117805,0.005117805
recover_60,0,0.703947907,0.814218043,0.851797025,0.8744555740000001,0.720921343,0.703947907,0.005117805,0.005117805
recover_70,0,0.703947907,0.814218043,0.851797025,0.8744555740000001,0.720921343,0.703947907,0.005117805,0.005117805
