name,effectDays,infectReduct,reduceHosp,reduceIcu,reduceMort,reduceSympt,riskReduct,waneRate,waneRateOut
cur_2,14,0.42627262200000005,0.834902355,0.9101294940000001,0.954709815,0.640230683,0.42627262200000005,0.021101997,0.014067336000000001
cur_2_60,14,0.38694794299999996,0.811179608,0.895867895,0.947111587,0.601874355,0.38694794299999996,0.021101997,0.014067336000000001
cur_2_70,14,0.349056321,0.7849354190000001,0.879648152,0.938324119,0.5622382570000001,0.349056321,0.021101997,0.014067336000000001
cur_3,14,0.5085389339999999,0.8756658620000001,0.933791936,0.967059317,0.712508758,0.5085389339999999,0.010212101999999999,0.003177442
cur_3_60,14,0.46781322299999994,0.856795738,0.922967522,0.961449276,0.677982449,0.46781322299999994,0.010212101999999999,0.003177442
cur_3_70,14,0.427525184,0.835606845,0.9105473740000001,0.95493067,0.641409079,0.427525184,0.010212101999999999,0.003177442
recover,0,0.931416142,0.991801223,0.9958890309999999,0.998020792,0.9770478840000001,0.931416142,0.0102279,0.0102279
recover_60,0,0.874765343,0.990595434,0.9952815740000001,0.997727615,0.973729803,0.874765343,0.0102279,0.0102279
recover_70,0,0.6860809370000001,0.980475537,0.9901541340000001,0.995245552,0.94644265,0.6860809370000001,0.0102279,0.0102279
