name,effectDays,infectReduct,reduceHosp,reduceIcu,reduceMort,reduceSympt,riskReduct,waneRate,waneRateOut
cur_2,14,0.574552235,0.9012151490000001,0.9514437590000001,0.976068983,0.732059041,0.574552235,0.023375876,0.016956034
cur_2_60,14,0.568308415,0.898921999,0.950252232,0.975466155,0.7270285470000001,0.568308415,0.023375876,0.016956034
cur_2_70,14,0.5620009260000001,0.896565948,0.949024801,0.97484436,0.721905323,0.5620009260000001,0.023375876,0.016956034
cur_3,14,0.51484493,0.8775840540000001,0.9390151529999999,0.9697430779999999,0.6822308359999999,0.51484493,0.031300863,0.02488102
cur_3_60,14,0.508474485,0.8748185390000001,0.93753866,0.968985962,0.676678013,0.508474485,0.031300863,0.02488102
cur_3_70,14,0.502058749,0.871980667,0.936018667,0.968205285,0.67103738,0.502058749,0.031300863,0.02488102
recover,0,0.890275727,0.988024762,0.994388583,0.997296295,0.9611028909999999,0.890275727,0.005334005,0.005334005
recover_60,0,0.7764587490000001,0.983037162,0.9920300890000001,0.996155195,0.945520791,0.7764587490000001,0.005334005,0.005334005
recover_70,0,0.48410963,0.958791383,0.980381797,0.990478014,0.874497185,0.48410963,0.005334005,0.005334005
