name,effectDays,infectReduct,reduceHosp,reduceIcu,reduceMort,reduceSympt,riskReduct,waneRate,waneRateOut
cur_2,14,0.388514066,0.81448886,0.884160614,0.940784686,0.68154397,0.388514066,0.021313198999999998,0.011352012
cur_2_60,14,0.35838376200000005,0.794231365,0.87029964,0.933187172,0.652954815,0.35838376200000005,0.021313198999999998,0.011352012
cur_2_70,14,0.32933130899999996,0.7723797029999999,0.8550518090000001,0.92469279,0.6232176079999999,0.32933130899999996,0.021313198999999998,0.011352012
cur_3,14,0.443762595,0.8464601429999999,0.9055174359999999,0.9522655790000001,0.7287981579999999,0.443762595,0.013828581999999999,0.003867394
cur_3_60,14,0.412236152,0.8289607179999999,0.893905306,0.946056639,0.7026000729999999,0.412236152,0.013828581999999999,0.003867394
cur_3_70,14,0.38141327799999997,0.809914468,0.881053318,0.93909165,0.67499946,0.38141327799999997,0.013828581999999999,0.003867394
recover,0,0.9475395040000001,0.9882898990000001,0.993230345,0.99673626,0.9762689729999999,0.9475395040000001,0.008895145,0.008895145
recover_60,0,0.926146675,0.983410872,0.990389745,0.995359897,0.9665509290000001,0.926146675,0.008895145,0.008895145
recover_70,0,0.8330036829999999,0.959677343,0.976401066,0.988521922,0.9206428879999999,0.8330036829999999,0.008895145,0.008895145
