name,effectDays,infectReduct,reduceHosp,reduceIcu,reduceMort,reduceSympt,riskReduct,waneRate,waneRateOut
cur_2,14,0.489904465,0.86679788,0.9314788409999999,0.9658659909999999,0.6750668740000001,0.489904465,0.021914258,0.01603039
cur_2_60,14,0.446127833,0.8451421709999999,0.9193605309999999,0.9595652259999999,0.635353145,0.446127833,0.021914258,0.01603039
cur_2_70,14,0.403189284,0.8207051,0.90532334,0.952162445,0.593725036,0.403189284,0.021914258,0.01603039
cur_3,14,0.508990857,0.875369539,0.9361946170000001,0.9682957190000001,0.691586602,0.508990857,0.019403958,0.013520091000000001
cur_3_60,14,0.465063661,0.8548740709999999,0.9248430240000001,0.962426008,0.652853652,0.465063661,0.019403958,0.013520091000000001
cur_3_70,14,0.42169016600000003,0.831666844,0.911668495,0.9555227009999999,0.612003353,0.42169016600000003,0.019403958,0.013520091000000001
recover,0,0.925139761,0.9880599090000001,0.994248545,0.997228619,0.963529376,0.925139761,0.007254251,0.007254251
recover_60,0,0.8660672709999999,0.9830866970000001,0.991831675,0.9960590690000001,0.948867606,0.8660672709999999,0.007254251,0.007254251
recover_70,0,0.672269427,0.9589087609999999,0.979899272,0.9902413409999999,0.8816610999999999,0.672269427,0.007254251,0.007254251
