name,effectDays,infectReduct,reduceHosp,reduceIcu,reduceMort,reduceSympt,riskReduct,waneRate,waneRateOut
cur_2,14,0.374023785,0.80507306,0.877456762,0.937124747,0.669524193,0.374023785,0.021708585,0.010536581000000001
cur_2_60,14,0.339127251,0.780077025,0.860130085,0.9275379570000001,0.6350262560000001,0.339127251,0.021708585,0.010536581000000001
cur_2_70,14,0.305903292,0.752866437,0.8408029309999999,0.916622287,0.5990923220000001,0.305903292,0.021708585,0.010536581000000001
cur_3,14,0.399127849,0.8211562370000001,0.888395567,0.9430827909999999,0.6925198640000001,0.399127849,0.018227184,0.007055181
cur_3_60,14,0.363248265,0.7977043629999999,0.8723906220000001,0.934340793,0.659200524,0.363248265,0.018227184,0.007055181
cur_3_70,14,0.328837031,0.772037414,0.854470981,0.9243663390000001,0.6242383260000001,0.328837031,0.018227184,0.007055181
recover,0,0.934520447,0.9882932870000001,0.99321392,0.996728313,0.976421123,0.934520447,0.007041234,0.007041234
recover_60,0,0.928056193,0.9834156479999999,0.990366493,0.9953486140000001,0.966763264,0.928056193,0.007041234,0.007041234
recover_70,0,0.863696334,0.9596886720000001,0.976344779,0.988494205,0.921122865,0.863696334,0.007041234,0.007041234
