name,effectDays,infectReduct,reduceHosp,reduceIcu,reduceMort,reduceSympt,riskReduct,waneRate,waneRateOut
cur_2,14,0.44368421,0.843719697,0.9192036370000001,0.9594831079999999,0.62816445,0.44368421,0.020187106,0.013756814
cur_2_60,14,0.413834254,0.8269630840000001,0.909674063,0.954468998,0.5992728629999999,0.413834254,0.020187106,0.013756814
cur_2_70,14,0.384601111,0.80881493,0.899142675,0.948866819,0.569671106,0.384601111,0.020187106,0.013756814
cur_3,14,0.535953516,0.886598223,0.942776332,0.9716663259999999,0.709845962,0.535953516,0.008013328,0.0015830360000000001
cur_3_60,14,0.505536945,0.87375117,0.9358329679999999,0.968109821,0.684109427,0.505536945,0.008013328,0.0015830360000000001
cur_3_70,14,0.475076124,0.8596774970000001,0.9281104990000001,0.964122934,0.6571896220000001,0.475076124,0.008013328,0.0015830360000000001
recover,0,0.9176007209999999,0.98804889,0.994292865,0.9972500390000001,0.96278396,0.9176007209999999,0.004109962,0.004109962
recover_60,0,0.901693965,0.9830711659999999,0.9918944670000001,0.9960894920000001,0.947838744,0.901693965,0.004109962,0.004109962
recover_70,0,0.807055993,0.958871957,0.9800519459999999,0.9903162390000001,0.879451742,0.807055993,0.004109962,0.004109962
