name,effectDays,infectReduct,reduceHosp,reduceIcu,reduceMort,reduceSympt,riskReduct,waneRate,waneRateOut
cur_2,14,0.43721311399999996,0.841069354,0.913161743,0.9563101190000001,0.6546891420000001,0.43721311399999996,0.021193218,0.012391248
cur_2_60,14,0.415135317,0.828624565,0.9057292990000001,0.95237813,0.634000964,0.415135317,0.021193218,0.012391248
cur_2_70,14,0.39337770200000005,0.815409465,0.8977260429999999,0.9481083,0.612791069,0.39337770200000005,0.021193218,0.012391248
cur_3,14,0.46393368799999996,0.854975514,0.921349813,0.960605204,0.678672866,0.46393368799999996,0.017643716,0.008841746
cur_3_60,14,0.44156525700000004,0.8434169009999999,0.914552605,0.957042398,0.658672452,0.44156525700000004,0.017643716,0.008841746
cur_3_70,14,0.41941578700000004,0.831109977,0.907221686,0.953170208,0.638076116,0.41941578700000004,0.017643716,0.008841746
recover,0,0.927861395,0.988122987,0.993987368,0.997102375,0.9675388509999999,0.927861395,0.005176633,0.005176633
recover_60,0,0.882356065,0.9831755999999999,0.9914616890000001,0.995879768,0.9544126909999999,0.882356065,0.005176633,0.005176633
recover_70,0,0.721807505,0.9591194679999999,0.979000247,0.989800061,0.8936777770000001,0.721807505,0.005176633,0.005176633
