name,effectDays,infectReduct,reduceHosp,reduceIcu,reduceMort,reduceSympt,riskReduct,waneRate,waneRateOut
cur_2,14,0.40871240299999995,0.825980472,0.897460642,0.947966063,0.668870995,0.40871240299999995,0.022503479,0.012660784
cur_2_60,14,0.39650083399999997,0.8185609220000001,0.892692807,0.9454037470000001,0.6575302510000001,0.39650083399999997,0.022503479,0.012660784
cur_2_70,14,0.38438641100000004,0.810877685,0.887718163,0.942715918,0.64597718,0.38438641100000004,0.022503479,0.012660784
cur_3,14,0.422386291,0.833925745,0.90252745,0.950674395,0.681221045,0.422386291,0.020652331,0.010809636000000001
cur_3_60,14,0.410049495,0.826773907,0.897968425,0.948238164,0.6700946520000001,0.410049495,0.020652331,0.010809636000000001
cur_3_70,14,0.39779397299999997,0.819361708,0.893209095,0.9456818579999999,0.658745458,0.39779397299999997,0.020652331,0.010809636000000001
recover,0,0.936728566,0.988216601,0.993575104,0.99690303,0.972745128,0.936728566,0.00738322,0.00738322
recover_60,0,0.9148277659999999,0.9833075509999999,0.990877838,0.995596684,0.961640741,0.9148277659999999,0.00738322,0.00738322
recover_70,0,0.81567882,0.959432301,0.977583547,0.989103836,0.909623719,0.81567882,0.00738322,0.00738322
