name,effectDays,infectReduct,reduceHosp,reduceIcu,reduceMort,reduceSympt,riskReduct,waneRate,waneRateOut
cur_2,14,0.520334262,0.8795622240000001,0.941852865,0.971194837,0.67008898,0.520334262,0.020675551,0.016099247
cur_2_60,14,0.475821404,0.859376287,0.931291579,0.9657692520000001,0.629580066,0.475821404,0.020675551,0.016099247
cur_2_70,14,0.431708775,0.83644704,0.918982935,0.9593675690000001,0.587180742,0.431708775,0.020675551,0.016099247
cur_3,14,0.522861482,0.88063097,0.942405048,0.971476818,0.672324061,0.522861482,0.020342581999999998,0.015766278
cur_3_60,14,0.47834803,0.86059577,0.931936808,0.966102492,0.631938845,0.47834803,0.020342581999999998,0.015766278
cur_3_70,14,0.43419519,0.837827841,0.91973379,0.959760533,0.589633529,0.43419519,0.020342581999999998,0.015766278
recover,0,0.953527111,0.9879839709999999,0.994546376,0.9973725390000001,0.958102213,0.953527111,0.011312175,0.011312175
recover_60,0,0.926742643,0.9829796740000001,0.992253685,0.996263497,0.94139135,0.926742643,0.011312175,0.011312175
recover_70,0,0.820658608,0.958655182,0.980925904,0.990744748,0.8657486459999999,0.820658608,0.011312175,0.011312175
