name,effectDays,infectReduct,reduceHosp,reduceIcu,reduceMort,reduceSympt,riskReduct,waneRate,waneRateOut
cur_2,14,0.597150275,0.908137627,0.959902266,0.980326472,0.691915078,0.597150275,0.021555822999999998,0.01965524
cur_2_60,14,0.549710511,0.890611285,0.95172708,0.97621221,0.6490768060000001,0.549710511,0.021555822999999998,0.01965524
cur_2_70,14,0.5013754770000001,0.8702308190000001,0.941991592,0.9712656959999999,0.603718806,0.5013754770000001,0.021555822999999998,0.01965524
cur_3,14,0.6091939510000001,0.912250185,0.9617948829999999,0.981273871,0.702536924,0.6091939510000001,0.019901464,0.018000881
cur_3_60,14,0.562132493,0.895418116,0.95398707,0.977353158,0.660450799,0.562132493,0.019901464,0.018000881
cur_3_70,14,0.5139518820000001,0.875808338,0.944680875,0.972637247,0.615692488,0.5139518820000001,0.019901464,0.018000881
recover,0,0.942704392,0.9878717459999999,0.994955615,0.9975702209999999,0.948729026,0.942704392,0.005446731,0.005446731
recover_60,0,0.86737763,0.9828215229999999,0.992833727,0.996544331,0.928558445,0.86737763,0.005446731,0.005446731
recover_70,0,0.6247878570000001,0.958280602,0.98233907,0.9914368029999999,0.8391824659999999,0.6247878570000001,0.005446731,0.005446731
