name,effectDays,infectReduct,reduceHosp,reduceIcu,reduceMort,reduceSympt,riskReduct,waneRate,waneRateOut
cur_2,14,0.5311922410000001,0.884418382,0.94280971,0.971683359,0.694698583,0.5311922410000001,0.020781283,0.016922039
cur_2_60,14,0.514368375,0.877343565,0.9390627970000001,0.9697674890000001,0.680209912,0.514368375,0.020781283,0.016922039
cur_2_70,14,0.497486453,0.8698878840000001,0.935081125,0.9677231209999999,0.6653422139999999,0.497486453,0.020781283,0.016922039
cur_3,14,0.53332463,0.8852910620000001,0.943269795,0.97191808,0.696512166,0.53332463,0.020499687,0.016640443
cur_3_60,14,0.516507636,0.878262309,0.939551092,0.9700176009999999,0.682070174,0.516507636,0.020499687,0.016640443
cur_3_70,14,0.499627737,0.870854254,0.9355991379999999,0.967989588,0.6672466539999999,0.499627737,0.020499687,0.016640443
recover,0,0.919013711,0.9880208709999999,0.994403853,0.997303673,0.9608253640000001,0.919013711,0.005450590999999999,0.005450590999999999
recover_60,0,0.895785025,0.983031678,0.9920517240000001,0.996165675,0.945138433,0.895785025,0.005450590999999999,0.005450590999999999
recover_70,0,0.785670573,0.958778389,0.9804344290000001,0.990503822,0.873682948,0.785670573,0.005450590999999999,0.005450590999999999
