name,effectDays,infectReduct,reduceHosp,reduceIcu,reduceMort,reduceSympt,riskReduct,waneRate,waneRateOut
cur_2,14,0.419677254,0.831454102,0.906340398,0.952702624,0.645460947,0.419677254,0.019755191000000002,0.010838823999999999
cur_2_60,14,0.377024174,0.8050039720000001,0.890088757,0.9439986020000001,0.603733576,0.377024174,0.019755191000000002,0.010838823999999999
cur_2_70,14,0.33621229399999997,0.7755373529999999,0.871426057,0.933808964,0.56045899,0.33621229399999997,0.019755191000000002,0.010838823999999999
cur_3,14,0.473397357,0.8597910129999999,0.923249193,0.9615960920000001,0.69354251,0.473397357,0.012601636999999999,0.003685269
cur_3_60,14,0.42932366200000005,0.8369155909999999,0.90963902,0.9544504640000001,0.654444499,0.42932366200000005,0.012601636999999999,0.003685269
cur_3_70,14,0.386361554,0.811139917,0.8939002140000001,0.946053899,0.613159428,0.386361554,0.012601636999999999,0.003685269
recover,0,0.9281625509999999,0.9881391709999999,0.993918249,0.997068959,0.9684999870000001,0.9281625509999999,0.0012512719999999999,0.0012512719999999999
recover_60,0,0.885984153,0.9831984109999999,0.991363788,0.995832312,0.9557447,0.885984153,0.0012512719999999999,0.0012512719999999999
recover_70,0,0.7337260659999999,0.959173541,0.978762523,0.989683306,0.8965921170000001,0.7337260659999999,0.0012512719999999999,0.0012512719999999999
