name,effectDays,infectReduct,reduceHosp,reduceIcu,reduceMort,reduceSympt,riskReduct,waneRate,waneRateOut
cur_2,14,0.403591675,0.8223681270000001,0.898339143,0.9484367220000001,0.645348461,0.403591675,0.019509518,0.013193864
cur_2_60,14,0.37418374,0.8035587479999999,0.8864636770000001,0.942035781,0.616534995,0.37418374,0.019509518,0.013193864
cur_2_70,14,0.34567443700000006,0.7832808609999999,0.873395404,0.93489419,0.58687677,0.34567443700000006,0.019509518,0.013193864
cur_3,14,0.451405758,0.849156967,0.914856934,0.957202478,0.688729033,0.451405758,0.013081154,0.0067655
cur_3_60,14,0.420972994,0.832606847,0.904706309,0.951834435,0.661591855,0.420972994,0.013081154,0.0067655
cur_3_70,14,0.391126804,0.8146357879999999,0.8934854999999999,0.945830686,0.633346025,0.391126804,0.013081154,0.0067655
recover,0,0.866492444,0.899874293,0.930462021,0.9490707909999999,0.8902949990000001,0.866492444,0.005693805,0.005693805
recover_60,0,0.6972238009999999,0.761268355,0.8260123509999999,0.868625951,0.7422268759999999,0.6972238009999999,0.005693805,0.005693805
recover_70,0,0.6972238009999999,0.761268355,0.8260123509999999,0.868625951,0.7422268759999999,0.6972238009999999,0.005693805,0.005693805
