name,effectDays,infectReduct,reduceHosp,reduceIcu,reduceMort,reduceSympt,riskReduct,waneRate,waneRateOut
cur_2,14,0.36684186799999996,0.800701106,0.871170652,0.9336680470000001,0.67843011,0.36684186799999996,0.021045393,0.009247295
cur_2_60,14,0.335209899,0.777603844,0.8547588740000001,0.9245281740000001,0.647402594,0.335209899,0.021045393,0.009247295
cur_2_70,14,0.30499478,0.7526594390000001,0.836650435,0.914245758,0.615083403,0.30499478,0.021045393,0.009247295
cur_3,14,0.377564009,0.807923042,0.8762337170000001,0.936454091,0.688358268,0.377564009,0.019536725,0.007738627
cur_3_60,14,0.345512015,0.785438469,0.8603635470000001,0.927668367,0.657805516,0.345512015,0.019536725,0.007738627
cur_3_70,14,0.31480802399999996,0.76110284,0.842825397,0.917775727,0.625888846,0.31480802399999996,0.019536725,0.007738627
recover,0,0.865216352,0.917476125,0.947442826,0.949599237,0.8947140179999999,0.865216352,0.005331228,0.005331228
recover_60,0,0.825000944,0.890887058,0.929769905,0.932599849,0.861894988,0.825000944,0.005331228,0.005331228
recover_70,0,0.825000944,0.890887058,0.929769905,0.932599849,0.861894988,0.825000944,0.005331228,0.005331228
