name,effectDays,infectReduct,reduceHosp,reduceIcu,reduceMort,reduceSympt,riskReduct,waneRate,waneRateOut
cur_2,14,0.5825531310000001,0.902883687,0.957878097,0.979311112,0.673595279,0.5825531310000001,0.022090791000000002,0.021370481
cur_2_60,14,0.555530603,0.8927806090000001,0.9531995759999999,0.976955907,0.6489144,0.555530603,0.022090791000000002,0.021370481
cur_2_70,14,0.528167628,0.881760806,0.948028027,0.9743388129999999,0.6234031529999999,0.528167628,0.022090791000000002,0.021370481
cur_3,14,0.577963973,0.90121892,0.9571112629999999,0.978925884,0.66943906,0.577963973,0.022710262999999998,0.021989952000000004
cur_3_60,14,0.550873405,0.8909635690000001,0.952351805,0.976527875,0.64460972,0.550873405,0.022710262999999998,0.021989952000000004
cur_3_70,14,0.523469657,0.879782162,0.9470917759999999,0.9738634709999999,0.618969345,0.523469657,0.022710262999999998,0.021989952000000004
recover,0,0.921865562,0.987858824,0.9950005,0.9975918979999999,0.9475363179999999,0.921865562,0.006861241999999999,0.006861241999999999
recover_60,0,0.875121413,0.9828033140000001,0.9928973590000001,0.9965751290000001,0.9269326509999999,0.875121413,0.006861241999999999,0.006861241999999999
recover_70,0,0.711003425,0.9582374840000001,0.9824942440000001,0.991512733,0.8358822309999999,0.711003425,0.006861241999999999,0.006861241999999999
