name,effectDays,infectReduct,reduceHosp,reduceIcu,reduceMort,reduceSympt,riskReduct,waneRate,waneRateOut
cur_2,14,0.42919931200000006,0.836460223,0.911514561,0.955441456,0.6398154079999999,0.42919931200000006,0.021376076,0.008231471
cur_2_60,14,0.382928394,0.80847081,0.894754267,0.946513259,0.594486701,0.382928394,0.021376076,0.008231471
cur_2_70,14,0.338708712,0.7769859459999999,0.875264901,0.935922195,0.547513155,0.338708712,0.021376076,0.008231471
cur_3,14,0.500206508,0.871922773,0.93202466,0.966147847,0.702766731,0.500206508,0.011975153999999998,-0.001169451
cur_3_60,14,0.452346986,0.848906354,0.918803184,0.9592734479999999,0.661164826,0.452346986,0.011975153999999998,-0.001169451
cur_3_70,14,0.40537721,0.822610098,0.9032858220000001,0.9510784720000001,0.6169381979999999,0.40537721,0.011975153999999998,-0.001169451
recover,0,0.91741038,0.9881060159999999,0.9940589120000001,0.99713696,0.9665019990000001,0.91741038,0.008364536,0.008364536
recover_60,0,0.861281717,0.98315168,0.99156303,0.995928886,0.9529769490000001,0.861281717,0.008364536,0.008364536
recover_70,0,0.674941534,0.95906277,0.979246398,0.9899209240000001,0.8905485890000001,0.674941534,0.008364536,0.008364536
