name,effectDays,infectReduct,reduceHosp,reduceIcu,reduceMort,reduceSympt,riskReduct,waneRate,waneRateOut
cur_2,14,0.496342811,0.869573478,0.9338828229999999,0.967106145,0.673291973,0.496342811,0.021743927000000003,0.01756917
cur_2_60,14,0.496379371,0.869590063,0.933891852,0.967110797,0.6733241409999999,0.496379371,0.021743927000000003,0.01756917
cur_2_70,14,0.496362937,0.869582608,0.9338877940000001,0.967108706,0.6733096820000001,0.496362937,0.021743927000000003,0.01756917
cur_3,14,0.514521656,0.877603035,0.9382344659999999,0.969342907,0.689084806,0.514521656,0.019352739,0.015177982
cur_3_60,14,0.514558186,0.877618743,0.93824294,0.969347253,0.6891161379999999,0.514558186,0.019352739,0.015177982
cur_3_70,14,0.514541765,0.8776116829999999,0.9382391309999999,0.9693452990000001,0.689102054,0.514541765,0.019352739,0.015177982
recover,0,0.8670107770000001,0.903078167,0.942484676,0.9414527709999999,0.8789153000000001,0.8670107770000001,0.005256306,0.005256306
recover_60,0,0.7551349490000001,0.81507205,0.885732638,0.8838080509999999,0.774448762,0.7551349490000001,0.005256306,0.005256306
recover_70,0,0.7551349490000001,0.81507205,0.885732638,0.8838080509999999,0.774448762,0.7551349490000001,0.005256306,0.005256306
