name,effectDays,infectReduct,reduceHosp,reduceIcu,reduceMort,reduceSympt,riskReduct,waneRate,waneRateOut
cur_2,14,0.466716223,0.8567647209999999,0.920146735,0.9599765140000001,0.697110544,0.466716223,0.020308481,0.010058092
cur_2_60,14,0.452525446,0.849608665,0.915846224,0.957722486,0.6849115659999999,0.452525446,0.020308481,0.010058092
cur_2_70,14,0.43838224600000003,0.8421451990000001,0.911326848,0.955342363,0.672426015,0.43838224600000003,0.020308481,0.010058092
cur_3,14,0.438285775,0.8420931009999999,0.9112951779999999,0.955325643,0.6723396970000001,0.438285775,0.024082392,0.013832003
cur_3_60,14,0.424271705,0.834345773,0.90656637,0.952822561,0.659630178,0.424271705,0.024082392,0.013832003
cur_3_70,14,0.41034967899999997,0.826279732,0.9016021740000001,0.950180934,0.6466596520000001,0.41034967899999997,0.024082392,0.013832003
recover,0,0.835106391,0.885345625,0.909622594,0.933205385,0.86332515,0.835106391,0.004645909,0.004645909
recover_60,0,0.76815747,0.834758392,0.868151555,0.901382463,0.80516032,0.76815747,0.004645909,0.004645909
recover_70,0,0.76815747,0.834758392,0.868151555,0.901382463,0.80516032,0.76815747,0.004645909,0.004645909
