name,effectDays,infectReduct,reduceHosp,reduceIcu,reduceMort,reduceSympt,riskReduct,waneRate,waneRateOut
cur_2,14,0.551400281,0.8913863740000001,0.95159966,0.9761478000000001,0.65649865,0.551400281,0.022275025,0.017769598
cur_2_60,14,0.5386231370000001,0.886295963,0.949170353,0.9749181370000001,0.644786565,0.5386231370000001,0.022275025,0.017769598
cur_2_70,14,0.525763207,0.880985441,0.946619502,0.9736235129999999,0.632868777,0.525763207,0.022275025,0.017769598
cur_3,14,0.583986701,0.903594032,0.95736334,0.9790525529999999,0.6858009159999999,0.583986701,0.017907978999999997,0.013402552
cur_3_60,14,0.571416286,0.8990109390000001,0.9552097070000001,0.97796926,0.674592704,0.571416286,0.017907978999999997,0.013402552
cur_3_70,14,0.55872155,0.894223393,0.952946912,0.97682838,0.663152512,0.55872155,0.017907978999999997,0.013402552
recover,0,0.962209062,0.9916435990000001,0.996494786,0.9983129620000001,0.965077746,0.962209062,0.005284263000000001,0.005284263000000001
recover_60,0,0.9377900029999999,0.990414852,0.9959764759999999,0.99806298,0.960099865,0.9377900029999999,0.005284263000000001,0.005284263000000001
recover_70,0,0.840732543,0.98010454,0.991597801,0.995945738,0.919820905,0.840732543,0.005284263000000001,0.005284263000000001
