name,effectDays,infectReduct,reduceHosp,reduceIcu,reduceMort,reduceSympt,riskReduct,waneRate,waneRateOut
cur_2,14,0.45072112200000003,0.8490699970000001,0.913274186,0.9563693609999999,0.6981194759999999,0.45072112200000003,0.021569775,0.014685361999999999
cur_2_60,14,0.40666847799999994,0.82452747,0.8979166,0.9482103999999999,0.65889221,0.40666847799999994,0.021569775,0.014685361999999999
cur_2_70,14,0.364086605,0.796961756,0.880204848,0.9386283409999999,0.617380808,0.364086605,0.021569775,0.014685361999999999
cur_3,14,0.47600108700000004,0.861644162,0.920997119,0.960420982,0.719109142,0.47600108700000004,0.018226608000000002,0.011342194
cur_3_60,14,0.431418271,0.838758012,0.9068676640000001,0.9529824290000001,0.681364469,0.431418271,0.018226608000000002,0.011342194
cur_3_70,14,0.387939295,0.8129206059999999,0.89051959,0.944231357,0.6410982,0.387939295,0.018226608000000002,0.011342194
recover,0,0.917523992,0.9881978220000001,0.993660262,0.9969442140000001,0.971767212,0.917523992,0.006626691999999999,0.006626691999999999
recover_60,0,0.900702496,0.98328108,0.990998423,0.995655165,0.960280664,0.900702496,0.006626691999999999,0.006626691999999999
recover_70,0,0.804043581,0.959369534,0.9778759440000001,0.9892476170000001,0.906598445,0.804043581,0.006626691999999999,0.006626691999999999
