name,effectDays,infectReduct,reduceHosp,reduceIcu,reduceMort,reduceSympt,riskReduct,waneRate,waneRateOut
cur_2,14,0.57440974,0.900286162,0.95505861,0.977893164,0.686502267,0.57440974,0.020581209,0.016305179
cur_2_60,14,0.561020891,0.895280207,0.95265781,0.9766824190000001,0.67464238,0.561020891,0.020581209,0.016305179
cur_2_70,14,0.547512208,0.8900416170000001,0.950129639,0.975404088,0.662526921,0.547512208,0.020581209,0.016305179
cur_3,14,0.586795961,0.90476071,0.957192174,0.978966546,0.697345085,0.586795961,0.018908779,0.01463275
cur_3_60,14,0.573507454,0.8999544290000001,0.9548999690000001,0.977813255,0.6857075970000001,0.573507454,0.018908779,0.01463275
cur_3_70,14,0.560081715,0.894922222,0.9524855609999999,0.976595433,0.673804953,0.560081715,0.018908779,0.01463275
recover,0,0.8568902159999999,0.883302389,0.9306319059999999,0.927828047,0.8717478879999999,0.8568902159999999,0.004908097,0.004908097
recover_60,0,0.745488316,0.787358578,0.8677754959999999,0.8628055259999999,0.768791033,0.745488316,0.004908097,0.004908097
recover_70,0,0.745488316,0.787358578,0.8677754959999999,0.8628055259999999,0.768791033,0.745488316,0.004908097,0.004908097
