name,effectDays,infectReduct,reduceHosp,reduceIcu,reduceMort,reduceSympt,riskReduct,waneRate,waneRateOut
cur_2,14,0.48897340200000006,0.867135117,0.9276063790000001,0.9638615159999999,0.7062185870000001,0.48897340200000006,0.022169137000000002,0.017892533999999998
cur_2_60,14,0.44973009,0.8478986909999999,0.916279803,0.957950215,0.67248392,0.44973009,0.022169137000000002,0.017892533999999998
cur_2_70,14,0.411113622,0.826441158,0.9033696720000001,0.951123128,0.636877878,0.411113622,0.022169137000000002,0.017892533999999998
cur_3,14,0.48798209600000003,0.866677367,0.9273395090000001,0.963723069,0.705394796,0.48798209600000003,0.02229957,0.018022967
cur_3_60,14,0.448748479,0.847386332,0.9159749620000001,0.957790114,0.6716095209999999,0.448748479,0.02229957,0.018022967
cur_3_70,14,0.41015347399999996,0.825871362,0.903022797,0.9509383640000001,0.635959878,0.41015347399999996,0.02229957,0.018022967
recover,0,0.866312845,0.922044578,0.9368754840000001,0.9355438,0.8940534920000001,0.866312845,0.005288151,0.005288151
recover_60,0,0.770447507,0.859670088,0.884886142,0.882595125,0.81380517,0.770447507,0.005288151,0.005288151
recover_70,0,0.770447507,0.859670088,0.884886142,0.882595125,0.81380517,0.770447507,0.005288151,0.005288151
