name,effectDays,infectReduct,reduceHosp,reduceIcu,reduceMort,reduceSympt,riskReduct,waneRate,waneRateOut
cur_2,14,0.503151614,0.87363994,0.930815735,0.9655233459999999,0.7221591759999999,0.503151614,0.020577553999999998,0.014137176999999999
cur_2_60,14,0.46449832799999996,0.85553382,0.920153555,0.95998008,0.690048175,0.46449832799999996,0.020577553999999998,0.014137176999999999
cur_2_70,14,0.426276871,0.8353279370000001,0.908014,0.9535902009999999,0.656003067,0.426276871,0.020577553999999998,0.014137176999999999
cur_3,14,0.473491515,0.85994013,0.922766848,0.961344651,0.6977185220000001,0.473491515,0.024481337000000002,0.01804096
cur_3_60,14,0.435121311,0.840229964,0.9109828590000001,0.955160722,0.6640967,0.435121311,0.024481337000000002,0.01804096
cur_3_70,14,0.397522702,0.8183381,0.897604182,0.948042996,0.628734737,0.397522702,0.024481337000000002,0.01804096
recover,0,0.946122536,0.988149244,0.9938747840000001,0.9970479440000001,0.969084869,0.946122536,0.010021786999999999,0.010021786999999999
recover_60,0,0.894533935,0.9832126090000001,0.991302226,0.995802469,0.956555795,0.894533935,0.010021786999999999,0.010021786999999999
recover_70,0,0.716205475,0.959207198,0.978613073,0.989609891,0.8983720590000001,0.716205475,0.010021786999999999,0.010021786999999999
