name,effectDays,infectReduct,reduceHosp,reduceIcu,reduceMort,reduceSympt,riskReduct,waneRate,waneRateOut
cur_2,14,0.604152577,0.911144355,0.958636453,0.979691773,0.731958137,0.604152577,0.020225237,0.018499087
cur_2_60,14,0.567536508,0.898137333,0.952216915,0.976459735,0.701319555,0.567536508,0.020225237,0.018499087
cur_2_70,14,0.530176025,0.883473367,0.9448601879999999,0.972728557,0.668771324,0.530176025,0.020225237,0.018499087
cur_3,14,0.581890103,0.903386118,0.954819265,0.9777725979999999,0.7134745709999999,0.581890103,0.023258462999999997,0.021532314
cur_3_60,14,0.544766435,0.889381295,0.947839542,0.9742431559999999,0.681642148,0.544766435,0.023258462999999997,0.021532314
cur_3_70,14,0.507147095,0.873634175,0.93985144,0.970171378,0.648025779,0.507147095,0.023258462999999997,0.021532314
recover,0,0.816085187,0.883978177,0.91068336,0.9456546240000001,0.8766332809999999,0.816085187,0.004639164,0.004639164
recover_60,0,0.691409805,0.793692207,0.8373552340000001,0.897816029,0.78204094,0.691409805,0.004639164,0.004639164
recover_70,0,0.691409805,0.793692207,0.8373552340000001,0.897816029,0.78204094,0.691409805,0.004639164,0.004639164
