name,effectDays,infectReduct,reduceHosp,reduceIcu,reduceMort,reduceSympt,riskReduct,waneRate,waneRateOut
cur_2,14,0.45268868700000003,0.850001971,0.914328791,0.956924636,0.6966938309999999,0.45268868700000003,0.021471772000000004,0.013678586000000001
cur_2_60,14,0.42971260299999997,0.8377261340000001,0.906739851,0.952914617,0.6766442570000001,0.42971260299999997,0.021471772000000004,0.013678586000000001
cur_2_70,14,0.407020995,0.824644261,0.898547813,0.948548451,0.655910415,0.407020995,0.021471772000000004,0.013678586000000001
cur_3,14,0.482244474,0.864523189,0.923185342,0.961562815,0.7211884590000001,0.482244474,0.017567297,0.009774111
cur_3_60,14,0.459026414,0.8532305640000001,0.9163091240000001,0.957965611,0.702065637,0.459026414,0.017567297,0.009774111
cur_3_70,14,0.435970222,0.841161607,0.9088731809999999,0.9540452290000001,0.682196244,0.435970222,0.017567297,0.009774111
recover,0,0.822528787,0.892974959,0.9050927,0.928532114,0.8506276770000001,0.822528787,0.004182794,0.004182794
recover_60,0,0.7339889,0.832420033,0.8502441890000001,0.885516215,0.772224237,0.7339889,0.004182794,0.004182794
recover_70,0,0.7339889,0.832420033,0.8502441890000001,0.885516215,0.772224237,0.7339889,0.004182794,0.004182794
