name,effectDays,infectReduct,reduceHosp,reduceIcu,reduceMort,reduceSympt,riskReduct,waneRate,waneRateOut
cur_2,14,0.5475607029999999,0.8898686159999999,0.95090791,0.975797976,0.652630234,0.5475607029999999,0.020899843,0.014704347
cur_2_60,14,0.538130117,0.886088724,0.949103164,0.974884082,0.643965688,0.538130117,0.020899843,0.014704347
cur_2_70,14,0.528634849,0.882180711,0.9472282679999999,0.9739327990000001,0.635171122,0.528634849,0.020899843,0.014704347
cur_3,14,0.566681558,0.8972379229999999,0.9544021340000001,0.977562404,0.669986897,0.566681558,0.018351737,0.01215624
cur_3_60,14,0.557327316,0.8936807379999999,0.952719458,0.976713547,0.6615307539999999,0.557327316,0.018351737,0.01215624
cur_3_70,14,0.547895138,0.8900008540000001,0.950970894,0.975829838,0.652936231,0.547895138,0.018351737,0.01215624
recover,0,0.8923044859999999,0.987884689,0.994910208,0.997548291,0.9498991109999999,0.8923044859999999,0.0071821359999999996,0.0071821359999999996
recover_60,0,0.787461247,0.982839762,0.9927693590000001,0.9965131740000001,0.9301549659999999,0.787461247,0.0071821359999999996,0.0071821359999999996
recover_70,0,0.5089595610000001,0.958323791,0.9821821279999999,0.991359997,0.842437381,0.5089595610000001,0.0071821359999999996,0.0071821359999999996
