name,effectDays,infectReduct,reduceHosp,reduceIcu,reduceMort,reduceSympt,riskReduct,waneRate,waneRateOut
cur_2,14,0.49853065399999996,0.870422723,0.935052982,0.967708641,0.669051646,0.49853065399999996,0.021234851000000003,0.011985448999999999
cur_2_60,14,0.472793443,0.8583490770000001,0.928506772,0.964328328,0.645849033,0.472793443,0.021234851000000003,0.011985448999999999
cur_2_70,14,0.44718924,0.8453446170000001,0.921353082,0.960606911,0.621928652,0.44718924,0.021234851000000003,0.011985448999999999
cur_3,14,0.550622939,0.892234064,0.9466520829999999,0.973640072,0.71360636,0.550622939,0.01436147,0.005112068
cur_3_60,14,0.5250119839999999,0.88191703,0.941201466,0.970861975,0.6920898659999999,0.5250119839999999,0.01436147,0.005112068
cur_3_70,14,0.499257867,0.870750452,0.9352294109999999,0.967799415,0.669695415,0.499257867,0.01436147,0.005112068
recover,0,0.892336197,0.9242734140000001,0.92885676,0.955853207,0.916327001,0.892336197,0.006418185999999999,0.006418185999999999
recover_60,0,0.808094548,0.8611321670000001,0.868995464,0.91666938,0.8476521140000001,0.808094548,0.006418185999999999,0.006418185999999999
recover_70,0,0.808094548,0.8611321670000001,0.868995464,0.91666938,0.8476521140000001,0.808094548,0.006418185999999999,0.006418185999999999
