name,effectDays,infectReduct,reduceHosp,reduceIcu,reduceMort,reduceSympt,riskReduct,waneRate,waneRateOut
cur_2,14,0.565782751,0.8965401759999999,0.9556357940000001,0.9781837809999999,0.649545654,0.565782751,0.020913048,0.017627467
cur_2_60,14,0.504982082,0.871537688,0.9440228970000001,0.972302039,0.592016187,0.504982082,0.020913048,0.017627467
cur_2_70,14,0.444079989,0.8415857990000001,0.929606404,0.964897821,0.531896071,0.444079989,0.020913048,0.017627467
cur_3,14,0.635376576,0.92056491,0.966451257,0.983596668,0.7125354759999999,0.635376576,0.011356197,0.008070616
cur_3_60,14,0.577035746,0.9007254370000001,0.957543668,0.979143147,0.659932637,0.577035746,0.011356197,0.008070616
cur_3_70,14,0.516510955,0.876615438,0.946411681,0.9735178840000001,0.6031111720000001,0.516510955,0.011356197,0.008070616
recover,0,0.9267917179999999,0.987838097,0.9950715720000001,0.997626219,0.9455710759999999,0.9267917179999999,0.005483863,0.005483863
recover_60,0,0.8606233259999999,0.982774107,0.9929981179999999,0.996623892,0.9242573079999999,0.8606233259999999,0.005483863,0.005483863
recover_70,0,0.649336033,0.95816833,0.982740017,0.9916329690000001,0.830482783,0.649336033,0.005483863,0.005483863
