name,effectDays,infectReduct,reduceHosp,reduceIcu,reduceMort,reduceSympt,riskReduct,waneRate,waneRateOut
cur_2,14,0.5663084820000001,0.8972683000000001,0.9536598940000001,0.977188155,0.678786813,0.5663084820000001,0.020285141,0.015889487
cur_2_60,14,0.51472906,0.8764638929999999,0.9435570870000001,0.972064588,0.631889158,0.51472906,0.020285141,0.015889487
cur_2_70,14,0.462865624,0.852156665,0.9314182740000001,0.965834705,0.582388237,0.462865624,0.020285141,0.015889487
cur_3,14,0.584322939,0.903869112,0.9568117829999999,0.978775352,0.6946483659999999,0.584322939,0.017860822,0.013465168000000001
cur_3_60,14,0.5331196770000001,0.8842289729999999,0.947358202,0.9739987859999999,0.6488685710000001,0.5331196770000001,0.017860822,0.013465168000000001
cur_3_70,14,0.48124085200000005,0.861207673,0.935981405,0.968186131,0.600206304,0.48124085200000005,0.017860822,0.013465168000000001
recover,0,0.936205085,0.987906795,0.994831597,0.997510323,0.9518420320000001,0.936205085,0.014268403,0.014268403
recover_60,0,0.893150344,0.982870913,0.992657927,0.9964592329999999,0.932809408,0.893150344,0.014268403,0.014268403
recover_70,0,0.739441745,0.958397563,0.98191051,0.991227037,0.8478803079999999,0.739441745,0.014268403,0.014268403
