name,effectDays,infectReduct,reduceHosp,reduceIcu,reduceMort,reduceSympt,riskReduct,waneRate,waneRateOut
cur_2,14,0.517901533,0.879389335,0.937468315,0.9689498609999999,0.70711435,0.517901533,0.020184617,0.016010741000000002
cur_2_60,14,0.465989864,0.855545207,0.924115308,0.96204726,0.662291445,0.465989864,0.020184617,0.016010741000000002
cur_2_70,14,0.41483543,0.827927833,0.908200772,0.953689153,0.614380224,0.41483543,0.020184617,0.016010741000000002
cur_3,14,0.548146402,0.891698343,0.9442259609999999,0.972405515,0.731639673,0.548146402,0.016188537,0.012014661000000001
cur_3_60,14,0.49632418899999997,0.869927711,0.9322116359999999,0.9662443620000001,0.688918893,0.49632418899999997,0.016188537,0.012014661000000001
cur_3_70,14,0.44461228799999997,0.844560456,0.917844109,0.958770947,0.642747599,0.44461228799999997,0.016188537,0.012014661000000001
recover,0,0.9471887240000001,0.988079919,0.994167087,0.997189248,0.964848006,0.9471887240000001,0.004860769,0.004860769
recover_60,0,0.891019225,0.983114898,0.9917162709999999,0.99600315,0.950689217,0.891019225,0.004860769,0.004860769
recover_70,0,0.69904013,0.9589755940000001,0.9796187479999999,0.990103693,0.8855882759999999,0.69904013,0.004860769,0.004860769
