name,effectDays,infectReduct,reduceHosp,reduceIcu,reduceMort,reduceSympt,riskReduct,waneRate,waneRateOut
cur_2,14,0.526476904,0.8831502290000001,0.938701648,0.96958242,0.72136534,0.526476904,0.022333347000000003,0.013784069
cur_2_60,14,0.49378528899999996,0.8689537190000001,0.930724876,0.965476378,0.694316437,0.49378528899999996,0.022333347000000003,0.013784069
cur_2_70,14,0.46114716299999997,0.853319108,0.9217966879999999,0.960838517,0.665858404,0.46114716299999997,0.022333347000000003,0.013784069
cur_3,14,0.508711505,0.875604554,0.9344771059999999,0.967412226,0.7068402559999999,0.508711505,0.024672762,0.016123485
cur_3_60,14,0.47601408700000003,0.860635959,0.9259939340000001,0.9630244040000001,0.6790087459999999,0.47601408700000003,0.024672762,0.016123485
cur_3_70,14,0.443521437,0.84418693,0.916510715,0.958071453,0.64984432,0.443521437,0.024672762,0.016123485
recover,0,0.9171066059999999,0.9880984690000001,0.9940904220000001,0.997152192,0.9660311890000001,0.9171066059999999,0.008439361,0.008439361
recover_60,0,0.8480530209999999,0.9831410429999999,0.991607667,0.99595052,0.9523254240000001,0.8480530209999999,0.008439361,0.008439361
recover_70,0,0.632278954,0.959037558,0.9793548409999999,0.9899741609999999,0.889132719,0.632278954,0.008439361,0.008439361
