name,effectDays,infectReduct,reduceHosp,reduceIcu,reduceMort,reduceSympt,riskReduct,waneRate,waneRateOut
cur_2,14,0.586035383,0.904547144,0.95683691,0.9787879829999999,0.699811684,0.586035383,0.02079983,0.014947201
cur_2_60,14,0.545258068,0.8892134,0.949433523,0.975051502,0.663812511,0.545258068,0.02079983,0.014947201
cur_2_70,14,0.503879362,0.87177223,0.940842107,0.970678245,0.625818489,0.503879362,0.02079983,0.014947201
cur_3,14,0.563141337,0.896146553,0.952798082,0.9767532440000001,0.679771637,0.563141337,0.023879678999999997,0.01802705
cur_3_60,14,0.521948482,0.879642879,0.9447419579999999,0.9726683540000001,0.64259659,0.521948482,0.023879678999999997,0.01802705
cur_3_70,14,0.480469696,0.86093066,0.9354076579999999,0.967891107,0.603636536,0.480469696,0.023879678999999997,0.01802705
recover,0,0.855090217,0.9109618009999999,0.924061908,0.941067628,0.8884441279999999,0.855090217,0.005007931,0.005007931
recover_60,0,0.7248691620000001,0.820403597,0.84455389,0.876994672,0.7805021409999999,0.7248691620000001,0.005007931,0.005007931
recover_70,0,0.7248691620000001,0.820403597,0.84455389,0.876994672,0.7805021409999999,0.7248691620000001,0.005007931,0.005007931
