name,effectDays,infectReduct,reduceHosp,reduceIcu,reduceMort,reduceSympt,riskReduct,waneRate,waneRateOut
cur_2,14,0.470456386,0.8577150659999999,0.9255193740000001,0.962777755,0.664936458,0.470456386,0.02175903,0.015815133000000002
cur_2_60,14,0.418256196,0.829885585,0.9095532540000001,0.954405098,0.616270371,0.418256196,0.02175903,0.015815133000000002
cur_2_70,14,0.367855865,0.7979170459999999,0.8905822240000001,0.944265186,0.565191111,0.367855865,0.02175903,0.015815133000000002
cur_3,14,0.50618563,0.8742968059999999,0.9347999370000001,0.9675784159999999,0.696022299,0.50618563,0.017055818,0.01111192
cur_3_60,14,0.453415513,0.849140108,0.920652694,0.960241012,0.649491235,0.453415513,0.017055818,0.01111192
cur_3_70,14,0.40170398399999996,0.8200051559999999,0.903763423,0.951332775,0.599963586,0.40170398399999996,0.017055818,0.01111192
recover,0,0.8528662579999999,0.9179095890000001,0.9270226490000001,0.939652618,0.878314542,0.8528662579999999,0.005014096,0.005014096
recover_60,0,0.759654915,0.8590964329999999,0.8738411340000001,0.894628887,0.797395185,0.759654915,0.005014096,0.005014096
recover_70,0,0.759654915,0.8590964329999999,0.8738411340000001,0.894628887,0.797395185,0.759654915,0.005014096,0.005014096
