name,effectDays,infectReduct,reduceHosp,reduceIcu,reduceMort,reduceSympt,riskReduct,waneRate,waneRateOut
cur_2,14,0.405232982,0.82573992,0.885816643,0.941684613,0.726196499,0.405232982,0.021195526,0.010037708000000001
cur_2_60,14,0.400341303,0.8227943459999999,0.8837435929999999,0.9405578059999999,0.722134519,0.400341303,0.021195526,0.010037708000000001
cur_2_70,14,0.395426719,0.819783467,0.881619299,0.939400463,0.717999521,0.395426719,0.021195526,0.010037708000000001
cur_3,14,0.366925165,0.801231301,0.868410957,0.9321428490000001,0.692894586,0.366925165,0.026512451,0.015354633000000001
cur_3_60,14,0.36221429299999996,0.7979728079999999,0.866069678,0.930845211,0.688550445,0.36221429299999996,0.026512451,0.015354633000000001
cur_3_70,14,0.357488728,0.7946454479999999,0.863672256,0.929512934,0.684134276,0.357488728,0.026512451,0.015354633000000001
recover,0,0.885577066,0.988364082,0.992860361,0.9965572220000001,0.9793996840000001,0.885577066,0.005922226,0.005922226
recover_60,0,0.850249822,0.983515447,0.989866096,0.9951057259999999,0.97092551,0.850249822,0.005922226,0.005922226
recover_70,0,0.702397515,0.959925435,0.975134333,0.987897743,0.9305903170000001,0.702397515,0.005922226,0.005922226
