name,effectDays,infectReduct,reduceHosp,reduceIcu,reduceMort,reduceSympt,riskReduct,waneRate,waneRateOut
cur_2,14,0.48562318600000004,0.865521234,0.926998434,0.963546068,0.700949383,0.48562318600000004,0.023271108,0.01135591
cur_2_60,14,0.47463791299999997,0.860315541,0.923963467,0.961968195,0.691642729,0.47463791299999997,0.023271108,0.01135591
cur_2_70,14,0.463642331,0.854924751,0.9208028970000001,0.960319505,0.682147425,0.463642331,0.023271108,0.01135591
cur_3,14,0.475802538,0.8608758009999999,0.924290907,0.96213868,0.692637816,0.475802538,0.024564557,0.012649358999999999
cur_3_60,14,0.464838659,0.8555203000000001,0.92115295,0.9605023859999999,0.6831894079999999,0.464838659,0.024564557,0.012649358999999999
cur_3_70,14,0.45387396799999996,0.849976721,0.91788594,0.958792874,0.6735566590000001,0.45387396799999996,0.024564557,0.012649358999999999
recover,0,0.89230653,0.928696073,0.946062647,0.968713246,0.915107305,0.89230653,0.0063726930000000005,0.0063726930000000005
recover_60,0,0.795592346,0.8595165000000001,0.891768624,0.9356692120000001,0.835084974,0.795592346,0.0063726930000000005,0.0063726930000000005
recover_70,0,0.795592346,0.8595165000000001,0.891768624,0.9356692120000001,0.835084974,0.795592346,0.0063726930000000005,0.0063726930000000005
