name,effectDays,infectReduct,reduceHosp,reduceIcu,reduceMort,reduceSympt,riskReduct,waneRate,waneRateOut
cur_2,14,0.552313517,0.891700094,0.951940613,0.9763201290000001,0.655055841,0.552313517,0.020914876000000002,0.018988642
cur_2_60,14,0.511554585,0.8748379609999999,0.943867407,0.972222789,0.6171672460000001,0.511554585,0.020914876000000002,0.018988642
cur_2_70,14,0.47065524299999995,0.855781901,0.9345346929999999,0.967441876,0.577812815,0.47065524299999995,0.020914876000000002,0.018988642
cur_3,14,0.612062335,0.9132668820000001,0.962022061,0.981387463,0.7083336490000001,0.612062335,0.012828296000000001,0.010902063
cur_3_60,14,0.572533018,0.89938377,0.955563323,0.9781473009999999,0.67337917,0.572533018,0.012828296000000001,0.010902063
cur_3_70,14,0.532069094,0.8835674609999999,0.948068204,0.9743591999999999,0.636398851,0.532069094,0.012828296000000001,0.010902063
recover,0,0.91207543,0.987880174,0.994926098,0.997555966,0.949493715,0.91207543,0.008363371,0.008363371
recover_60,0,0.848754793,0.9828333990000001,0.992791885,0.996524078,0.9296016490000001,0.848754793,0.008363371,0.008363371
recover_70,0,0.646426364,0.958308725,0.982237047,0.991386876,0.841307714,0.646426364,0.008363371,0.008363371
