name,effectDays,infectReduct,reduceHosp,reduceIcu,reduceMort,reduceSympt,riskReduct,waneRate,waneRateOut
cur_2,14,0.459417681,0.8528709440000001,0.91922294,0.959493212,0.681078205,0.459417681,0.021114055,0.01239143
cur_2_60,14,0.42475502600000004,0.834339774,0.908148889,0.953661667,0.64979426,0.42475502600000004,0.021114055,0.01239143
cur_2_70,14,0.390821111,0.813986304,0.89573051,0.947037812,0.617170676,0.390821111,0.021114055,0.01239143
cur_3,14,0.471073366,0.8586532859999999,0.9226341229999999,0.961275439,0.6911673620000001,0.471073366,0.019573739,0.010851113999999999
cur_3_60,14,0.43624097100000003,0.840714392,0.911982946,0.955688623,0.6603795889999999,0.43624097100000003,0.019573739,0.010851113999999999
cur_3_70,14,0.402030748,0.820976073,0.900025871,0.94933912,0.628177835,0.402030748,0.019573739,0.010851113999999999
recover,0,0.909292535,0.98813822,0.9939223359999999,0.997070935,0.9684442240000001,0.909292535,0.008086461999999999,0.008086461999999999
recover_60,0,0.8629221090000001,0.98319707,0.9913695770000001,0.9958351190000001,0.955667391,0.8629221090000001,0.008086461999999999,0.008086461999999999
recover_70,0,0.6979539109999999,0.959170362,0.978776578,0.98969021,0.896422673,0.6979539109999999,0.008086461999999999,0.008086461999999999
