name,effectDays,infectReduct,reduceHosp,reduceIcu,reduceMort,reduceSympt,riskReduct,waneRate,waneRateOut
cur_2,14,0.587261354,0.904294272,0.959697754,0.9802239840000001,0.661925044,0.587261354,0.019902003,0.016082399999999997
cur_2_60,14,0.5550705420000001,0.892294998,0.954293697,0.977507747,0.631907503,0.5550705420000001,0.019902003,0.016082399999999997
cur_2_70,14,0.522411541,0.878992897,0.9482042620000001,0.974428236,0.600832624,0.522411541,0.019902003,0.016082399999999997
cur_3,14,0.612731025,0.9130952790000001,0.9636089390000001,0.9821801609999999,0.685256648,0.612731025,0.016412101000000002,0.012592497
cur_3_60,14,0.581109743,0.9020799620000001,0.958706761,0.9797270490000001,0.65623484,0.581109743,0.016412101000000002,0.012592497
cur_3_70,14,0.548808442,0.889837153,0.9531764290000001,0.976944225,0.625998175,0.548808442,0.016412101000000002,0.012592497
recover,0,0.9158731509999999,0.987820384,0.995131416,0.9976551159999999,0.943839643,0.9158731509999999,0.006635098000000001,0.006635098000000001
recover_60,0,0.885904623,0.982749148,0.9930829640000001,0.99666495,0.921903864,0.885904623,0.006635098000000001,0.006635098000000001
recover_70,0,0.759363395,0.9581092390000001,0.982947033,0.99173422,0.825764892,0.759363395,0.006635098000000001,0.006635098000000001
