name,effectDays,infectReduct,reduceHosp,reduceIcu,reduceMort,reduceSympt,riskReduct,waneRate,waneRateOut
cur_2,14,0.52770096,0.88171231,0.9473537870000001,0.973996544,0.630372005,0.52770096,0.019490524,0.015285442
cur_2_60,14,0.504618609,0.871725676,0.942547935,0.9715497590000001,0.608585567,0.504618609,0.019490524,0.015285442
cur_2_70,14,0.48150133799999995,0.861021503,0.9373288190000001,0.968878262,0.586342849,0.48150133799999995,0.019490524,0.015285442
cur_3,14,0.571899072,0.8991152309999999,0.955585762,0.9781585970000001,0.670953152,0.571899072,0.013615911000000001,0.009410829
cur_3_60,14,0.549131222,0.890415258,0.951492896,0.9760938259999999,0.65023145,0.549131222,0.013615911000000001,0.009410829
cur_3_70,14,0.526140567,0.8810578859999999,0.94704071,0.9738375309999999,0.628912283,0.526140567,0.013615911000000001,0.009410829
recover,0,0.9241961540000001,0.987875693,0.994941816,0.997563557,0.949088417,0.9241961540000001,0.00616619,0.00616619
recover_60,0,0.8887010359999999,0.982827085,0.9928141659999999,0.9965348629999999,0.9290486509999999,0.8887010359999999,0.00616619,0.00616619
recover_70,0,0.7519339509999999,0.958293772,0.982291373,0.991413462,0.840180385,0.7519339509999999,0.00616619,0.00616619
