name,effectDays,infectReduct,reduceHosp,reduceIcu,reduceMort,reduceSympt,riskReduct,waneRate,waneRateOut
cur_2,14,0.539085174,0.887464155,0.945185517,0.972894178,0.6938585490000001,0.539085174,0.020640282,0.014389365
cur_2_60,14,0.506641217,0.873802083,0.9380417040000001,0.969244048,0.665550136,0.506641217,0.020640282,0.014389365
cur_2_70,14,0.47414134799999996,0.8587454609999999,0.9300358059999999,0.965120022,0.6359974270000001,0.47414134799999996,0.020640282,0.014389365
cur_3,14,0.533751234,0.885304065,0.944063537,0.97232275,0.689283366,0.533751234,0.021345479,0.015094563
cur_3_60,14,0.501279165,0.871417749,0.936783279,0.968598154,0.660758736,0.501279165,0.021345479,0.015094563
cur_3_70,14,0.46879642,0.856123493,0.928627147,0.964390702,0.63101737,0.46879642,0.021345479,0.015094563
recover,0,0.877320278,0.91536087,0.93941136,0.9631270409999999,0.9029240759999999,0.877320278,0.005900966,0.005900966
recover_60,0,0.764741971,0.8309650479999999,0.8757414659999999,0.922318064,0.808718635,0.764741971,0.005900966,0.005900966
recover_70,0,0.764741971,0.8309650479999999,0.8757414659999999,0.922318064,0.808718635,0.764741971,0.005900966,0.005900966
