name,effectDays,infectReduct,reduceHosp,reduceIcu,reduceMort,reduceSympt,riskReduct,waneRate,waneRateOut
cur_2,14,0.48376677700000004,0.8643689509999999,0.927861982,0.96399408,0.6877624,0.48376677700000004,0.021726539,0.011424668999999998
cur_2_60,14,0.43949540000000004,0.84208272,0.9149824609999999,0.95726849,0.648265684,0.43949540000000004,0.021726539,0.011424668999999998
cur_2_70,14,0.39618522799999994,0.8169220209999999,0.9000582420000001,0.949356422,0.606649251,0.39618522799999994,0.021726539,0.011424668999999998
cur_3,14,0.503645637,0.8734263990000001,0.933007985,0.966655209,0.704582853,0.503645637,0.019111574,0.008809704
cur_3_60,14,0.45917318100000004,0.8523742609999999,0.9209689740000001,0.960406278,0.666181125,0.45917318100000004,0.019111574,0.008809704
cur_3_70,14,0.41536086200000005,0.8285193829999999,0.9069888190000001,0.9530466999999999,0.625459726,0.41536086200000005,0.019111574,0.008809704
recover,0,0.910546423,0.9917944240000001,0.995917449,0.998034502,0.9766223479999999,0.910546423,0.007908394000000001,0.007908394000000001
recover_60,0,0.8255909159999999,0.990587645,0.995314171,0.9977433520000001,0.973244433,0.8255909159999999,0.007908394000000001,0.007908394000000001
recover_70,0,0.577420301,0.98045953,0.990221805,0.995278397,0.945481349,0.577420301,0.007908394000000001,0.007908394000000001
