name,effectDays,infectReduct,reduceHosp,reduceIcu,reduceMort,reduceSympt,riskReduct,waneRate,waneRateOut
cur_2,14,0.544890205,0.888785768,0.950491912,0.975587477,0.6490169889999999,0.544890205,0.02034581,0.014780835
cur_2_60,14,0.50659588,0.8726657729999999,0.9427397190000001,0.971647642,0.613265727,0.50659588,0.02034581,0.014780835
cur_2_70,14,0.46823369600000003,0.854596358,0.933860529,0.967094659,0.576259993,0.46823369600000003,0.02034581,0.014780835
cur_3,14,0.5686730720000001,0.897962838,0.954835916,0.977780987,0.670647447,0.5686730720000001,0.0171767,0.011611725
cur_3_60,14,0.530656198,0.88299791,0.947726518,0.9741857859999999,0.635863298,0.530656198,0.0171767,0.011611725
cur_3_70,14,0.49228990000000006,0.8661698309999999,0.9395710490000001,0.97002782,0.599608135,0.49228990000000006,0.0171767,0.011611725
recover,0,0.9421377240000001,0.987881962,0.994919812,0.99755293,0.9496546109999999,0.9421377240000001,0.008711164,0.008711164
recover_60,0,0.894852216,0.9828359190000001,0.992782973,0.996519765,0.92982123,0.894852216,0.008711164,0.008711164
recover_70,0,0.7295333909999999,0.9583146909999999,0.982215321,0.9913762420000001,0.8417558159999999,0.7295333909999999,0.008711164,0.008711164
