name,effectDays,infectReduct,reduceHosp,reduceIcu,reduceMort,reduceSympt,riskReduct,waneRate,waneRateOut
cur_2,14,0.329959605,0.7739329359999999,0.849095122,0.9213347209999999,0.655061085,0.329959605,0.020812154,0.008016801
cur_2_60,14,0.28575068600000003,0.735538832,0.8205056279999999,0.904898403,0.606736932,0.28575068600000003,0.020812154,0.008016801
cur_2_70,14,0.24532009300000002,0.693235932,0.7878742870000001,0.885467736,0.55626051,0.24532009300000002,0.020812154,0.008016801
cur_3,14,0.402401781,0.8239807309999999,0.884976199,0.941228101,0.7219713520000001,0.402401781,0.010525025,-0.002270328
cur_3_60,14,0.35360913200000005,0.791799898,0.862080333,0.928626308,0.6784192290000001,0.35360913200000005,0.010525025,-0.002270328
cur_3_70,14,0.307713723,0.7555050109999999,0.83549173,0.913580615,0.6315563120000001,0.307713723,0.010525025,-0.002270328
recover,0,0.86817466,0.9165702590000001,0.939981402,0.955176556,0.90085298,0.86817466,0.005613186,0.005613186
recover_60,0,0.743631278,0.8287291840000001,0.8733843000000001,0.903712992,0.800073182,0.743631278,0.005613186,0.005613186
recover_70,0,0.743631278,0.8287291840000001,0.8733843000000001,0.903712992,0.800073182,0.743631278,0.005613186,0.005613186
