name,effectDays,infectReduct,reduceHosp,reduceIcu,reduceMort,reduceSympt,riskReduct,waneRate,waneRateOut
cur_2,14,0.545597199,0.889884813,0.9472698190000001,0.973953902,0.6909745820000001,0.545597199,0.022025334,0.015559696999999999
cur_2_60,14,0.5058090279999999,0.873238935,0.938701157,0.969582168,0.6558872929999999,0.5058090279999999,0.022025334,0.015559696999999999
cur_2_70,14,0.46595926299999996,0.854494254,0.928847898,0.964505067,0.619024234,0.46595926299999996,0.022025334,0.015559696999999999
cur_3,14,0.540314187,0.8877812890000001,0.946196238,0.973408355,0.6864103029999999,0.540314187,0.022725258999999998,0.016259621999999998
cur_3_60,14,0.5004869439999999,0.87086357,0.937464637,0.968947973,0.65106648,0.5004869439999999,0.022725258999999998,0.016259621999999998
cur_3_70,14,0.46066562200000005,0.851827236,0.927427984,0.963768973,0.613990925,0.46066562200000005,0.022725258999999998,0.016259621999999998
recover,0,0.879539643,0.924397977,0.952897915,0.9490346359999999,0.9185422120000001,0.879539643,0.006022702,0.006022702
recover_60,0,0.814740878,0.8804497790000001,0.9241577459999999,0.918139723,0.871662591,0.814740878,0.006022702,0.006022702
recover_70,0,0.814740878,0.8804497790000001,0.9241577459999999,0.918139723,0.871662591,0.814740878,0.006022702,0.006022702
