name,effectDays,infectReduct,reduceHosp,reduceIcu,reduceMort,reduceSympt,riskReduct,waneRate,waneRateOut
cur_2,14,0.43421119700000005,0.839570003,0.911494989,0.955431125,0.657191833,0.43421119700000005,0.021080431,0.012082562
cur_2_60,14,0.38833108899999996,0.812355547,0.894954934,0.946621127,0.6132897820000001,0.38833108899999996,0.021080431,0.012082562
cur_2_70,14,0.344370385,0.78174146,0.875755823,0.9361917909999999,0.567489719,0.344370385,0.021080431,0.012082562
cur_3,14,0.491634577,0.868328187,0.928458762,0.964303448,0.7072427020000001,0.491634577,0.013478513000000001,0.004480644000000001
cur_3_60,14,0.444453263,0.8450920059999999,0.9147925859999999,0.957168635,0.666497703,0.444453263,0.013478513000000001,0.004480644000000001
cur_3_70,14,0.39827609700000005,0.8186263909999999,0.8988092529999999,0.9486883979999999,0.623126871,0.39827609700000005,0.013478513000000001,0.004480644000000001
recover,0,0.8473310159999999,0.9008937709999999,0.927920977,0.945824441,0.894362639,0.8473310159999999,0.005409004,0.005409004
recover_60,0,0.717644396,0.806305823,0.854975615,0.8888269590000001,0.794960007,0.717644396,0.005409004,0.005409004
recover_70,0,0.717644396,0.806305823,0.854975615,0.8888269590000001,0.794960007,0.717644396,0.005409004,0.005409004
