name,effectDays,infectReduct,reduceHosp,reduceIcu,reduceMort,reduceSympt,riskReduct,waneRate,waneRateOut
cur_2,14,0.512917818,0.8760222,0.9417336759999999,0.971133949,0.646701396,0.512917818,0.019647472,0.01619802
cur_2_60,14,0.48599515299999996,0.863841788,0.935534113,0.967956147,0.6217197839999999,0.48599515299999996,0.019647472,0.01619802
cur_2_70,14,0.459144571,0.8506641070000001,0.928722453,0.9644400809999999,0.5960663629999999,0.459144571,0.019647472,0.01619802
cur_3,14,0.550802074,0.8916317509999999,0.94954626,0.975108621,0.680658623,0.550802074,0.014642678000000001,0.011193226
cur_3_60,14,0.52403025,0.88077621,0.944128642,0.9723559270000001,0.65680388,0.52403025,0.014642678000000001,0.011193226
cur_3_70,14,0.49711059999999996,0.8689889129999999,0.938165083,0.9693073259999999,0.632121886,0.49711059999999996,0.014642678000000001,0.011193226
recover,0,0.823710684,0.8839424229999999,0.923674005,0.889659086,0.843222466,0.823710684,0.004028179000000001,0.004028179000000001
recover_60,0,0.6703044220000001,0.768199944,0.840401035,0.778187128,0.700624275,0.6703044220000001,0.004028179000000001,0.004028179000000001
recover_70,0,0.6703044220000001,0.768199944,0.840401035,0.778187128,0.700624275,0.6703044220000001,0.004028179000000001,0.004028179000000001
