name,effectDays,infectReduct,reduceHosp,reduceIcu,reduceMort,reduceSympt,riskReduct,waneRate,waneRateOut
cur_2,14,0.561037826,0.89605587,0.949469386,0.975069673,0.713928945,0.561037826,0.02104847,0.014888795
cur_2_60,14,0.540767795,0.888172466,0.945390119,0.9729983090000001,0.696904856,0.540767795,0.02104847,0.014888795
cur_2_70,14,0.520342475,0.8797631290000001,0.940997667,0.970757787,0.679305713,0.520342475,0.02104847,0.014888795
cur_3,14,0.573132533,0.9005559879999999,0.951781478,0.976239705,0.723884289,0.573132533,0.01942869,0.013269015
cur_3_60,14,0.552976,0.89297312,0.947878617,0.974262988,0.707209675,0.552976,0.01942869,0.013269015
cur_3_70,14,0.532624373,0.884877995,0.943674397,0.972124399,0.68994267,0.532624373,0.01942869,0.013269015
recover,0,0.8916427029999999,0.940462144,0.9476025509999999,0.9676989709999999,0.915000525,0.8916427029999999,0.00616988,0.00616988
recover_60,0,0.815409143,0.8945115020000001,0.906615583,0.941460946,0.852481303,0.815409143,0.00616988,0.00616988
recover_70,0,0.815409143,0.8945115020000001,0.906615583,0.941460946,0.852481303,0.815409143,0.00616988,0.00616988
