name,effectDays,infectReduct,reduceHosp,reduceIcu,reduceMort,reduceSympt,riskReduct,waneRate,waneRateOut
cur_2,14,0.426824707,0.836034615,0.906161413,0.952607605,0.671101501,0.426824707,0.019055145,0.012624713000000001
cur_2_60,14,0.39886389200000005,0.8195988040000001,0.895879622,0.947117883,0.645150129,0.39886389200000005,0.019055145,0.012624713000000001
cur_2_70,14,0.371541922,0.80190211,0.8846123159999999,0.941030316,0.618310137,0.371541922,0.019055145,0.012624713000000001
cur_3,14,0.471827637,0.85948558,0.9205358929999999,0.960179965,0.7099580790000001,0.471827637,0.013071279,0.006640846999999999
cur_3_60,14,0.44319829299999997,0.844964563,0.911675582,0.955526441,0.6856364690000001,0.44319829299999997,0.013071279,0.006640846999999999
cur_3_70,14,0.41493565600000004,0.8292377259999999,0.9019305059999999,0.950356095,0.660246079,0.41493565600000004,0.013071279,0.006640846999999999
recover,0,0.84095454,0.90575299,0.91726537,0.9360374640000001,0.8572305859999999,0.84095454,0.005055068,0.005055068
recover_60,0,0.678275228,0.7930414090000001,0.81551742,0.8536933309999999,0.705366493,0.678275228,0.005055068,0.005055068
recover_70,0,0.678275228,0.7930414090000001,0.81551742,0.8536933309999999,0.705366493,0.678275228,0.005055068,0.005055068
