name,effectDays,infectReduct,reduceHosp,reduceIcu,reduceMort,reduceSympt,riskReduct,waneRate,waneRateOut
cur_2,14,0.37151143200000003,0.80357619,0.875177275,0.9358740590000001,0.673281028,0.37151143200000003,0.019987053,0.008837844000000001
cur_2_60,14,0.33584170799999996,0.777759118,0.857097557,0.925840896,0.6380521920000001,0.33584170799999996,0.019987053,0.008837844000000001
cur_2_70,14,0.301960397,0.7496141759999999,0.8368930509999999,0.9143849190000001,0.601284643,0.301960397,0.019987053,0.008837844000000001
cur_3,14,0.39219829799999995,0.8170450779999999,0.8844424759999999,0.9409379729999999,0.692262809,0.39219829799999995,0.017105176,0.0059559669999999995
cur_3_60,14,0.35566638100000003,0.7925412629999999,0.8675015859999999,0.931639239,0.658041171,0.35566638100000003,0.017105176,0.0059559669999999995
cur_3_70,14,0.320750953,0.765704415,0.848508073,0.921002552,0.6221015320000001,0.320750953,0.017105176,0.0059559669999999995
recover,0,0.9128806909999999,0.98830756,0.993144235,0.9966945970000001,0.9770521659999999,0.9128806909999999,0.003915188,0.003915188
recover_60,0,0.880343109,0.983435768,0.990267855,0.995300746,0.967644216,0.880343109,0.003915188,0.003915188
recover_70,0,0.747017569,0.9597363990000001,0.9761060359999999,0.9883766209999999,0.9231173290000001,0.747017569,0.003915188,0.003915188
