name,effectDays,infectReduct,reduceHosp,reduceIcu,reduceMort,reduceSympt,riskReduct,waneRate,waneRateOut
cur_2,14,0.37223862799999996,0.80465515,0.87208329,0.934171403,0.6921633,0.37223862799999996,0.024041367,0.010708661999999999
cur_2_60,14,0.35747814,0.794447545,0.8648071140000001,0.9301440329999999,0.678426678,0.35747814,0.024041367,0.010708661999999999
cur_2_70,14,0.342958871,0.783831562,0.857171632,0.925882419,0.664350267,0.342958871,0.024041367,0.010708661999999999
cur_3,14,0.37625739700000005,0.80733846,0.87398544,0.935218872,0.6958076740000001,0.37625739700000005,0.023477181,0.010144476
cur_3_60,14,0.36142929999999995,0.7972357379999999,0.866800937,0.93125087,0.6821589990000001,0.36142929999999995,0.023477181,0.010144476
cur_3_70,14,0.34683617899999997,0.786725096,0.859259737,0.927051483,0.668166053,0.34683617899999997,0.023477181,0.010144476
recover,0,0.932820302,0.988350662,0.9929289240000001,0.996590405,0.9788635520000001,0.932820302,0.007914483,0.007914483
recover_60,0,0.89051529,0.9834965290000001,0.989963122,0.995152832,0.97017555,0.89051529,0.007914483,0.007914483
recover_70,0,0.738493753,0.959880548,0.9753688970000001,0.9880133870000001,0.928876148,0.738493753,0.007914483,0.007914483
