name,effectDays,infectReduct,reduceHosp,reduceIcu,reduceMort,reduceSympt,riskReduct,waneRate,waneRateOut
cur_2,14,0.5329472120000001,0.885681116,0.940745869,0.970629029,0.721094056,0.5329472120000001,0.022319252999999997,0.013933366
cur_2_60,14,0.499494525,0.871396515,0.93281993,0.966558221,0.69336384,0.499494525,0.022319252999999997,0.013933366
cur_2_70,14,0.466048069,0.855618818,0.9239200240000001,0.9619455720000001,0.664162145,0.466048069,0.022319252999999997,0.013933366
cur_3,14,0.504328082,0.873547732,0.9340214809999999,0.9671775770000001,0.6974591509999999,0.504328082,0.026089137999999998,0.017703251
cur_3_60,14,0.47086074899999997,0.8579901109999999,0.925267528,0.962646808,0.668459459,0.47086074899999997,0.026089137999999998,0.017703251
cur_3_70,14,0.43765506,0.840868012,0.9154577709999999,0.957518367,0.638123885,0.43765506,0.026089137999999998,0.017703251
recover,0,0.933835245,0.98808418,0.994149575,0.9971807840000001,0.965123093,0.933835245,0.0072763590000000005,0.0072763590000000005
recover_60,0,0.9052216559999999,0.9831209040000001,0.991691463,0.995991128,0.951069487,0.9052216559999999,0.0072763590000000005,0.0072763590000000005
recover_70,0,0.7882198490000001,0.958989827,0.979558457,0.9900741040000001,0.8864106009999999,0.7882198490000001,0.0072763590000000005,0.0072763590000000005
