name,effectDays,infectReduct,reduceHosp,reduceIcu,reduceMort,reduceSympt,riskReduct,waneRate,waneRateOut
cur_2,14,0.485842137,0.8645039409999999,0.93228016,0.966279728,0.654063976,0.485842137,0.019928688,0.012994306
cur_2_60,14,0.4453463,0.8442725670000001,0.9212467959999999,0.960551403,0.6163551620000001,0.4453463,0.019928688,0.012994306
cur_2_70,14,0.405576373,0.8216515040000001,0.908596533,0.953898762,0.577206172,0.405576373,0.019928688,0.012994306
cur_3,14,0.53697144,0.8867550959999999,0.944120538,0.9723517970000001,0.6988345159999999,0.53697144,0.013195446000000001,0.006261065
cur_3_60,14,0.496327814,0.86934399,0.934881541,0.9676204159999999,0.663495132,0.496327814,0.013195446000000001,0.006261065
cur_3_70,14,0.45574603399999997,0.849716548,0.9242413420000001,0.962112877,0.626239491,0.45574603399999997,0.013195446000000001,0.006261065
recover,0,0.9198531990000001,0.991735971,0.9961529170000001,0.998148093,0.972649333,0.9198531990000001,0.005913371999999999,0.005913371999999999
recover_60,0,0.840229626,0.990520678,0.99558428,0.9978737329999999,0.9687157340000001,0.840229626,0.005913371999999999,0.005913371999999999
recover_70,0,0.600033424,0.980321936,0.990782739,0.9955505590000001,0.936559732,0.600033424,0.005913371999999999,0.005913371999999999
