name,effectDays,infectReduct,reduceHosp,reduceIcu,reduceMort,reduceSympt,riskReduct,waneRate,waneRateOut
cur_2,14,0.538437573,0.887182019,0.94514367,0.972872877,0.6922710990000001,0.538437573,0.022024926,0.018485522
cur_2_60,14,0.52718891,0.88257907,0.9427529490000001,0.9716543940000001,0.682561214,0.52718891,0.022024926,0.018485522
cur_2_70,14,0.515878104,0.877799381,0.94025687,0.970378878,0.672659417,0.515878104,0.022024926,0.018485522
cur_3,14,0.575473425,0.901360956,0.952428607,0.9765666679999999,0.7233064929999999,0.575473425,0.01708802,0.013548616999999999
cur_3_60,14,0.564397146,0.897269518,0.950338693,0.975509923,0.714171553,0.564397146,0.01708802,0.013548616999999999
cur_3_70,14,0.5532221070000001,0.8930153270000001,0.9481551770000001,0.974403331,0.7048293720000001,0.5532221070000001,0.01708802,0.013548616999999999
recover,0,0.868773522,0.915324945,0.9380237770000001,0.9535948259999999,0.8980386999999999,0.868773522,0.005418303,0.005418303
recover_60,0,0.790691969,0.860494326,0.896225163,0.921418032,0.834044005,0.790691969,0.005418303,0.005418303
recover_70,0,0.790691969,0.860494326,0.896225163,0.921418032,0.834044005,0.790691969,0.005418303,0.005418303
