name,effectDays,infectReduct,reduceHosp,reduceIcu,reduceMort,reduceSympt,riskReduct,waneRate,waneRateOut
cur_2,14,0.478958761,0.862307047,0.925544898,0.962791024,0.692222958,0.478958761,0.019994572,0.013683018
cur_2_60,14,0.46140456700000004,0.853723714,0.920540358,0.9601822990000001,0.677008473,0.46140456700000004,0.019994572,0.013683018
cur_2_70,14,0.44392167899999996,0.8446889890000001,0.915222735,0.957394821,0.6613880910000001,0.44392167899999996,0.019994572,0.013683018
cur_3,14,0.489635362,0.8673047629999999,0.9284378120000001,0.964292591,0.7012553029999999,0.489635362,0.018589086,0.012277531000000001
cur_3_60,14,0.472044371,0.8589820229999999,0.923611671,0.9617849620000001,0.686284965,0.472044371,0.018589086,0.012277531000000001
cur_3_70,14,0.454498535,0.850215095,0.918481386,0.959104902,0.670895124,0.454498535,0.018589086,0.012277531000000001
recover,0,0.8526115059999999,0.892792605,0.937388786,0.942640605,0.9100136090000001,0.8526115059999999,0.005221219,0.005221219
recover_60,0,0.740290205,0.8040551220000001,0.880628891,0.890083453,0.832861767,0.740290205,0.005221219,0.005221219
recover_70,0,0.740290205,0.8040551220000001,0.880628891,0.890083453,0.832861767,0.740290205,0.005221219,0.005221219
