name,effectDays,infectReduct,reduceHosp,reduceIcu,reduceMort,reduceSympt,riskReduct,waneRate,waneRateOut
cur_2,14,0.44377454299999997,0.84330289,0.921384242,0.9606231829999999,0.609553415,0.44377454299999997,0.01939059,0.011233321000000001
cur_2_60,14,0.38046202100000004,0.805539144,0.9002112859999999,0.949438215,0.545797483,0.38046202100000004,0.01939059,0.011233321000000001
cur_2_70,14,0.321016783,0.761290111,0.8741387540000001,0.9353032020000001,0.480557175,0.321016783,0.01939059,0.011233321000000001
cur_3,14,0.50786575,0.874388849,0.9381169109999999,0.969282621,0.6687989870000001,0.50786575,0.010930667,0.002773398
cur_3_60,14,0.44268676799999995,0.842719532,0.921064359,0.9604561090000001,0.608503833,0.44268676799999995,0.010930667,0.002773398
cur_3_70,14,0.379474253,0.804881533,0.899834019,0.9492365629999999,0.544757904,0.379474253,0.010930667,0.002773398
recover,0,0.867613777,0.917368353,0.9362006690000001,0.948106145,0.8778676,0.867613777,0.005233469,0.005233469
recover_60,0,0.775137746,0.853790585,0.885301041,0.9057485690000001,0.79082736,0.775137746,0.005233469,0.005233469
recover_70,0,0.775137746,0.853790585,0.885301041,0.9057485690000001,0.79082736,0.775137746,0.005233469,0.005233469
