name,effectDays,infectReduct,reduceHosp,reduceIcu,reduceMort,reduceSympt,riskReduct,waneRate,waneRateOut
cur_2,14,0.55174279,0.8921578579999999,0.9490661029999999,0.9748652959999999,0.6895058759999999,0.55174279,0.021878229,0.01458221
cur_2_60,14,0.5200654889999999,0.879273133,0.942542751,0.971547112,0.661592842,0.5200654889999999,0.021878229,0.01458221
cur_2_70,14,0.48822504899999997,0.86508132,0.935240693,0.967805219,0.6325069839999999,0.48822504899999997,0.021878229,0.01458221
cur_3,14,0.565388734,0.8973684670000001,0.951676011,0.9761863959999999,0.7012289740000001,0.565388734,0.02005861,0.012762591
cur_3_60,14,0.53386105,0.8850260640000001,0.9454677159999999,0.973037795,0.673871353,0.53386105,0.02005861,0.012762591
cur_3_70,14,0.502059548,0.871411624,0.938513134,0.969485787,0.645274991,0.502059548,0.02005861,0.012762591
recover,0,0.9146134429999999,0.987964375,0.99462042,0.997408312,0.9565869379999999,0.9146134429999999,0.007460721,0.007460721
recover_60,0,0.884053075,0.982952058,0.992358618,0.996314314,0.939309994,0.884053075,0.007460721,0.007460721
recover_70,0,0.7557358959999999,0.95858976,0.981181374,0.9908699329999999,0.8613765720000001,0.7557358959999999,0.007460721,0.007460721
