name,effectDays,infectReduct,reduceHosp,reduceIcu,reduceMort,reduceSympt,riskReduct,waneRate,waneRateOut
cur_2,14,0.360130943,0.795185875,0.8727723470000001,0.9345511059999999,0.645771642,0.360130943,0.021707641,0.010685008000000001
cur_2_60,14,0.3401575,0.7805160959999999,0.8627001740000001,0.928971718,0.625440984,0.3401575,0.021707641,0.010685008000000001
cur_2_70,14,0.32072162,0.765093661,0.8519572259999999,0.922951036,0.6046414379999999,0.32072162,0.021707641,0.010685008000000001
cur_3,14,0.42813109200000005,0.837778158,0.9012340640000001,0.949984478,0.7080267490000001,0.42813109200000005,0.012327405,0.001304772
cur_3_60,14,0.40678384100000003,0.825489551,0.893139227,0.945644231,0.689551448,0.40678384100000003,0.012327405,0.001304772
cur_3_70,14,0.38576671100000004,0.81246798,0.884458988,0.9409469509999999,0.6704360779999999,0.38576671100000004,0.012327405,0.001304772
recover,0,0.947384137,0.9919095990000001,0.9954049840000001,0.9977871909999999,0.9829261309999999,0.947384137,0.011166638000000001,0.011166638000000001
recover_60,0,0.8761510159999999,0.9907196,0.99472638,0.9974594999999999,0.9804408290000001,0.8761510159999999,0.011166638000000001,0.011166638000000001
recover_70,0,0.640861748,0.9807307140000001,0.989002286,0.994686142,0.9598369729999999,0.640861748,0.011166638000000001,0.011166638000000001
