name,effectDays,infectReduct,reduceHosp,reduceIcu,reduceMort,reduceSympt,riskReduct,waneRate,waneRateOut
cur_2,14,0.561269322,0.8949180990000001,0.954497017,0.9776102240000001,0.650400044,0.561269322,0.020591593999999998,0.014180477
cur_2_60,14,0.533339918,0.8838325429999999,0.949340913,0.975004575,0.624347086,0.533339918,0.020591593999999998,0.014180477
cur_2_70,14,0.505193005,0.871742015,0.943633575,0.972103587,0.597547269,0.505193005,0.020591593999999998,0.014180477
cur_3,14,0.609611765,0.912244828,0.9624125170000001,0.9815826320000001,0.694271058,0.609611765,0.014037113,0.0076259959999999995
cur_3_60,14,0.582470491,0.902788591,0.9581139870000001,0.979429551,0.669827789,0.582470491,0.014037113,0.0076259959999999995
cur_3_70,14,0.554813374,0.89243086,0.953346466,0.977030031,0.644424758,0.554813374,0.014037113,0.0076259959999999995
recover,0,0.8628868000000001,0.914712256,0.951949837,0.933950765,0.8891392229999999,0.8628868000000001,0.004936164,0.004936164
recover_60,0,0.744493328,0.832375526,0.901698908,0.867496451,0.7878405140000001,0.744493328,0.004936164,0.004936164
recover_70,0,0.744493328,0.832375526,0.901698908,0.867496451,0.7878405140000001,0.744493328,0.004936164,0.004936164
