name,effectDays,infectReduct,reduceHosp,reduceIcu,reduceMort,reduceSympt,riskReduct,waneRate,waneRateOut
cur_2,14,0.47364852700000004,0.8602643090000001,0.9215773970000001,0.96072404,0.707554252,0.47364852700000004,0.022578731,0.01146205
cur_2_60,14,0.44205403200000004,0.84424528,0.911867089,0.955627497,0.680530052,0.44205403200000004,0.022578731,0.01146205
cur_2_70,14,0.41092073799999995,0.826759095,0.90108314,0.949903908,0.652235095,0.41092073799999995,0.022578731,0.01146205
cur_3,14,0.452798951,0.849875197,0.915297975,0.9574343740000001,0.689904038,0.452798951,0.025335917000000003,0.014219236000000001
cur_3_60,14,0.421481551,0.832896525,0.90489039,0.9519323140000001,0.6620279,0.421481551,0.025335917000000003,0.014219236000000001
cur_3_70,14,0.39078235299999997,0.8144163179999999,0.893352611,0.9457591390000001,0.632978019,0.39078235299999997,0.025335917000000003,0.014219236000000001
recover,0,0.8631028070000001,0.916558291,0.940386685,0.94665023,0.891360495,0.8631028070000001,0.005065422,0.005065422
recover_60,0,0.76488939,0.850031603,0.890590186,0.901538007,0.8089319890000001,0.76488939,0.005065422,0.005065422
recover_70,0,0.76488939,0.850031603,0.890590186,0.901538007,0.8089319890000001,0.76488939,0.005065422,0.005065422
