name,effectDays,infectReduct,reduceHosp,reduceIcu,reduceMort,reduceSympt,riskReduct,waneRate,waneRateOut
cur_2,14,0.40142473799999995,0.822478244,0.889782913,0.9438333040000001,0.691969226,0.40142473799999995,0.021061551,0.010029811999999999
cur_2_60,14,0.399847341,0.8215170829999999,0.889137042,0.94348405,0.69056729,0.399847341,0.021061551,0.010029811999999999
cur_2_70,14,0.398223841,0.82052225,0.888467942,0.943121972,0.689118773,0.398223841,0.021061551,0.010029811999999999
cur_3,14,0.41177677700000004,0.828656579,0.89392094,0.946065052,0.701038685,0.41177677700000004,0.019650907,0.008619168
cur_3_60,14,0.41018657700000005,0.827721862,0.89329641,0.9457288770000001,0.69966011,0.41018657700000005,0.019650907,0.008619168
cur_3_70,14,0.408549675,0.82675432,0.892649382,0.9453803479999999,0.6982355579999999,0.408549675,0.019650907,0.008619168
recover,0,0.935266866,0.9882870359999999,0.99324419,0.996742958,0.976139703,0.935266866,0.003568485,0.003568485
recover_60,0,0.902133581,0.9834068359999999,0.9904093420000001,0.9953694059999999,0.9663705459999999,0.902133581,0.003568485,0.003568485
recover_70,0,0.77410539,0.9596677709999999,0.976448511,0.988545285,0.920235363,0.77410539,0.003568485,0.003568485
