name,effectDays,infectReduct,reduceHosp,reduceIcu,reduceMort,reduceSympt,riskReduct,waneRate,waneRateOut
cur_2,14,0.501286013,0.8715568509999999,0.936182843,0.9682896679999999,0.666863594,0.501286013,0.020524874,0.015114593
cur_2_60,14,0.478610586,0.861050277,0.930541341,0.965381487,0.646406249,0.478610586,0.020524874,0.015114593
cur_2_70,14,0.456007161,0.8498242220000001,0.924436925,0.9622146859999999,0.625383412,0.456007161,0.020524874,0.015114593
cur_3,14,0.540399591,0.888112255,0.9449347,0.972766496,0.700743497,0.540399591,0.015369563999999999,0.009959283000000001
cur_3_60,14,0.5177918460000001,0.87877154,0.9400173009999999,0.970256276,0.681372593,0.5177918460000001,0.015369563999999999,0.009959283000000001
cur_3_70,14,0.495095102,0.8687589990000001,0.934687233,0.9675204040000001,0.661339501,0.495095102,0.015369563999999999,0.009959283000000001
recover,0,0.8831518340000001,0.988016474,0.9944210520000001,0.997311985,0.960509559,0.8831518340000001,0.007263925,0.007263925
recover_60,0,0.829450867,0.983025481,0.992076095,0.9961774809999999,0.9447034459999999,0.829450867,0.007263925,0.007263925
recover_70,0,0.64543559,0.9587637059999999,0.9804937220000001,0.990532895,0.8727576779999999,0.64543559,0.007263925,0.007263925
