name,effectDays,infectReduct,reduceHosp,reduceIcu,reduceMort,reduceSympt,riskReduct,waneRate,waneRateOut
cur_2,14,0.5426234870000001,0.8898474890000001,0.941567837,0.971049218,0.741514785,0.5426234870000001,0.022561812999999997,0.017160461000000002
cur_2_60,14,0.519155164,0.880264115,0.9361613679999999,0.9682786309999999,0.723042918,0.519155164,0.022561812999999997,0.017160461000000002
cur_2_70,14,0.495587515,0.869962254,0.930287937,0.965250443,0.703766254,0.495587515,0.022561812999999997,0.017160461000000002
cur_3,14,0.49686564299999997,0.870539562,0.930618785,0.96542153,0.704831057,0.49686564299999997,0.028592925,0.023191572999999997
cur_3_60,14,0.473328299,0.85954153,0.924280718,0.9621333759999999,0.684851847,0.473328299,0.028592925,0.023191572999999997
cur_3_70,14,0.449894555,0.84776508,0.9174106479999999,0.958543665,0.664151719,0.449894555,0.028592925,0.023191572999999997
recover,0,0.9550258209999999,0.988118163,0.9940078040000001,0.997112254,0.967247139,0.9550258209999999,0.007342014,0.007342014
recover_60,0,0.90616627,0.9831688000000001,0.991490635,0.995893798,0.954008628,0.90616627,0.007342014,0.007342014
recover_70,0,0.732498726,0.959103349,0.979070549,0.9898345829999999,0.8927958570000001,0.732498726,0.007342014,0.007342014
