name,effectDays,infectReduct,reduceHosp,reduceIcu,reduceMort,reduceSympt,riskReduct,waneRate,waneRateOut
cur_2,14,0.488756684,0.8670960240000001,0.927251851,0.963677585,0.708498367,0.488756684,0.02175156,0.011150838
cur_2_60,14,0.460870747,0.853668203,0.9193364140000001,0.9595526040000001,0.684870322,0.460870747,0.02175156,0.011150838
cur_2_70,14,0.43322041299999997,0.839131455,0.910640345,0.954979793,0.660238927,0.43322041299999997,0.02175156,0.011150838
cur_3,14,0.504980708,0.874399066,0.9315104409999999,0.965882314,0.721719404,0.504980708,0.019617718,0.009016996999999999
cur_3_60,14,0.477032829,0.861591322,0.924020396,0.96199784,0.698707283,0.477032829,0.019617718,0.009016996999999999
cur_3_70,14,0.449220789,0.8477012429999999,0.915783034,0.957689287,0.6746436259999999,0.449220789,0.019617718,0.009016996999999999
recover,0,0.8203653340000001,0.870164466,0.9345773470000001,0.9288638440000001,0.8423288879999999,0.8203653340000001,0.004359931,0.004359931
recover_60,0,0.63540182,0.7189078859999999,0.844993636,0.83285579,0.670908371,0.63540182,0.004359931,0.004359931
recover_70,0,0.63540182,0.7189078859999999,0.844993636,0.83285579,0.670908371,0.63540182,0.004359931,0.004359931
