name,effectDays,infectReduct,reduceHosp,reduceIcu,reduceMort,reduceSympt,riskReduct,waneRate,waneRateOut
cur_2,14,0.496783939,0.869643042,0.934580628,0.9674655240000001,0.667960934,0.496783939,0.020705396,0.01508262
cur_2_60,14,0.46685511,0.8554369270000001,0.926856102,0.963472186,0.640852743,0.46685511,0.020705396,0.01508262
cur_2_70,14,0.437158985,0.839965375,0.918298012,0.9590088309999999,0.612810431,0.437158985,0.020705396,0.01508262
cur_3,14,0.554333556,0.8936773570000001,0.947366823,0.9740031640000001,0.71708285,0.554333556,0.013108895,0.00748612
cur_3_60,14,0.5245517270000001,0.88173427,0.9410568340000001,0.970788037,0.6921366590000001,0.5245517270000001,0.013108895,0.00748612
cur_3_70,14,0.49459020299999995,0.868644972,0.934042039,0.967188167,0.666011739,0.49459020299999995,0.013108895,0.00748612
recover,0,0.7734836629999999,0.819197015,0.8418639040000001,0.910388082,0.837864022,0.7734836629999999,0.0031941179999999997,0.0031941179999999997
recover_60,0,0.609428149,0.674308758,0.708680455,0.8227664859999999,0.702502283,0.609428149,0.0031941179999999997,0.0031941179999999997
recover_70,0,0.609428149,0.674308758,0.708680455,0.8227664859999999,0.702502283,0.609428149,0.0031941179999999997,0.0031941179999999997
