name,effectDays,infectReduct,reduceHosp,reduceIcu,reduceMort,reduceSympt,riskReduct,waneRate,waneRateOut
cur_2,14,0.595036286,0.907073186,0.960809499,0.980780848,0.670900223,0.595036286,0.02066858,0.01659158
cur_2_60,14,0.5821150039999999,0.902476365,0.958749975,0.9797487290000001,0.659012412,0.5821150039999999,0.02066858,0.01659158
cur_2_70,14,0.569049432,0.89766635,0.9565819309999999,0.978659785,0.646892696,0.569049432,0.02066858,0.01659158
cur_3,14,0.623299762,0.9166107729999999,0.9650443740000001,0.982896062,0.6965689420000001,0.623299762,0.016764375,0.012687375
cur_3_60,14,0.61069027,0.912440206,0.963198875,0.9819754479999999,0.685173239,0.61069027,0.016764375,0.012687375
cur_3_70,14,0.597900987,0.9080715640000001,0.96125521,0.981003917,0.673522713,0.597900987,0.016764375,0.012687375
recover,0,0.923601362,0.987824771,0.99511667,0.997647996,0.944272992,0.923601362,0.0074297090000000005,0.0074297090000000005
recover_60,0,0.864944947,0.9827553290000001,0.993062057,0.996654833,0.922492575,0.864944947,0.0074297090000000005,0.0074297090000000005
recover_70,0,0.672324542,0.9581238740000001,0.9828960179999999,0.991709271,0.8269422820000001,0.672324542,0.0074297090000000005,0.0074297090000000005
