name,effectDays,infectReduct,reduceHosp,reduceIcu,reduceMort,reduceSympt,riskReduct,waneRate,waneRateOut
cur_2,14,0.404034784,0.8223805270000001,0.89983354,0.9492363079999999,0.6366822289999999,0.404034784,0.021506671,0.013908687
cur_2_60,14,0.37102832,0.801139774,0.8865776129999999,0.9420975909999999,0.603929756,0.37102832,0.021506671,0.013908687
cur_2_70,14,0.33918704200000005,0.778047113,0.8718190090000001,0.934025694,0.570221524,0.33918704200000005,0.021506671,0.013908687
cur_3,14,0.42845690000000003,0.83659268,0.9085375720000001,0.9538675390000001,0.659602742,0.42845690000000003,0.018201523,0.010603538999999999
cur_3_60,14,0.394776925,0.816672625,0.896300781,0.9473439690000001,0.627708304,0.394776925,0.018201523,0.010603538999999999
cur_3_70,14,0.36207079700000006,0.794921988,0.882639885,0.939956832,0.5946655470000001,0.36207079700000006,0.018201523,0.010603538999999999
recover,0,0.8899268379999999,0.98815293,0.993858791,0.997040212,0.9692963840000001,0.8899268379999999,0.011637431,0.011637431
recover_60,0,0.8152116229999999,0.983217804,0.9912795759999999,0.995791488,0.956849215,0.8152116229999999,0.011637431,0.011637431
recover_70,0,0.591369681,0.959219515,0.978558094,0.98958288,0.8990169640000001,0.591369681,0.011637431,0.011637431
