name,effectDays,infectReduct,reduceHosp,reduceIcu,reduceMort,reduceSympt,riskReduct,waneRate,waneRateOut
cur_2,14,0.51577128,0.8778246279999999,0.9399215559999999,0.97020727,0.675842394,0.51577128,0.019840972,0.014813173999999998
cur_2_60,14,0.493970147,0.8681572240000001,0.934802775,0.967579877,0.656447646,0.493970147,0.019840972,0.014813173999999998
cur_2_70,14,0.472174611,0.857840268,0.929276117,0.9647268370000001,0.636500514,0.472174611,0.019840972,0.014813173999999998
cur_3,14,0.544867541,0.8898135009999999,0.9461904790000001,0.973405427,0.70089811,0.544867541,0.015999388,0.01097159
cur_3_60,14,0.523165301,0.8809661059999999,0.9415726190000001,0.971051661,0.682297768,0.523165301,0.015999388,0.01097159
cur_3_70,14,0.501357872,0.871503117,0.9365808959999999,0.9684941970000001,0.663081202,0.501357872,0.015999388,0.01097159
recover,0,0.7876665209999999,0.845454522,0.880755862,0.91542499,0.835503639,0.7876665209999999,0.0034582109999999997,0.0034582109999999997
recover_60,0,0.666406362,0.746578235,0.799098069,0.853561105,0.732276912,0.666406362,0.0034582109999999997,0.0034582109999999997
recover_70,0,0.666406362,0.746578235,0.799098069,0.853561105,0.732276912,0.666406362,0.0034582109999999997,0.0034582109999999997
