name,effectDays,infectReduct,reduceHosp,reduceIcu,reduceMort,reduceSympt,riskReduct,waneRate,waneRateOut
cur_2,14,0.453459895,0.8490011670000001,0.9214313059999999,0.96064776,0.643034352,0.453459895,0.02079518,0.011394699
cur_2_60,14,0.39555007200000003,0.815995385,0.902438211,0.9506268240000001,0.58691291,0.39555007200000003,0.02079518,0.011394699
cur_2_70,14,0.340468616,0.777694758,0.879473009,0.938228368,0.528482343,0.340468616,0.02079518,0.011394699
cur_3,14,0.494508203,0.868928884,0.932559529,0.966423888,0.6798954509999999,0.494508203,0.015379307,0.005978826
cur_3_60,14,0.43553366200000004,0.839455277,0.916011351,0.957809228,0.626200439,0.43553366200000004,0.015379307,0.005978826
cur_3_70,14,0.37836969200000004,0.804870113,0.895872495,0.947114056,0.569248481,0.37836969200000004,0.015379307,0.005978826
recover,0,0.796313377,0.8733035,0.900361566,0.921557768,0.832625092,0.796313377,0.0036951859999999996,0.0036951859999999996
recover_60,0,0.611859183,0.735403342,0.784649849,0.825696153,0.667316094,0.611859183,0.0036951859999999996,0.0036951859999999996
recover_70,0,0.611859183,0.735403342,0.784649849,0.825696153,0.667316094,0.611859183,0.0036951859999999996,0.0036951859999999996
