name,effectDays,infectReduct,reduceHosp,reduceIcu,reduceMort,reduceSympt,riskReduct,waneRate,waneRateOut
cur_2,14,0.41131732299999996,0.8270703859999999,0.90083012,0.9497688059999999,0.655339861,0.41131732299999996,0.020784419,0.014788377
cur_2_60,14,0.37012194299999995,0.800884826,0.8842503890000001,0.940833514,0.615247352,0.37012194299999995,0.020784419,0.014788377
cur_2_70,14,0.330750112,0.7718405159999999,0.865321456,0.9304297979999999,0.573543415,0.330750112,0.020784419,0.014788377
cur_3,14,0.471200898,0.859144598,0.920538091,0.9601811140000001,0.708021314,0.471200898,0.01278886,0.006792818000000001
cur_3_60,14,0.428372242,0.836857803,0.9069127640000001,0.953006355,0.670980261,0.428372242,0.01278886,0.006792818000000001
cur_3_70,14,0.386607246,0.8118278859999999,0.891234028,0.944617087,0.631701056,0.386607246,0.01278886,0.006792818000000001
recover,0,0.8548097159999999,0.9064212840000001,0.931003417,0.9471437690000001,0.879777283,0.8548097159999999,0.004929988,0.004929988
recover_60,0,0.709164551,0.800464093,0.848219264,0.881255297,0.751908878,0.709164551,0.004929988,0.004929988
recover_70,0,0.709164551,0.800464093,0.848219264,0.881255297,0.751908878,0.709164551,0.004929988,0.004929988
