name,effectDays,infectReduct,reduceHosp,reduceIcu,reduceMort,reduceSympt,riskReduct,waneRate,waneRateOut
cur_2,14,0.502648937,0.872187556,0.9364115409999999,0.9684071890000001,0.669041339,0.502648937,0.022115632000000003,0.014067696000000001
cur_2_60,14,0.464811098,0.8543153509999999,0.926765811,0.963425311,0.634661585,0.464811098,0.022115632000000003,0.014067696000000001
cur_2_70,14,0.42738271200000005,0.834423403,0.9157912429999999,0.9576935999999999,0.598860354,0.42738271200000005,0.022115632000000003,0.014067696000000001
cur_3,14,0.544335375,0.889697333,0.945670955,0.9731412009999999,0.704967256,0.544335375,0.01661823,0.008570294000000001
cur_3_60,14,0.506555611,0.8739196109999999,0.9373357929999999,0.968881842,0.672492603,0.506555611,0.01661823,0.008570294000000001
cur_3_70,14,0.46870968,0.856254058,0.9278218359999999,0.9639732609999999,0.638285735,0.46870968,0.01661823,0.008570294000000001
recover,0,0.9395757859999999,0.988018772,0.994412072,0.997307645,0.9606748740000001,0.9395757859999999,0.005612734,0.005612734
recover_60,0,0.852428526,0.9830287190000001,0.99206337,0.9961713170000001,0.9449311359999999,0.852428526,0.005612734,0.005612734
recover_70,0,0.582140671,0.9587713790000001,0.980462763,0.990517715,0.873241863,0.582140671,0.005612734,0.005612734
