name,effectDays,infectReduct,reduceHosp,reduceIcu,reduceMort,reduceSympt,riskReduct,waneRate,waneRateOut
cur_2,14,0.611111757,0.912992873,0.961707988,0.9812304140000001,0.7100480159999999,0.611111757,0.02207688,0.017754928
cur_2_60,14,0.571462437,0.899037043,0.955182428,0.977955522,0.675123335,0.571462437,0.02207688,0.017754928
cur_2_70,14,0.530887852,0.8831350490000001,0.94760818,0.974125712,0.638148787,0.530887852,0.02207688,0.017754928
cur_3,14,0.57473916,0.900246258,0.955752295,0.9782424190000001,0.678053977,0.57473916,0.027033842000000002,0.02271189
cur_3_60,14,0.534208,0.884504526,0.94826639,0.974459755,0.641222827,0.534208,0.027033842000000002,0.02271189
cur_3_70,14,0.493234082,0.866653111,0.939597232,0.9700412270000001,0.602660776,0.493234082,0.027033842000000002,0.02271189
recover,0,0.926556499,0.987886725,0.994903023,0.997544821,0.950080987,0.926556499,0.006777158,0.006777158
recover_60,0,0.835448986,0.9828426309999999,0.9927591729999999,0.996508244,0.9304032659999999,0.835448986,0.006777158,0.006777158
recover_70,0,0.566253276,0.958330586,0.982157298,0.9913478440000001,0.842944864,0.566253276,0.006777158,0.006777158
