name,effectDays,infectReduct,reduceHosp,reduceIcu,reduceMort,reduceSympt,riskReduct,waneRate,waneRateOut
cur_2,14,0.428851486,0.83646005,0.9104406820000001,0.954874291,0.646813726,0.428851486,0.020610849,0.010129289
cur_2_60,14,0.40608706,0.82324582,0.902507452,0.950663735,0.625143085,0.40608706,0.020610849,0.010129289
cur_2_70,14,0.38370522700000004,0.809198295,0.8939477490000001,0.9460794770000001,0.6029448589999999,0.38370522700000004,0.020610849,0.010129289
cur_3,14,0.461217621,0.853612273,0.920570549,0.9601980790000001,0.676155495,0.461217621,0.016300815,0.005819256
cur_3_60,14,0.43805283100000003,0.841521382,0.913449328,0.9564616220000001,0.655325829,0.43805283100000003,0.016300815,0.005819256
cur_3_70,14,0.415140677,0.828623949,0.90574998,0.952389115,0.633868147,0.415140677,0.016300815,0.005819256
recover,0,0.888504618,0.9306180070000001,0.9329606970000001,0.966516375,0.9229332720000001,0.888504618,0.0061286890000000005,0.0061286890000000005
recover_60,0,0.7785918620000001,0.8554675429999999,0.859965874,0.927207487,0.840882342,0.7785918620000001,0.0061286890000000005,0.0061286890000000005
recover_70,0,0.7785918620000001,0.8554675429999999,0.859965874,0.927207487,0.840882342,0.7785918620000001,0.0061286890000000005,0.0061286890000000005
