name,effectDays,infectReduct,reduceHosp,reduceIcu,reduceMort,reduceSympt,riskReduct,waneRate,waneRateOut
cur_2,14,0.693744577,0.9369606509999999,0.976693397,0.98866585,0.703992895,0.693744577,0.019155982,0.021986042999999997
cur_2_60,14,0.645284182,0.9226972509999999,0.971143124,0.98592563,0.656350856,0.645284182,0.019155982,0.021986042999999997
cur_2_70,14,0.593682394,0.905544462,0.964324409,0.9825371270000001,0.6053744329999999,0.593682394,0.019155982,0.021986042999999997
cur_3,14,0.688093438,0.935379388,0.97608334,0.988365442,0.698448663,0.688093438,0.020026011,0.022856072999999998
cur_3_60,14,0.639203885,0.9207884540000001,0.97039219,0.985553655,0.650357471,0.639203885,0.020026011,0.022856072999999998
cur_3_70,14,0.587283306,0.903256528,0.963402722,0.9820772240000001,0.599035118,0.587283306,0.020026011,0.022856072999999998
recover,0,0.891596517,0.9326986509999999,0.9508053679999999,0.961973425,0.9269183259999999,0.891596517,0.0065799230000000005,0.0065799230000000005
recover_60,0,0.848331598,0.90407307,0.9292973959999999,0.945066042,0.8961080290000001,0.848331598,0.0065799230000000005,0.0065799230000000005
recover_70,0,0.848331598,0.90407307,0.9292973959999999,0.945066042,0.8961080290000001,0.848331598,0.0065799230000000005,0.0065799230000000005
