name,effectDays,infectReduct,reduceHosp,reduceIcu,reduceMort,reduceSympt,riskReduct,waneRate,waneRateOut
cur_2,14,0.570341598,0.8986812059999999,0.954748681,0.977737037,0.6773789440000001,0.570341598,0.02133311,0.018743429
cur_2_60,14,0.536625816,0.885560815,0.9484725159999999,0.974564317,0.646861888,0.536625816,0.02133311,0.018743429
cur_2_70,14,0.502574525,0.870986523,0.9413799209999999,0.970953188,0.615101023,0.502574525,0.02133311,0.018743429
cur_3,14,0.59340993,0.9069956509999999,0.958673685,0.979710454,0.697745994,0.59340993,0.018215248,0.015625567
cur_3_60,14,0.56010818,0.894825942,0.9529150540000001,0.976812297,0.668211836,0.56010818,0.018215248,0.015625567
cur_3_70,14,0.526259106,0.8812734059999999,0.9463994029999999,0.9735116420000001,0.637294482,0.526259106,0.018215248,0.015625567
recover,0,0.81807268,0.885655325,0.9346645690000001,0.921276636,0.848768546,0.81807268,0.00403416,0.00403416
recover_60,0,0.682494846,0.787350378,0.8724247759999999,0.848352487,0.72847361,0.682494846,0.00403416,0.00403416
recover_70,0,0.682494846,0.787350378,0.8724247759999999,0.848352487,0.72847361,0.682494846,0.00403416,0.00403416
