name,effectDays,infectReduct,reduceHosp,reduceIcu,reduceMort,reduceSympt,riskReduct,waneRate,waneRateOut
cur_2,14,0.43880324600000004,0.84239049,0.911373047,0.955366753,0.673478531,0.43880324600000004,0.021009734,0.008746071
cur_2_60,14,0.39726822,0.8183610920000001,0.896569517,0.9474881759999999,0.634859207,0.39726822,0.021009734,0.008746071
cur_2_70,14,0.35717794399999997,0.791585621,0.879627018,0.9383125659999999,0.594439048,0.35717794399999997,0.021009734,0.008746071
cur_3,14,0.464956486,0.855911506,0.9195414120000001,0.9596598820000001,0.696265397,0.464956486,0.017537422,0.005273758000000001
cur_3_60,14,0.422811015,0.833536185,0.9059614779999999,0.952501443,0.658976486,0.422811015,0.017537422,0.005273758000000001
cur_3_70,14,0.381775796,0.808474151,0.890369317,0.9441501859999999,0.619626495,0.381775796,0.017537422,0.005273758000000001
recover,0,0.8591038440000001,0.905903658,0.924206923,0.934047999,0.879441927,0.8591038440000001,0.004577741,0.004577741
recover_60,0,0.7552451059999999,0.829704181,0.8605478190000001,0.87755944,0.7868555140000001,0.7552451059999999,0.004577741,0.004577741
recover_70,0,0.7552451059999999,0.829704181,0.8605478190000001,0.87755944,0.7868555140000001,0.7552451059999999,0.004577741,0.004577741
