name,effectDays,infectReduct,reduceHosp,reduceIcu,reduceMort,reduceSympt,riskReduct,waneRate,waneRateOut
cur_2,14,0.436736509,0.8411844270000001,0.911137958,0.95524263,0.668351905,0.436736509,0.019918701,0.008848304
cur_2_60,14,0.38974196299999997,0.813526263,0.894129098,0.9461770490000001,0.62404684,0.38974196299999997,0.019918701,0.008848304
cur_2_70,14,0.34473317299999995,0.782315778,0.8743252140000001,0.9354057440000001,0.5775895560000001,0.34473317299999995,0.019918701,0.008848304
cur_3,14,0.461102886,0.853907304,0.918797764,0.959270609,0.6898149659999999,0.461102886,0.016679885,0.005609488
cur_3_60,14,0.413410796,0.828011838,0.9030991209999999,0.950979025,0.646862185,0.413410796,0.016679885,0.005609488
cur_3_70,14,0.36731385299999997,0.7986256959999999,0.8847568790000001,0.9411089009999999,0.6014235370000001,0.36731385299999997,0.016679885,0.005609488
recover,0,0.932839338,0.988155783,0.9938463829999999,0.997034213,0.969459165,0.932839338,0.002362483,0.002362483
recover_60,0,0.89284026,0.983221825,0.991262002,0.995782968,0.9570750640000001,0.89284026,0.002362483,0.002362483
recover_70,0,0.74672866,0.959229047,0.978515438,0.989561922,0.899513717,0.74672866,0.002362483,0.002362483
