name,effectDays,infectReduct,reduceHosp,reduceIcu,reduceMort,reduceSympt,riskReduct,waneRate,waneRateOut
cur_2,14,0.667664415,0.930179938,0.9714436809999999,0.9860744290000001,0.728149863,0.667664415,0.022789429,0.021909342999999998
cur_2_60,14,0.619719337,0.9153028759999999,0.9650284179999999,0.98288811,0.6848114790000001,0.619719337,0.022789429,0.021909342999999998
cur_2_70,14,0.569350941,0.89761672,0.9572406990000001,0.97899093,0.638028857,0.569350941,0.022789429,0.021909342999999998
cur_3,14,0.633110602,0.91963521,0.9669092009999999,0.983824493,0.697031173,0.633110602,0.027788521,0.026908435
cur_3_60,14,0.583291812,0.902746223,0.959517704,0.980133736,0.651108868,0.583291812,0.027788521,0.026908435
cur_3_70,14,0.531744191,0.882773845,0.950565683,0.9756248129999999,0.6022294770000001,0.531744191,0.027788521,0.026908435
recover,0,0.940715415,0.987803468,0.995187816,0.997682348,0.942140207,0.940715415,0.004786594,0.004786594
recover_60,0,0.88756446,0.9827253109999999,0.993162932,0.9967036429999999,0.919597187,0.88756446,0.004786594,0.004786594
recover_70,0,0.706314027,0.95805281,0.9831421920000001,0.9918296520000001,0.8211694429999999,0.706314027,0.004786594,0.004786594
