name,effectDays,infectReduct,reduceHosp,reduceIcu,reduceMort,reduceSympt,riskReduct,waneRate,waneRateOut
cur_2,14,0.387724195,0.8123831359999999,0.892546642,0.945324983,0.627190575,0.387724195,0.019456381000000002,0.010376357
cur_2_60,14,0.363013501,0.7957841259999999,0.8820098479999999,0.939613444,0.602229462,0.363013501,0.019456381000000002,0.010376357
cur_2_70,14,0.338996794,0.778110787,0.8705851520000001,0.933344851,0.576715276,0.338996794,0.019456381000000002,0.010376357
cur_3,14,0.468828925,0.857858061,0.920492997,0.960157543,0.701033775,0.468828925,0.008539919,-0.000540105
cur_3_60,14,0.44268650600000004,0.844512303,0.9124277270000001,0.955923218,0.6784822629999999,0.44268650600000004,0.008539919,-0.000540105
cur_3_70,14,0.416848138,0.8301559740000001,0.903626499,0.951259882,0.655057666,0.416848138,0.008539919,-0.000540105
recover,0,0.8081179490000001,0.856214217,0.90625147,0.9112954759999999,0.8740369590000001,0.8081179490000001,0.004146844,0.004146844
recover_60,0,0.622501919,0.699842945,0.791015076,0.8008970459999999,0.730957938,0.622501919,0.004146844,0.004146844
recover_70,0,0.622501919,0.699842945,0.791015076,0.8008970459999999,0.730957938,0.622501919,0.004146844,0.004146844
