name,effectDays,infectReduct,reduceHosp,reduceIcu,reduceMort,reduceSympt,riskReduct,waneRate,waneRateOut
cur_2,14,0.535070465,0.885345119,0.946449523,0.97353712,0.666384042,0.535070465,0.020652257,0.016568818
cur_2_60,14,0.520409164,0.8792365609999999,0.9433883059999999,0.9719785209999999,0.653179606,0.520409164,0.020652257,0.016568818
cur_2_70,14,0.505683685,0.872836443,0.940156643,0.97032759,0.639708405,0.505683685,0.020652257,0.016568818
cur_3,14,0.559967812,0.895160252,0.9513213690000001,0.976007097,0.6883452390000001,0.559967812,0.017347528,0.013264089
cur_3_60,14,0.545424624,0.8895093620000001,0.948523503,0.9745901770000001,0.675586864,0.545424624,0.017347528,0.013264089
cur_3_70,14,0.5307746879999999,0.8835815859999999,0.9455680679999999,0.973088856,0.662536345,0.5307746879999999,0.017347528,0.013264089
recover,0,0.9389604420000001,0.9879438890000001,0.994696635,0.997445131,0.954949695,0.9389604420000001,0.000348409,0.000348409
recover_60,0,0.908935149,0.982923187,0.992466634,0.9963666179999999,0.9370640509999999,0.908935149,0.000348409,0.000348409
recover_70,0,0.789956358,0.958521372,0.981444433,0.9909988009999999,0.8566865920000001,0.789956358,0.000348409,0.000348409
