name,effectDays,infectReduct,reduceHosp,reduceIcu,reduceMort,reduceSympt,riskReduct,waneRate,waneRateOut
cur_2,14,0.6164322010000001,0.914764618,0.962505547,0.981629121,0.714958918,0.6164322010000001,0.02313295,0.018869944
cur_2_60,14,0.597936237,0.908519594,0.959603937,0.980176962,0.698893269,0.597936237,0.02313295,0.018869944
cur_2_70,14,0.57913651,0.901858552,0.9564843829999999,0.97861073,0.682305985,0.57913651,0.02313295,0.018869944
cur_3,14,0.626026887,0.917890745,0.963949713,0.982350215,0.723195727,0.626026887,0.02179232,0.017529315
cur_3_60,14,0.607699145,0.911852694,0.961155353,0.98095395,0.7074043329999999,0.607699145,0.02179232,0.017529315
cur_3_70,14,0.589042168,0.90540908,0.9581503809999999,0.979447822,0.691078663,0.589042168,0.02179232,0.017529315
recover,0,0.88007182,0.935803068,0.952968743,0.960916291,0.904288891,0.88007182,0.006272707,0.006272707
recover_60,0,0.765752083,0.866552855,0.9002618729999999,0.9163341009999999,0.808017965,0.765752083,0.006272707,0.006272707
recover_70,0,0.765752083,0.866552855,0.9002618729999999,0.9163341009999999,0.808017965,0.765752083,0.006272707,0.006272707
