name,effectDays,infectReduct,reduceHosp,reduceIcu,reduceMort,reduceSympt,riskReduct,waneRate,waneRateOut
cur_2,14,0.411368244,0.827351388,0.899534408,0.94907636,0.664253666,0.411368244,0.020468513,0.009209333
cur_2_60,14,0.40501924200000006,0.8235648090000001,0.8971341340000001,0.9477910190000001,0.658367053,0.40501924200000006,0.020468513,0.009209333
cur_2_70,14,0.398661374,0.8196883220000001,0.8946673140000001,0.9464665109999999,0.65239294,0.398661374,0.020468513,0.009209333
cur_3,14,0.441166365,0.844073305,0.9100253290000001,0.9546547459999999,0.690870138,0.441166365,0.016461425,0.005202246
cur_3_60,14,0.434697093,0.840582809,0.907850022,0.953503309,0.685229051,0.434697093,0.016461425,0.005202246
cur_3_70,14,0.428208641,0.837006226,0.905613144,0.952316426,0.6794959979999999,0.428208641,0.016461425,0.005202246
recover,0,0.9369488690000001,0.9882001559999999,0.993649745,0.996939128,0.971890514,0.9369488690000001,0.009777137,0.009777137
recover_60,0,0.9072178679999999,0.98328437,0.99098353,0.9956479429999999,0.96045209,0.9072178679999999,0.009777137,0.009777137
recover_70,0,0.78839622,0.959377336,0.977839827,0.98922986,0.9069791159999999,0.78839622,0.009777137,0.009777137
