name,effectDays,infectReduct,reduceHosp,reduceIcu,reduceMort,reduceSympt,riskReduct,waneRate,waneRateOut
cur_2,14,0.519396493,0.8792519870000001,0.941264792,0.970894345,0.673386578,0.519396493,0.020687065,0.014787371
cur_2_60,14,0.48519331600000004,0.863950503,0.933224913,0.966767065,0.642601486,0.48519331600000004,0.020687065,0.014787371
cur_2_70,14,0.45113113,0.847048783,0.9241739720000001,0.962077803,0.610595453,0.45113113,0.020687065,0.014787371
cur_3,14,0.570910795,0.899647038,0.951760185,0.976228943,0.717376566,0.570910795,0.013850576000000002,0.007950882
cur_3_60,14,0.53710644,0.8865967220000001,0.945073116,0.972836963,0.688821728,0.53710644,0.013850576000000002,0.007950882
cur_3_70,14,0.50296039,0.8720918670000001,0.937520606,0.968976697,0.658756816,0.50296039,0.013850576000000002,0.007950882
recover,0,0.935165765,0.98799384,0.994508658,0.997354315,0.958846943,0.935165765,0.008984480999999999,0.008984480999999999
recover_60,0,0.868182325,0.982993583,0.992200235,0.99623761,0.942415261,0.868182325,0.008984480999999999,0.008984480999999999
recover_70,0,0.6520030720000001,0.9586881309999999,0.980795803,0.990680983,0.867908632,0.6520030720000001,0.008984480999999999,0.008984480999999999
