name,effectDays,infectReduct,reduceHosp,reduceIcu,reduceMort,reduceSympt,riskReduct,waneRate,waneRateOut
cur_2,14,0.641311991,0.921879311,0.9692210240000001,0.9849729290000001,0.6818917640000001,0.641311991,0.021662964,0.02142453
cur_2_60,14,0.593484425,0.9059778959999999,0.962564674,0.981658666,0.6364073889999999,0.593484425,0.021662964,0.02142453
cur_2_70,14,0.543845399,0.8872475670000001,0.954541485,0.9776326340000001,0.58837442,0.543845399,0.021662964,0.02142453
cur_3,14,0.650475375,0.9247164640000001,0.970394058,0.9855545809999999,0.690518738,0.650475375,0.020345715,0.020107281
cur_3_60,14,0.603113495,0.9093357540000001,0.963981964,0.982366306,0.645626833,0.603113495,0.020345715,0.020107281
cur_3_70,14,0.5537661979999999,0.891194015,0.956248724,0.978492202,0.598042552,0.5537661979999999,0.020345715,0.020107281
recover,0,0.88340743,0.9252809390000001,0.939240218,0.9674637629999999,0.919918042,0.88340743,0.0063119,0.0063119
recover_60,0,0.789262355,0.859572765,0.884272505,0.936297376,0.85025696,0.789262355,0.0063119,0.0063119
recover_70,0,0.789262355,0.859572765,0.884272505,0.936297376,0.85025696,0.789262355,0.0063119,0.0063119
