name,effectDays,infectReduct,reduceHosp,reduceIcu,reduceMort,reduceSympt,riskReduct,waneRate,waneRateOut
cur_2,14,0.37336007200000004,0.8040050559999999,0.880659683,0.938876759,0.648897122,0.37336007200000004,0.020750092,0.011589153
cur_2_60,14,0.331485226,0.7734456000000001,0.859970575,0.927448835,0.606004626,0.331485226,0.020750092,0.011589153
cur_2_70,14,0.29213572600000004,0.739681082,0.836373239,0.9140867159999999,0.56143546,0.29213572600000004,0.020750092,0.011589153
cur_3,14,0.443906531,0.8460594490000001,0.9081454729999999,0.953659858,0.7123246809999999,0.443906531,0.011133442,0.001972503
cur_3_60,14,0.399159406,0.820593942,0.891635033,0.944833458,0.67327937,0.399159406,0.011133442,0.001972503
cur_3_70,14,0.35605515600000004,0.791966188,0.872583091,0.9344468459999999,0.631695232,0.35605515600000004,0.011133442,0.001972503
recover,0,0.925778502,0.988247432,0.993432525,0.996834068,0.97428275,0.925778502,0.008054654,0.008054654
recover_60,0,0.920584898,0.983351009,0.990675964,0.995498764,0.963781507,0.920584898,0.008054654,0.008054654
recover_70,0,0.853423982,0.959535362,0.97709427,0.988863145,0.9144090859999999,0.853423982,0.008054654,0.008054654
