name,effectDays,infectReduct,reduceHosp,reduceIcu,reduceMort,reduceSympt,riskReduct,waneRate,waneRateOut
cur_2,14,0.5100226489999999,0.8766113640000001,0.9327208909999999,0.966507135,0.726312466,0.5100226489999999,0.022556503999999998,0.011579318
cur_2_60,14,0.474589528,0.860433992,0.9232559570000001,0.9615996170000001,0.697235457,0.474589528,0.022556503999999998,0.011579318
cur_2_70,14,0.43941529,0.842519261,0.912585839,0.956006586,0.666492131,0.43941529,0.022556503999999998,0.011579318
cur_3,14,0.481641055,0.863793305,0.925234555,0.9626296609999999,0.703167781,0.481641055,0.02629014,0.015312955
cur_3_60,14,0.446383366,0.846230163,0.91481262,0.9571791709999999,0.6727397820000001,0.446383366,0.02629014,0.015312955
cur_3_70,14,0.41166171100000004,0.8268590990000001,0.903091801,0.950975125,0.640790571,0.41166171100000004,0.02629014,0.015312955
recover,0,0.8530434459999999,0.9057345259999999,0.932761266,0.936248075,0.907946233,0.8530434459999999,0.005895341,0.005895341
recover_60,0,0.692776638,0.7886972109999999,0.843480861,0.850857216,0.793027412,0.692776638,0.005895341,0.005895341
recover_70,0,0.692776638,0.7886972109999999,0.843480861,0.850857216,0.793027412,0.692776638,0.005895341,0.005895341
