name,effectDays,infectReduct,reduceHosp,reduceIcu,reduceMort,reduceSympt,riskReduct,waneRate,waneRateOut
cur_2,14,0.502185618,0.872580438,0.9335731009999999,0.966946548,0.6948941829999999,0.502185618,0.020463988,0.016254249
cur_2_60,14,0.457896252,0.8514997129999999,0.92167746,0.9607762790000001,0.656005529,0.457896252,0.020463988,0.016254249
cur_2_70,14,0.414281367,0.82763143,0.907868322,0.9535130070000001,0.614925487,0.414281367,0.020463988,0.016254249
cur_3,14,0.52307805,0.8815932320000001,0.9385753840000001,0.9695176990000001,0.712331832,0.52307805,0.017714333999999998,0.013504595
cur_3_60,14,0.47871800299999995,0.861767396,0.927505983,0.963809437,0.6746250709999999,0.47871800299999995,0.017714333999999998,0.013504595
cur_3_70,14,0.434710219,0.839237848,0.914629295,0.957082742,0.634529811,0.434710219,0.017714333999999998,0.013504595
recover,0,0.908160623,0.9880823190000001,0.994157231,0.997184485,0.965003182,0.908160623,0.004752958,0.004752958
recover_60,0,0.79755608,0.983118281,0.9917023090000001,0.995996384,0.950903715,0.79755608,0.004752958,0.004752958
recover_70,0,0.501214135,0.95898361,0.9795848159999999,0.99008704,0.886052017,0.501214135,0.004752958,0.004752958
