name,effectDays,infectReduct,reduceHosp,reduceIcu,reduceMort,reduceSympt,riskReduct,waneRate,waneRateOut
cur_2,14,0.588662436,0.9045185170000001,0.9609310329999999,0.980841684,0.64700564,0.588662436,0.020833307,0.018464796000000002
cur_2_60,14,0.552926585,0.891149242,0.955068239,0.977898013,0.613006264,0.552926585,0.020833307,0.018464796000000002
cur_2_70,14,0.516641964,0.876167148,0.9483742159999999,0.974514455,0.577875141,0.516641964,0.020833307,0.018464796000000002
cur_3,14,0.64497219,0.923228467,0.968966012,0.984846385,0.699406929,0.64497219,0.012989832,0.010621321000000001
cur_3_60,14,0.610894744,0.9122247259999999,0.9642641279999999,0.982507062,0.667863774,0.610894744,0.012989832,0.010621321000000001
cur_3_70,14,0.575704613,0.8998173309999999,0.9588811429999999,0.9798145309999999,0.634745336,0.575704613,0.012989832,0.010621321000000001
recover,0,0.8783246370000001,0.98778195,0.995258511,0.997716481,0.9399122259999999,0.8783246370000001,0.003266035,0.003266035
recover_60,0,0.729474252,0.9826949909999999,0.993263172,0.9967521420000001,0.916578014,0.729474252,0.003266035,0.003266035
recover_70,0,0.39512836799999995,0.957981036,0.9833868929999999,0.991949282,0.8151970040000001,0.39512836799999995,0.003266035,0.003266035
