name,effectDays,infectReduct,reduceHosp,reduceIcu,reduceMort,reduceSympt,riskReduct,waneRate,waneRateOut
cur_2,14,0.426392355,0.836840858,0.900432091,0.949556198,0.707602627,0.426392355,0.021432744,0.011741877
cur_2_60,14,0.397543663,0.8199166840000001,0.889231,0.9435348729999999,0.682361187,0.397543663,0.021432744,0.011741877
cur_2_70,14,0.369385814,0.801650318,0.8769401509999999,0.936841575,0.655996141,0.369385814,0.021432744,0.011741877
cur_3,14,0.42362935799999996,0.8352912259999999,0.899413832,0.949011873,0.705257855,0.42362935799999996,0.02180446,0.012113592
cur_3_60,14,0.394838928,0.8182412240000001,0.888112424,0.9429294779999999,0.679905565,0.394838928,0.02180446,0.012113592
cur_3_70,14,0.366756029,0.799846398,0.875714806,0.936169272,0.653440214,0.366756029,0.02180446,0.012113592
recover,0,0.927653541,0.988272354,0.9933146999999999,0.99677707,0.975466361,0.927653541,0.004124007,0.004124007
recover_60,0,0.876061277,0.98338614,0.9905091559999999,0.9954178379999999,0.965431279,0.876061277,0.004124007,0.004124007
recover_70,0,0.700402304,0.959618682,0.976690202,0.988664277,0.918116728,0.700402304,0.004124007,0.004124007
