name,effectDays,infectReduct,reduceHosp,reduceIcu,reduceMort,reduceSympt,riskReduct,waneRate,waneRateOut
cur_2,14,0.467913278,0.8567024440000001,0.923681535,0.961821356,0.672336417,0.467913278,0.021394708999999998,0.01458578
cur_2_60,14,0.44003589,0.8423309109999999,0.915363803,0.957468977,0.647091416,0.44003589,0.021394708999999998,0.01458578
cur_2_70,14,0.412524844,0.8268053740000001,0.9062291729999999,0.9526435790000001,0.620991179,0.412524844,0.021394708999999998,0.01458578
cur_3,14,0.480384828,0.862734491,0.927133933,0.963616393,0.6832599429999999,0.480384828,0.019750132,0.012941203
cur_3_60,14,0.452396156,0.848861194,0.9191595370000001,0.959460023,0.6584289839999999,0.452396156,0.019750132,0.012941203
cur_3_70,14,0.42469844,0.8338518509999999,0.9103944709999999,0.95484987,0.632691288,0.42469844,0.019750132,0.012941203
recover,0,0.946238138,0.991791768,0.995928487,0.998039828,0.976454185,0.946238138,0.007298122,0.007298122
recover_60,0,0.9165265290000001,0.990584603,0.995326832,0.9977494640000001,0.9730526420000001,0.9165265290000001,0.007298122,0.007298122
recover_70,0,0.80036352,0.980453279,0.9902480920000001,0.995291154,0.94510177,0.80036352,0.007298122,0.007298122
