name,effectDays,infectReduct,reduceHosp,reduceIcu,reduceMort,reduceSympt,riskReduct,waneRate,waneRateOut
cur_2,14,0.502910084,0.8725258109999999,0.935478418,0.967927503,0.679122545,0.502910084,0.022311563,0.014267856
cur_2_60,14,0.472722109,0.858467306,0.9277880540000001,0.963955743,0.652235876,0.472722109,0.022311563,0.014267856
cur_2_70,14,0.44272869,0.843135167,0.919259101,0.9595121390000001,0.624339097,0.44272869,0.022311563,0.014267856
cur_3,14,0.527760978,0.8831904559999999,0.94123111,0.9708771279999999,0.7004119000000001,0.527760978,0.019039746,0.010996038999999999
cur_3_60,14,0.497574457,0.870133044,0.934178167,0.967258285,0.6744539740000001,0.497574457,0.019039746,0.010996038999999999
cur_3_70,14,0.467401977,0.855852449,0.926344033,0.9632062840000001,0.6473759060000001,0.467401977,0.019039746,0.010996038999999999
recover,0,0.928405811,0.9880423429999999,0.9943190159999999,0.997262677,0.962334505,0.928405811,0.009447794,0.009447794
recover_60,0,0.89271092,0.983061939,0.9919315190000001,0.996107443,0.9472186920000001,0.89271092,0.009447794,0.009447794
recover_70,0,0.756532251,0.958850092,0.980142049,0.9903604359999999,0.878123289,0.756532251,0.009447794,0.009447794
