name,effectDays,infectReduct,reduceHosp,reduceIcu,reduceMort,reduceSympt,riskReduct,waneRate,waneRateOut
cur_2,14,0.5844292529999999,0.9037997870000001,0.957253095,0.9789971590000001,0.688814936,0.5844292529999999,0.020968577,0.015461245
cur_2_60,14,0.537730473,0.885988309,0.948777601,0.974719034,0.646756287,0.537730473,0.020968577,0.015461245
cur_2_70,14,0.490384599,0.865381672,0.938734845,0.969599434,0.602318665,0.490384599,0.020968577,0.015461245
cur_3,14,0.598013886,0.9085776059999999,0.959495113,0.980122412,0.700734599,0.598013886,0.01912046,0.013613128
cur_3_60,14,0.551670601,0.8915445890000001,0.9514415979999999,0.97606789,0.659490576,0.551670601,0.01912046,0.013613128
cur_3_70,14,0.504436688,0.8717968859999999,0.94188916,0.9712133759999999,0.615703042,0.504436688,0.01912046,0.013613128
recover,0,0.9345313609999999,0.987892027,0.994884258,0.997535759,0.9505518390000001,0.9345313609999999,0.0025743420000000003,0.0025743420000000003
recover_60,0,0.903642588,0.982850103,0.992732574,0.996495369,0.9310462540000001,0.903642588,0.0025743420000000003,0.0025743420000000003
recover_70,0,0.7811338390000001,0.9583482809999999,0.982092456,0.991316106,0.8442606090000001,0.7811338390000001,0.0025743420000000003,0.0025743420000000003
