name,effectDays,infectReduct,reduceHosp,reduceIcu,reduceMort,reduceSympt,riskReduct,waneRate,waneRateOut
cur_2,14,0.5243205870000001,0.88098583,0.943822802,0.972200053,0.661280269,0.5243205870000001,0.020569716000000002,0.015759332
cur_2_60,14,0.491071718,0.866310435,0.936335777,0.96836826,0.630864809,0.491071718,0.020569716000000002,0.015759332
cur_2_70,14,0.457902975,0.850133962,0.927927472,0.96402804,0.599374104,0.457902975,0.020569716000000002,0.015759332
cur_3,14,0.571104387,0.899420142,0.9530429559999999,0.97687686,0.7022434670000001,0.571104387,0.014356042,0.009545658
cur_3_60,14,0.538245732,0.8867255759999999,0.946715374,0.973672235,0.673691252,0.538245732,0.014356042,0.009545658
cur_3_70,14,0.505052724,0.872656227,0.9395894859999999,0.970037261,0.643791149,0.505052724,0.014356042,0.009545658
recover,0,0.8697654859999999,0.9194841509999999,0.932478074,0.966856162,0.919183022,0.8697654859999999,0.005954059,0.005954059
recover_60,0,0.761393669,0.8451173040000001,0.868395026,0.9330580490000001,0.844585053,0.761393669,0.005954059,0.005954059
recover_70,0,0.761393669,0.8451173040000001,0.868395026,0.9330580490000001,0.844585053,0.761393669,0.005954059,0.005954059
