name,effectDays,infectReduct,reduceHosp,reduceIcu,reduceMort,reduceSympt,riskReduct,waneRate,waneRateOut
cur_2,14,0.540458556,0.8879649740000001,0.9456874190000001,0.973149576,0.692622167,0.540458556,0.022288236,0.016290396999999998
cur_2_60,14,0.509644622,0.8750661609999999,0.938977602,0.969723838,0.6657002320000001,0.509644622,0.022288236,0.016290396999999998
cur_2_70,14,0.47875470299999995,0.860913684,0.9314982479999999,0.965876016,0.6376515629999999,0.47875470299999995,0.022288236,0.016290396999999998
cur_3,14,0.517585258,0.878500035,0.9407737279999999,0.9706432770000001,0.67273652,0.517585258,0.025306936000000002,0.019309096
cur_3_60,14,0.486694269,0.864677574,0.933499557,0.966908643,0.644965671,0.486694269,0.025306936000000002,0.019309096
cur_3_70,14,0.455902087,0.84955061,0.9254021159999999,0.962716791,0.6161803570000001,0.455902087,0.025306936000000002,0.019309096
recover,0,0.918635478,0.9879961070000001,0.9944999520000001,0.9973501090000001,0.959016312,0.918635478,0.009725068,0.009725068
recover_60,0,0.8912607359999999,0.982996778,0.992187898,0.996231634,0.942648213,0.8912607359999999,0.009725068,0.009725068
recover_70,0,0.771618238,0.9586957009999999,0.980765778,0.990666266,0.8684009009999999,0.771618238,0.009725068,0.009725068
