name,effectDays,infectReduct,reduceHosp,reduceIcu,reduceMort,reduceSympt,riskReduct,waneRate,waneRateOut
cur_2,14,0.43041119299999997,0.838668929,0.904056603,0.9514888159999999,0.697100115,0.43041119299999997,0.021993451,0.014815703000000001
cur_2_60,14,0.413071266,0.828814394,0.897708974,0.9480991540000001,0.6818782870000001,0.413071266,0.021993451,0.014815703000000001
cur_2_70,14,0.39592140600000003,0.81847397,0.8909827240000001,0.944481441,0.666236444,0.39592140600000003,0.021993451,0.014815703000000001
cur_3,14,0.437828454,0.842712598,0.906643802,0.952863652,0.703437392,0.437828454,0.021000777,0.013823028999999999
cur_3_60,14,0.420410264,0.833055894,0.900448495,0.9495649620000001,0.688391676,0.420410264,0.021000777,0.013823028999999999
cur_3_70,14,0.403165004,0.822916937,0.8938810890000001,0.946043608,0.67291647,0.403165004,0.021000777,0.013823028999999999
recover,0,0.92292117,0.98823797,0.9934766540000001,0.996855413,0.9738196309999999,0.92292117,0.008962366,0.008962366
recover_60,0,0.894785756,0.983337672,0.990738442,0.9955290720000001,0.963136436,0.894785756,0.008962366,0.008962366
recover_70,0,0.775020811,0.95950373,0.977245667,0.988937635,0.912964078,0.775020811,0.008962366,0.008962366
