name,effectDays,infectReduct,reduceHosp,reduceIcu,reduceMort,reduceSympt,riskReduct,waneRate,waneRateOut
cur_2,14,0.534643295,0.885049421,0.9468647290000001,0.9737481259999999,0.6600063039999999,0.534643295,0.020980546,0.015303848
cur_2_60,14,0.492401861,0.866683833,0.937679912,0.969058445,0.621079306,0.492401861,0.020980546,0.015303848
cur_2_70,14,0.45028454100000004,0.845903275,0.9270341329999999,0.9635645970000001,0.58054368,0.45028454100000004,0.020980546,0.015303848
cur_3,14,0.5293975089999999,0.882888397,0.9457946340000001,0.9732041159999999,0.6552624779999999,0.5293975089999999,0.02167325,0.015996552
cur_3_60,14,0.487136678,0.864230508,0.93643726,0.9684204040000001,0.616108258,0.487136678,0.02167325,0.015996552
cur_3_70,14,0.445074831,0.8431367540000001,0.92559605,0.962817615,0.575404397,0.445074831,0.02167325,0.015996552
recover,0,0.802635935,0.853773047,0.917004741,0.93008756,0.86144731,0.802635935,0.003739459,0.003739459
recover_60,0,0.670075688,0.74463148,0.8465773959999999,0.86917812,0.756399383,0.670075688,0.003739459,0.003739459
recover_70,0,0.670075688,0.74463148,0.8465773959999999,0.86917812,0.756399383,0.670075688,0.003739459,0.003739459
