name,effectDays,infectReduct,reduceHosp,reduceIcu,reduceMort,reduceSympt,riskReduct,waneRate,waneRateOut
cur_2,14,0.595036286,0.907073186,0.960809499,0.980780848,0.670900223,0.595036286,0.02066858,0.01659158
cur_2_60,14,0.5821150039999999,0.902476365,0.958749975,0.9797487290000001,0.659012412,0.5821150039999999,0.02066858,0.01659158
cur_2_70,14,0.569049432,0.89766635,0.9565819309999999,0.978659785,0.646892696,0.569049432,0.02066858,0.01659158
cur_3,14,0.623299762,0.9166107729999999,0.9650443740000001,0.982896062,0.6965689420000001,0.623299762,0.016764375,0.012687375
cur_3_60,14,0.61069027,0.912440206,0.963198875,0.9819754479999999,0.685173239,0.61069027,0.016764375,0.012687375
cur_3_70,14,0.597900987,0.9080715640000001,0.96125521,0.981003917,0.673522713,0.597900987,0.016764375,0.012687375
recover,0,0.8782783829999999,0.92508481,0.9552575059999999,0.9485071420000001,0.88366331,0.8782783829999999,0.005571798,0.005571798
recover_60,0,0.768092772,0.850034906,0.907409169,0.8942391009999999,0.777115234,0.768092772,0.005571798,0.005571798
recover_70,0,0.768092772,0.850034906,0.907409169,0.8942391009999999,0.777115234,0.768092772,0.005571798,0.005571798
