name,effectDays,infectReduct,reduceHosp,reduceIcu,reduceMort,reduceSympt,riskReduct,waneRate,waneRateOut
cur_2,14,0.524245891,0.880580316,0.945360775,0.972983376,0.643032704,0.524245891,0.019143741000000002,0.014189253999999998
cur_2_60,14,0.475930715,0.858698965,0.9344658259999999,0.9674064179999999,0.5975194620000001,0.475930715,0.019143741000000002,0.014189253999999998
cur_2_70,14,0.428087316,0.833580458,0.9215861559999999,0.960728613,0.55028755,0.428087316,0.019143741000000002,0.014189253999999998
cur_3,14,0.579072945,0.9020176129999999,0.955753502,0.978243027,0.692207652,0.579072945,0.011848096,0.006893609
cur_3_60,14,0.5313482279999999,0.883544765,0.946814255,0.97372248,0.649547167,0.5313482279999999,0.011848096,0.006893609
cur_3_70,14,0.48306899299999995,0.862133877,0.936195762,0.968296307,0.604378281,0.48306899299999995,0.011848096,0.006893609
recover,0,0.7666529529999999,0.8350222420000001,0.8531850000000001,0.8980885559999999,0.83548544,0.7666529529999999,0.0032148909999999997,0.0032148909999999997
recover_60,0,0.592276596,0.691155095,0.71984249,0.795766486,0.6918731690000001,0.592276596,0.0032148909999999997,0.0032148909999999997
recover_70,0,0.592276596,0.691155095,0.71984249,0.795766486,0.6918731690000001,0.592276596,0.0032148909999999997,0.0032148909999999997
