name,effectDays,infectReduct,reduceHosp,reduceIcu,reduceMort,reduceSympt,riskReduct,waneRate,waneRateOut
cur_2,14,0.459522925,0.8537880059999999,0.91487997,0.957214592,0.713916673,0.459522925,0.021641057999999998,0.013580723000000001
cur_2_60,14,0.431506578,0.839050703,0.905619683,0.9523199,0.690196803,0.431506578,0.021641057999999998,0.013580723000000001
cur_2_70,14,0.40391537200000005,0.823131793,0.895464571,0.9468949740000001,0.665425976,0.40391537200000005,0.021641057999999998,0.013580723000000001
cur_3,14,0.418763454,0.831883768,0.901067492,0.949895554,0.678937859,0.418763454,0.027085054,0.019024719
cur_3_60,14,0.391432393,0.815415965,0.89048441,0.944212356,0.653724502,0.391432393,0.027085054,0.019024719
cur_3_70,14,0.364759489,0.7977229809999999,0.878918511,0.937925102,0.627610882,0.364759489,0.027085054,0.019024719
recover,0,0.949216492,0.988218864,0.993564758,0.996898026,0.972860814,0.949216492,0.005433545,0.005433545
recover_60,0,0.914216178,0.98331074,0.990863188,0.9955895790000001,0.9618017109999999,0.914216178,0.005433545,0.005433545
recover_70,0,0.7836006120000001,0.959439865,0.977548031,0.989086369,0.909982537,0.7836006120000001,0.005433545,0.005433545
