name,effectDays,infectReduct,reduceHosp,reduceIcu,reduceMort,reduceSympt,riskReduct,waneRate,waneRateOut
cur_2,14,0.515318597,0.878366599,0.9364956459999999,0.9684504009999999,0.708398352,0.515318597,0.022844398999999998,0.012390227
cur_2_60,14,0.471377557,0.85828811,0.92519555,0.962609377,0.670778738,0.471377557,0.022844398999999998,0.012390227
cur_2_70,14,0.42789406700000004,0.83552619,0.912079513,0.955739566,0.630852514,0.42789406700000004,0.022844398999999998,0.012390227
cur_3,14,0.470779315,0.8579958259999999,0.92502921,0.962522863,0.670248297,0.470779315,0.028706635,0.018252462
cur_3_60,14,0.427287996,0.83518562,0.9118807409999999,0.9556347,0.630275672,0.427287996,0.028706635,0.018252462
cur_3_70,14,0.38491021200000003,0.809536409,0.8966908000000001,0.947553245,0.588451152,0.38491021200000003,0.028706635,0.018252462
recover,0,0.9414491509999999,0.98808858,0.994131432,0.997172015,0.9654050559999999,0.9414491509999999,0.009202436,0.009202436
recover_60,0,0.8944258159999999,0.983127105,0.9916657609999999,0.995978673,0.951459352,0.8944258159999999,0.009202436,0.009202436
recover_70,0,0.7299093640000001,0.959004524,0.979495997,0.990043448,0.887254577,0.7299093640000001,0.009202436,0.009202436
