name,effectDays,infectReduct,reduceHosp,reduceIcu,reduceMort,reduceSympt,riskReduct,waneRate,waneRateOut
cur_2,14,0.44266258399999997,0.84291634,0.920092323,0.959948061,0.616935534,0.44266258399999997,0.01978771,0.011604535
cur_2_60,14,0.381006257,0.806148071,0.8992288740000001,0.948912935,0.555185485,0.381006257,0.01978771,0.011604535
cur_2_70,14,0.323005977,0.7632282570000001,0.873688572,0.935055539,0.49173391299999997,0.323005977,0.01978771,0.011604535
cur_3,14,0.51901963,0.879379515,0.939917887,0.9702053909999999,0.686334826,0.51901963,0.009711711999999999,0.0015285379999999999
cur_3_60,14,0.455418431,0.84962349,0.9238021009999999,0.961884156,0.629045259,0.455418431,0.009711711999999999,0.0015285379999999999
cur_3_70,14,0.393287686,0.814109764,0.903823733,0.951364878,0.5679300820000001,0.393287686,0.009711711999999999,0.0015285379999999999
recover,0,0.932731726,0.988025961,0.994383873,0.997294019,0.961187984,0.932731726,0.010671763,0.010671763
recover_60,0,0.914582166,0.983038851,0.992023413,0.9961519609999999,0.9456380440000001,0.914582166,0.010671763,0.010671763
recover_70,0,0.8226052859999999,0.9587953840000001,0.9803655590000001,0.990470051,0.8747470490000001,0.8226052859999999,0.010671763,0.010671763
