name,effectDays,infectReduct,reduceHosp,reduceIcu,reduceMort,reduceSympt,riskReduct,waneRate,waneRateOut
cur_2,14,0.5220209,0.880511635,0.94119986,0.9708611540000001,0.6825726120000001,0.5220209,0.021452051,0.015197953
cur_2_60,14,0.49123316899999997,0.866928809,0.933998647,0.967165815,0.655297654,0.49123316899999997,0.021452051,0.015197953
cur_2_70,14,0.460509125,0.85206002,0.925984123,0.963019306,0.626957407,0.460509125,0.021452051,0.015197953
cur_3,14,0.56471971,0.897475393,0.9500366109999999,0.975356984,0.718658805,0.56471971,0.015790723,0.009536625
cur_3_60,14,0.534228335,0.885570315,0.9438530690000001,0.972215481,0.6930903629999999,0.534228335,0.015790723,0.009536625
cur_3_70,14,0.503476328,0.872478057,0.9369543920000001,0.9686860290000001,0.666274898,0.503476328,0.015790723,0.009536625
recover,0,0.95007147,0.9880104679999999,0.994444448,0.99732329,0.960074477,0.95007147,0.0035765740000000003,0.0035765740000000003
recover_60,0,0.9338395629999999,0.983017017,0.992109247,0.9961935390000001,0.944104356,0.9338395629999999,0.0035765740000000003,0.0035765740000000003
recover_70,0,0.855479885,0.958743652,0.980574383,0.990572442,0.871485155,0.855479885,0.0035765740000000003,0.0035765740000000003
