name,effectDays,infectReduct,reduceHosp,reduceIcu,reduceMort,reduceSympt,riskReduct,waneRate,waneRateOut
cur_2,14,0.487798396,0.86497981,0.93471225,0.9675332809999999,0.636484417,0.487798396,0.020133682,0.012489395
cur_2_60,14,0.478764901,0.860698837,0.932469613,0.966377495,0.628073831,0.478764901,0.020133682,0.012489395
cur_2_70,14,0.46970723,0.856285885,0.930145775,0.96517691,0.619548956,0.46970723,0.020133682,0.012489395
cur_3,14,0.552555689,0.892554141,0.948887083,0.9747745440000001,0.694227004,0.552555689,0.011591711999999999,0.003947425
cur_3_60,14,0.543595698,0.889035287,0.947103797,0.973869577,0.6864943490000001,0.543595698,0.011591711999999999,0.003947425
cur_3_70,14,0.534569404,0.885400489,0.9452539809999999,0.972929024,0.67862335,0.534569404,0.011591711999999999,0.003947425
recover,0,0.921960125,0.987974337,0.9945829190000001,0.9973901940000001,0.9573633890000001,0.921960125,0.008310948,0.008310948
recover_60,0,0.8708567490000001,0.982966097,0.992305471,0.9962885770000001,0.940376186,0.8708567490000001,0.008310948,0.008310948
recover_70,0,0.696349384,0.9586230179999999,0.981051973,0.990806528,0.8636130909999999,0.696349384,0.008310948,0.008310948
