name,effectDays,infectReduct,reduceHosp,reduceIcu,reduceMort,reduceSympt,riskReduct,waneRate,waneRateOut
cur_2,14,0.457888211,0.851893125,0.919760841,0.9597746840000001,0.6717961579999999,0.457888211,0.021842402,0.011082276
cur_2_60,14,0.401665564,0.820515516,0.9010921690000001,0.9499087279999999,0.619313921,0.401665564,0.021842402,0.011082276
cur_2_70,14,0.34795282899999996,0.784202043,0.878670415,0.937789352,0.563927516,0.34795282899999996,0.021842402,0.011082276
cur_3,14,0.49619552,0.870248293,0.930392289,0.965304411,0.70473509,0.49619552,0.016791587,0.006031461
cur_3_60,14,0.439078908,0.842038313,0.913965785,0.9567335770000001,0.6548136179999999,0.439078908,0.016791587,0.006031461
cur_3_70,14,0.383570377,0.8090660590000001,0.8941194809999999,0.946171875,0.601266788,0.383570377,0.016791587,0.006031461
recover,0,0.882553345,0.9190351520000001,0.9470372570000001,0.9658602890000001,0.923929965,0.882553345,0.006451605,0.006451605
recover_60,0,0.76208252,0.8287232,0.884018335,0.9234274720000001,0.8381161779999999,0.76208252,0.006451605,0.006451605
recover_70,0,0.76208252,0.8287232,0.884018335,0.9234274720000001,0.8381161779999999,0.76208252,0.006451605,0.006451605
