name,effectDays,infectReduct,reduceHosp,reduceIcu,reduceMort,reduceSympt,riskReduct,waneRate,waneRateOut
cur_2,14,0.5193840679999999,0.880049732,0.937668223,0.969052447,0.709748123,0.5193840679999999,0.022124952000000003,0.014747478
cur_2_60,14,0.474870051,0.85993154,0.926405728,0.963238328,0.6717214690000001,0.474870051,0.022124952000000003,0.014747478
cur_2_70,14,0.430771203,0.837074588,0.9133026740000001,0.956384369,0.631319243,0.430771203,0.022124952000000003,0.014747478
cur_3,14,0.515463419,0.878382305,0.9367441790000001,0.9685780709999999,0.7065028520000001,0.515463419,0.022641172999999997,0.0152637
cur_3_60,14,0.470956155,0.8580295659999999,0.9253280190000001,0.9626782629999999,0.66824976,0.470956155,0.022641172999999997,0.0152637
cur_3_70,14,0.426925279,0.834921823,0.912051301,0.9557246840000001,0.627657102,0.426925279,0.022641172999999997,0.0152637
recover,0,0.849862964,0.90844694,0.932246288,0.9356950340000001,0.892771889,0.849862964,0.005249938000000001,0.005249938000000001
recover_60,0,0.679439142,0.787928964,0.83745146,0.844922721,0.7571360429999999,0.679439142,0.005249938000000001,0.005249938000000001
recover_70,0,0.679439142,0.787928964,0.83745146,0.844922721,0.7571360429999999,0.679439142,0.005249938000000001,0.005249938000000001
