name,effectDays,infectReduct,reduceHosp,reduceIcu,reduceMort,reduceSympt,riskReduct,waneRate,waneRateOut
cur_2,14,0.50122839,0.872983265,0.9293631240000001,0.964771885,0.7285053920000001,0.50122839,0.021990305,0.015199662
cur_2_60,14,0.47914808700000006,0.862857368,0.9233371770000001,0.9616419429999999,0.7106788079999999,0.47914808700000006,0.021990305,0.015199662
cur_2_70,14,0.45713218299999997,0.8520525040000001,0.9168380070000001,0.958243243,0.692161903,0.45713218299999997,0.021990305,0.015199662
cur_3,14,0.44647082200000004,0.846543383,0.9134963859999999,0.956486408,0.682914618,0.44647082200000004,0.029218382,0.022427738
cur_3_60,14,0.424748516,0.8347087679999999,0.906253403,0.952656443,0.663477322,0.424748516,0.029218382,0.022427738
cur_3_70,14,0.403296755,0.822143324,0.8984652009999999,0.94850422,0.643455065,0.403296755,0.029218382,0.022427738
recover,0,0.891288847,0.98816981,0.993784965,0.997004516,0.9702479909999999,0.891288847,0.007681519,0.007681519
recover_60,0,0.894894845,0.9832415959999999,0.991175019,0.995740796,0.958169952,0.894894845,0.007681519,0.007681519
recover_70,0,0.823749686,0.9592759190000001,0.9783043459999999,0.989458196,0.901926372,0.823749686,0.007681519,0.007681519
