name,effectDays,infectReduct,reduceHosp,reduceIcu,reduceMort,reduceSympt,riskReduct,waneRate,waneRateOut
cur_2,14,0.46286594299999995,0.854614345,0.9201951209999999,0.960001815,0.684499834,0.46286594299999995,0.020093918,0.011067838
cur_2_60,14,0.43041383899999996,0.8375223829999999,0.910001105,0.954641939,0.655471165,0.43041383899999996,0.020093918,0.011067838
cur_2_70,14,0.39854937799999995,0.818847345,0.89864859,0.9486024009999999,0.625234524,0.39854937799999995,0.020093918,0.011067838
cur_3,14,0.44658644200000003,0.84626446,0.9152381490000001,0.957402925,0.670150724,0.44658644200000003,0.02225268,0.0132266
cur_3_60,14,0.41439515,0.828387979,0.9044766759999999,0.951712307,0.640495216,0.41439515,0.02225268,0.0132266
cur_3_70,14,0.382919336,0.808902597,0.892509619,0.945305031,0.609726812,0.382919336,0.02225268,0.0132266
recover,0,0.852885598,0.913636936,0.937201257,0.8986589009999999,0.8866438390000001,0.852885598,0.004984989,0.004984989
recover_60,0,0.727994117,0.8300423690000001,0.873251343,0.803681685,0.783123615,0.727994117,0.004984989,0.004984989
recover_70,0,0.727994117,0.8300423690000001,0.873251343,0.803681685,0.783123615,0.727994117,0.004984989,0.004984989
