name,effectDays,infectReduct,reduceHosp,reduceIcu,reduceMort,reduceSympt,riskReduct,waneRate,waneRateOut
cur_2,14,0.516264397,0.878263495,0.939027432,0.96974937,0.6866475009999999,0.516264397,0.020558065,0.013613338999999999
cur_2_60,14,0.49156280700000005,0.867295536,0.933117146,0.9667115,0.66500073,0.49156280700000005,0.020558065,0.013613338999999999
cur_2_70,14,0.46688977,0.855495745,0.9266752559999999,0.963378295,0.642625239,0.46688977,0.020558065,0.013613338999999999
cur_3,14,0.557643043,0.894976102,0.947892983,0.9742702790000001,0.7213189879999999,0.557643043,0.015083391000000002,0.008138664
cur_3_60,14,0.53314367,0.885317263,0.942789709,0.971673153,0.701024485,0.53314367,0.015083391000000002,0.008138664
cur_3_70,14,0.508470772,0.874888764,0.937216759,0.968820738,0.6798969109999999,0.508470772,0.015083391000000002,0.008138664
recover,0,0.9474644259999999,0.988032525,0.994357985,0.9972815079999999,0.961651165,0.9474644259999999,0.004500361,0.004500361
recover_60,0,0.912264252,0.983048102,0.991986733,0.9961341920000001,0.946276425,0.912264252,0.004500361,0.004500361
recover_70,0,0.780920968,0.958817305,0.980276334,0.990426296,0.876108848,0.780920968,0.004500361,0.004500361
