name,effectDays,infectReduct,reduceHosp,reduceIcu,reduceMort,reduceSympt,riskReduct,waneRate,waneRateOut
cur_2,14,0.515095273,0.877462455,0.940081937,0.9702893579999999,0.671954335,0.515095273,0.020877535,0.013688823000000001
cur_2_60,14,0.465263131,0.854338939,0.927802798,0.9639633890000001,0.626555145,0.465263131,0.020877535,0.013688823000000001
cur_2_70,14,0.416142554,0.8277249059999999,0.913248524,0.9563558409999999,0.578838988,0.416142554,0.020877535,0.013688823000000001
cur_3,14,0.5439502270000001,0.889384856,0.9462846890000001,0.973453325,0.696966484,0.5439502270000001,0.017068559,0.009879846999999999
cur_3_60,14,0.494171432,0.868173158,0.935189058,0.9677786540000001,0.653242513,0.494171432,0.017068559,0.009879846999999999
cur_3_70,14,0.444536033,0.8436241440000001,0.9219986020000001,0.9609439000000001,0.606796333,0.444536033,0.017068559,0.009879846999999999
recover,0,0.9019526840000001,0.927174504,0.9631249129999999,0.961444576,0.92776584,0.9019526840000001,0.00688359,0.00688359
recover_60,0,0.778068815,0.829121144,0.9087098259999999,0.9047949940000001,0.8303629920000001,0.778068815,0.00688359,0.00688359
recover_70,0,0.778068815,0.829121144,0.9087098259999999,0.9047949940000001,0.8303629920000001,0.778068815,0.00688359,0.00688359
