name,effectDays,infectReduct,reduceHosp,reduceIcu,reduceMort,reduceSympt,riskReduct,waneRate,waneRateOut
cur_2,14,0.44359912100000004,0.845341725,0.9109597009999999,0.955148491,0.692050554,0.44359912100000004,0.02148164,0.013549716000000002
cur_2_60,14,0.421268321,0.833067028,0.903297122,0.95108449,0.672325567,0.421268321,0.02148164,0.013549716000000002
cur_2_70,14,0.399239832,0.8200161979999999,0.895045147,0.946669613,0.651958155,0.399239832,0.02148164,0.013549716000000002
cur_3,14,0.446232942,0.846730895,0.911820958,0.9556031559999999,0.694318722,0.446232942,0.021131017999999998,0.013199094
cur_3_60,14,0.42387056100000003,0.834544873,0.904224705,0.951578264,0.67467072,0.42387056100000003,0.021131017999999998,0.013199094
cur_3_70,14,0.401800471,0.821584836,0.8960427740000001,0.9472054790000001,0.65437414,0.401800471,0.021131017999999998,0.013199094
recover,0,0.8601214140000001,0.917702218,0.9341290870000001,0.9486676490000001,0.9005098490000001,0.8601214140000001,0.005396496999999999,0.005396496999999999
recover_60,0,0.715920998,0.820471837,0.853201689,0.883371899,0.787667254,0.715920998,0.005396496999999999,0.005396496999999999
recover_70,0,0.715920998,0.820471837,0.853201689,0.883371899,0.787667254,0.715920998,0.005396496999999999,0.005396496999999999
