name,effectDays,infectReduct,reduceHosp,reduceIcu,reduceMort,reduceSympt,riskReduct,waneRate,waneRateOut
cur_2,14,0.604628189,0.909878964,0.9641220970000001,0.982436216,0.64848399,0.604628189,0.020478885,0.018618124
cur_2_60,14,0.565755346,0.89584848,0.95814801,0.979446632,0.611149963,0.565755346,0.020478885,0.018618124
cur_2_70,14,0.526068799,0.8799271759999999,0.95123179,0.9759617970000001,0.572477081,0.526068799,0.020478885,0.018618124
cur_3,14,0.635443205,0.9200488720000001,0.968383518,0.984557208,0.677702928,0.635443205,0.016176859,0.014316098999999999
cur_3_60,14,0.597583622,0.907440624,0.963091842,0.9819220009999999,0.641757845,0.597583622,0.016176859,0.014316098999999999
cur_3_70,14,0.558536125,0.893079878,0.95695591,0.978847803,0.6041573929999999,0.558536125,0.016176859,0.014316098999999999
recover,0,0.829770143,0.8994877059999999,0.922009512,0.9401561079999999,0.840870201,0.829770143,0.0037057609999999997,0.0037057609999999997
recover_60,0,0.669919394,0.788409822,0.831148673,0.8673959529999999,0.687517432,0.669919394,0.0037057609999999997,0.0037057609999999997
recover_70,0,0.669919394,0.788409822,0.831148673,0.8673959529999999,0.687517432,0.669919394,0.0037057609999999997,0.0037057609999999997
