name,effectDays,infectReduct,reduceHosp,reduceIcu,reduceMort,reduceSympt,riskReduct,waneRate,waneRateOut
cur_2,14,0.545006066,0.890104888,0.945184757,0.972893791,0.712286455,0.545006066,0.02207986,0.013870263999999998
cur_2_60,14,0.528238145,0.8833324290000001,0.9415839140000001,0.971057432,0.6982703370000001,0.528238145,0.02207986,0.013870263999999998
cur_2_70,14,0.511380842,0.876189619,0.9377561670000001,0.9690975709999999,0.683852463,0.511380842,0.02207986,0.013870263999999998
cur_3,14,0.494384469,0.868622872,0.93366724,0.9669950620000001,0.668971925,0.494384469,0.02875304,0.020543443999999998
cur_3_60,14,0.477539375,0.8607336809999999,0.9293663440000001,0.964773553,0.653871095,0.477539375,0.02875304,0.020543443999999998
cur_3_70,14,0.460719941,0.852438423,0.92480197,0.9624046490000001,0.638430213,0.460719941,0.02875304,0.020543443999999998
recover,0,0.882975148,0.918407793,0.9367818240000001,0.934236442,0.907296361,0.882975148,0.006583369,0.006583369
recover_60,0,0.768916479,0.832325665,0.867283538,0.862351084,0.8118924240000001,0.768916479,0.006583369,0.006583369
recover_70,0,0.768916479,0.832325665,0.867283538,0.862351084,0.8118924240000001,0.768916479,0.006583369,0.006583369
