name,effectDays,infectReduct,reduceHosp,reduceIcu,reduceMort,reduceSympt,riskReduct,waneRate,waneRateOut
cur_2,14,0.49057779100000004,0.867322695,0.930657666,0.9654416309999999,0.684754324,0.49057779100000004,0.020573018000000002,0.014176988
cur_2_60,14,0.449912464,0.847375092,0.9193467909999999,0.959558035,0.648482786,0.449912464,0.020573018000000002,0.014176988
cur_2_70,14,0.40991887200000005,0.8250413329999999,0.906381173,0.952724268,0.610425323,0.40991887200000005,0.020573018000000002,0.014176988
cur_3,14,0.533219563,0.88577156,0.940899864,0.970707779,0.7204058090000001,0.533219563,0.014958741999999999,0.008562711
cur_3_60,14,0.49243637700000004,0.868176107,0.9311360390000001,0.9656888859999999,0.6863574,0.49243637700000004,0.014958741999999999,0.008562711
cur_3_70,14,0.45176715700000003,0.8483414140000001,0.9199005090000001,0.959847743,0.650188521,0.45176715700000003,0.014958741999999999,0.008562711
recover,0,0.800532295,0.868276616,0.911335098,0.930061998,0.8626303129999999,0.800532295,0.004013458,0.004013458
recover_60,0,0.678379773,0.776001919,0.843797309,0.87482963,0.767459587,0.678379773,0.004013458,0.004013458
recover_70,0,0.678379773,0.776001919,0.843797309,0.87482963,0.767459587,0.678379773,0.004013458,0.004013458
