name,effectDays,infectReduct,reduceHosp,reduceIcu,reduceMort,reduceSympt,riskReduct,waneRate,waneRateOut
cur_2,14,0.43085322,0.838156054,0.908171231,0.9536735040000001,0.670310116,0.43085322,0.021309769,0.011233746999999999
cur_2_60,14,0.385131825,0.8107852179999999,0.891102848,0.944546285,0.627179723,0.385131825,0.021309769,0.011233746999999999
cur_2_70,14,0.341374216,0.780017161,0.8713223940000001,0.9337517740000001,0.581949795,0.341374216,0.021309769,0.011233746999999999
cur_3,14,0.47421335200000003,0.860530657,0.921769818,0.960824492,0.7077995090000001,0.47421335200000003,0.015551981999999999,0.00547596
cur_3_60,14,0.427345556,0.836204308,0.9069701109999999,0.9530367759999999,0.6671380960000001,0.427345556,0.015551981999999999,0.00547596
cur_3_70,14,0.38176969,0.80859384,0.889715136,0.943796665,0.623848449,0.38176969,0.015551981999999999,0.00547596
recover,0,0.8548949290000001,0.90704072,0.9121841559999999,0.939036587,0.8973104690000001,0.8548949290000001,0.005190541,0.005190541
recover_60,0,0.74343434,0.8275555640000001,0.836303205,0.883392491,0.8112368670000001,0.74343434,0.005190541,0.005190541
recover_70,0,0.74343434,0.8275555640000001,0.836303205,0.883392491,0.8112368670000001,0.74343434,0.005190541,0.005190541
