name,effectDays,infectReduct,reduceHosp,reduceIcu,reduceMort,reduceSympt,riskReduct,waneRate,waneRateOut
cur_2,14,0.293655807,0.7438151820000001,0.820559265,0.904929744,0.639865408,0.293655807,0.020014053,0.007149085
cur_2_60,14,0.281982159,0.7328120929999999,0.812019302,0.899915391,0.626638733,0.281982159,0.020014053,0.007149085
cur_2_70,14,0.27057134,0.7214894820000001,0.803151611,0.8946561479999999,0.613191735,0.27057134,0.020014053,0.007149085
cur_3,14,0.375053245,0.807366655,0.868440173,0.93215902,0.719478416,0.375053245,0.007945149,-0.004919819000000001
cur_3_60,14,0.36180123799999997,0.7983531220000001,0.861795158,0.928467312,0.70784063,0.36180123799999997,0.007945149,-0.004919819000000001
cur_3_70,14,0.348729178,0.789008261,0.8548558540000001,0.924582679,0.69589894,0.348729178,0.007945149,-0.004919819000000001
recover,0,0.9218099240000001,0.9884117029999999,0.9926110359999999,0.996436532,0.981201305,0.9218099240000001,0.008608122,0.008608122
recover_60,0,0.872030832,0.983582583,0.989513311,0.9949344109999999,0.9734481559999999,0.872030832,0.008608122,0.008608122
recover_70,0,0.7006734259999999,0.9600847440000001,0.974282025,0.9874773020000001,0.936383338,0.7006734259999999,0.008608122,0.008608122
