name,effectDays,infectReduct,reduceHosp,reduceIcu,reduceMort,reduceSympt,riskReduct,waneRate,waneRateOut
cur_2,14,0.525386345,0.882269289,0.940409954,0.9704572029999999,0.701371504,0.525386345,0.022383214,0.015811005
cur_2_60,14,0.503034561,0.8726508540000001,0.9351926159999999,0.967780485,0.6822959059999999,0.503034561,0.022383214,0.015811005
cur_2_70,14,0.48065422700000004,0.862361385,0.9295483940000001,0.9648677940000001,0.662573298,0.48065422700000004,0.022383214,0.015811005
cur_3,14,0.5004283660000001,0.87148781,0.934557915,0.9674538309999999,0.680031831,0.5004283660000001,0.025668232000000003,0.019096023
cur_3_60,14,0.478068851,0.8611271890000001,0.928866965,0.964514944,0.660253412,0.478068851,0.025668232000000003,0.019096023
cur_3_70,14,0.455780568,0.850066612,0.9227173540000001,0.9613188420000001,0.63988466,0.455780568,0.025668232000000003,0.019096023
recover,0,0.883093992,0.91035631,0.93751386,0.9594181140000001,0.8969845,0.883093992,0.006139739,0.006139739
recover_60,0,0.799664645,0.842921955,0.887995248,0.925885782,0.8214639420000001,0.799664645,0.006139739,0.006139739
recover_70,0,0.799664645,0.842921955,0.887995248,0.925885782,0.8214639420000001,0.799664645,0.006139739,0.006139739
