name,effectDays,infectReduct,reduceHosp,reduceIcu,reduceMort,reduceSympt,riskReduct,waneRate,waneRateOut
cur_2,14,0.485956393,0.864382635,0.933089788,0.966697393,0.646531003,0.485956393,0.019851511999999998,0.013964471000000001
cur_2_60,14,0.45266452100000004,0.847929939,0.924241896,0.962113166,0.6154083570000001,0.45266452100000004,0.019851511999999998,0.013964471000000001
cur_2_70,14,0.41979239700000004,0.8298750009999999,0.91433192,0.9569262829999999,0.583313078,0.41979239700000004,0.019851511999999998,0.013964471000000001
cur_3,14,0.54392812,0.889390852,0.946216553,0.9734186840000001,0.697660336,0.54392812,0.012212414,0.0063253730000000005
cur_3_60,14,0.510609718,0.875535216,0.9389909879999999,0.969730696,0.668732921,0.510609718,0.012212414,0.0063253730000000005
cur_3_70,14,0.477198377,0.860217488,0.930866036,0.9655493470000001,0.63847349,0.477198377,0.012212414,0.0063253730000000005
recover,0,0.877442652,0.910973785,0.9504069390000001,0.958367835,0.9151156640000001,0.877442652,0.005409915,0.005409915
recover_60,0,0.781361491,0.8362749429999999,0.905357648,0.919940895,0.843294306,0.781361491,0.005409915,0.005409915
recover_70,0,0.781361491,0.8362749429999999,0.905357648,0.919940895,0.843294306,0.781361491,0.005409915,0.005409915
