name,effectDays,infectReduct,reduceHosp,reduceIcu,reduceMort,reduceSympt,riskReduct,waneRate,waneRateOut
cur_2,14,0.45244882,0.8489704859999999,0.918778504,0.959260523,0.661705413,0.45244882,0.021046297999999998,0.014765716000000002
cur_2_60,14,0.418598364,0.830447279,0.907888061,0.953523467,0.6302186120000001,0.418598364,0.021046297999999998,0.014765716000000002
cur_2_70,14,0.385500519,0.810162267,0.895704363,0.94702377,0.59758656,0.385500519,0.021046297999999998,0.014765716000000002
cur_3,14,0.475115182,0.86029098,0.9253267390000001,0.962677598,0.681801485,0.475115182,0.018049267,0.011768685
cur_3_60,14,0.440934526,0.842899265,0.9152332990000001,0.957400375,0.651199171,0.440934526,0.018049267,0.011768685
cur_3_70,14,0.407307848,0.8237878820000001,0.90391834,0.951415234,0.619300161,0.407307848,0.018049267,0.011768685
recover,0,0.9088355840000001,0.988107062,0.994054529,0.9971348409999999,0.966566785,0.9088355840000001,0.0075186459999999995,0.0075186459999999995
recover_60,0,0.8173553259999999,0.983153155,0.9915568220000001,0.995925878,0.953066623,0.8173553259999999,0.0075186459999999995,0.0075186459999999995
recover_70,0,0.55669432,0.959066265,0.9792313159999999,0.98991352,0.890743665,0.55669432,0.0075186459999999995,0.0075186459999999995
