name,effectDays,infectReduct,reduceHosp,reduceIcu,reduceMort,reduceSympt,riskReduct,waneRate,waneRateOut
cur_2,14,0.316812257,0.76446293,0.8335816009999999,0.91248221,0.6754665759999999,0.316812257,0.020621288,0.008586358
cur_2_60,14,0.276673155,0.728047971,0.805128658,0.895833364,0.631917365,0.276673155,0.020621288,0.008586358
cur_2_70,14,0.23985294399999998,0.68832061,0.773152959,0.876457279,0.586129974,0.23985294399999998,0.020621288,0.008586358
cur_3,14,0.357441954,0.795642882,0.857319486,0.925965288,0.714020454,0.357441954,0.014638509,0.002603579
cur_3_60,14,0.314525069,0.7625511640000001,0.8321076340000001,0.911632985,0.673141311,0.314525069,0.014638509,0.002603579
cur_3_70,14,0.274579683,0.725966965,0.8034782690000001,0.8948508390000001,0.6294751270000001,0.274579683,0.014638509,0.002603579
recover,0,0.9069242470000001,0.988436621,0.99247673,0.996371507,0.982084153,0.9069242470000001,0.005926703,0.005926703
recover_60,0,0.8487623479999999,0.983617713,0.989323306,0.994842117,0.974685723,0.8487623479999999,0.005926703,0.005926703
recover_70,0,0.6578104539999999,0.96016812,0.9738233479999999,0.987250882,0.939240647,0.6578104539999999,0.005926703,0.005926703
