name,effectDays,infectReduct,reduceHosp,reduceIcu,reduceMort,reduceSympt,riskReduct,waneRate,waneRateOut
cur_2,14,0.547202109,0.8899142879999999,0.950089568,0.975383799,0.662001614,0.547202109,0.021083047999999997,0.015675071000000002
cur_2_60,14,0.5195967260000001,0.878566052,0.944558068,0.972574701,0.636749026,0.5195967260000001,0.021083047999999997,0.015675071000000002
cur_2_70,14,0.49186348,0.866220269,0.9384514559999999,0.969454167,0.610711883,0.49186348,0.021083047999999997,0.015675071000000002
cur_3,14,0.581143403,0.9027325970000001,0.9562456090000001,0.978490635,0.692178427,0.581143403,0.016542886,0.01113491
cur_3_60,14,0.553920419,0.892546191,0.9513614459999999,0.9760273620000001,0.668049893,0.553920419,0.016542886,0.01113491
cur_3_70,14,0.5263624379999999,0.8814299040000001,0.9459613159999999,0.9732888940000001,0.642998441,0.5263624379999999,0.016542886,0.01113491
recover,0,0.9242464340000001,0.9879075690000001,0.99482882,0.997508982,0.951908816,0.9242464340000001,0.006505156,0.006505156
recover_60,0,0.893988184,0.9828720040000001,0.992653991,0.996457328,0.932900726,0.893988184,0.006505156,0.006505156
recover_70,0,0.769707623,0.958400147,0.981900916,0.991222341,0.848068252,0.769707623,0.006505156,0.006505156
