name,effectDays,infectReduct,reduceHosp,reduceIcu,reduceMort,reduceSympt,riskReduct,waneRate,waneRateOut
cur_2,14,0.489897517,0.8661462590000001,0.934398561,0.967371784,0.646814972,0.489897517,0.021613075,0.014212617
cur_2_60,14,0.468498039,0.855887725,0.9289417390000001,0.964553675,0.626986093,0.468498039,0.021613075,0.014212617
cur_2_70,14,0.44719604399999996,0.8449742790000001,0.92306328,0.961499193,0.606703703,0.44719604399999996,0.021613075,0.014212617
cur_3,14,0.5246563989999999,0.881470238,0.942428182,0.971488628,0.677911258,0.5246563989999999,0.017039231000000002,0.009638773
cur_3_60,14,0.503236484,0.872212863,0.937594667,0.9690147029999999,0.658907565,0.503236484,0.017039231000000002,0.009638773
cur_3_70,14,0.481786746,0.862336852,0.9323799340000001,0.9663312190000001,0.639362518,0.481786746,0.017039231000000002,0.009638773
recover,0,0.937232125,0.987993612,0.994509535,0.997354739,0.958829824,0.937232125,0.0048118679999999995,0.0048118679999999995
recover_60,0,0.896257506,0.98299326,0.992201478,0.9962382120000001,0.942391718,0.896257506,0.0048118679999999995,0.0048118679999999995
recover_70,0,0.7481139790000001,0.958687368,0.980798829,0.990682466,0.8678588979999999,0.7481139790000001,0.0048118679999999995,0.0048118679999999995
