name,effectDays,infectReduct,reduceHosp,reduceIcu,reduceMort,reduceSympt,riskReduct,waneRate,waneRateOut
cur_2,14,0.5618749479999999,0.8961839509999999,0.9504328890000001,0.975557604,0.7052457129999999,0.5618749479999999,0.022293666,0.01350036
cur_2_60,14,0.571101937,0.8996280520000001,0.952173325,0.9764377129999999,0.712995598,0.571101937,0.022293666,0.01350036
cur_2_70,14,0.580213261,0.9029463390000001,0.9538435959999999,0.977280808,0.720567465,0.580213261,0.022293666,0.01350036
cur_3,14,0.548553771,0.891056576,0.9478288420000001,0.974237725,0.693908979,0.548553771,0.02406723,0.015273924
cur_3_60,14,0.557840535,0.894650781,0.9496558690000001,0.97516415,0.7018309159999999,0.557840535,0.02406723,0.015273924
cur_3_70,14,0.5670199929999999,0.8981149820000001,0.951409573,0.976051697,0.709577355,0.5670199929999999,0.02406723,0.015273924
recover,0,0.9070081459999999,0.9917104459999999,0.9962509620000001,0.998195382,0.970725135,0.9070081459999999,0.00622809,0.00622809
recover_60,0,0.862353017,0.990491435,0.995696754,0.997928013,0.96652432,0.862353017,0.00622809,0.00622809
recover_70,0,0.7007430509999999,0.980261857,0.9910164109999999,0.9956638879999999,0.93227332,0.7007430509999999,0.00622809,0.00622809
