name,effectDays,infectReduct,reduceHosp,reduceIcu,reduceMort,reduceSympt,riskReduct,waneRate,waneRateOut
cur_2,14,0.45344983299999997,0.8508771829999999,0.912055915,0.955727118,0.7151208290000001,0.45344983299999997,0.021586705,0.013026308
cur_2_60,14,0.433538711,0.8403468890000001,0.905365265,0.9521847240000001,0.69840207,0.433538711,0.021586705,0.013026308
cur_2_70,14,0.41382044799999995,0.8292108979999999,0.898215078,0.948370281,0.6811222229999999,0.41382044799999995,0.021586705,0.013026308
cur_3,14,0.44714544100000003,0.8476165059999999,0.9099914459999999,0.954636832,0.7099037840000001,0.44714544100000003,0.022424062,0.013863665
cur_3_60,14,0.427294722,0.836900095,0.9031604109999999,0.951011673,0.693010287,0.427294722,0.022424062,0.013863665
cur_3_70,14,0.407656074,0.825573588,0.895862797,0.947108849,0.675565027,0.407656074,0.022424062,0.013863665
recover,0,0.926462645,0.988234574,0.993492411,0.9968630340000001,0.973651542,0.926462645,0.008856456,0.008856456
recover_60,0,0.920019293,0.983332885,0.990760752,0.9955398940000001,0.962902369,0.920019293,0.008856456,0.008856456
recover_70,0,0.850665772,0.959492378,0.977299734,0.9889642340000001,0.9124403990000001,0.850665772,0.008856456,0.008856456
