name,effectDays,infectReduct,reduceHosp,reduceIcu,reduceMort,reduceSympt,riskReduct,waneRate,waneRateOut
cur_2,14,0.526710555,0.882101173,0.9438467079999999,0.9722122390000001,0.668908182,0.526710555,0.021478082000000003,0.015601245
cur_2_60,14,0.475967165,0.859280927,0.93205726,0.9661646759999999,0.6224831999999999,0.475967165,0.021478082000000003,0.015601245
cur_2_70,14,0.42574442700000004,0.832897133,0.918016632,0.9588613770000001,0.57372652,0.42574442700000004,0.021478082000000003,0.015601245
cur_3,14,0.535649467,0.8857834309999999,0.9457191770000001,0.973165732,0.6768093620000001,0.535649467,0.020297933,0.014421095
cur_3_60,14,0.48492725299999995,0.863565677,0.934295489,0.9673187059999999,0.63088091,0.48492725299999995,0.020297933,0.014421095
cur_3_70,14,0.43454306,0.83783363,0.920678036,0.9602542559999999,0.582481346,0.43454306,0.020297933,0.014421095
recover,0,0.9217046529999999,0.987967658,0.9946080959999999,0.997402358,0.956844165,0.9217046529999999,0.010126588,0.010126588
recover_60,0,0.93132076,0.982956684,0.9923411529999999,0.996305856,0.939663131,0.93132076,0.010126588,0.010126588
recover_70,0,0.8899561109999999,0.958600717,0.981138848,0.990849097,0.8621166140000001,0.8899561109999999,0.010126588,0.010126588
