name,effectDays,infectReduct,reduceHosp,reduceIcu,reduceMort,reduceSympt,riskReduct,waneRate,waneRateOut
cur_2,14,0.6813408459999999,0.933688325,0.9746023640000001,0.987635368,0.7089937590000001,0.6813408459999999,0.021304097,0.021089812000000003
cur_2_60,14,0.640925334,0.921595037,0.9697286759999999,0.985224737,0.6703887820000001,0.640925334,0.021304097,0.021089812000000003
cur_2_70,14,0.598425121,0.9075216999999999,0.963957215,0.9823539590000001,0.6293592,0.598425121,0.021304097,0.021089812000000003
cur_3,14,0.6703812029999999,0.930522658,0.9733341179999999,0.987009259,0.698564416,0.6703812029999999,0.02294895,0.022734666
cur_3_60,14,0.629331884,0.91790281,0.9682249940000001,0.984478478,0.659240851,0.629331884,0.02294895,0.022734666
cur_3_70,14,0.586345091,0.903236319,0.962178027,0.981465432,0.617615111,0.586345091,0.02294895,0.022734666
recover,0,0.8280907409999999,0.88285269,0.9283409429999999,0.92862119,0.886356137,0.8280907409999999,0.004986551,0.004986551
recover_60,0,0.669356373,0.760030305,0.844828019,0.845380473,0.7662343229999999,0.669356373,0.004986551,0.004986551
recover_70,0,0.669356373,0.760030305,0.844828019,0.845380473,0.7662343229999999,0.669356373,0.004986551,0.004986551
