name,effectDays,infectReduct,reduceHosp,reduceIcu,reduceMort,reduceSympt,riskReduct,waneRate,waneRateOut
cur_2,14,0.44551014,0.8453786459999999,0.916467368,0.958048696,0.656939235,0.44551014,0.01914369,0.011965646000000002
cur_2_60,14,0.410323137,0.825635316,0.904778801,0.951872983,0.6238407970000001,0.410323137,0.01914369,0.011965646000000002
cur_2_70,14,0.376035935,0.803959215,0.89165025,0.944841667,0.58954975,0.376035935,0.01914369,0.011965646000000002
cur_3,14,0.49657170799999995,0.8703346059999999,0.930887591,0.9655604879999999,0.7015728859999999,0.49657170799999995,0.012400178999999999,0.005222135
cur_3_60,14,0.460702571,0.853224602,0.9210429790000001,0.96044494,0.670621614,0.460702571,0.012400178999999999,0.005222135
cur_3_70,14,0.42524144399999997,0.834289883,0.9099336179999999,0.954606257,0.638121344,0.42524144399999997,0.012400178999999999,0.005222135
recover,0,0.913018,0.9881106279999999,0.994039565,0.997127608,0.9667867259999999,0.913018,0.004703288,0.004703288
recover_60,0,0.882410373,0.98315818,0.991535625,0.995915604,0.953371091,0.882410373,0.004703288,0.004703288
recover_70,0,0.753427737,0.959078177,0.979179825,0.9898882390000001,0.89140637,0.753427737,0.004703288,0.004703288
