name,effectDays,infectReduct,reduceHosp,reduceIcu,reduceMort,reduceSympt,riskReduct,waneRate,waneRateOut
cur_2,14,0.41188763,0.828763467,0.893730791,0.945962722,0.7025252590000001,0.41188763,0.021117947,0.00766453
cur_2_60,14,0.374391866,0.8052812290000001,0.8778445709999999,0.9373372109999999,0.668652835,0.374391866,0.021117947,0.00766453
cur_2_70,14,0.338355766,0.7794435040000001,0.859961036,0.927443505,0.6329490839999999,0.338355766,0.021117947,0.00766453
cur_3,14,0.434578195,0.8415571959999999,0.902243114,0.950522808,0.72158219,0.434578195,0.018061355,0.004607938
cur_3_60,14,0.39640911700000003,0.819447184,0.88746918,0.9425810029999999,0.6889188509999999,0.39640911700000003,0.018061355,0.004607938
cur_3_70,14,0.359471494,0.795010682,0.870787286,0.933456453,0.654269722,0.359471494,0.018061355,0.004607938
recover,0,0.846062168,0.9011411090000001,0.912169268,0.903246777,0.87209481,0.846062168,0.005129151,0.005129151
recover_60,0,0.685225744,0.783098808,0.804437415,0.787124803,0.729770294,0.685225744,0.005129151,0.005129151
recover_70,0,0.685225744,0.783098808,0.804437415,0.787124803,0.729770294,0.685225744,0.005129151,0.005129151
