name,effectDays,infectReduct,reduceHosp,reduceIcu,reduceMort,reduceSympt,riskReduct,waneRate,waneRateOut
cur_2,14,0.47422031,0.8606863309999999,0.921005394,0.960425305,0.7136788270000001,0.47422031,0.020241712,0.013659235
cur_2_60,14,0.43580128100000004,0.841040751,0.90896615,0.954094441,0.680986485,0.43580128100000004,0.020241712,0.013659235
cur_2_70,14,0.398147725,0.819212838,0.895304494,0.946808975,0.6464201270000001,0.398147725,0.020241712,0.013659235
cur_3,14,0.46371314,0.85554978,0.917880638,0.958790095,0.704979958,0.46371314,0.021628873,0.015046395
cur_3_60,14,0.425456535,0.835318454,0.9054140709999999,0.9522106579999999,0.671751205,0.425456535,0.021628873,0.015046395
cur_3_70,14,0.38808198,0.812879592,0.8912831040000001,0.944643572,0.636717995,0.38808198,0.021628873,0.015046395
recover,0,0.867378726,0.9119347729999999,0.945224397,0.9390780259999999,0.910128468,0.867378726,0.005601,0.005601
recover_60,0,0.754907511,0.829836945,0.8904317540000001,0.878924643,0.8266667940000001,0.754907511,0.005601,0.005601
recover_70,0,0.754907511,0.829836945,0.8904317540000001,0.878924643,0.8266667940000001,0.754907511,0.005601,0.005601
