name,effectDays,infectReduct,reduceHosp,reduceIcu,reduceMort,reduceSympt,riskReduct,waneRate,waneRateOut
cur_2,14,0.49261869399999997,0.867469893,0.9347703359999999,0.96756318,0.652247957,0.49261869399999997,0.021675785,0.014462866999999999
cur_2_60,14,0.46761203700000004,0.85551956,0.928387555,0.964266545,0.62918661,0.46761203700000004,0.021675785,0.014462866999999999
cur_2_70,14,0.442755124,0.842680671,0.921429212,0.9606466659999999,0.605509341,0.442755124,0.021675785,0.014462866999999999
cur_3,14,0.5517644970000001,0.892458278,0.947832419,0.97423954,0.70396793,0.5517644970000001,0.013873158,0.00666024
cur_3_60,14,0.526873182,0.8824558490000001,0.9426493570000001,0.971601525,0.6826677309999999,0.526873182,0.013873158,0.00666024
cur_3_70,14,0.50183549,0.871651484,0.936982722,0.968700577,0.660563069,0.50183549,0.013873158,0.00666024
recover,0,0.8371163559999999,0.878047573,0.9237322370000001,0.931809827,0.891104977,0.8371163559999999,0.004711478,0.004711478
recover_60,0,0.690152497,0.7573076740000001,0.8399797290000001,0.855540427,0.780054377,0.690152497,0.004711478,0.004711478
recover_70,0,0.690152497,0.7573076740000001,0.8399797290000001,0.855540427,0.780054377,0.690152497,0.004711478,0.004711478
