name,effectDays,infectReduct,reduceHosp,reduceIcu,reduceMort,reduceSympt,riskReduct,waneRate,waneRateOut
cur_2,14,0.528345697,0.88386167,0.939409897,0.969945292,0.7202237340000001,0.528345697,0.021924605,0.012488221
cur_2_60,14,0.488407803,0.86641627,0.929644334,0.964917452,0.686905159,0.488407803,0.021924605,0.012488221
cur_2_70,14,0.4486295,0.8468109229999999,0.918445139,0.9590859140000001,0.651549585,0.4486295,0.021924605,0.012488221
cur_3,14,0.498920214,0.871209447,0.93234595,0.9663136809999999,0.695878553,0.498920214,0.025798259,0.016361874
cur_3_60,14,0.45904179999999994,0.852181373,0.921536954,0.960702924,0.661025255,0.45904179999999994,0.025798259,0.016361874
cur_3_70,14,0.41969312799999997,0.830894611,0.909173314,0.9542040820000001,0.624345468,0.41969312799999997,0.025798259,0.016361874
recover,0,0.9319417170000001,0.988091583,0.994119009,0.99716601,0.965596344,0.9319417170000001,0.0062856019999999995,0.0062856019999999995
recover_60,0,0.869278352,0.983131338,0.9916481629999999,0.995970145,0.951723894,0.869278352,0.0062856019999999995,0.0062856019999999995
recover_70,0,0.665242,0.959014557,0.979453237,0.99002246,0.887827777,0.665242,0.0062856019999999995,0.0062856019999999995
