name,effectDays,infectReduct,reduceHosp,reduceIcu,reduceMort,reduceSympt,riskReduct,waneRate,waneRateOut
cur_2,14,0.42877464200000004,0.836169899,0.911634895,0.955504968,0.637404791,0.42877464200000004,0.019354472,0.011859346000000002
cur_2_60,14,0.402988622,0.821101245,0.9026996159999999,0.950766158,0.6125259239999999,0.402988622,0.019354472,0.011859346000000002
cur_2_70,14,0.37771884299999997,0.804963833,0.892963218,0.945549431,0.587036617,0.37771884299999997,0.019354472,0.011859346000000002
cur_3,14,0.477135601,0.861204792,0.9261563690000001,0.963108799,0.6812340370000001,0.477135601,0.012932633999999998,0.005437508000000001
cur_3_60,14,0.45073611399999997,0.8480202579999999,0.91855829,0.9591451870000001,0.657747697,0.45073611399999997,0.012932633999999998,0.005437508000000001
cur_3_70,14,0.424601689,0.833819616,0.9102510220000001,0.954774054,0.633453029,0.424601689,0.012932633999999998,0.005437508000000001
recover,0,0.850887442,0.902501605,0.926292909,0.9493357920000001,0.863222107,0.850887442,0.004786938,0.004786938
recover_60,0,0.7375596,0.82010795,0.860906073,0.9022331440000001,0.756587032,0.7375596,0.004786938,0.004786938
recover_70,0,0.7375596,0.82010795,0.860906073,0.9022331440000001,0.756587032,0.7375596,0.004786938,0.004786938
