name,effectDays,infectReduct,reduceHosp,reduceIcu,reduceMort,reduceSympt,riskReduct,waneRate,waneRateOut
cur_2,14,0.509532662,0.875364844,0.9374137309999999,0.968921846,0.681346714,0.509532662,0.022007269,0.013970811000000001
cur_2_60,14,0.473191364,0.858608121,0.9283160970000001,0.964229509,0.64896547,0.473191364,0.022007269,0.013970811000000001
cur_2_70,14,0.43713821700000005,0.8400137129999999,0.918013605,0.958859791,0.6151583429999999,0.43713821700000005,0.022007269,0.013970811000000001
cur_3,14,0.522799405,0.881046283,0.940459087,0.97048234,0.6927682759999999,0.522799405,0.020260672,0.012224215
cur_3_60,14,0.48645035700000006,0.86493555,0.9317719109999999,0.966017351,0.660970156,0.48645035700000006,0.020260672,0.012224215
cur_3_70,14,0.4502504,0.847025006,0.92192432,0.9609051340000001,0.6276558320000001,0.4502504,0.020260672,0.012224215
recover,0,0.9196355890000001,0.988033797,0.9943529529999999,0.9972790770000001,0.961740334,0.9196355890000001,0.006714113000000001,0.006714113000000001
recover_60,0,0.864016865,0.983049895,0.991979603,0.996130738,0.9463993509999999,0.864016865,0.006714113000000001,0.006714113000000001
recover_70,0,0.6788268479999999,0.9588215520000001,0.980258993,0.9904177909999999,0.87637135,0.6788268479999999,0.006714113000000001,0.006714113000000001
