name,effectDays,infectReduct,reduceHosp,reduceIcu,reduceMort,reduceSympt,riskReduct,waneRate,waneRateOut
cur_2,14,0.476632871,0.861433925,0.923741189,0.961852429,0.699714177,0.476632871,0.020765331,0.015474168
cur_2_60,14,0.452844994,0.849617664,0.916724559,0.958183703,0.67924223,0.452844994,0.020765331,0.015474168
cur_2_70,14,0.429256917,0.8369768470000001,0.9091212329999999,0.95417652,0.6580441229999999,0.429256917,0.020765331,0.015474168
cur_3,14,0.47645308399999997,0.8613478720000001,0.9236904020000001,0.961825975,0.6995627190000001,0.47645308399999997,0.020789026999999998,0.015497863
cur_3_60,14,0.45266642,0.8495255540000001,0.916669521,0.958154815,0.679085182,0.45266642,0.020789026999999998,0.015497863
cur_3_70,14,0.42908035,0.836878481,0.9090616690000001,0.954144997,0.657881924,0.42908035,0.020789026999999998,0.015497863
recover,0,0.846525413,0.903905373,0.92433333,0.950962835,0.8461562840000001,0.846525413,0.004937218,0.004937218
recover_60,0,0.695414298,0.795652626,0.834889584,0.8892247409999999,0.694812753,0.695414298,0.004937218,0.004937218
recover_70,0,0.695414298,0.795652626,0.834889584,0.8892247409999999,0.694812753,0.695414298,0.004937218,0.004937218
