name,effectDays,infectReduct,reduceHosp,reduceIcu,reduceMort,reduceSympt,riskReduct,waneRate,waneRateOut
cur_2,14,0.513972561,0.877262724,0.938572816,0.969516383,0.6839331059999999,0.513972561,0.022179307000000002,0.012795085
cur_2_60,14,0.507309341,0.874362587,0.937017357,0.968718361,0.678140828,0.507309341,0.022179307000000002,0.012795085
cur_2_70,14,0.500601463,0.8713851140000001,0.935415056,0.967894913,0.672256194,0.500601463,0.022179307000000002,0.012795085
cur_3,14,0.5120522120000001,0.876432682,0.938128156,0.969288388,0.682269157,0.5120522120000001,0.022432017999999998,0.013047796
cur_3_60,14,0.505388001,0.87351576,0.936562198,0.968484592,0.676460811,0.505388001,0.022432017999999998,0.013047796
cur_3_70,14,0.498679814,0.87052119,0.934949122,0.967655195,0.670560383,0.498679814,0.022432017999999998,0.013047796
recover,0,0.932114075,0.988030733,0.994365066,0.9972849309999999,0.9615252000000001,0.932114075,0.0009500180000000001,0.0009500180000000001
recover_60,0,0.896613597,0.983045576,0.9919967670000001,0.9961390520000001,0.9461027890000001,0.896613597,0.0009500180000000001,0.0009500180000000001
recover_70,0,0.761799672,0.958811319,0.980300741,0.990438265,0.8757382090000001,0.761799672,0.0009500180000000001,0.0009500180000000001
