name,effectDays,infectReduct,reduceHosp,reduceIcu,reduceMort,reduceSympt,riskReduct,waneRate,waneRateOut
cur_2,14,0.43232254299999995,0.8382537840000001,0.912248493,0.9558286970000001,0.644976399,0.43232254299999995,0.019613688,0.013284933
cur_2_60,14,0.40351021600000003,0.8215396140000001,0.9022893359999999,0.9505474540000001,0.617405564,0.40351021600000003,0.019613688,0.013284933
cur_2_70,14,0.375344125,0.803500227,0.891332737,0.9446703559999999,0.589053334,0.375344125,0.019613688,0.013284933
cur_3,14,0.462583258,0.854174715,0.921567494,0.960718869,0.6724888940000001,0.462583258,0.015588455,0.009259700000000001
cur_3_60,14,0.433293516,0.838789346,0.912564605,0.955995391,0.6458815760000001,0.433293516,0.015588455,0.009259700000000001
cur_3_70,14,0.404458135,0.822116075,0.9026358720000001,0.950732185,0.618335081,0.404458135,0.015588455,0.009259700000000001
recover,0,0.860145901,0.913449834,0.924666122,0.952052288,0.876609575,0.860145901,0.005059545,0.005059545
recover_60,0,0.711635369,0.8089716229999999,0.831225888,0.888483793,0.7403033459999999,0.711635369,0.005059545,0.005059545
recover_70,0,0.711635369,0.8089716229999999,0.831225888,0.888483793,0.7403033459999999,0.711635369,0.005059545,0.005059545
