name,effectDays,infectReduct,reduceHosp,reduceIcu,reduceMort,reduceSympt,riskReduct,waneRate,waneRateOut
cur_2,14,0.483685944,0.8642364379999999,0.928288818,0.964215371,0.6837839720000001,0.483685944,0.022064619,0.01216732
cur_2_60,14,0.44571621299999997,0.845301665,0.9174338940000001,0.958555857,0.649877654,0.44571621299999997,0.022064619,0.01216732
cur_2_70,14,0.40837867,0.82426849,0.90510704,0.9520474859999999,0.614394853,0.40837867,0.022064619,0.01216732
cur_3,14,0.48746980799999995,0.8660040090000001,0.929290691,0.9647343829999999,0.687050198,0.48746980799999995,0.021566598,0.011669299
cur_3_60,14,0.449461616,0.847272193,0.918574117,0.959153477,0.6533165360000001,0.449461616,0.021566598,0.011669299
cur_3_70,14,0.412043558,0.8264519290000001,0.906400127,0.9527343290000001,0.617977377,0.412043558,0.021566598,0.011669299
recover,0,0.8286585320000001,0.886268409,0.91694768,0.922607046,0.872985503,0.8286585320000001,0.004625039,0.004625039
recover_60,0,0.667695968,0.764013625,0.821011057,0.8320100779999999,0.7406309729999999,0.667695968,0.004625039,0.004625039
recover_70,0,0.667695968,0.764013625,0.821011057,0.8320100779999999,0.7406309729999999,0.667695968,0.004625039,0.004625039
