name,effectDays,infectReduct,reduceHosp,reduceIcu,reduceMort,reduceSympt,riskReduct,waneRate,waneRateOut
cur_2,14,0.634525101,0.921085127,0.963275078,0.9820134970000001,0.759009719,0.634525101,0.023046212000000003,0.018443618000000002
cur_2_60,14,0.6012590320000001,0.910211275,0.957949267,0.97934685,0.732293973,0.6012590320000001,0.023046212000000003,0.018443618000000002
cur_2_70,14,0.567035616,0.898006676,0.951890522,0.976294815,0.703776246,0.567035616,0.023046212000000003,0.018443618000000002
cur_3,14,0.56288145,0.8964481590000001,0.951110555,0.975900482,0.7002404940000001,0.56288145,0.032870255,0.028267662000000002
cur_3_60,14,0.527945644,0.882612175,0.9441229870000001,0.972353045,0.669843634,0.527945644,0.032870255,0.028267662000000002
cur_3_70,14,0.49273851,0.8672034670000001,0.9362047920000001,0.968300948,0.6379622739999999,0.49273851,0.032870255,0.028267662000000002
recover,0,0.834516885,0.895334975,0.9171692140000001,0.9219633309999999,0.879441575,0.834516885,0.00474356,0.00474356
recover_60,0,0.658524243,0.765876782,0.808954805,0.8187746290000001,0.736118988,0.658524243,0.00474356,0.00474356
recover_70,0,0.658524243,0.765876782,0.808954805,0.8187746290000001,0.736118988,0.658524243,0.00474356,0.00474356
