name,effectDays,infectReduct,reduceHosp,reduceIcu,reduceMort,reduceSympt,riskReduct,waneRate,waneRateOut
cur_2,14,0.516132781,0.878846144,0.936075585,0.968234542,0.714775505,0.516132781,0.02031244,0.016446292
cur_2_60,14,0.44139495,0.843102048,0.91559432,0.957590128,0.6499082110000001,0.44139495,0.02031244,0.016446292
cur_2_70,14,0.369286006,0.79926613,0.88935408,0.943601441,0.57904575,0.369286006,0.02031244,0.016446292
cur_3,14,0.480742045,0.862939848,0.9270593429999999,0.963577682,0.685047957,0.480742045,0.024968554,0.021102407000000004
cur_3_60,14,0.406820229,0.823445669,0.903985597,0.9514510290000001,0.6170421220000001,0.406820229,0.024968554,0.021102407000000004
cur_3_70,14,0.336952524,0.775579765,0.874630571,0.935573627,0.5441928429999999,0.336952524,0.024968554,0.021102407000000004
recover,0,0.845382023,0.895205109,0.925272361,0.947701536,0.862879805,0.845382023,0.0046707170000000004,0.0046707170000000004
recover_60,0,0.760769806,0.832454165,0.878073456,0.9133423890000001,0.7854124029999999,0.760769806,0.0046707170000000004,0.0046707170000000004
recover_70,0,0.760769806,0.832454165,0.878073456,0.9133423890000001,0.7854124029999999,0.760769806,0.0046707170000000004,0.0046707170000000004
