name,effectDays,infectReduct,reduceHosp,reduceIcu,reduceMort,reduceSympt,riskReduct,waneRate,waneRateOut
cur_2,14,0.538854885,0.8871830270000001,0.945946345,0.97328128,0.684575721,0.538854885,0.021809555,0.016655497
cur_2_60,14,0.493408877,0.86763237,0.935842677,0.968114813,0.644002996,0.493408877,0.021809555,0.016655497
cur_2_70,14,0.44809263,0.8452956709999999,0.924008158,0.961991467,0.6012717360000001,0.44809263,0.021809555,0.016655497
cur_3,14,0.534626429,0.8854696940000001,0.9450701859999999,0.9728354709999999,0.680892165,0.534626429,0.022368647999999998,0.01721459
cur_3_60,14,0.48915875700000006,0.8656670809999999,0.934814032,0.9675856709999999,0.640094727,0.48915875700000006,0.022368647999999998,0.01721459
cur_3_70,14,0.443890823,0.843058732,0.92280542,0.961364763,0.597187774,0.443890823,0.022368647999999998,0.01721459
recover,0,0.9262755109999999,0.987979719,0.99456254,0.997380349,0.9577775279999999,0.9262755109999999,0.007884647,0.007884647
recover_60,0,0.8732286429999999,0.9829736809999999,0.9922765920000001,0.9962745909999999,0.940945148,0.8732286429999999,0.007884647,0.007884647
recover_70,0,0.694022493,0.958640983,0.980981667,0.990772076,0.864809258,0.694022493,0.007884647,0.007884647
