name,effectDays,infectReduct,reduceHosp,reduceIcu,reduceMort,reduceSympt,riskReduct,waneRate,waneRateOut
cur_2,14,0.49164336,0.8670713320000001,0.9343073279999999,0.9673248040000001,0.653606812,0.49164336,0.02178749,0.013916574
cur_2_60,14,0.47491649399999997,0.859158702,0.930074182,0.965139875,0.638288354,0.47491649399999997,0.02178749,0.013916574
cur_2_70,14,0.458220288,0.850843083,0.9255829240000001,0.9628107920000001,0.622659462,0.458220288,0.02178749,0.013916574
cur_3,14,0.528630022,0.883230445,0.942831968,0.971694717,0.686327749,0.528630022,0.016919265,0.00904835
cur_3_60,14,0.511911958,0.876142292,0.93911234,0.9697928720000001,0.671729547,0.511911958,0.016919265,0.00904835
cur_3_70,14,0.49514158700000005,0.8686761540000001,0.935161123,0.967764282,0.656768594,0.49514158700000005,0.016919265,0.00904835
recover,0,0.873741291,0.923688596,0.929202115,0.937513157,0.88770656,0.873741291,0.005395414,0.005395414
recover_60,0,0.776293951,0.858550127,0.868097865,0.882676307,0.798552652,0.776293951,0.005395414,0.005395414
recover_70,0,0.776293951,0.858550127,0.868097865,0.882676307,0.798552652,0.776293951,0.005395414,0.005395414
