name,effectDays,infectReduct,reduceHosp,reduceIcu,reduceMort,reduceSympt,riskReduct,waneRate,waneRateOut
cur_2,14,0.39906282,0.820637915,0.8910298409999999,0.9445068759999999,0.676653513,0.39906282,0.021619257000000003,0.009070521
cur_2_60,14,0.37632495899999996,0.806100823,0.881373225,0.939266223,0.655347731,0.37632495899999996,0.021619257000000003,0.009070521
cur_2_70,14,0.354106528,0.790676857,0.8709785409999999,0.933562025,0.633385799,0.354106528,0.021619257000000003,0.009070521
cur_3,14,0.420554744,0.8333489590000001,0.8993640959999999,0.94898527,0.695785822,0.420554744,0.018697339,0.006148603000000001
cur_3_60,14,0.397402125,0.8196156309999999,0.890355155,0.944142535,0.67513545,0.397402125,0.018697339,0.006148603000000001
cur_3_70,14,0.37468689299999997,0.8050066659999999,0.88064093,0.9388665190000001,0.653768268,0.37468689299999997,0.018697339,0.006148603000000001
recover,0,0.937124649,0.991899787,0.995451325,0.99780956,0.982458545,0.937124649,0.006621125,0.006621125
recover_60,0,0.90270479,0.990708358,0.994779528,0.997485173,0.979906572,0.90270479,0.006621125,0.006621125
recover_70,0,0.771787635,0.980707608,0.9891124920000001,0.9947396940000001,0.9587635940000001,0.771787635,0.006621125,0.006621125
