name,effectDays,infectReduct,reduceHosp,reduceIcu,reduceMort,reduceSympt,riskReduct,waneRate,waneRateOut
cur_2,14,0.324373399,0.769161049,0.84764867,0.9205158809999999,0.6405667110000001,0.324373399,0.021229223999999998,0.008801716999999999
cur_2_60,14,0.290465194,0.7396594959999999,0.8259075640000001,0.9080451540000001,0.6031108820000001,0.290465194,0.021229223999999998,0.008801716999999999
cur_2_70,14,0.258753358,0.707829815,0.8017970729999999,0.893848043,0.564417945,0.258753358,0.021229223999999998,0.008801716999999999
cur_3,14,0.405019533,0.825307975,0.887497372,0.9425962809999999,0.716461508,0.405019533,0.009750255,-0.002677251
cur_3_60,14,0.36726365200000005,0.801126751,0.8705745570000001,0.9333390009999999,0.6830006479999999,0.36726365200000005,0.009750255,-0.002677251
cur_3_70,14,0.331079623,0.774521253,0.85153813,0.922714686,0.647544645,0.331079623,0.009750255,-0.002677251
recover,0,0.836093007,0.8700280220000001,0.924459895,0.918917353,0.8579659629999999,0.836093007,0.004472524,0.004472524
recover_60,0,0.65359663,0.7123146370000001,0.8190599829999999,0.807395223,0.690817397,0.65359663,0.004472524,0.004472524
recover_70,0,0.65359663,0.7123146370000001,0.8190599829999999,0.807395223,0.690817397,0.65359663,0.004472524,0.004472524
