name,effectDays,infectReduct,reduceHosp,reduceIcu,reduceMort,reduceSympt,riskReduct,waneRate,waneRateOut
cur_2,14,0.46732548700000004,0.856846358,0.921408696,0.9606359529999999,0.689101471,0.46732548700000004,0.021439224,0.009889891
cur_2_60,14,0.423109708,0.8334397240000001,0.907417843,0.953274222,0.649487203,0.423109708,0.021439224,0.009889891
cur_2_70,14,0.380111226,0.8070802140000001,0.8912381509999999,0.944619312,0.607718091,0.380111226,0.021439224,0.009889891
cur_3,14,0.48396431,0.864837044,0.926106368,0.9630828220000001,0.703212298,0.48396431,0.019245695,0.007696363
cur_3_60,14,0.439473083,0.84249678,0.9128727190000001,0.956157812,0.664520691,0.439473083,0.019245695,0.007696363
cur_3_70,14,0.39595303600000004,0.817256339,0.8975386809999999,0.9480078909999999,0.62350457,0.39595303600000004,0.019245695,0.007696363
recover,0,0.8494678920000001,0.9038600529999999,0.918585089,0.946993103,0.858909978,0.8494678920000001,0.0044229790000000005,0.0044229790000000005
recover_60,0,0.660467264,0.764194149,0.795470177,0.8603035259999999,0.677260269,0.660467264,0.0044229790000000005,0.0044229790000000005
recover_70,0,0.660467264,0.764194149,0.795470177,0.8603035259999999,0.677260269,0.660467264,0.0044229790000000005,0.0044229790000000005
