name,effectDays,infectReduct,reduceHosp,reduceIcu,reduceMort,reduceSympt,riskReduct,waneRate,waneRateOut
cur_2,14,0.532671401,0.885106763,0.942765718,0.97166091,0.6998034040000001,0.532671401,0.022144671,0.018630452
cur_2_60,14,0.49780114799999997,0.870121947,0.934746593,0.9675509590000001,0.669670316,0.49780114799999997,0.022144671,0.018630452
cur_2_70,14,0.462956275,0.853508235,0.9256935690000001,0.962868306,0.638080557,0.462956275,0.022144671,0.018630452
cur_3,14,0.519481919,0.879616128,0.939843271,0.9701671959999999,0.68857312,0.519481919,0.023884011,0.020369793
cur_3_60,14,0.484579794,0.864025215,0.9314444559999999,0.9658482290000001,0.657863886,0.484579794,0.023884011,0.020369793
cur_3_70,14,0.449831424,0.846768961,0.9219715479999999,0.9609297809999999,0.625776006,0.449831424,0.023884011,0.020369793
recover,0,0.925545136,0.988030464,0.994366128,0.9972854440000001,0.9615062679999999,0.925545136,0.007029456999999999,0.007029456999999999
recover_60,0,0.8911800679999999,0.983045197,0.9919982709999999,0.9961397809999999,0.946076693,0.8911800679999999,0.007029456999999999,0.007029456999999999
recover_70,0,0.7574926340000001,0.9588104209999999,0.9803044,0.99044006,0.875682521,0.7574926340000001,0.007029456999999999,0.007029456999999999
