name,effectDays,infectReduct,reduceHosp,reduceIcu,reduceMort,reduceSympt,riskReduct,waneRate,waneRateOut
cur_2,14,0.578707647,0.90139647,0.957594218,0.979168539,0.664852425,0.578707647,0.021313113999999998,0.018779378
cur_2_60,14,0.528632612,0.881845482,0.948550041,0.9746036370000001,0.618262428,0.528632612,0.021313113999999998,0.018779378
cur_2_70,14,0.478004325,0.8590386529999999,0.9377093940000001,0.969073573,0.5694197670000001,0.478004325,0.021313113999999998,0.018779378
cur_3,14,0.6134255160000001,0.91349708,0.963080718,0.981916445,0.6961980190000001,0.6134255160000001,0.016570192,0.014036456000000001
cur_3_60,14,0.564370727,0.896068747,0.955151882,0.9779401390000001,0.651682599,0.564370727,0.016570192,0.014036456000000001
cur_3_70,14,0.514052387,0.8756201379999999,0.945622519,0.973116559,0.604379785,0.514052387,0.016570192,0.014036456000000001
recover,0,0.918736035,0.948699884,0.95987778,0.9626129590000001,0.9419355070000001,0.918736035,0.007137649,0.007137649
recover_60,0,0.861140206,0.9102667170000001,0.929193887,0.933876728,0.898974244,0.861140206,0.007137649,0.007137649
recover_70,0,0.861140206,0.9102667170000001,0.929193887,0.933876728,0.898974244,0.861140206,0.007137649,0.007137649
