name,effectDays,infectReduct,reduceHosp,reduceIcu,reduceMort,reduceSympt,riskReduct,waneRate,waneRateOut
cur_2,14,0.528636306,0.882878781,0.944354806,0.97247116,0.6694823670000001,0.528636306,0.020469135,0.013751506
cur_2_60,14,0.482110104,0.862204003,0.933717336,0.9670208770000001,0.627050476,0.482110104,0.020469135,0.013751506
cur_2_70,14,0.4359147,0.8385594940000001,0.921222678,0.960538806,0.582590116,0.4359147,0.020469135,0.013751506
cur_3,14,0.5404014629999999,0.8876807290000001,0.946788161,0.973709222,0.679860992,0.5404014629999999,0.018914453,0.012196823999999998
cur_3_60,14,0.49392482200000004,0.8677266159999999,0.9365846290000001,0.968496115,0.638041138,0.49392482200000004,0.018914453,0.012196823999999998
cur_3_70,14,0.447575716,0.844859224,0.924586817,0.9622926959999999,0.594042753,0.447575716,0.018914453,0.012196823999999998
recover,0,0.842405858,0.89802998,0.92603533,0.94093923,0.858230295,0.842405858,0.004794942,0.004794942
recover_60,0,0.6800430709999999,0.777862885,0.8327238000000001,0.8636617759999999,0.706490422,0.6800430709999999,0.004794942,0.004794942
recover_70,0,0.6800430709999999,0.777862885,0.8327238000000001,0.8636617759999999,0.706490422,0.6800430709999999,0.004794942,0.004794942
