name,effectDays,infectReduct,reduceHosp,reduceIcu,reduceMort,reduceSympt,riskReduct,waneRate,waneRateOut
cur_2,14,0.571628322,0.8992432990000001,0.954638608,0.9776815759999999,0.683100795,0.571628322,0.019949457,0.015764668
cur_2_60,14,0.5292960870000001,0.88263944,0.94662156,0.9736245590000001,0.6449420889999999,0.5292960870000001,0.019949457,0.015764668
cur_2_70,14,0.486555038,0.863722034,0.9372846579999999,0.9688555940000001,0.6048626739999999,0.486555038,0.019949457,0.015764668
cur_3,14,0.580015016,0.9023120490000001,0.956102543,0.9784186640000001,0.690486761,0.580015016,0.01882056,0.014635771
cur_3_60,14,0.5378414970000001,0.886149869,0.9483302220000001,0.974492138,0.6527653370000001,0.5378414970000001,0.01882056,0.014635771
cur_3_70,14,0.495136266,0.867713504,0.939273024,0.9698751870000001,0.613039167,0.495136266,0.01882056,0.014635771
recover,0,0.8321736470000001,0.8761268179999999,0.913638348,0.928285372,0.830899563,0.8321736470000001,0.004145635999999999,0.004145635999999999
recover_60,0,0.6869724509999999,0.757889658,0.824013957,0.851388895,0.6850132859999999,0.6869724509999999,0.004145635999999999,0.004145635999999999
recover_70,0,0.6869724509999999,0.757889658,0.824013957,0.851388895,0.6850132859999999,0.6869724509999999,0.004145635999999999,0.004145635999999999
