name,effectDays,infectReduct,reduceHosp,reduceIcu,reduceMort,reduceSympt,riskReduct,waneRate,waneRateOut
cur_2,14,0.350935636,0.7880465520000001,0.871222134,0.933696455,0.6199911920000001,0.350935636,0.019783129,0.007683803
cur_2_60,14,0.334412718,0.7755336709999999,0.862764485,0.929007542,0.602560661,0.334412718,0.019783129,0.007683803
cur_2_70,14,0.31826628100000004,0.762488033,0.853833064,0.924007556,0.584843601,0.31826628100000004,0.019783129,0.007683803
cur_3,14,0.43716197100000004,0.842298628,0.906704858,0.95289605,0.700934487,0.43716197100000004,0.007873838000000001,-0.004225487
cur_3_60,14,0.41920131200000005,0.832307024,0.90031093,0.949491462,0.685332361,0.41920131200000005,0.007873838000000001,-0.004225487
cur_3_70,14,0.40143011700000003,0.82180281,0.893521495,0.945850063,0.669279925,0.40143011700000003,0.007873838000000001,-0.004225487
recover,0,0.9417051540000001,0.988233185,0.9934988440000001,0.9968661459999999,0.9735824959999999,0.9417051540000001,0.00682585,0.00682585
recover_60,0,0.8927287840000001,0.983330927,0.990769861,0.995544312,0.962806232,0.8927287840000001,0.00682585,0.00682585
recover_70,0,0.722784834,0.959487735,0.9773218090000001,0.988975094,0.9122254120000001,0.722784834,0.00682585,0.00682585
