name,effectDays,infectReduct,reduceHosp,reduceIcu,reduceMort,reduceSympt,riskReduct,waneRate,waneRateOut
cur_2,14,0.535536502,0.886236246,0.943543575,0.972057699,0.700523129,0.535536502,0.020948755,0.016879939
cur_2_60,14,0.507815919,0.874543147,0.937324187,0.968875885,0.676705027,0.507815919,0.020948755,0.016879939
cur_2_70,14,0.480039586,0.861831927,0.9304681709999999,0.965343652,0.651926919,0.480039586,0.020948755,0.016879939
cur_3,14,0.526758488,0.8826336340000001,0.941636228,0.971084162,0.693076197,0.526758488,0.022107652000000002,0.018038835
cur_3_60,14,0.499004114,0.8706243,0.935221147,0.9677951640000001,0.668945719,0.499004114,0.022107652000000002,0.018038835
cur_3_70,14,0.47124828399999996,0.857580685,0.928152717,0.964144821,0.643885874,0.47124828399999996,0.022107652000000002,0.018038835
recover,0,0.920680547,0.9880262129999999,0.99438288,0.9972935390000001,0.961205882,0.920680547,0.006913837,0.006913837
recover_60,0,0.8594589709999999,0.9830392059999999,0.992022007,0.99615128,0.945662707,0.8594589709999999,0.006913837,0.006913837
recover_70,0,0.6610871660000001,0.9587962259999999,0.9803621379999999,0.9904683740000001,0.8747996159999999,0.6610871660000001,0.006913837,0.006913837
