name,effectDays,infectReduct,reduceHosp,reduceIcu,reduceMort,reduceSympt,riskReduct,waneRate,waneRateOut
cur_2,14,0.428851486,0.83646005,0.9104406820000001,0.954874291,0.646813726,0.428851486,0.020610849,0.010129289
cur_2_60,14,0.40608706,0.82324582,0.902507452,0.950663735,0.625143085,0.40608706,0.020610849,0.010129289
cur_2_70,14,0.38370522700000004,0.809198295,0.8939477490000001,0.9460794770000001,0.6029448589999999,0.38370522700000004,0.020610849,0.010129289
cur_3,14,0.461217621,0.853612273,0.920570549,0.9601980790000001,0.676155495,0.461217621,0.016300815,0.005819256
cur_3_60,14,0.43805283100000003,0.841521382,0.913449328,0.9564616220000001,0.655325829,0.43805283100000003,0.016300815,0.005819256
cur_3_70,14,0.415140677,0.828623949,0.90574998,0.952389115,0.633868147,0.415140677,0.016300815,0.005819256
recover,0,0.911027305,0.988122677,0.993988683,0.997103011,0.967520177,0.911027305,0.00929351,0.00929351
recover_60,0,0.84923365,0.983175163,0.991463552,0.995880671,0.954386822,0.84923365,0.00929351,0.00929351
recover_70,0,0.6503301770000001,0.959118432,0.979004773,0.989802283,0.8936212840000001,0.6503301770000001,0.00929351,0.00929351
