name,effectDays,infectReduct,reduceHosp,reduceIcu,reduceMort,reduceSympt,riskReduct,waneRate,waneRateOut
cur_2,14,0.37107287200000005,0.8027995720000001,0.8777118290000001,0.937264498,0.6576669860000001,0.37107287200000005,0.020493806,0.009239625999999999
cur_2_60,14,0.331044086,0.773474434,0.85754999,0.9260944529999999,0.617054588,0.331044086,0.020493806,0.009239625999999999
cur_2_70,14,0.293335055,0.7412086940000001,0.8347004720000001,0.913125898,0.574757959,0.293335055,0.020493806,0.009239625999999999
cur_3,14,0.427610108,0.837520355,0.900871565,0.9497909379999999,0.7086678829999999,0.427610108,0.012734627,0.0014804470000000002
cur_3_60,14,0.38521802,0.812150287,0.884023566,0.9407101370000001,0.671079914,0.38521802,0.012734627,0.0014804470000000002
cur_3_70,14,0.344516128,0.78385399,0.864750775,0.9301127220000001,0.631183839,0.344516128,0.012734627,0.0014804470000000002
recover,0,0.917528475,0.988272446,0.9933142640000001,0.99677686,0.975470597,0.917528475,0.00634848,0.00634848
recover_60,0,0.86876634,0.983386269,0.99050854,0.9954175390000001,0.965437187,0.86876634,0.00634848,0.00634848
recover_70,0,0.699472292,0.959618987,0.976688709,0.9886635420000001,0.918130036,0.699472292,0.00634848,0.00634848
