name,effectDays,infectReduct,reduceHosp,reduceIcu,reduceMort,reduceSympt,riskReduct,waneRate,waneRateOut
cur_2,14,0.535635109,0.885269759,0.947819922,0.974233197,0.651666642,0.535635109,0.020106804,0.016345255
cur_2_60,14,0.500112045,0.8700017720000001,0.940314731,0.970408484,0.6187011379999999,0.500112045,0.020106804,0.016345255
cur_2_70,14,0.464592936,0.853041823,0.931809016,0.96603651,0.584609478,0.464592936,0.020106804,0.016345255
cur_3,14,0.589235536,0.905623562,0.9576083409999999,0.979175633,0.6993904040000001,0.589235536,0.012938908,0.009177359
cur_3_60,14,0.554401711,0.8927360120000001,0.9514389109999999,0.976066531,0.668644867,0.554401711,0.012938908,0.009177359
cur_3_70,14,0.5190302520000001,0.878327236,0.9444248009999999,0.9725068179999999,0.636394342,0.5190302520000001,0.012938908,0.009177359
recover,0,0.815716103,0.87900408,0.88233855,0.924883032,0.840708978,0.815716103,0.00385757,0.00385757
recover_60,0,0.646972,0.7504847809999999,0.756379424,0.836003478,0.6860419609999999,0.646972,0.00385757,0.00385757
recover_70,0,0.646972,0.7504847809999999,0.756379424,0.836003478,0.6860419609999999,0.646972,0.00385757,0.00385757
