name,effectDays,infectReduct,reduceHosp,reduceIcu,reduceMort,reduceSympt,riskReduct,waneRate,waneRateOut
cur_2,14,0.516132781,0.878846144,0.936075585,0.968234542,0.714775505,0.516132781,0.02031244,0.016446292
cur_2_60,14,0.44139495,0.843102048,0.91559432,0.957590128,0.6499082110000001,0.44139495,0.02031244,0.016446292
cur_2_70,14,0.369286006,0.79926613,0.88935408,0.943601441,0.57904575,0.369286006,0.02031244,0.016446292
cur_3,14,0.480742045,0.862939848,0.9270593429999999,0.963577682,0.685047957,0.480742045,0.024968554,0.021102407000000004
cur_3_60,14,0.406820229,0.823445669,0.903985597,0.9514510290000001,0.6170421220000001,0.406820229,0.024968554,0.021102407000000004
cur_3_70,14,0.336952524,0.775579765,0.874630571,0.935573627,0.5441928429999999,0.336952524,0.024968554,0.021102407000000004
recover,0,0.932739863,0.98810312,0.994071024,0.997142815,0.9663220640000001,0.932739863,0.004315102,0.004315102
recover_60,0,0.914226605,0.983147599,0.9915801890000001,0.995937202,0.952727917,0.914226605,0.004315102,0.004315102
recover_70,0,0.8213936709999999,0.959053096,0.979288081,0.989941388,0.8900070990000001,0.8213936709999999,0.004315102,0.004315102
