name,effectDays,infectReduct,reduceHosp,reduceIcu,reduceMort,reduceSympt,riskReduct,waneRate,waneRateOut
cur_2,14,0.5719515789999999,0.89923079,0.955218468,0.977973671,0.6762447309999999,0.5719515789999999,0.020314767,0.018254808
cur_2_60,14,0.546772785,0.8895869190000001,0.950638636,0.9756617320000001,0.653483962,0.546772785,0.020314767,0.018254808
cur_2_70,14,0.521341134,0.87913936,0.9456147709999999,0.9731126170000001,0.629988055,0.521341134,0.020314767,0.018254808
cur_3,14,0.622897554,0.9168847840000001,0.9634623940000001,0.9821070129999999,0.72083642,0.622897554,0.013343353,0.011283393999999999
cur_3_60,14,0.598612436,0.908759016,0.959690094,0.980220144,0.6998189890000001,0.598612436,0.013343353,0.011283393999999999
cur_3_70,14,0.573822355,0.8999214809999999,0.9555443809999999,0.9781377659999999,0.6779163770000001,0.573822355,0.013343353,0.011283393999999999
recover,0,0.9183505359999999,0.951471107,0.95857071,0.9650500679999999,0.922587967,0.9183505359999999,0.007236266999999999,0.007236266999999999
recover_60,0,0.8478988479999999,0.906694088,0.91979219,0.93190551,0.855216132,0.8478988479999999,0.007236266999999999,0.007236266999999999
recover_70,0,0.8478988479999999,0.906694088,0.91979219,0.93190551,0.855216132,0.8478988479999999,0.007236266999999999,0.007236266999999999
