name,effectDays,infectReduct,reduceHosp,reduceIcu,reduceMort,reduceSympt,riskReduct,waneRate,waneRateOut
cur_2,14,0.44272429,0.844927965,0.910411202,0.954858712,0.693134358,0.44272429,0.022024513,0.013410611999999999
cur_2_60,14,0.411959125,0.827726891,0.899610715,0.949117167,0.665756546,0.411959125,0.022024513,0.013410611999999999
cur_2_70,14,0.38186532799999995,0.809048003,0.88766816,0.9426888259999999,0.637213073,0.38186532799999995,0.022024513,0.013410611999999999
cur_3,14,0.457766,0.8527249370000001,0.915245964,0.957407033,0.7059069570000001,0.457766,0.020026483,0.011412583
cur_3_60,14,0.426756025,0.8362210840000001,0.9049674959999999,0.951973308,0.6791411820000001,0.426756025,0.020026483,0.011412583
cur_3_70,14,0.396309794,0.818260971,0.893586817,0.945885228,0.651141778,0.396309794,0.020026483,0.011412583
recover,0,0.800989203,0.8707245570000001,0.9259835540000001,0.923000761,0.847631734,0.800989203,0.003797768,0.003797768
recover_60,0,0.619813038,0.7317749590000001,0.8351858120000001,0.829218804,0.692623298,0.619813038,0.003797768,0.003797768
recover_70,0,0.619813038,0.7317749590000001,0.8351858120000001,0.829218804,0.692623298,0.619813038,0.003797768,0.003797768
