name,effectDays,infectReduct,reduceHosp,reduceIcu,reduceMort,reduceSympt,riskReduct,waneRate,waneRateOut
cur_2,14,0.431619194,0.839355561,0.904369385,0.951655235,0.698886591,0.431619194,0.020773619,0.013851562
cur_2_60,14,0.40295032799999997,0.822809875,0.893671584,0.945930855,0.673500963,0.40295032799999997,0.020773619,0.013851562
cur_2_70,14,0.37492504299999996,0.804953012,0.8819312840000001,0.9395706070000001,0.647051557,0.37492504299999996,0.020773619,0.013851562
cur_3,14,0.436759775,0.84215705,0.906163845,0.952608896,0.70327173,0.436759775,0.020085672,0.013163616000000001
cur_3_60,14,0.407994559,0.825840035,0.89564362,0.946991147,0.67808551,0.407994559,0.020085672,0.013163616000000001
cur_3_70,14,0.37984164200000003,0.808217368,0.8840928220000001,0.9407478109999999,0.651815495,0.37984164200000003,0.020085672,0.013163616000000001
recover,0,0.9035077909999999,0.9882398029999999,0.99346813,0.99685129,0.973909962,0.9035077909999999,0.009268376,0.009268376
recover_60,0,0.8568264109999999,0.983340256,0.990726373,0.995523218,0.963262237,0.8568264109999999,0.009268376,0.009268376
recover_70,0,0.6902015229999999,0.9595098590000001,0.9772164190000001,0.9889232459999999,0.913245674,0.6902015229999999,0.009268376,0.009268376
