name,effectDays,infectReduct,reduceHosp,reduceIcu,reduceMort,reduceSympt,riskReduct,waneRate,waneRateOut
cur_2,14,0.5164224239999999,0.878220728,0.9395542579999999,0.970019222,0.681763681,0.5164224239999999,0.021589665,0.017322799
cur_2_60,14,0.497271279,0.86978504,0.9350529670000001,0.967708633,0.664911777,0.497271279,0.021589665,0.017322799
cur_2_70,14,0.478106494,0.8608471999999999,0.9302357309999999,0.9652234409999999,0.647608929,0.478106494,0.021589665,0.017322799
cur_3,14,0.519775666,0.879649839,0.940312523,0.9704073540000001,0.684670474,0.519775666,0.021148111,0.016881244
cur_3_60,14,0.500628906,0.871298638,0.9358638440000001,0.968125695,0.667897516,0.500628906,0.021148111,0.016881244
cur_3_70,14,0.481458646,0.8624482609999999,0.93110232,0.965671462,0.650667841,0.481458646,0.021148111,0.016881244
recover,0,0.86534761,0.910128143,0.937159372,0.953749561,0.902813045,0.86534761,0.005668006,0.005668006
recover_60,0,0.6747773340000001,0.7657808,0.8280243290000001,0.869411811,0.749944623,0.6747773340000001,0.005668006,0.005668006
recover_70,0,0.6747773340000001,0.7657808,0.8280243290000001,0.869411811,0.749944623,0.6747773340000001,0.005668006,0.005668006
