name,effectDays,infectReduct,reduceHosp,reduceIcu,reduceMort,reduceSympt,riskReduct,waneRate,waneRateOut
cur_2,14,0.445759815,0.844441973,0.9216001890000001,0.9607359390000001,0.6147020999999999,0.445759815,0.021966298,0.012906899
cur_2_60,14,0.395758811,0.8155232640000001,0.905418842,0.952213194,0.565071432,0.395758811,0.021966298,0.012906899
cur_2_70,14,0.347874365,0.782633427,0.8863221590000001,0.941958995,0.51413198,0.347874365,0.021966298,0.012906899
cur_3,14,0.518367317,0.878998197,0.9402294109999999,0.970364827,0.681015198,0.518367317,0.012388648,0.003329248
cur_3_60,14,0.4670856,0.855403575,0.9275909509999999,0.963853513,0.634852325,0.4670856,0.012388648,0.003329248
cur_3_70,14,0.416520015,0.8281253959999999,0.91253855,0.9559816529999999,0.586099312,0.416520015,0.012388648,0.003329248
recover,0,0.849100098,0.902191392,0.9252210809999999,0.904449565,0.879383184,0.849100098,0.005087911,0.005087911
recover_60,0,0.743734259,0.826313539,0.864526413,0.829993442,0.789931157,0.743734259,0.005087911,0.005087911
recover_70,0,0.743734259,0.826313539,0.864526413,0.829993442,0.789931157,0.743734259,0.005087911,0.005087911
