name,effectDays,infectReduct,reduceHosp,reduceIcu,reduceMort,reduceSympt,riskReduct,waneRate,waneRateOut
cur_2,14,0.49853065399999996,0.870422723,0.935052982,0.967708641,0.669051646,0.49853065399999996,0.021234851000000003,0.011985448999999999
cur_2_60,14,0.472793443,0.8583490770000001,0.928506772,0.964328328,0.645849033,0.472793443,0.021234851000000003,0.011985448999999999
cur_2_70,14,0.44718924,0.8453446170000001,0.921353082,0.960606911,0.621928652,0.44718924,0.021234851000000003,0.011985448999999999
cur_3,14,0.550622939,0.892234064,0.9466520829999999,0.973640072,0.71360636,0.550622939,0.01436147,0.005112068
cur_3_60,14,0.5250119839999999,0.88191703,0.941201466,0.970861975,0.6920898659999999,0.5250119839999999,0.01436147,0.005112068
cur_3_70,14,0.499257867,0.870750452,0.9352294109999999,0.967799415,0.669695415,0.499257867,0.01436147,0.005112068
recover,0,0.9220401570000001,0.98802746,0.99437797,0.9972911659999999,0.961294243,0.9220401570000001,0.006271895,0.006271895
recover_60,0,0.9077658059999999,0.9830409640000001,0.992015051,0.99614791,0.9457844740000001,0.9077658059999999,0.006271895,0.006271895
recover_70,0,0.819011398,0.9588003909999999,0.980345215,0.990460075,0.875059202,0.819011398,0.006271895,0.006271895
