name,effectDays,infectReduct,reduceHosp,reduceIcu,reduceMort,reduceSympt,riskReduct,waneRate,waneRateOut
cur_2,14,0.48914981700000004,0.865889042,0.9338167190000001,0.9670720859999999,0.650109568,0.48914981700000004,0.019846614,0.015245268000000001
cur_2_60,14,0.452697777,0.847963943,0.924175704,0.962078705,0.616129519,0.452697777,0.019846614,0.015245268000000001
cur_2_70,14,0.41675270600000003,0.828122427,0.913262861,0.956363395,0.580983036,0.41675270600000003,0.019846614,0.015245268000000001
cur_3,14,0.552166096,0.892633063,0.9478309290000001,0.9742387840000001,0.705235466,0.552166096,0.011534262,0.006932916
cur_3_60,14,0.515759182,0.877777977,0.940100435,0.970298824,0.673923816,0.515759182,0.011534262,0.006932916
cur_3_70,14,0.479190971,0.8611904220000001,0.9313091720000001,0.965778342,0.6409855289999999,0.479190971,0.011534262,0.006932916
recover,0,0.8847571040000001,0.928574382,0.93277192,0.9465710359999999,0.9137092109999999,0.8847571040000001,0.005831937,0.005831937
recover_60,0,0.735423575,0.8247749259999999,0.833981924,0.865126495,0.7931198770000001,0.735423575,0.005831937,0.005831937
recover_70,0,0.735423575,0.8247749259999999,0.833981924,0.865126495,0.7931198770000001,0.735423575,0.005831937,0.005831937
