name,effectDays,infectReduct,reduceHosp,reduceIcu,reduceMort,reduceSympt,riskReduct,waneRate,waneRateOut
cur_2,14,0.36338697600000003,0.7976737209999999,0.8731877029999999,0.934779847,0.65533388,0.36338697600000003,0.020532512,0.011425365
cur_2_60,14,0.353229876,0.790449957,0.868214624,0.932034163,0.6452879770000001,0.353229876,0.020532512,0.011425365
cur_2_70,14,0.343172139,0.7830147009999999,0.863060596,0.929172455,0.635079932,0.343172139,0.020532512,0.011425365
cur_3,14,0.41424258399999997,0.830060723,0.895076924,0.9466866909999999,0.701993394,0.41424258399999997,0.013489016000000001,0.004381868
cur_3_60,14,0.40356511799999994,0.823737775,0.8908549570000001,0.9444124620000001,0.6926696809999999,0.40356511799999994,0.013489016000000001,0.004381868
cur_3_70,14,0.39294491,0.817210507,0.886470593,0.942039532,0.6831556759999999,0.39294491,0.013489016000000001,0.004381868
recover,0,0.9266523959999999,0.9882841490000001,0.9932581220000001,0.9967496990000001,0.976008652,0.9266523959999999,0.007320887,0.007320887
recover_60,0,0.90512601,0.983402766,0.9904290640000001,0.9953789759999999,0.9661876970000001,0.90512601,0.007320887,0.007320887
recover_70,0,0.802318627,0.959658116,0.97649626,0.9885687959999999,0.919822481,0.802318627,0.007320887,0.007320887
