name,effectDays,infectReduct,reduceHosp,reduceIcu,reduceMort,reduceSympt,riskReduct,waneRate,waneRateOut
cur_2,14,0.464525467,0.854950914,0.9230615190000001,0.961498275,0.666425253,0.464525467,0.020227283000000002,0.011802448
cur_2_60,14,0.44170109999999996,0.843149045,0.9162586340000001,0.9579390990000001,0.645641868,0.44170109999999996,0.020227283000000002,0.011802448
cur_2_70,14,0.419105456,0.8305685629999999,0.908908507,0.954063929,0.62427918,0.419105456,0.020227283000000002,0.011802448
cur_3,14,0.486010922,0.8653130179999999,0.92896219,0.964564268,0.6852978759999999,0.486010922,0.017394427,0.008969592
cur_3_60,14,0.463043759,0.854210488,0.922637313,0.961277103,0.665099443,0.463043759,0.017394427,0.008969592
cur_3_70,14,0.440217195,0.842351321,0.915795602,0.95769589,0.644263459,0.440217195,0.017394427,0.008969592
recover,0,0.9151007170000001,0.988092698,0.994114394,0.9971637790000001,0.965667059,0.9151007170000001,0.00885828,0.00885828
recover_60,0,0.888762788,0.983132909,0.991641625,0.995966976,0.9518216999999999,0.888762788,0.00885828,0.00885828
recover_70,0,0.770058743,0.959018279,0.979437349,0.990014662,0.888039806,0.770058743,0.00885828,0.00885828
