name,effectDays,infectReduct,reduceHosp,reduceIcu,reduceMort,reduceSympt,riskReduct,waneRate,waneRateOut
cur_2,14,0.427058502,0.836829308,0.902749508,0.950792747,0.6949405590000001,0.427058502,0.021401737,0.012107307
cur_2_60,14,0.39477719899999997,0.817784794,0.890391134,0.944161971,0.665946276,0.39477719899999997,0.021401737,0.012107307
cur_2_70,14,0.36338974,0.7970575059999999,0.8766774620000001,0.9366975240000001,0.635642452,0.36338974,0.021401737,0.012107307
cur_3,14,0.436676081,0.842111423,0.906137027,0.952594658,0.703186709,0.436676081,0.020112987,0.010818557
cur_3_60,14,0.40418064200000003,0.823553421,0.894158661,0.946192952,0.6746092029999999,0.40418064200000003,0.020112987,0.010818557
cur_3_70,14,0.372505705,0.803324512,0.880853285,0.9389824609999999,0.64467193,0.372505705,0.020112987,0.010818557
recover,0,0.929215723,0.9882397690000001,0.9934682909999999,0.996851368,0.973908255,0.929215723,0.008564808,0.008564808
recover_60,0,0.8445913490000001,0.983340207,0.9907266020000001,0.995523328,0.96325986,0.8445913490000001,0.008564808,0.008564808
recover_70,0,0.588378791,0.9595097429999999,0.977216973,0.988923518,0.913240353,0.588378791,0.008564808,0.008564808
