name,effectDays,infectReduct,reduceHosp,reduceIcu,reduceMort,reduceSympt,riskReduct,waneRate,waneRateOut
cur_2,14,0.46971975200000005,0.858228329,0.921080274,0.960464423,0.6992481359999999,0.46971975200000005,0.020931445,0.01512749
cur_2_60,14,0.426955566,0.835845872,0.907551792,0.953345236,0.661661269,0.426955566,0.020931445,0.01512749
cur_2_70,14,0.38527284700000003,0.81071995,0.891983017,0.945021144,0.621933429,0.38527284700000003,0.020931445,0.01512749
cur_3,14,0.500583466,0.8726122390000001,0.929610347,0.9648998609999999,0.724585667,0.500583466,0.016867776,0.011063822
cur_3_60,14,0.45743327200000006,0.8521093479999999,0.9174129879999999,0.958544893,0.688755902,0.45743327200000006,0.016867776,0.011063822
cur_3_70,14,0.414929559,0.828963377,0.903327997,0.951100933,0.6505291639999999,0.414929559,0.016867776,0.011063822
recover,0,0.836698649,0.887739005,0.9470513909999999,0.933871254,0.878700167,0.836698649,0.0049022,0.0049022
recover_60,0,0.7311152240000001,0.807566186,0.904689602,0.882275423,0.7935731690000001,0.7311152240000001,0.0049022,0.0049022
recover_70,0,0.7311152240000001,0.807566186,0.904689602,0.882275423,0.7935731690000001,0.7311152240000001,0.0049022,0.0049022
