name,effectDays,infectReduct,reduceHosp,reduceIcu,reduceMort,reduceSympt,riskReduct,waneRate,waneRateOut
cur_2,14,0.474485714,0.8610356159999999,0.919953857,0.959875646,0.722329373,0.474485714,0.022616854,0.014726029
cur_2_60,14,0.436133434,0.84146842,0.907794372,0.9534738159999999,0.6902572159999999,0.436133434,0.022616854,0.014726029
cur_2_70,14,0.398539973,0.8197288909999999,0.8940044690000001,0.946109997,0.656252716,0.398539973,0.022616854,0.014726029
cur_3,14,0.43583496899999996,0.8413064379999999,0.907692726,0.953419943,0.6899976520000001,0.43583496899999996,0.027743558999999997,0.019852734
cur_3_60,14,0.39823932100000003,0.819543448,0.893885541,0.946046003,0.655969683,0.39823932100000003,0.027743558999999997,0.019852734
cur_3_70,14,0.36181629600000004,0.7955279190000001,0.87829437,0.9375835229999999,0.620271771,0.36181629600000004,0.027743558999999997,0.019852734
recover,0,0.921828785,0.988209259,0.9936085490000001,0.996919205,0.97236659,0.921828785,0.008345105,0.008345105
recover_60,0,0.865396521,0.983297201,0.990925195,0.995619652,0.961114142,0.865396521,0.008345105,0.008345105
recover_70,0,0.678213043,0.95940776,0.977698368,0.989160303,0.908451007,0.678213043,0.008345105,0.008345105
