name,effectDays,infectReduct,reduceHosp,reduceIcu,reduceMort,reduceSympt,riskReduct,waneRate,waneRateOut
cur_2,14,0.574426591,0.900069239,0.95594132,0.9783375440000001,0.6743703590000001,0.574426591,0.02202011,0.017322386999999998
cur_2_60,14,0.519364131,0.878206478,0.945562903,0.973086228,0.623769569,0.519364131,0.02202011,0.017322386999999998
cur_2_70,14,0.463864819,0.852364282,0.9329207890000001,0.9666102409999999,0.570352815,0.463864819,0.02202011,0.017322386999999998
cur_3,14,0.605715228,0.911120677,0.961080988,0.980916735,0.702121435,0.605715228,0.017765808,0.013068085
cur_3_60,14,0.5515405179999999,0.891383968,0.951852288,0.9762754929999999,0.653618006,0.5515405179999999,0.017765808,0.013068085
cur_3_70,14,0.49615220600000004,0.8679172559999999,0.9405789920000001,0.970543677,0.6017333029999999,0.49615220600000004,0.017765808,0.013068085
recover,0,0.830167573,0.888228369,0.914719492,0.91972043,0.864730185,0.830167573,0.004298081,0.004298081
recover_60,0,0.640853145,0.7436496020000001,0.796558997,0.807027209,0.700021392,0.640853145,0.004298081,0.004298081
recover_70,0,0.640853145,0.7436496020000001,0.796558997,0.807027209,0.700021392,0.640853145,0.004298081,0.004298081
