name,effectDays,infectReduct,reduceHosp,reduceIcu,reduceMort,reduceSympt,riskReduct,waneRate,waneRateOut
cur_2,14,0.46296789200000005,0.854897956,0.9190709970000001,0.959413673,0.6936232379999999,0.46296789200000005,0.020374424,0.010835018
cur_2_60,14,0.44814576,0.8473258770000001,0.914512883,0.9570215,0.6807777009999999,0.44814576,0.020374424,0.010835018
cur_2_70,14,0.433387132,0.83941747,0.90971388,0.954490057,0.667626294,0.433387132,0.020374424,0.010835018
cur_3,14,0.487033311,0.86646599,0.925965988,0.963009883,0.713743446,0.487033311,0.017201105,0.007661699
cur_3_60,14,0.472118049,0.8593983000000001,0.921763159,0.9608210159999999,0.7013783109999999,0.472118049,0.017201105,0.007661699
cur_3_70,14,0.457224045,0.852006013,0.9173343740000001,0.958503661,0.688687506,0.457224045,0.017201105,0.007661699
recover,0,0.8901162690000001,0.9290072559999999,0.952246742,0.970212469,0.91469376,0.8901162690000001,0.0060407790000000005,0.0060407790000000005
recover_60,0,0.7576931020000001,0.834751397,0.88502701,0.92632552,0.805414558,0.7576931020000001,0.0060407790000000005,0.0060407790000000005
recover_70,0,0.7576931020000001,0.834751397,0.88502701,0.92632552,0.805414558,0.7576931020000001,0.0060407790000000005,0.0060407790000000005
