name,effectDays,infectReduct,reduceHosp,reduceIcu,reduceMort,reduceSympt,riskReduct,waneRate,waneRateOut
cur_2,14,0.39431499700000006,0.816677689,0.89458467,0.9464220740000001,0.637547204,0.39431499700000006,0.019886687,0.010188042
cur_2_60,14,0.372166977,0.80222784,0.8854140140000001,0.941465966,0.6156233560000001,0.372166977,0.019886687,0.010188042
cur_2_70,14,0.350529595,0.786926302,0.87555012,0.936078845,0.593205303,0.350529595,0.019886687,0.010188042
cur_3,14,0.459010388,0.8530695070000001,0.917081202,0.958370852,0.696273901,0.459010388,0.011178213000000001,0.001479569
cur_3_60,14,0.435843396,0.840929422,0.9096700259999999,0.9544668629999999,0.6760975909999999,0.435843396,0.011178213000000001,0.001479569
cur_3_70,14,0.41293887,0.827980141,0.901662255,0.9502129909999999,0.655231327,0.41293887,0.011178213000000001,0.001479569
recover,0,0.832980576,0.89007979,0.91734745,0.943838941,0.8764692740000001,0.832980576,0.004540978,0.004540978
recover_60,0,0.7059961379999999,0.795869061,0.842368465,0.8900105220000001,0.7735609040000001,0.7059961379999999,0.004540978,0.004540978
recover_70,0,0.7059961379999999,0.795869061,0.842368465,0.8900105220000001,0.7735609040000001,0.7059961379999999,0.004540978,0.004540978
