name,effectDays,infectReduct,reduceHosp,reduceIcu,reduceMort,reduceSympt,riskReduct,waneRate,waneRateOut
cur_2,14,0.455436905,0.850906341,0.917729499,0.958710862,0.679883896,0.455436905,0.021842091,0.012193855
cur_2_60,14,0.429934327,0.8373082390000001,0.909578366,0.9544183820000001,0.656975716,0.429934327,0.021842091,0.012193855
cur_2_70,14,0.404787884,0.822722016,0.9007031640000001,0.9497010020000001,0.633302343,0.404787884,0.021842091,0.012193855
cur_3,14,0.464655799,0.855553694,0.9204885629999999,0.9601552259999999,0.6879068890000001,0.464655799,0.020621917,0.010973681
cur_3_60,14,0.43905320299999995,0.8423009,0.912584752,0.956006013,0.665290199,0.43905320299999995,0.020621917,0.010973681
cur_3_70,14,0.41376052,0.8280703840000001,0.903973485,0.951444583,0.641877849,0.41376052,0.020621917,0.010973681
recover,0,0.834939512,0.910429255,0.9211427179999999,0.9271634790000001,0.860222542,0.834939512,0.004343573,0.004343573
recover_60,0,0.676934832,0.8080766909999999,0.82872941,0.8405848490000001,0.718253173,0.676934832,0.004343573,0.004343573
recover_70,0,0.676934832,0.8080766909999999,0.82872941,0.8405848490000001,0.718253173,0.676934832,0.004343573,0.004343573
