name,effectDays,infectReduct,reduceHosp,reduceIcu,reduceMort,reduceSympt,riskReduct,waneRate,waneRateOut
cur_2,14,0.579994861,0.902519387,0.95523864,0.97798383,0.702064963,0.579994861,0.022291547000000002,0.017924534
cur_2_60,14,0.578563111,0.902001319,0.954986778,0.977856983,0.700834697,0.578563111,0.022291547000000002,0.017924534
cur_2_70,14,0.577080699,0.901462841,0.9547248290000001,0.97772502,0.6995590359999999,0.577080699,0.022291547000000002,0.017924534
cur_3,14,0.564925594,0.896966222,0.952530766,0.976618263,0.689027167,0.564925594,0.024315941,0.019948929
cur_3_60,14,0.563481136,0.8964220279999999,0.9522644290000001,0.976483738,0.687767007,0.563481136,0.024315941,0.019948929
cur_3_70,14,0.561985838,0.895856433,0.951987433,0.976343788,0.6864605540000001,0.561985838,0.024315941,0.019948929
recover,0,0.947385787,0.987934905,0.994729678,0.997461093,0.9542141940000001,0.947385787,0.006606956999999999,0.006606956999999999
recover_60,0,0.914320005,0.982910527,0.9925134659999999,0.9963892940000001,0.936056098,0.914320005,0.006606956999999999,0.006606956999999999
recover_70,0,0.789020975,0.958491385,0.981558514,0.991054677,0.854591106,0.789020975,0.006606956999999999,0.006606956999999999
