name,effectDays,infectReduct,reduceHosp,reduceIcu,reduceMort,reduceSympt,riskReduct,waneRate,waneRateOut
cur_2,14,0.503017133,0.872797322,0.934483614,0.967415577,0.689013385,0.503017133,0.021878448999999998,0.013633266000000002
cur_2_60,14,0.48069860200000003,0.862547167,0.9287987129999999,0.964479588,0.66956055,0.48069860200000003,0.021878448999999998,0.013633266000000002
cur_2_70,14,0.45844043700000003,0.8516031209999999,0.9226566409999999,0.9612871820000001,0.6494948389999999,0.45844043700000003,0.021878448999999998,0.013633266000000002
cur_3,14,0.496214269,0.869745427,0.932797765,0.966546789,0.6831528029999999,0.496214269,0.022773086,0.014527904
cur_3_60,14,0.47390975,0.859288994,0.9269780129999999,0.9635354690000001,0.663512406,0.47390975,0.022773086,0.014527904
cur_3_70,14,0.451692511,0.848131207,0.920692292,0.9602617059999999,0.6432750979999999,0.451692511,0.022773086,0.014527904
recover,0,0.93589587,0.9880661279999999,0.994223367,0.9972164509999999,0.9639439340000001,0.93589587,0.008836425,0.008836425
recover_60,0,0.9132803190000001,0.9830954609999999,0.991796005,0.9960417859999999,0.949440077,0.9132803190000001,0.008836425,0.008836425
recover_70,0,0.8119995259999999,0.9589295290000001,0.9798125540000001,0.990198795,0.882893143,0.8119995259999999,0.008836425,0.008836425
