name,effectDays,infectReduct,reduceHosp,reduceIcu,reduceMort,reduceSympt,riskReduct,waneRate,waneRateOut
cur_2,14,0.569444576,0.898338319,0.954626615,0.977675533,0.676083443,0.569444576,0.021777203,0.018047145
cur_2_60,14,0.513356479,0.87574614,0.943760222,0.9721681529999999,0.624732346,0.513356479,0.021777203,0.018047145
cur_2_70,14,0.45696897200000003,0.848997511,0.930491134,0.965355526,0.570451673,0.45696897200000003,0.021777203,0.018047145
cur_3,14,0.603242843,0.910381856,0.9602965720000001,0.980524009,0.705834988,0.603242843,0.017193859,0.013463801000000001
cur_3_60,14,0.548063302,0.890138792,0.950717967,0.9757018740000001,0.656806232,0.548063302,0.017193859,0.013463801000000001
cur_3_70,14,0.49171552799999996,0.8660144890000001,0.938984341,0.969727291,0.604225829,0.49171552799999996,0.017193859,0.013463801000000001
recover,0,0.836412015,0.891803218,0.93325419,0.928181006,0.864689327,0.836412015,0.004469147,0.004469147
recover_60,0,0.7025077009999999,0.791961817,0.8659116259999999,0.856506903,0.746927957,0.7025077009999999,0.004469147,0.004469147
recover_70,0,0.7025077009999999,0.791961817,0.8659116259999999,0.856506903,0.746927957,0.7025077009999999,0.004469147,0.004469147
