name,effectDays,infectReduct,reduceHosp,reduceIcu,reduceMort,reduceSympt,riskReduct,waneRate,waneRateOut
cur_2,14,0.546619894,0.890236185,0.947696973,0.9741707890000001,0.689282463,0.546619894,0.021377755,0.017839787
cur_2_60,14,0.500625864,0.8708658909999999,0.937757959,0.96909849,0.648453324,0.500625864,0.021377755,0.017839787
cur_2_70,14,0.454643371,0.848669859,0.926083691,0.96307104,0.605352374,0.454643371,0.021377755,0.017839787
cur_3,14,0.561781735,0.896091271,0.950656842,0.9756709440000001,0.702271978,0.561781735,0.019359996,0.015822028999999998
cur_3_60,14,0.515963807,0.877612188,0.9412454140000001,0.9708844390000001,0.662313491,0.515963807,0.019359996,0.015822028999999998
cur_3_70,14,0.46989816,0.8563845059999999,0.930176557,0.9651928329999999,0.619915817,0.46989816,0.019359996,0.015822028999999998
recover,0,0.893240458,0.9319998859999999,0.948424666,0.969947076,0.930570102,0.893240458,0.006444808000000001,0.006444808000000001
recover_60,0,0.804846026,0.8710650520000001,0.900638942,0.94085889,0.8685347659999999,0.804846026,0.006444808000000001,0.006444808000000001
recover_70,0,0.804846026,0.8710650520000001,0.900638942,0.94085889,0.8685347659999999,0.804846026,0.006444808000000001,0.006444808000000001
