name,effectDays,infectReduct,reduceHosp,reduceIcu,reduceMort,reduceSympt,riskReduct,waneRate,waneRateOut
cur_2,14,0.5460607270000001,0.889820947,0.948401123,0.974528104,0.6791389170000001,0.5460607270000001,0.019354893999999997,0.014924806
cur_2_60,14,0.48723605600000003,0.8644883040000001,0.935562006,0.9679704920000001,0.625739905,0.48723605600000003,0.019354893999999997,0.014924806
cur_2_70,14,0.42880521,0.834438894,0.919811108,0.95980098,0.569135072,0.42880521,0.019354893999999997,0.014924806
cur_3,14,0.5453224329999999,0.889528641,0.9482551929999999,0.974454075,0.678489628,0.5453224329999999,0.019452803,0.015022714
cur_3_60,14,0.486492059,0.8641390529999999,0.9353822390000001,0.967878033,0.6250422179999999,0.486492059,0.019452803,0.015022714
cur_3_70,14,0.428075949,0.834027065,0.919591177,0.95968592,0.568404645,0.428075949,0.019452803,0.015022714
recover,0,0.95268517,0.991689015,0.9963311290000001,0.998234044,0.969013757,0.95268517,0.007750936999999999,0.007750936999999999
recover_60,0,0.915603035,0.990466883,0.995788722,0.997972392,0.9645763279999999,0.915603035,0.007750936999999999,0.007750936999999999
recover_70,0,0.778909725,0.98021142,0.9912075229999999,0.995756555,0.928479704,0.778909725,0.007750936999999999,0.007750936999999999
