name,effectDays,infectReduct,reduceHosp,reduceIcu,reduceMort,reduceSympt,riskReduct,waneRate,waneRateOut
cur_2,14,0.5342284,0.8855512440000001,0.9439362490000001,0.972257878,0.6921877329999999,0.5342284,0.020848221,0.013183021000000001
cur_2_60,14,0.47408608,0.858781529,0.9297393540000001,0.9649666290000001,0.638645583,0.47408608,0.020848221,0.013183021000000001
cur_2_70,14,0.41473034299999995,0.826999686,0.912295995,0.95585375,0.581466128,0.41473034299999995,0.020848221,0.013183021000000001
cur_3,14,0.555701325,0.894040015,0.948347139,0.97450072,0.710327055,0.555701325,0.018000905,0.010335705
cur_3_60,14,0.49571440899999997,0.868962028,0.935190515,0.9677794040000001,0.658382926,0.49571440899999997,0.018000905,0.010335705
cur_3_70,14,0.435895175,0.839041928,0.918982566,0.959367376,0.602382169,0.435895175,0.018000905,0.010335705
recover,0,0.8845065000000001,0.916727635,0.938335822,0.962418494,0.919197363,0.8845065000000001,0.006096138,0.006096138
recover_60,0,0.763504229,0.822717212,0.8651310529999999,0.915220405,0.827450336,0.763504229,0.006096138,0.006096138
recover_70,0,0.763504229,0.822717212,0.8651310529999999,0.915220405,0.827450336,0.763504229,0.006096138,0.006096138
