name,effectDays,infectReduct,reduceHosp,reduceIcu,reduceMort,reduceSympt,riskReduct,waneRate,waneRateOut
cur_2,14,0.502910084,0.8725258109999999,0.935478418,0.967927503,0.679122545,0.502910084,0.022311563,0.014267856
cur_2_60,14,0.472722109,0.858467306,0.9277880540000001,0.963955743,0.652235876,0.472722109,0.022311563,0.014267856
cur_2_70,14,0.44272869,0.843135167,0.919259101,0.9595121390000001,0.624339097,0.44272869,0.022311563,0.014267856
cur_3,14,0.527760978,0.8831904559999999,0.94123111,0.9708771279999999,0.7004119000000001,0.527760978,0.019039746,0.010996038999999999
cur_3_60,14,0.497574457,0.870133044,0.934178167,0.967258285,0.6744539740000001,0.497574457,0.019039746,0.010996038999999999
cur_3_70,14,0.467401977,0.855852449,0.926344033,0.9632062840000001,0.6473759060000001,0.467401977,0.019039746,0.010996038999999999
recover,0,0.865819817,0.9097315999999999,0.949637649,0.957579015,0.868916625,0.865819817,0.005150613,0.005150613
recover_60,0,0.7059894440000001,0.789489916,0.875264206,0.893619371,0.7115461040000001,0.7059894440000001,0.005150613,0.005150613
recover_70,0,0.7059894440000001,0.789489916,0.875264206,0.893619371,0.7115461040000001,0.7059894440000001,0.005150613,0.005150613
