name,effectDays,infectReduct,reduceHosp,reduceIcu,reduceMort,reduceSympt,riskReduct,waneRate,waneRateOut
cur_2,14,0.431619194,0.839355561,0.904369385,0.951655235,0.698886591,0.431619194,0.020773619,0.013851562
cur_2_60,14,0.40295032799999997,0.822809875,0.893671584,0.945930855,0.673500963,0.40295032799999997,0.020773619,0.013851562
cur_2_70,14,0.37492504299999996,0.804953012,0.8819312840000001,0.9395706070000001,0.647051557,0.37492504299999996,0.020773619,0.013851562
cur_3,14,0.436759775,0.84215705,0.906163845,0.952608896,0.70327173,0.436759775,0.020085672,0.013163616000000001
cur_3_60,14,0.407994559,0.825840035,0.89564362,0.946991147,0.67808551,0.407994559,0.020085672,0.013163616000000001
cur_3_70,14,0.37984164200000003,0.808217368,0.8840928220000001,0.9407478109999999,0.651815495,0.37984164200000003,0.020085672,0.013163616000000001
recover,0,0.860888552,0.910834147,0.928051618,0.938371417,0.894810049,0.860888552,0.004977022,0.004977022
recover_60,0,0.755275679,0.8359124109999999,0.865459955,0.88363177,0.809243866,0.755275679,0.004977022,0.004977022
recover_70,0,0.755275679,0.8359124109999999,0.865459955,0.88363177,0.809243866,0.755275679,0.004977022,0.004977022
