name,effectDays,infectReduct,reduceHosp,reduceIcu,reduceMort,reduceSympt,riskReduct,waneRate,waneRateOut
cur_2,14,0.545597199,0.889884813,0.9472698190000001,0.973953902,0.6909745820000001,0.545597199,0.022025334,0.015559696999999999
cur_2_60,14,0.5058090279999999,0.873238935,0.938701157,0.969582168,0.6558872929999999,0.5058090279999999,0.022025334,0.015559696999999999
cur_2_70,14,0.46595926299999996,0.854494254,0.928847898,0.964505067,0.619024234,0.46595926299999996,0.022025334,0.015559696999999999
cur_3,14,0.540314187,0.8877812890000001,0.946196238,0.973408355,0.6864103029999999,0.540314187,0.022725258999999998,0.016259621999999998
cur_3_60,14,0.5004869439999999,0.87086357,0.937464637,0.968947973,0.65106648,0.5004869439999999,0.022725258999999998,0.016259621999999998
cur_3_70,14,0.46066562200000005,0.851827236,0.927427984,0.963768973,0.613990925,0.46066562200000005,0.022725258999999998,0.016259621999999998
recover,0,0.940226007,0.98798111,0.994557259,0.9973777970000001,0.957883978,0.940226007,0.004489732,0.004489732
recover_60,0,0.913021043,0.9829756409999999,0.992269108,0.996270966,0.941091425,0.913021043,0.004489732,0.004489732
recover_70,0,0.801791197,0.958645627,0.980963448,0.990763147,0.865117088,0.801791197,0.004489732,0.004489732
