name,effectDays,infectReduct,reduceHosp,reduceIcu,reduceMort,reduceSympt,riskReduct,waneRate,waneRateOut
cur_2,14,0.624755397,0.917414007,0.964016344,0.982383459,0.71811016,0.624755397,0.021339261,0.018164881
cur_2_60,14,0.603342091,0.910303538,0.960746555,0.980749337,0.699461448,0.603342091,0.021339261,0.018164881
cur_2_70,14,0.581509672,0.902640186,0.957190202,0.978965555,0.680114562,0.581509672,0.021339261,0.018164881
cur_3,14,0.591322305,0.9061384309999999,0.95881783,0.9797827709999999,0.688852248,0.591322305,0.025953432000000002,0.022779052
cur_3_60,14,0.56931635,0.8981649209999999,0.9550976609999999,0.977912832,0.669159693,0.56931635,0.025953432000000002,0.022779052
cur_3_70,14,0.547017207,0.889590274,0.951055593,0.975872682,0.648841465,0.547017207,0.025953432000000002,0.022779052
recover,0,0.8737338809999999,0.9208940529999999,0.95521948,0.9643276040000001,0.897146727,0.8737338809999999,0.0053557859999999995,0.0053557859999999995
recover_60,0,0.768584073,0.8481940179999999,0.911017073,0.928442233,0.8071917679999999,0.768584073,0.0053557859999999995,0.0053557859999999995
recover_70,0,0.768584073,0.8481940179999999,0.911017073,0.928442233,0.8071917679999999,0.768584073,0.0053557859999999995,0.0053557859999999995
