name,effectDays,infectReduct,reduceHosp,reduceIcu,reduceMort,reduceSympt,riskReduct,waneRate,waneRateOut
cur_2,14,0.5227517620000001,0.8805171999999999,0.942671005,0.971612574,0.669036282,0.5227517620000001,0.021530554,0.015976584
cur_2_60,14,0.508470902,0.874369055,0.9395013240000001,0.9699921140000001,0.65625435,0.508470902,0.021530554,0.015976584
cur_2_70,14,0.49414659299999997,0.867938415,0.93616118,0.968278535,0.643214821,0.49414659299999997,0.021530554,0.015976584
cur_3,14,0.5521747779999999,0.8924225509999999,0.9487438140000001,0.9747019020000001,0.694707634,0.5521747779999999,0.017638226,0.012084256000000002
cur_3_60,14,0.537996232,0.88680826,0.945890621,0.9732529390000001,0.68244656,0.537996232,0.017638226,0.012084256000000002
cur_3_70,14,0.5237264070000001,0.8809276340000001,0.942881785,0.971720137,0.669900829,0.5237264070000001,0.017638226,0.012084256000000002
recover,0,0.90583153,0.987976347,0.9945753190000001,0.997386523,0.9575184640000001,0.90583153,0.010652223999999998,0.010652223999999998
recover_60,0,0.865353398,0.9829689290000001,0.992294702,0.9962833609999999,0.9405892109999999,0.865353398,0.010652223999999998,0.010652223999999998
recover_70,0,0.7125615559999999,0.958629726,0.981025753,0.99079368,0.8640607290000001,0.7125615559999999,0.010652223999999998,0.010652223999999998
