name,effectDays,infectReduct,reduceHosp,reduceIcu,reduceMort,reduceSympt,riskReduct,waneRate,waneRateOut
cur_2,14,0.443735613,0.843558061,0.9201017640000001,0.959952998,0.6206488,0.443735613,0.020712509,0.012804771999999999
cur_2_60,14,0.408642857,0.8236652459999999,0.908890845,0.95405458,0.586311796,0.408642857,0.020712509,0.012804771999999999
cur_2_70,14,0.37446243,0.801840691,0.896286272,0.947336182,0.551120208,0.37446243,0.020712509,0.012804771999999999
cur_3,14,0.546994096,0.890853737,0.9457450159999999,0.973178876,0.712355263,0.546994096,0.007083546,-0.000824191
cur_3_60,14,0.51124037,0.876091552,0.93788934,0.969165893,0.682066906,0.51124037,0.007083546,-0.000824191
cur_3_70,14,0.475376863,0.8596500309999999,0.928983122,0.9645751090000001,0.6501606529999999,0.475376863,0.007083546,-0.000824191
recover,0,0.9102477109999999,0.98803195,0.9943602570000001,0.997282607,0.961610799,0.9102477109999999,0.003207244,0.003207244
recover_60,0,0.798806482,0.9830472920000001,0.9919899529999999,0.996135752,0.946220781,0.798806482,0.003207244,0.003207244
recover_70,0,0.499650525,0.958815385,0.980284167,0.990430137,0.875990052,0.499650525,0.003207244,0.003207244
