name,effectDays,infectReduct,reduceHosp,reduceIcu,reduceMort,reduceSympt,riskReduct,waneRate,waneRateOut
cur_2,14,0.39780845299999995,0.820357797,0.887784518,0.942751867,0.691717235,0.39780845299999995,0.023617616,0.011986375
cur_2_60,14,0.375664303,0.806181409,0.878138671,0.9374982759999999,0.671454853,0.375664303,0.023617616,0.011986375
cur_2_70,14,0.354014548,0.791161263,0.867780349,0.9317936720000001,0.650520023,0.354014548,0.023617616,0.011986375
cur_3,14,0.43492703299999996,0.8417892709999999,0.9021315790000001,0.950463333,0.7233196140000001,0.43492703299999996,0.018593122,0.00696188
cur_3_60,14,0.41213075200000004,0.8289515040000001,0.893571138,0.945876787,0.704246247,0.41213075200000004,0.018593122,0.00696188
cur_3_70,14,0.389691158,0.815291654,0.884351832,0.940888683,0.684418841,0.389691158,0.018593122,0.00696188
recover,0,0.8652852659999999,0.913178622,0.943112863,0.9474369009999999,0.870276739,0.8652852659999999,0.004733126,0.004733126
recover_60,0,0.74507918,0.827172082,0.882958997,0.8913285240000001,0.753254471,0.74507918,0.004733126,0.004733126
recover_70,0,0.74507918,0.827172082,0.882958997,0.8913285240000001,0.753254471,0.74507918,0.004733126,0.004733126
