name,effectDays,infectReduct,reduceHosp,reduceIcu,reduceMort,reduceSympt,riskReduct,waneRate,waneRateOut
cur_2,14,0.583909628,0.903537812,0.957461848,0.979102044,0.684140049,0.583909628,0.020929366,0.018284617
cur_2_60,14,0.583638833,0.9034406340000001,0.9574164340000001,0.979079228,0.683899171,0.583638833,0.020929366,0.018284617
cur_2_70,14,0.583316963,0.903325038,0.957362405,0.979052083,0.683612792,0.583316963,0.020929366,0.018284617
cur_3,14,0.604841697,0.910845578,0.960861403,0.98080683,0.702598032,0.604841697,0.018074465,0.015429716000000001
cur_3_60,14,0.604575299,0.910755035,0.96081947,0.98078584,0.702365107,0.604575299,0.018074465,0.015429716000000001
cur_3_70,14,0.604258639,0.910647329,0.9607695820000001,0.980760865,0.70208817,0.604258639,0.018074465,0.015429716000000001
recover,0,0.953475889,0.987881613,0.9949210390000001,0.997553523,0.949623263,0.953475889,0.007385757,0.007385757
recover_60,0,0.9006745859999999,0.982835427,0.9927847129999999,0.9965206059999999,0.9297784459999999,0.9006745859999999,0.007385757,0.007385757
recover_70,0,0.715535315,0.958313527,0.982219561,0.991378317,0.841668485,0.715535315,0.007385757,0.007385757
