name,effectDays,infectReduct,reduceHosp,reduceIcu,reduceMort,reduceSympt,riskReduct,waneRate,waneRateOut
cur_2,14,0.44966509600000004,0.8472168520000001,0.9194107309999999,0.959591498,0.647107584,0.44966509600000004,0.02060034,0.011352753
cur_2_60,14,0.401738296,0.820056985,0.903624682,0.951258915,0.6011228470000001,0.401738296,0.02060034,0.011352753
cur_2_70,14,0.355643669,0.789287909,0.8851437590000001,0.94131915,0.553309281,0.355643669,0.02060034,0.011352753
cur_3,14,0.5227979189999999,0.881448173,0.938638415,0.969550008,0.710873092,0.5227979189999999,0.010958295,0.0017107079999999998
cur_3_60,14,0.473786921,0.859363385,0.9263168940000001,0.963192188,0.668946638,0.473786921,0.010958295,0.0017107079999999998
cur_3_70,14,0.42530236200000004,0.833954547,0.911762515,0.955572317,0.624180252,0.42530236200000004,0.010958295,0.0017107079999999998
recover,0,0.841876086,0.904784932,0.9190429370000001,0.937568022,0.8465942470000001,0.841876086,0.0046642459999999995,0.0046642459999999995
recover_60,0,0.773593593,0.859122431,0.8793060570000001,0.905993897,0.779816321,0.773593593,0.0046642459999999995,0.0046642459999999995
recover_70,0,0.773593593,0.859122431,0.8793060570000001,0.905993897,0.779816321,0.773593593,0.0046642459999999995,0.0046642459999999995
