name,effectDays,infectReduct,reduceHosp,reduceIcu,reduceMort,reduceSympt,riskReduct,waneRate,waneRateOut
cur_2,14,0.520744494,0.880155316,0.940108334,0.970302867,0.689865141,0.520744494,0.021906217000000002,0.01615068
cur_2_60,14,0.467917194,0.855989065,0.9270291079999999,0.963561989,0.642895901,0.467917194,0.021906217000000002,0.01615068
cur_2_70,14,0.41583185799999994,0.8279216,0.911373691,0.9553670940000001,0.593042039,0.41583185799999994,0.021906217000000002,0.01615068
cur_3,14,0.524979386,0.881934365,0.941057005,0.970788125,0.6934852429999999,0.524979386,0.02134813,0.015592591999999999
cur_3_60,14,0.47214571299999997,0.8580690040000001,0.9281691209999999,0.964153325,0.6467835479999999,0.47214571299999997,0.02134813,0.015592591999999999
cur_3_70,14,0.41996119200000004,0.830326563,0.912735263,0.956085359,0.59713232,0.41996119200000004,0.02134813,0.015592591999999999
recover,0,0.928822406,0.988030975,0.994364108,0.9972844679999999,0.961542282,0.928822406,0.005765194,0.005765194
recover_60,0,0.9151786890000001,0.983045918,0.991995409,0.996138395,0.946126334,0.9151786890000001,0.005765194,0.005765194
recover_70,0,0.83152009,0.95881213,0.980297438,0.990436645,0.8757884570000001,0.83152009,0.005765194,0.005765194
