name,effectDays,infectReduct,reduceHosp,reduceIcu,reduceMort,reduceSympt,riskReduct,waneRate,waneRateOut
cur_2,14,0.569921556,0.8986267809999999,0.9542703379999999,0.977495972,0.6824719990000001,0.569921556,0.021300882,0.018954621
cur_2_60,14,0.549389682,0.8907799540000001,0.950493334,0.975588197,0.664146889,0.549389682,0.021300882,0.018954621
cur_2_70,14,0.528669322,0.882397357,0.9464180409999999,0.973521117,0.645296482,0.528669322,0.021300882,0.018954621
cur_3,14,0.555139238,0.893021748,0.9515761090000001,0.976135895,0.669313554,0.555139238,0.023275900000000002,0.02092964
cur_3_60,14,0.534478091,0.8847966820000001,0.947588799,0.974115873,0.65061781,0.534478091,0.023275900000000002,0.02092964
cur_3_70,14,0.5136790170000001,0.876018785,0.9432886770000001,0.97192771,0.6314294579999999,0.5136790170000001,0.023275900000000002,0.02092964
recover,0,0.87781021,0.917698019,0.949666437,0.9483589579999999,0.909563717,0.87781021,0.005645413,0.005645413
recover_60,0,0.7887631890000001,0.85284666,0.9074651709999999,0.9051709240000001,0.8394243109999999,0.7887631890000001,0.005645413,0.005645413
recover_70,0,0.7887631890000001,0.85284666,0.9074651709999999,0.9051709240000001,0.8394243109999999,0.7887631890000001,0.005645413,0.005645413
