name,effectDays,infectReduct,reduceHosp,reduceIcu,reduceMort,reduceSympt,riskReduct,waneRate,waneRateOut
cur_2,14,0.40871240299999995,0.825980472,0.897460642,0.947966063,0.668870995,0.40871240299999995,0.022503479,0.012660784
cur_2_60,14,0.39650083399999997,0.8185609220000001,0.892692807,0.9454037470000001,0.6575302510000001,0.39650083399999997,0.022503479,0.012660784
cur_2_70,14,0.38438641100000004,0.810877685,0.887718163,0.942715918,0.64597718,0.38438641100000004,0.022503479,0.012660784
cur_3,14,0.422386291,0.833925745,0.90252745,0.950674395,0.681221045,0.422386291,0.020652331,0.010809636000000001
cur_3_60,14,0.410049495,0.826773907,0.897968425,0.948238164,0.6700946520000001,0.410049495,0.020652331,0.010809636000000001
cur_3_70,14,0.39779397299999997,0.819361708,0.893209095,0.9456818579999999,0.658745458,0.39779397299999997,0.020652331,0.010809636000000001
recover,0,0.837716248,0.8861383890000001,0.933940067,0.916155818,0.886809504,0.837716248,0.004587582,0.004587582
recover_60,0,0.725053486,0.799027154,0.878380828,0.848072425,0.800095885,0.725053486,0.004587582,0.004587582
recover_70,0,0.725053486,0.799027154,0.878380828,0.848072425,0.800095885,0.725053486,0.004587582,0.004587582
