name,effectDays,infectReduct,reduceHosp,reduceIcu,reduceMort,reduceSympt,riskReduct,waneRate,waneRateOut
cur_2,14,0.39961452799999997,0.819471628,0.8992241990000001,0.9489104340000001,0.625076795,0.39961452799999997,0.020154015,0.009037933
cur_2_60,14,0.379776612,0.806799523,0.891408449,0.944711211,0.605331077,0.379776612,0.020154015,0.009037933
cur_2_70,14,0.360315017,0.7934496990000001,0.883057555,0.9401843409999999,0.585217103,0.360315017,0.020154015,0.009037933
cur_3,14,0.49941896799999996,0.8718615359999999,0.930434408,0.965326193,0.714206103,0.49941896799999996,0.006847252,-0.00426883
cur_3_60,14,0.478575845,0.86224874,0.924836867,0.962422805,0.696878143,0.478575845,0.006847252,-0.00426883
cur_3_70,14,0.45778827299999997,0.85202765,0.918822576,0.9592836020000001,0.6789553209999999,0.45778827299999997,0.006847252,-0.00426883
recover,0,0.8526204490000001,0.908187313,0.93191888,0.9597383690000001,0.889144174,0.8526204490000001,0.005202597,0.005202597
recover_60,0,0.726207919,0.8193373290000001,0.8625591359999999,0.916171145,0.786203835,0.726207919,0.005202597,0.005202597
recover_70,0,0.726207919,0.8193373290000001,0.8625591359999999,0.916171145,0.786203835,0.726207919,0.005202597,0.005202597
