name,effectDays,infectReduct,reduceHosp,reduceIcu,reduceMort,reduceSympt,riskReduct,waneRate,waneRateOut
cur_2,14,0.450619175,0.84742996,0.921043955,0.96044545,0.636577295,0.450619175,0.021370392000000002,0.013540783
cur_2_60,14,0.42639519200000003,0.834267581,0.913584725,0.9565329340000001,0.6135204000000001,0.42639519200000003,0.021370392000000002,0.013540783
cur_2_70,14,0.402507002,0.82020303,0.9054887229999999,0.9522503240000001,0.589930586,0.402507002,0.021370392000000002,0.013540783
cur_3,14,0.5161679920000001,0.87840888,0.938166391,0.969307997,0.694958231,0.5161679920000001,0.012728294,0.004898685
cur_3_60,14,0.49157323399999997,0.867501217,0.932205707,0.966241302,0.673706714,0.49157323399999997,0.012728294,0.004898685
cur_3_70,14,0.467006449,0.85576939,0.925712395,0.962878091,0.651705015,0.467006449,0.012728294,0.004898685
recover,0,0.86180278,0.897744566,0.93905755,0.941436231,0.90634677,0.86180278,0.005246373,0.005246373
recover_60,0,0.771748836,0.826393459,0.893100949,0.897076788,0.839927797,0.771748836,0.005246373,0.005246373
recover_70,0,0.771748836,0.826393459,0.893100949,0.897076788,0.839927797,0.771748836,0.005246373,0.005246373
