name,effectDays,infectReduct,reduceHosp,reduceIcu,reduceMort,reduceSympt,riskReduct,waneRate,waneRateOut
cur_2,14,0.44632994,0.844758825,0.9217025759999999,0.9607893909999999,0.615816774,0.44632994,0.020575433,0.013532229
cur_2_60,14,0.409778552,0.824147057,0.910221093,0.954758234,0.579923527,0.409778552,0.020575433,0.013532229
cur_2_70,14,0.374204924,0.80144694,0.8972466170000001,0.94785133,0.543172474,0.374204924,0.020575433,0.013532229
cur_3,14,0.491147431,0.866939793,0.9337519259999999,0.9670387009999999,0.6574444420000001,0.491147431,0.014654452,0.007611248
cur_3_60,14,0.453934904,0.8487457409999999,0.9238914509999999,0.961930691,0.62305981,0.453934904,0.014654452,0.007611248
cur_3_70,14,0.417237804,0.828560429,0.9127030859999999,0.956068397,0.587397598,0.417237804,0.014654452,0.007611248
recover,0,0.919414595,0.9880156590000001,0.994424234,0.997313522,0.96045076,0.919414595,0.005504362,0.005504362
recover_60,0,0.856377445,0.9830243320000001,0.9920806040000001,0.996179665,0.94462247,0.856377445,0.005504362,0.005504362
recover_70,0,0.653940315,0.9587609840000001,0.980504692,0.990538273,0.872585555,0.653940315,0.005504362,0.005504362
