name,effectDays,infectReduct,reduceHosp,reduceIcu,reduceMort,reduceSympt,riskReduct,waneRate,waneRateOut
cur_2,14,0.625442267,0.917171148,0.965844363,0.983294572,0.689988542,0.625442267,0.021554372000000002,0.02181335
cur_2_60,14,0.605285952,0.910466478,0.9629203140000001,0.981836334,0.671481227,0.605285952,0.021554372000000002,0.02181335
cur_2_70,14,0.5847474029999999,0.903269965,0.959753558,0.980251951,0.652409103,0.5847474029999999,0.021554372000000002,0.02181335
cur_3,14,0.639888612,0.9217730829999999,0.967836867,0.984285663,0.70312706,0.639888612,0.019510503999999998,0.019769481999999998
cur_3_60,14,0.620037422,0.9154065640000001,0.965077229,0.982912435,0.6850460709999999,0.620037422,0.019510503999999998,0.019769481999999998
cur_3_70,14,0.599758896,0.9085672490000001,0.9620874290000001,0.981420143,0.666370175,0.599758896,0.019510503999999998,0.019769481999999998
recover,0,0.8978808070000001,0.9878033270000001,0.995188282,0.997682573,0.942125876,0.8978808070000001,0.007723825,0.007723825
recover_60,0,0.754047108,0.982725113,0.993163593,0.996703963,0.9195777490000001,0.754047108,0.007723825,0.007723825
recover_70,0,0.412764036,0.95805234,0.983143805,0.991830441,0.821130838,0.412764036,0.007723825,0.007723825
