name,effectDays,infectReduct,reduceHosp,reduceIcu,reduceMort,reduceSympt,riskReduct,waneRate,waneRateOut
cur_2,14,0.529848239,0.882540012,0.9480523999999999,0.974351181,0.628932348,0.529848239,0.019390185,0.011873173999999998
cur_2_60,14,0.494837068,0.8672107609999999,0.940698424,0.9706047640000001,0.595669111,0.494837068,0.019390185,0.011873173999999998
cur_2_70,14,0.459880667,0.850222629,0.932378705,0.966330584,0.561507187,0.459880667,0.019390185,0.011873173999999998
cur_3,14,0.589768948,0.9055251679999999,0.958816005,0.979781855,0.683761938,0.589768948,0.01138552,0.0038685090000000004
cur_3_60,14,0.5554763460000001,0.8928313609999999,0.952910096,0.976809794,0.652699621,0.5554763460000001,0.01138552,0.0038685090000000004
cur_3_70,14,0.5206512839999999,0.878662341,0.946205642,0.9734131359999999,0.620284598,0.5206512839999999,0.01138552,0.0038685090000000004
recover,0,0.8660037209999999,0.90050825,0.9367912429999999,0.943162937,0.875670555,0.8660037209999999,0.005232028,0.005232028
recover_60,0,0.772926435,0.82659963,0.886436795,0.897328098,0.78766167,0.772926435,0.005232028,0.005232028
recover_70,0,0.772926435,0.82659963,0.886436795,0.897328098,0.78766167,0.772926435,0.005232028,0.005232028
