name,effectDays,infectReduct,reduceHosp,reduceIcu,reduceMort,reduceSympt,riskReduct,waneRate,waneRateOut
cur_2,14,0.5570016520000001,0.8947114290000001,0.947852228,0.974249595,0.719830637,0.5570016520000001,0.021798573999999998,0.017991238
cur_2_60,14,0.509703889,0.875404615,0.9376103720000001,0.969022762,0.679927782,0.509703889,0.021798573999999998,0.017991238
cur_2_70,14,0.46225623899999996,0.8531509620000001,0.925521867,0.9627790509999999,0.637228861,0.46225623899999996,0.021798573999999998,0.017991238
cur_3,14,0.514626638,0.877537782,0.9387530409999999,0.96960876,0.684200343,0.514626638,0.02740336,0.023596025
cur_3_60,14,0.46713284200000005,0.855590112,0.9268619929999999,0.9634752440000001,0.6417484529999999,0.46713284200000005,0.02740336,0.023596025
cur_3_70,14,0.420251338,0.830482753,0.9128844000000002,0.9561639679999999,0.5969752770000001,0.420251338,0.02740336,0.023596025
recover,0,0.8145622509999999,0.8725113809999999,0.895791948,0.940445942,0.854448352,0.8145622509999999,0.004252082,0.004252082
recover_60,0,0.629313805,0.725655575,0.768642409,0.859218265,0.694080853,0.629313805,0.004252082,0.004252082
recover_70,0,0.629313805,0.725655575,0.768642409,0.859218265,0.694080853,0.629313805,0.004252082,0.004252082
