name,effectDays,infectReduct,reduceHosp,reduceIcu,reduceMort,reduceSympt,riskReduct,waneRate,waneRateOut
cur_2,14,0.46924266,0.8573983190000001,0.9238571870000001,0.961912847,0.675197843,0.46924266,0.019709138,0.012890172
cur_2_60,14,0.41650318299999994,0.829188557,0.907374166,0.953251064,0.626640092,0.41650318299999994,0.019709138,0.012890172
cur_2_70,14,0.365639948,0.796743586,0.887770174,0.942744096,0.575421718,0.365639948,0.019709138,0.012890172
cur_3,14,0.496346571,0.870164976,0.931151768,0.9656970140000001,0.698541119,0.496346571,0.016139683000000002,0.009320717
cur_3_60,14,0.443104007,0.844021293,0.916104444,0.957858123,0.651672822,0.443104007,0.016139683000000002,0.009320717
cur_3_70,14,0.391170037,0.813760939,0.898140767,0.948330481,0.601705806,0.391170037,0.016139683000000002,0.009320717
recover,0,0.929232029,0.9881035570000001,0.994069199,0.997141933,0.96634926,0.929232029,0.016028997,0.016028997
recover_60,0,0.9262267409999999,0.9831482140000001,0.991577603,0.995935949,0.9527655540000001,0.9262267409999999,0.016028997,0.016028997
recover_70,0,0.865792641,0.959054555,0.9792818000000001,0.989938304,0.890088911,0.865792641,0.016028997,0.016028997
