name,effectDays,infectReduct,reduceHosp,reduceIcu,reduceMort,reduceSympt,riskReduct,waneRate,waneRateOut
cur_2,14,0.47216995799999995,0.8592043559999999,0.922860272,0.961393362,0.6928120190000001,0.47216995799999995,0.02043577,0.012314776999999999
cur_2_60,14,0.449194689,0.8476397090000001,0.916013093,0.957810143,0.672785175,0.449194689,0.02043577,0.012314776999999999
cur_2_70,14,0.426419292,0.83529887,0.908613265,0.9539076209999999,0.652094507,0.426419292,0.02043577,0.012314776999999999
cur_3,14,0.49813562200000006,0.871319382,0.9299445059999999,0.965072785,0.7144868740000001,0.49813562200000006,0.017017321999999998,0.008896329
cur_3_60,14,0.475033976,0.8605883740000001,0.92367414,0.9618175040000001,0.695251532,0.475033976,0.017017321999999998,0.008896329
cur_3_70,14,0.45202362,0.8491096459999999,0.916888059,0.9582695090000001,0.675295848,0.45202362,0.017017321999999998,0.008896329
recover,0,0.9245530679999999,0.9881399470000001,0.993914913,0.9970673459999999,0.968545397,0.9245530679999999,0.009374851,0.009374851
recover_60,0,0.827908676,0.983199505,0.991359063,0.995830022,0.95580766,0.827908676,0.009374851,0.009374851
recover_70,0,0.5480697920000001,0.9591761329999999,0.978751053,0.989677672,0.896730137,0.5480697920000001,0.009374851,0.009374851
