name,effectDays,infectReduct,reduceHosp,reduceIcu,reduceMort,reduceSympt,riskReduct,waneRate,waneRateOut
cur_2,14,0.527144986,0.8820896359999999,0.944750875,0.972672895,0.659998046,0.527144986,0.020418532,0.014883684
cur_2_60,14,0.514788515,0.876841433,0.942108686,0.971325496,0.648800313,0.514788515,0.020418532,0.014883684
cur_2_70,14,0.502381195,0.8713790109999999,0.939340787,0.969909896,0.6374061120000001,0.502381195,0.020418532,0.014883684
cur_3,14,0.567736135,0.898101212,0.9527095870000001,0.976708563,0.695766635,0.567736135,0.01502893,0.009494082
cur_3_60,14,0.5555460520000001,0.893479623,0.950428037,0.975555147,0.685185011,0.5555460520000001,0.01502893,0.009494082
cur_3_70,14,0.5432562470000001,0.888661448,0.9480359629999999,0.97434284,0.674378815,0.5432562470000001,0.01502893,0.009494082
recover,0,0.9266515240000001,0.987945602,0.9946903090000001,0.997442075,0.95508869,0.9266515240000001,0.006544541,0.006544541
recover_60,0,0.884639506,0.9829256009999999,0.9924576690000001,0.996362277,0.937254603,0.884639506,0.006544541,0.006544541
recover_70,0,0.7325753190000001,0.95852709,0.9814225959999999,0.990988105,0.85708339,0.7325753190000001,0.006544541,0.006544541
