name,effectDays,infectReduct,reduceHosp,reduceIcu,reduceMort,reduceSympt,riskReduct,waneRate,waneRateOut
cur_2,14,0.5568034239999999,0.8926914979999999,0.955630236,0.978180983,0.618331237,0.5568034239999999,0.019543418,0.015984154
cur_2_60,14,0.533846581,0.883492589,0.951533758,0.976114484,0.596250446,0.533846581,0.019543418,0.015984154
cur_2_70,14,0.510730316,0.873610055,0.9470769720000001,0.9738559509999999,0.573757937,0.510730316,0.019543418,0.015984154
cur_3,14,0.625068987,0.916938134,0.966194248,0.98346876,0.6825233159999999,0.625068987,0.010241901999999999,0.006682638
cur_3_60,14,0.603127805,0.909607275,0.963035375,0.9818938009999999,0.6621269679999999,0.603127805,0.010241901999999999,0.006682638
cur_3_70,14,0.58074903,0.901693394,0.9595913229999999,0.980170639,0.641095321,0.58074903,0.010241901999999999,0.006682638
recover,0,0.929896365,0.9877856009999999,0.9952465970000001,0.997710729,0.940295579,0.929896365,0.004068082,0.004068082
recover_60,0,0.915398156,0.982700136,0.9932462790000001,0.9967439690000001,0.917097105,0.915398156,0.004068082,0.004068082
recover_70,0,0.83039745,0.957993215,0.9833456490000001,0.99192912,0.81622045,0.83039745,0.004068082,0.004068082
