name,effectDays,infectReduct,reduceHosp,reduceIcu,reduceMort,reduceSympt,riskReduct,waneRate,waneRateOut
cur_2,14,0.546491827,0.890113472,0.94797568,0.9743122479999999,0.6856014570000001,0.546491827,0.019768237,0.014497989
cur_2_60,14,0.512418898,0.8759995559999999,0.9407993459999999,0.9706563779999999,0.655389477,0.512418898,0.019768237,0.014497989
cur_2_70,14,0.47823302100000004,0.860358608,0.9327040879999999,0.9664984659999999,0.623869727,0.47823302100000004,0.019768237,0.014497989
cur_3,14,0.530192213,0.8835319620000001,0.9446442279999999,0.9726185829999999,0.671294333,0.530192213,0.021924624,0.016654376000000002
cur_3_60,14,0.496024012,0.868697408,0.9370388690000001,0.968729407,0.640428564,0.496024012,0.021924624,0.016654376000000002
cur_3_70,14,0.46189575299999996,0.852290703,0.92846849,0.96430849,0.608358132,0.46189575299999996,0.021924624,0.016654376000000002
recover,0,0.839346596,0.901399458,0.8888358590000001,0.9372363579999999,0.9135976709999999,0.839346596,0.005292169,0.005292169
recover_60,0,0.728421862,0.824353757,0.804106525,0.884608609,0.84443862,0.728421862,0.005292169,0.005292169
recover_70,0,0.728421862,0.824353757,0.804106525,0.884608609,0.84443862,0.728421862,0.005292169,0.005292169
