name,effectDays,infectReduct,reduceHosp,reduceIcu,reduceMort,reduceSympt,riskReduct,waneRate,waneRateOut
cur_2,14,0.267051073,0.7182016809999999,0.7981556120000001,0.89166928,0.617511426,0.267051073,0.018626734,0.005579189
cur_2_60,14,0.22930133,0.675448877,0.7635392240000001,0.8704881940000001,0.56865714,0.22930133,0.018626734,0.005579189
cur_2_70,14,0.195483412,0.629583123,0.725055028,0.8458970240000001,0.518458815,0.195483412,0.018626734,0.005579189
cur_3,14,0.354048446,0.793131241,0.856085623,0.9252733129999999,0.708341792,0.354048446,0.005201681,-0.007845864000000001
cur_3_60,14,0.309188658,0.757914526,0.829279212,0.909999392,0.664791283,0.309188658,0.005201681,-0.007845864000000001
cur_3_70,14,0.26768090699999997,0.71885198,0.798673124,0.89197948,0.618270584,0.26768090699999997,0.005201681,-0.007845864000000001
recover,0,0.8556627809999999,0.9086348209999999,0.9337237820000001,0.9335702640000001,0.8779969000000001,0.8556627809999999,0.005289425,0.005289425
recover_60,0,0.740444542,0.827160482,0.871457319,0.8711794690000001,0.775938547,0.740444542,0.005289425,0.005289425
recover_70,0,0.740444542,0.827160482,0.871457319,0.8711794690000001,0.775938547,0.740444542,0.005289425,0.005289425
