name,effectDays,infectReduct,reduceHosp,reduceIcu,reduceMort,reduceSympt,riskReduct,waneRate,waneRateOut
cur_2,14,0.48135396700000005,0.862895746,0.92879707,0.964478737,0.6717208790000001,0.48135396700000005,0.021614937999999997,0.015846283
cur_2_60,14,0.450909003,0.8477642609999999,0.920266715,0.960039249,0.644190446,0.450909003,0.021614937999999997,0.015846283
cur_2_70,14,0.420824265,0.831287606,0.910811545,0.955070236,0.615669346,0.420824265,0.021614937999999997,0.015846283
cur_3,14,0.512820129,0.877122932,0.936687492,0.9685489540000001,0.698862946,0.512820129,0.017475415,0.01170676
cur_3_60,14,0.48223544700000004,0.863312904,0.929030206,0.964599495,0.6724989459999999,0.48223544700000004,0.017475415,0.01170676
cur_3_70,14,0.45178029700000005,0.8482178029999999,0.9205245059999999,0.9601740129999999,0.644996508,0.45178029700000005,0.017475415,0.01170676
recover,0,0.897591457,0.988069877,0.994208127,0.997209085,0.964191798,0.897591457,0.004665580999999999,0.004665580999999999
recover_60,0,0.8500179729999999,0.983100745,0.9917744140000001,0.996031324,0.949782453,0.8500179729999999,0.004665580999999999,0.004665580999999999
recover_70,0,0.6804715590000001,0.958942052,0.9797600679999999,0.990173042,0.883630921,0.6804715590000001,0.004665580999999999,0.004665580999999999
