name,effectDays,infectReduct,reduceHosp,reduceIcu,reduceMort,reduceSympt,riskReduct,waneRate,waneRateOut
cur_2,14,0.40142473799999995,0.822478244,0.889782913,0.9438333040000001,0.691969226,0.40142473799999995,0.021061551,0.010029811999999999
cur_2_60,14,0.399847341,0.8215170829999999,0.889137042,0.94348405,0.69056729,0.399847341,0.021061551,0.010029811999999999
cur_2_70,14,0.398223841,0.82052225,0.888467942,0.943121972,0.689118773,0.398223841,0.021061551,0.010029811999999999
cur_3,14,0.41177677700000004,0.828656579,0.89392094,0.946065052,0.701038685,0.41177677700000004,0.019650907,0.008619168
cur_3_60,14,0.41018657700000005,0.827721862,0.89329641,0.9457288770000001,0.69966011,0.41018657700000005,0.019650907,0.008619168
cur_3_70,14,0.408549675,0.82675432,0.892649382,0.9453803479999999,0.6982355579999999,0.408549675,0.019650907,0.008619168
recover,0,0.865606113,0.91772795,0.935138602,0.94868685,0.872002561,0.865606113,0.005347622,0.005347622
recover_60,0,0.75115883,0.8394331970000001,0.871085346,0.8965326859999999,0.7615015470000001,0.75115883,0.005347622,0.005347622
recover_70,0,0.75115883,0.8394331970000001,0.871085346,0.8965326859999999,0.7615015470000001,0.75115883,0.005347622,0.005347622
