name,effectDays,infectReduct,reduceHosp,reduceIcu,reduceMort,reduceSympt,riskReduct,waneRate,waneRateOut
cur_2,14,0.471651761,0.8583372840000001,0.925671737,0.9628569579999999,0.667555356,0.471651761,0.020234355,0.01336609
cur_2_60,14,0.42948105799999997,0.836319464,0.913059285,0.956256132,0.628711923,0.42948105799999997,0.020234355,0.01336609
cur_2_70,14,0.38832548,0.8116406890000001,0.898547297,0.948548175,0.588146215,0.38832548,0.020234355,0.01336609
cur_3,14,0.501449429,0.872234367,0.933475277,0.966896128,0.6934846720000001,0.501449429,0.016311755,0.00944349
cur_3_60,14,0.45892867299999995,0.852004068,0.922075506,0.960984032,0.656110161,0.45892867299999995,0.016311755,0.00944349
cur_3_70,14,0.417013841,0.82920718,0.908918363,0.9540691459999999,0.616712977,0.417013841,0.016311755,0.00944349
recover,0,0.868894171,0.9143676009999999,0.928592602,0.961952708,0.887929662,0.868894171,0.005449634,0.005449634
recover_60,0,0.7459824620000001,0.8255268990000001,0.852123112,0.918055652,0.7783105579999999,0.7459824620000001,0.005449634,0.005449634
recover_70,0,0.7459824620000001,0.8255268990000001,0.852123112,0.918055652,0.7783105579999999,0.7459824620000001,0.005449634,0.005449634
