name,effectDays,infectReduct,reduceHosp,reduceIcu,reduceMort,reduceSympt,riskReduct,waneRate,waneRateOut
cur_2,14,0.499255829,0.8712409329999999,0.932985935,0.9666438390000001,0.691085652,0.499255829,0.021288565,0.014697064
cur_2_60,14,0.447548546,0.846104847,0.918779893,0.9592612509999999,0.645106085,0.447548546,0.021288565,0.014697064
cur_2_70,14,0.39698167,0.8171108890000001,0.901890313,0.9503346559999999,0.596311327,0.39698167,0.021288565,0.014697064
cur_3,14,0.547911399,0.891599825,0.944207142,0.972395927,0.73113954,0.547911399,0.014870633000000001,0.008279132
cur_3_60,14,0.496157963,0.869844417,0.932206993,0.9662419659999999,0.6884339359999999,0.496157963,0.014870633000000001,0.008279132
cur_3_70,14,0.444518066,0.8445010359999999,0.917859935,0.958779243,0.642293149,0.444518066,0.014870633000000001,0.008279132
recover,0,0.918921661,0.988079083,0.994170515,0.9971909059999999,0.964793803,0.918921661,0.0033349820000000002,0.0033349820000000002
recover_60,0,0.839340648,0.98311372,0.9917211290000001,0.9960055040000001,0.950614298,0.839340648,0.0033349820000000002,0.0033349820000000002
recover_70,0,0.599592284,0.958972802,0.9796305540000001,0.990109487,0.885426369,0.599592284,0.0033349820000000002,0.0033349820000000002
