name,effectDays,infectReduct,reduceHosp,reduceIcu,reduceMort,reduceSympt,riskReduct,waneRate,waneRateOut
cur_2,14,0.442732742,0.843141085,0.9192428009999999,0.959503608,0.6244923929999999,0.442732742,0.019227281000000002,0.014336281999999999
cur_2_60,14,0.41304105700000004,0.826419107,0.909765411,0.95451731,0.595640074,0.41304105700000004,0.019227281000000002,0.014336281999999999
cur_2_70,14,0.38396534600000004,0.808317608,0.89929638,0.948949048,0.5661077379999999,0.38396534600000004,0.019227281000000002,0.014336281999999999
cur_3,14,0.525794953,0.882377298,0.940780185,0.9706465790000001,0.698888495,0.525794953,0.008267824,0.003376825
cur_3_60,14,0.49548569,0.869189158,0.933647908,0.9669851,0.6727570340000001,0.49548569,0.008267824,0.003376825
cur_3_70,14,0.46520613299999997,0.8547640009999999,0.925723505,0.962883866,0.645504903,0.46520613299999997,0.008267824,0.003376825
recover,0,0.8869210259999999,0.933851559,0.9546221890000001,0.9641602990000001,0.90406419,0.8869210259999999,0.005563763,0.005563763
recover_60,0,0.81668137,0.889118645,0.922773857,0.9385755309999999,0.842583126,0.81668137,0.005563763,0.005563763
recover_70,0,0.81668137,0.889118645,0.922773857,0.9385755309999999,0.842583126,0.81668137,0.005563763,0.005563763
