name,effectDays,infectReduct,reduceHosp,reduceIcu,reduceMort,reduceSympt,riskReduct,waneRate,waneRateOut
cur_2,14,0.420660372,0.832185026,0.9058403490000001,0.952437113,0.652476763,0.420660372,0.021186122,0.013037168
cur_2_60,14,0.396811156,0.8179449670000001,0.897077371,0.947760582,0.629771636,0.396811156,0.021186122,0.013037168
cur_2_70,14,0.373430616,0.80277489,0.887594998,0.9426491840000001,0.606465664,0.373430616,0.021186122,0.013037168
cur_3,14,0.464557066,0.8556037320000001,0.919968896,0.9598835109999999,0.691682551,0.464557066,0.015332318999999999,0.007183365
cur_3_60,14,0.44010975,0.842975919,0.912393627,0.9559052370000001,0.670244353,0.44010975,0.015332318999999999,0.007183365
cur_3_70,14,0.415937226,0.82945671,0.9041716190000001,0.9515500179999999,0.648062371,0.415937226,0.015332318999999999,0.007183365
recover,0,0.9269471309999999,0.988153104,0.993858039,0.997039848,0.969306291,0.9269471309999999,0.0034195840000000003,0.0034195840000000003
recover_60,0,0.847912452,0.9832180490000001,0.99127851,0.9957909709999999,0.9568629590000001,0.847912452,0.0034195840000000003,0.0034195840000000003
recover_70,0,0.6059709529999999,0.959220093,0.978555507,0.989581609,0.8990471859999999,0.6059709529999999,0.0034195840000000003,0.0034195840000000003
