name,effectDays,infectReduct,reduceHosp,reduceIcu,reduceMort,reduceSympt,riskReduct,waneRate,waneRateOut
cur_2,14,0.469453502,0.858009923,0.92144094,0.96065279,0.695580602,0.469453502,0.021221247000000002,0.012126607
cur_2_60,14,0.45507487700000004,0.8508153620000001,0.917150047,0.9584069709999999,0.683194695,0.45507487700000004,0.021221247000000002,0.012126607
cur_2_70,14,0.44074184200000005,0.843307314,0.912637646,0.956033899,0.670517602,0.44074184200000005,0.021221247000000002,0.012126607
cur_3,14,0.489045787,0.86730909,0.926939638,0.96351555,0.7119461909999999,0.489045787,0.018639948,0.009545309
cur_3_60,14,0.474603888,0.8605091090000001,0.922923961,0.961426566,0.699938907,0.474603888,0.018639948,0.009545309
cur_3_70,14,0.46017519100000004,0.853404863,0.918698158,0.959218445,0.687625486,0.46017519100000004,0.018639948,0.009545309
recover,0,0.8301197090000001,0.88157425,0.922444602,0.947864722,0.8181275920000001,0.8301197090000001,0.0040919979999999995,0.0040919979999999995
recover_60,0,0.688241807,0.7708045179999999,0.843099258,0.891466254,0.67021318,0.688241807,0.0040919979999999995,0.0040919979999999995
recover_70,0,0.688241807,0.7708045179999999,0.843099258,0.891466254,0.67021318,0.688241807,0.0040919979999999995,0.0040919979999999995
