name,effectDays,infectReduct,reduceHosp,reduceIcu,reduceMort,reduceSympt,riskReduct,waneRate,waneRateOut
cur_2,14,0.409692975,0.826491522,0.8982121670000001,0.948368722,0.667293438,0.409692975,0.020050983999999997,0.009160818000000001
cur_2_60,14,0.39722127399999996,0.818933907,0.893375512,0.9457714690000001,0.655690303,0.39722127399999996,0.020050983999999997,0.009160818000000001
cur_2_70,14,0.384851579,0.811102841,0.888324985,0.943044577,0.643869287,0.384851579,0.020050983999999997,0.009160818000000001
cur_3,14,0.433253788,0.839916914,0.9067144659999999,0.9529011479999999,0.688392716,0.433253788,0.016873554,0.005983388
cur_3_60,14,0.420575863,0.832825795,0.902237842,0.950519998,0.677169426,0.420575863,0.016873554,0.005983388
cur_3_70,14,0.407971125,0.825467501,0.897558966,0.948018763,0.6657098779999999,0.407971125,0.016873554,0.005983388
recover,0,0.9074389340000001,0.9882108190000001,0.99360146,0.9969157759999999,0.972447414,0.9074389340000001,0.006136791999999999,0.006136791999999999
recover_60,0,0.855726103,0.9832994,0.990915157,0.995614784,0.9612265640000001,0.855726103,0.006136791999999999,0.006136791999999999
recover_70,0,0.678790743,0.959412974,0.9776740290000001,0.989148334,0.908701221,0.678790743,0.006136791999999999,0.006136791999999999
