name,effectDays,infectReduct,reduceHosp,reduceIcu,reduceMort,reduceSympt,riskReduct,waneRate,waneRateOut
cur_2,14,0.40776591,0.8246717020000001,0.9010020990000001,0.9498606390000001,0.6417697379999999,0.40776591,0.020609328,0.008880365
cur_2_60,14,0.392021831,0.8149819290000001,0.8949936890000001,0.946641957,0.6265491639999999,0.392021831,0.020609328,0.008880365
cur_2_70,14,0.37647460899999996,0.804866895,0.888655315,0.9432233940000001,0.611048919,0.37647460899999996,0.020609328,0.008880365
cur_3,14,0.490336051,0.867940808,0.9270989359999999,0.96359823,0.714553186,0.490336051,0.009610487,-0.002118477
cur_3_60,14,0.47395526,0.8602370890000001,0.9225382320000001,0.9612254290000001,0.700984211,0.47395526,0.009610487,-0.002118477
cur_3_70,14,0.45760434899999997,0.8521473270000001,0.917709625,0.958700443,0.6870301999999999,0.45760434899999997,0.009610487,-0.002118477
recover,0,0.894812157,0.988156358,0.993843881,0.997033003,0.9694918490000001,0.894812157,0.009690457,0.009690457
recover_60,0,0.817663852,0.983222635,0.991258458,0.99578125,0.957120415,0.817663852,0.009690457,0.009690457
recover_70,0,0.5886496720000001,0.959230967,0.978506836,0.989557696,0.8996135040000001,0.5886496720000001,0.009690457,0.009690457
