name,effectDays,infectReduct,reduceHosp,reduceIcu,reduceMort,reduceSympt,riskReduct,waneRate,waneRateOut
cur_2,14,0.495808786,0.868501988,0.937405575,0.96891766,0.635806996,0.495808786,0.020762917,0.015097448999999999
cur_2_60,14,0.44544448600000003,0.843624735,0.924429498,0.96221082,0.587800961,0.44544448600000003,0.020762917,0.015097448999999999
cur_2_70,14,0.396204514,0.8150612209999999,0.9090342779999999,0.9541305,0.5380938679999999,0.396204514,0.020762917,0.015097448999999999
cur_3,14,0.5425859679999999,0.888479285,0.94754718,0.974094743,0.678030166,0.5425859679999999,0.014597783000000001,0.008932315
cur_3_60,14,0.492107791,0.8668017809999999,0.936531153,0.968468643,0.6323716770000001,0.492107791,0.014597783000000001,0.008932315
cur_3_70,14,0.44181919799999997,0.8416772840000001,0.92339699,0.961673111,0.584237685,0.44181919799999997,0.014597783000000001,0.008932315
recover,0,0.817782572,0.864441853,0.913044307,0.909343551,0.870078052,0.817782572,0.004533884,0.004533884
recover_60,0,0.679567892,0.75083568,0.8322665359999999,0.825783917,0.759883318,0.679567892,0.004533884,0.004533884
recover_70,0,0.679567892,0.75083568,0.8322665359999999,0.825783917,0.759883318,0.679567892,0.004533884,0.004533884
