name,effectDays,infectReduct,reduceHosp,reduceIcu,reduceMort,reduceSympt,riskReduct,waneRate,waneRateOut
cur_2,14,0.427684697,0.8362509220000001,0.907818523,0.953486616,0.662204902,0.427684697,0.020666344,0.011919797
cur_2_60,14,0.411523687,0.826959094,0.9021123809999999,0.9504530959999999,0.647203479,0.411523687,0.020666344,0.011919797
cur_2_70,14,0.39552655,0.817239773,0.896083815,0.9472275109999999,0.631882095,0.39552655,0.020666344,0.011919797
cur_3,14,0.457002684,0.8518874790000001,0.917296893,0.958484001,0.688265813,0.457002684,0.016757674,0.008011126
cur_3_60,14,0.440586684,0.843316691,0.9121206759999999,0.95576128,0.6738517279999999,0.440586684,0.016757674,0.008011126
cur_3_70,14,0.42427431,0.8343320790000001,0.9066447009999999,0.9528641290000001,0.659078018,0.42427431,0.016757674,0.008011126
recover,0,0.8654863070000001,0.918251445,0.92665787,0.9286210429999999,0.888552226,0.8654863070000001,0.005422491,0.005422491
recover_60,0,0.7682866859999999,0.852690348,0.86686109,0.870200663,0.804250317,0.7682866859999999,0.005422491,0.005422491
recover_70,0,0.7682866859999999,0.852690348,0.86686109,0.870200663,0.804250317,0.7682866859999999,0.005422491,0.005422491
