name,effectDays,infectReduct,reduceHosp,reduceIcu,reduceMort,reduceSympt,riskReduct,waneRate,waneRateOut
cur_2,14,0.409692975,0.826491522,0.8982121670000001,0.948368722,0.667293438,0.409692975,0.020050983999999997,0.009160818000000001
cur_2_60,14,0.39722127399999996,0.818933907,0.893375512,0.9457714690000001,0.655690303,0.39722127399999996,0.020050983999999997,0.009160818000000001
cur_2_70,14,0.384851579,0.811102841,0.888324985,0.943044577,0.643869287,0.384851579,0.020050983999999997,0.009160818000000001
cur_3,14,0.433253788,0.839916914,0.9067144659999999,0.9529011479999999,0.688392716,0.433253788,0.016873554,0.005983388
cur_3_60,14,0.420575863,0.832825795,0.902237842,0.950519998,0.677169426,0.420575863,0.016873554,0.005983388
cur_3_70,14,0.407971125,0.825467501,0.897558966,0.948018763,0.6657098779999999,0.407971125,0.016873554,0.005983388
recover,0,0.837940687,0.89106019,0.929148515,0.9335714759999999,0.8500159140000001,0.837940687,0.004495844000000001,0.004495844000000001
recover_60,0,0.703080087,0.789288147,0.857258733,0.865519934,0.7218685709999999,0.703080087,0.004495844000000001,0.004495844000000001
recover_70,0,0.703080087,0.789288147,0.857258733,0.865519934,0.7218685709999999,0.703080087,0.004495844000000001,0.004495844000000001
