name,effectDays,infectReduct,reduceHosp,reduceIcu,reduceMort,reduceSympt,riskReduct,waneRate,waneRateOut
cur_2,14,0.5329472120000001,0.885681116,0.940745869,0.970629029,0.721094056,0.5329472120000001,0.022319252999999997,0.013933366
cur_2_60,14,0.499494525,0.871396515,0.93281993,0.966558221,0.69336384,0.499494525,0.022319252999999997,0.013933366
cur_2_70,14,0.466048069,0.855618818,0.9239200240000001,0.9619455720000001,0.664162145,0.466048069,0.022319252999999997,0.013933366
cur_3,14,0.504328082,0.873547732,0.9340214809999999,0.9671775770000001,0.6974591509999999,0.504328082,0.026089137999999998,0.017703251
cur_3_60,14,0.47086074899999997,0.8579901109999999,0.925267528,0.962646808,0.668459459,0.47086074899999997,0.026089137999999998,0.017703251
cur_3_70,14,0.43765506,0.840868012,0.9154577709999999,0.957518367,0.638123885,0.43765506,0.026089137999999998,0.017703251
recover,0,0.846799403,0.8930150020000001,0.914052428,0.9347764279999999,0.843318798,0.846799403,0.0046969640000000005,0.0046969640000000005
recover_60,0,0.731800743,0.804706985,0.839997952,0.876158972,0.726551142,0.731800743,0.0046969640000000005,0.0046969640000000005
recover_70,0,0.731800743,0.804706985,0.839997952,0.876158972,0.726551142,0.731800743,0.0046969640000000005,0.0046969640000000005
