name,effectDays,infectReduct,reduceHosp,reduceIcu,reduceMort,reduceSympt,riskReduct,waneRate,waneRateOut
cur_2,14,0.539280105,0.8871158090000001,0.9470385809999999,0.9738364490000001,0.6732629940000001,0.539280105,0.022184687,0.018194737
cur_2_60,14,0.49132218,0.866395028,0.9365301359999999,0.9684681209999999,0.629674537,0.49132218,0.022184687,0.018194737
cur_2_70,14,0.44354855,0.842559356,0.9241108709999999,0.96204495,0.583889994,0.44354855,0.022184687,0.018194737
cur_3,14,0.598471588,0.909147415,0.957929686,0.979337018,0.7240491179999999,0.598471588,0.014239836,0.010249886
cur_3_60,14,0.5515514420000001,0.891978272,0.949466914,0.9750684209999999,0.6840564159999999,0.5515514420000001,0.014239836,0.010249886
cur_3_70,14,0.503720742,0.872032625,0.939415256,0.969948037,0.641163774,0.503720742,0.014239836,0.010249886
recover,0,0.844468208,0.8992588220000001,0.92984356,0.928717662,0.861337366,0.844468208,0.0049727059999999995,0.0049727059999999995
recover_60,0,0.719790838,0.80854502,0.862457886,0.8604128990000001,0.7461171670000001,0.719790838,0.0049727059999999995,0.0049727059999999995
recover_70,0,0.719790838,0.80854502,0.862457886,0.8604128990000001,0.7461171670000001,0.719790838,0.0049727059999999995,0.0049727059999999995
