name,effectDays,infectReduct,reduceHosp,reduceIcu,reduceMort,reduceSympt,riskReduct,waneRate,waneRateOut
cur_2,14,0.511207256,0.875793319,0.9391376840000001,0.9698058559999999,0.6691594479999999,0.511207256,0.02035148,0.013057222
cur_2_60,14,0.49184785799999997,0.8671204920000001,0.9345574179999999,0.967453575,0.6517948020000001,0.49184785799999997,0.02035148,0.013057222
cur_2_70,14,0.472491593,0.857929899,0.92965269,0.964921777,0.6339974070000001,0.472491593,0.02035148,0.013057222
cur_3,14,0.5073587270000001,0.874108454,0.9382515029999999,0.9693516440000001,0.665741392,0.5073587270000001,0.020857765,0.013563506999999999
cur_3_60,14,0.487999566,0.865336069,0.93360926,0.966965183,0.648291638,0.487999566,0.020857765,0.013563506999999999
cur_3_70,14,0.468655072,0.856042547,0.928638897,0.96439679,0.630416716,0.468655072,0.020857765,0.013563506999999999
recover,0,0.9076196440000001,0.988001025,0.9944810159999999,0.9973409590000001,0.959381499,0.9076196440000001,0.006058846999999999,0.006058846999999999
recover_60,0,0.834092884,0.9830037079999999,0.992161065,0.996218638,0.943150602,0.834092884,0.006058846999999999,0.006058846999999999
recover_70,0,0.610382705,0.95871212,0.980700475,0.990634256,0.8694636170000001,0.610382705,0.006058846999999999,0.006058846999999999
