name,effectDays,infectReduct,reduceHosp,reduceIcu,reduceMort,reduceSympt,riskReduct,waneRate,waneRateOut
cur_2,14,0.50994214,0.8745356479999999,0.94186134,0.9711991659999999,0.635114005,0.50994214,0.020569423,0.017167212
cur_2_60,14,0.47381215600000004,0.857789487,0.9334172079999999,0.966866197,0.600991587,0.47381215600000004,0.020569423,0.017167212
cur_2_70,14,0.43796029,0.839222349,0.923847504,0.9619078040000001,0.565865369,0.43796029,0.020569423,0.017167212
cur_3,14,0.5606957220000001,0.895283495,0.95208563,0.9763934059999999,0.681013172,0.5606957220000001,0.013855593999999999,0.010453383
cur_3_60,14,0.524820823,0.880929574,0.9450398329999999,0.972820019,0.648809588,0.524820823,0.013855593999999999,0.010453383
cur_3_70,14,0.48869393299999997,0.8649078240000001,0.93702791,0.96872378,0.615197651,0.48869393299999997,0.013855593999999999,0.010453383
recover,0,0.9041292959999999,0.940362915,0.9348978509999999,0.971340001,0.921530065,0.9041292959999999,0.006456214,0.006456214
recover_60,0,0.770986865,0.849144676,0.8367714709999999,0.92365628,0.8074056270000001,0.770986865,0.006456214,0.006456214
recover_70,0,0.770986865,0.849144676,0.8367714709999999,0.92365628,0.8074056270000001,0.770986865,0.006456214,0.006456214
