name,effectDays,infectReduct,reduceHosp,reduceIcu,reduceMort,reduceSympt,riskReduct,waneRate,waneRateOut
cur_2,14,0.442462841,0.844035658,0.9141500659999999,0.9568305779999999,0.664793017,0.442462841,0.021451709,0.011615914
cur_2_60,14,0.42375271600000003,0.8337378409999999,0.9079769390000001,0.9535705640000001,0.647601613,0.42375271600000003,0.021451709,0.011615914
cur_2_70,14,0.405237615,0.8228900159999999,0.9014000329999999,0.9500730629999999,0.629998839,0.405237615,0.021451709,0.011615914
cur_3,14,0.488215994,0.8667582840000001,0.927534663,0.963824315,0.7044866670000001,0.488215994,0.015401476,0.005565680999999999
cur_3_60,14,0.469199324,0.857707839,0.922242105,0.961070958,0.688376738,0.469199324,0.015401476,0.005565680999999999
cur_3_70,14,0.450250045,0.848139082,0.9165910759999999,0.958113639,0.6717784459999999,0.450250045,0.015401476,0.005565680999999999
recover,0,0.8850429759999999,0.936637257,0.934620184,0.9630251959999999,0.898613833,0.8850429759999999,0.005778354,0.005778354
recover_60,0,0.785856597,0.8757157879999999,0.872024337,0.9254557520000001,0.8086044,0.785856597,0.005778354,0.005778354
recover_70,0,0.785856597,0.8757157879999999,0.872024337,0.9254557520000001,0.8086044,0.785856597,0.005778354,0.005778354
