name,effectDays,infectReduct,reduceHosp,reduceIcu,reduceMort,reduceSympt,riskReduct,waneRate,waneRateOut
cur_2,14,0.467125481,0.8561083079999999,0.924434192,0.9622132640000001,0.6633153279999999,0.467125481,0.018934097,0.011604032
cur_2_60,14,0.41174210899999997,0.826102935,0.907131068,0.95312215,0.611357858,0.41174210899999997,0.018934097,0.011604032
cur_2_70,14,0.35854313,0.7913911020000001,0.886368602,0.9419841959999999,0.556778723,0.35854313,0.018934097,0.011604032
cur_3,14,0.49099191799999997,0.867494825,0.930850625,0.965541381,0.684332726,0.49099191799999997,0.015789379,0.008459314
cur_3_60,14,0.43508929,0.8394184840000001,0.914881458,0.957215375,0.633828203,0.43508929,0.015789379,0.008459314
cur_3_70,14,0.380826612,0.806742793,0.89565241,0.946995868,0.580238024,0.380826612,0.015789379,0.008459314
recover,0,0.89889741,0.9880799290000001,0.994167047,0.9971892290000001,0.964848629,0.89889741,0.0030683629999999997,0.0030683629999999997
recover_60,0,0.822601087,0.983114912,0.9917162159999999,0.9960031229999999,0.9506900779999999,0.822601087,0.0030683629999999997,0.0030683629999999997
recover_70,0,0.594668835,0.958975626,0.979618613,0.9901036259999999,0.8855901359999999,0.594668835,0.0030683629999999997,0.0030683629999999997
