name,effectDays,infectReduct,reduceHosp,reduceIcu,reduceMort,reduceSympt,riskReduct,waneRate,waneRateOut
cur_2,14,0.46257336600000004,0.85480616,0.918425577,0.959075665,0.697323745,0.46257336600000004,0.021658516000000003,0.013489896999999999
cur_2_60,14,0.45461503700000006,0.85078246,0.915991667,0.9577988890000001,0.69051588,0.45461503700000006,0.021658516000000003,0.013489896999999999
cur_2_70,14,0.446640417,0.846646553,0.913479376,0.9564774490000001,0.683589875,0.446640417,0.021658516000000003,0.013489896999999999
cur_3,14,0.474282321,0.8605457940000001,0.9218801190000001,0.9608820640000001,0.707156056,0.474282321,0.020112472,0.011943853
cur_3_60,14,0.46629733,0.856654481,0.919540252,0.9596592740000001,0.70047435,0.46629733,0.020112472,0.011943853
cur_3_70,14,0.458289985,0.852653142,0.917124481,0.9583935579999999,0.693672341,0.458289985,0.020112472,0.011943853
recover,0,0.88289247,0.9243590970000001,0.953413521,0.949756692,0.8972306059999999,0.88289247,0.005763673,0.005763673
recover_60,0,0.765097884,0.840751129,0.898390008,0.890908282,0.7904349820000001,0.765097884,0.005763673,0.005763673
recover_70,0,0.765097884,0.840751129,0.898390008,0.890908282,0.7904349820000001,0.765097884,0.005763673,0.005763673
