name,effectDays,infectReduct,reduceHosp,reduceIcu,reduceMort,reduceSympt,riskReduct,waneRate,waneRateOut
cur_2,14,0.465161796,0.855535871,0.9219534690000001,0.9609203470000001,0.6777336409999999,0.465161796,0.021619652000000003,0.010318364
cur_2_60,14,0.415786183,0.82894659,0.9062490740000001,0.952654145,0.632477251,0.415786183,0.021619652000000003,0.010318364
cur_2_70,14,0.368071871,0.798633953,0.887780833,0.942749871,0.584787351,0.368071871,0.021619652000000003,0.010318364
cur_3,14,0.465892973,0.855898695,0.9221646609999999,0.961030552,0.6783751440000001,0.465892973,0.021523037999999998,0.01022175
cur_3_60,14,0.416500187,0.8293628740000001,0.9064984509999999,0.952786515,0.6331600789999999,0.416500187,0.021523037999999998,0.01022175
cur_3_70,14,0.368755657,0.79910613,0.888073268,0.942908272,0.585500716,0.368755657,0.021523037999999998,0.01022175
recover,0,0.938664992,0.9881181659999999,0.994007788,0.9971122459999999,0.9672473629999999,0.938664992,0.00481428,0.00481428
recover_60,0,0.8552050390000001,0.983168805,0.991490613,0.995893788,0.9540089390000001,0.8552050390000001,0.00481428,0.00481428
recover_70,0,0.594922882,0.959103362,0.979070495,0.989834557,0.892796535,0.594922882,0.00481428,0.00481428
