name,effectDays,infectReduct,reduceHosp,reduceIcu,reduceMort,reduceSympt,riskReduct,waneRate,waneRateOut
cur_2,14,0.479355301,0.862220698,0.926971641,0.9635321609999999,0.681356299,0.479355301,0.019474131000000002,0.012791595
cur_2_60,14,0.452236675,0.848752011,0.919239837,0.9595020559999999,0.657235762,0.452236675,0.019474131000000002,0.012791595
cur_2_70,14,0.42539042200000005,0.834215148,0.910765479,0.955045901,0.632266888,0.42539042200000005,0.019474131000000002,0.012791595
cur_3,14,0.49175725200000003,0.868013762,0.93026239,0.96523723,0.692037817,0.49175725200000003,0.017841743,0.011159208
cur_3_60,14,0.464563051,0.855016155,0.922849994,0.9613880029999999,0.668332255,0.464563051,0.017841743,0.011159208
cur_3_70,14,0.437569595,0.840968547,0.9147193140000001,0.957130095,0.643733541,0.437569595,0.017841743,0.011159208
recover,0,0.942255979,0.98809711,0.994096077,0.997154925,0.96594577,0.942255979,0.005270124,0.005270124
recover_60,0,0.927415766,0.9831391279999999,0.9916156770000001,0.995954401,0.952207245,0.927415766,0.005270124,0.005270124
recover_70,0,0.848382656,0.959033019,0.9793743009999999,0.9899837140000001,0.888876173,0.848382656,0.005270124,0.005270124
