name,effectDays,infectReduct,reduceHosp,reduceIcu,reduceMort,reduceSympt,riskReduct,waneRate,waneRateOut
cur_2,14,0.394348077,0.8178740940000001,0.888249258,0.943003575,0.677436417,0.394348077,0.021560431,0.008548605
cur_2_60,14,0.373222509,0.804185915,0.8790682479999999,0.9380070140000001,0.657611906,0.373222509,0.021560431,0.008548605
cur_2_70,14,0.352554782,0.7897224909999999,0.869236494,0.93259959,0.637206213,0.352554782,0.021560431,0.008548605
cur_3,14,0.45116988,0.850068272,0.9093816379999999,0.954314311,0.7261431970000001,0.45116988,0.013896,0.000884173
cur_3_60,14,0.42915725299999996,0.8383214179999999,0.9017447340000001,0.9502569959999999,0.708021963,0.42915725299999996,0.013896,0.000884173
cur_3_70,14,0.40740541399999997,0.8258332829999999,0.893533295,0.9458564159999999,0.689200708,0.40740541399999997,0.013896,0.000884173
recover,0,0.92694292,0.98826758,0.993337455,0.9967880790000001,0.975243588,0.92694292,0.006101403,0.006101403
recover_60,0,0.873779175,0.9833794090000001,0.99054137,0.995433467,0.965120643,0.873779175,0.006101403,0.006101403
recover_70,0,0.694259638,0.959602718,0.97676822,0.9887026809999999,0.9174172909999999,0.694259638,0.006101403,0.006101403
