name,effectDays,infectReduct,reduceHosp,reduceIcu,reduceMort,reduceSympt,riskReduct,waneRate,waneRateOut
cur_2,14,0.49096903700000005,0.8655556120000001,0.939271938,0.96987463,0.598319894,0.49096903700000005,0.018367136000000003,0.016492184
cur_2_60,14,0.460818413,0.850852169,0.931997051,0.9661335940000001,0.56894522,0.460818413,0.018367136000000003,0.016492184
cur_2_70,14,0.430948245,0.8348455140000001,0.923920243,0.961945686,0.539073648,0.430948245,0.018367136000000003,0.016492184
cur_3,14,0.5971242179999999,0.9081994440000001,0.95962469,0.9801873640000001,0.695951807,0.5971242179999999,0.004242489,0.0023675370000000003
cur_3_60,14,0.5677252779999999,0.8976080209999999,0.954670285,0.9776975370000001,0.669776336,0.5677252779999999,0.004242489,0.0023675370000000003
cur_3_70,14,0.53783784,0.885946613,0.949139452,0.974902475,0.642501639,0.53783784,0.004242489,0.0023675370000000003
recover,0,0.9531627690000001,0.98788192,0.994919958,0.997553001,0.949650875,0.9531627690000001,0.006520985,0.006520985
recover_60,0,0.9044587270000001,0.98283586,0.992783181,0.996519865,0.929816132,0.9044587270000001,0.006520985,0.006520985
recover_70,0,0.7321415490000001,0.958314552,0.9822158259999999,0.99137649,0.841745408,0.7321415490000001,0.006520985,0.006520985
