name,effectDays,infectReduct,reduceHosp,reduceIcu,reduceMort,reduceSympt,riskReduct,waneRate,waneRateOut
cur_2,14,0.46877696,0.858048018,0.919392958,0.959582197,0.709257858,0.46877696,0.021114893,0.011565816999999999
cur_2_60,14,0.430507076,0.8381386590000001,0.9071565159999999,0.9531356459999999,0.676351459,0.430507076,0.021114893,0.011565816999999999
cur_2_70,14,0.393059528,0.816041715,0.893282035,0.945721137,0.641612014,0.393059528,0.021114893,0.011565816999999999
cur_3,14,0.45385644700000005,0.850575915,0.9148294229999999,0.9571880079999999,0.6967219490000001,0.45385644700000005,0.023089009,0.013539933
cur_3_60,14,0.41585110700000005,0.829826407,0.9019740820000001,0.950379337,0.663070732,0.41585110700000005,0.023089009,0.013539933
cur_3_70,14,0.378830369,0.806856193,0.8874212509999999,0.942555028,0.6276904729999999,0.378830369,0.023089009,0.013539933
recover,0,0.9222530999999999,0.991852885,0.995665768,0.99791306,0.980052886,0.9222530999999999,0.008227083,0.008227083
recover_60,0,0.898433157,0.990654622,0.995025485,0.9976039640000001,0.977159068,0.898433157,0.008227083,0.008227083
recover_70,0,0.7883810859999999,0.980597168,0.989622659,0.994987518,0.953262963,0.7883810859999999,0.008227083,0.008227083
