name,effectDays,infectReduct,reduceHosp,reduceIcu,reduceMort,reduceSympt,riskReduct,waneRate,waneRateOut
cur_2,14,0.40977700100000003,0.826919555,0.896215161,0.947298015,0.680424487,0.40977700100000003,0.021313442000000002,0.00917921
cur_2_60,14,0.376271536,0.805876223,0.882398696,0.939825405,0.64912756,0.376271536,0.021313442000000002,0.00917921
cur_2_70,14,0.343913305,0.78294895,0.867017844,0.931371134,0.6164972910000001,0.343913305,0.021313442000000002,0.00917921
cur_3,14,0.429675937,0.8383042759999999,0.9035733340000001,0.951231576,0.697925173,0.429675937,0.018626958,0.006492726999999999
cur_3_60,14,0.395634059,0.818341036,0.890616878,0.944283902,0.667504629,0.395634059,0.018626958,0.006492726999999999
cur_3_70,14,0.362578656,0.79651421,0.876160018,0.93641365,0.635624053,0.362578656,0.018626958,0.006492726999999999
recover,0,0.8125114859999999,0.8712197890000001,0.926031268,0.911944293,0.8423458509999999,0.8125114859999999,0.00377603,0.00377603
recover_60,0,0.677613695,0.7664192470000001,0.858596296,0.833969263,0.7215576690000001,0.677613695,0.00377603,0.00377603
recover_70,0,0.677613695,0.7664192470000001,0.858596296,0.833969263,0.7215576690000001,0.677613695,0.00377603,0.00377603
