name,effectDays,infectReduct,reduceHosp,reduceIcu,reduceMort,reduceSympt,riskReduct,waneRate,waneRateOut
cur_2,14,0.43621217700000003,0.840326157,0.9138151309999999,0.956654261,0.646190806,0.43621217700000003,0.019237069,0.013657125
cur_2_60,14,0.40565591700000003,0.8227735829999999,0.903412485,0.951145927,0.617023423,0.40565591700000003,0.019237069,0.013657125
cur_2_70,14,0.375811625,0.8037410009999999,0.891902062,0.9449774870000001,0.586986632,0.375811625,0.019237069,0.013657125
cur_3,14,0.510191081,0.876313745,0.934530069,0.967439495,0.7108788540000001,0.510191081,0.009462192,0.003882248
cur_3_60,14,0.478854138,0.862067855,0.92642644,0.9632490859999999,0.6844400409999999,0.478854138,0.009462192,0.003882248
cur_3_70,14,0.447680962,0.846467697,0.917407877,0.958542212,0.656749296,0.447680962,0.009462192,0.003882248
recover,0,0.8530330540000001,0.904414829,0.902920762,0.953235306,0.887214823,0.8530330540000001,0.005165913,0.005165913
recover_60,0,0.683691763,0.778934833,0.77596527,0.883595963,0.745508981,0.683691763,0.005165913,0.005165913
recover_70,0,0.683691763,0.778934833,0.77596527,0.883595963,0.745508981,0.683691763,0.005165913,0.005165913
