name,effectDays,infectReduct,reduceHosp,reduceIcu,reduceMort,reduceSympt,riskReduct,waneRate,waneRateOut
cur_2,14,0.520334262,0.8795622240000001,0.941852865,0.971194837,0.67008898,0.520334262,0.020675551,0.016099247
cur_2_60,14,0.475821404,0.859376287,0.931291579,0.9657692520000001,0.629580066,0.475821404,0.020675551,0.016099247
cur_2_70,14,0.431708775,0.83644704,0.918982935,0.9593675690000001,0.587180742,0.431708775,0.020675551,0.016099247
cur_3,14,0.522861482,0.88063097,0.942405048,0.971476818,0.672324061,0.522861482,0.020342581999999998,0.015766278
cur_3_60,14,0.47834803,0.86059577,0.931936808,0.966102492,0.631938845,0.47834803,0.020342581999999998,0.015766278
cur_3_70,14,0.43419519,0.837827841,0.91973379,0.959760533,0.589633529,0.43419519,0.020342581999999998,0.015766278
recover,0,0.8935628959999999,0.9350238359999999,0.9521245559999999,0.955101325,0.9046111490000001,0.8935628959999999,0.00631096,0.00631096
recover_60,0,0.7730586340000001,0.8537788820000001,0.889740567,0.896173228,0.7937278440000001,0.7730586340000001,0.00631096,0.00631096
recover_70,0,0.7730586340000001,0.8537788820000001,0.889740567,0.896173228,0.7937278440000001,0.7730586340000001,0.00631096,0.00631096
