name,effectDays,infectReduct,reduceHosp,reduceIcu,reduceMort,reduceSympt,riskReduct,waneRate,waneRateOut
cur_2,14,0.49713588299999995,0.8698817679999999,0.9343097109999999,0.9673260309999999,0.6717535920000001,0.49713588299999995,0.021979713999999997,0.017347379
cur_2_60,14,0.439154659,0.841145618,0.9184686329999999,0.959098221,0.61845369,0.439154659,0.021979713999999997,0.017347379
cur_2_70,14,0.38282801200000005,0.8074940279999999,0.899234841,0.948916127,0.562181846,0.38282801200000005,0.021979713999999997,0.017347379
cur_3,14,0.5254111029999999,0.8821659009999999,0.94092444,0.9707203459999999,0.696210214,0.5254111029999999,0.018258443,0.013626108
cur_3_60,14,0.46719596799999996,0.855692606,0.926553095,0.963314862,0.644781575,0.46719596799999996,0.018258443,0.013626108
cur_3_70,14,0.409901339,0.824479601,0.9090376,0.954132258,0.589817351,0.409901339,0.018258443,0.013626108
recover,0,0.90607395,0.9880368190000001,0.9943409790000001,0.997273291,0.9619513940000001,0.90607395,0.00790806,0.00790806
recover_60,0,0.8644773029999999,0.983054153,0.991962638,0.996122519,0.946690349,0.8644773029999999,0.00790806,0.00790806
recover_70,0,0.709320075,0.958831643,0.980217731,0.990397555,0.876993116,0.709320075,0.00790806,0.00790806
