name,effectDays,infectReduct,reduceHosp,reduceIcu,reduceMort,reduceSympt,riskReduct,waneRate,waneRateOut
cur_2,14,0.406579501,0.8235752609999999,0.902522629,0.950671825,0.626802464,0.406579501,0.021173405,0.010763775
cur_2_60,14,0.390761265,0.81378146,0.8965609640000001,0.947483588,0.611241532,0.390761265,0.021173405,0.010763775
cur_2_70,14,0.37514497,0.8035572190000001,0.8902688440000001,0.9440959059999999,0.59542546,0.37514497,0.021173405,0.010763775
cur_3,14,0.490692322,0.867800455,0.9286717090000001,0.9644137909999999,0.7025378590000001,0.490692322,0.009966103,-0.00044352599999999997
cur_3_60,14,0.474216728,0.860044507,0.924174947,0.962078311,0.688565777,0.474216728,0.009966103,-0.00044352599999999997
cur_3_70,14,0.457771245,0.851898047,0.919411579,0.959591942,0.67421886,0.457771245,0.009966103,-0.00044352599999999997
recover,0,0.8695321509999999,0.914372602,0.941666973,0.9475393209999999,0.892668013,0.8695321509999999,0.005697603000000001,0.005697603000000001
recover_60,0,0.7583973009999999,0.834148291,0.883764008,0.894814295,0.796631451,0.7583973009999999,0.005697603000000001,0.005697603000000001
recover_70,0,0.7583973009999999,0.834148291,0.883764008,0.894814295,0.796631451,0.7583973009999999,0.005697603000000001,0.005697603000000001
