name,effectDays,infectReduct,reduceHosp,reduceIcu,reduceMort,reduceSympt,riskReduct,waneRate,waneRateOut
cur_2,14,0.467488762,0.857921132,0.9164082179999999,0.9580176420000001,0.727026605,0.467488762,0.020304967,0.012975208
cur_2_60,14,0.447267397,0.847695647,0.909950253,0.9546150520000001,0.7105588340000001,0.447267397,0.020304967,0.012975208
cur_2_70,14,0.427199695,0.8368634009999999,0.903039255,0.950947132,0.6934996529999999,0.427199695,0.020304967,0.012975208
cur_3,14,0.434757125,0.841027161,0.905704313,0.9523648570000001,0.7000108359999999,0.434757125,0.02465256,0.0173228
cur_3_60,14,0.414848596,0.829826982,0.898510988,0.948528735,0.6826247409999999,0.414848596,0.02465256,0.0173228
cur_3_70,14,0.395195461,0.817996733,0.890827397,0.944397582,0.6646960820000001,0.395195461,0.02465256,0.0173228
recover,0,0.914292511,0.988235964,0.993485968,0.996859918,0.973720453,0.914292511,0.011746548999999998,0.011746548999999998
recover_60,0,0.907976041,0.983334844,0.990751629,0.9955354679999999,0.962998325,0.907976041,0.011746548999999998,0.011746548999999998
recover_70,0,0.831561697,0.959497024,0.9772776240000001,0.988953357,0.9126550390000001,0.831561697,0.011746548999999998,0.011746548999999998
