name,effectDays,infectReduct,reduceHosp,reduceIcu,reduceMort,reduceSympt,riskReduct,waneRate,waneRateOut
cur_2,14,0.421739276,0.8330836309999999,0.904774677,0.95187079,0.663712576,0.421739276,0.020713528000000002,0.008807793000000001
cur_2_60,14,0.40681227799999997,0.824352578,0.89934053,0.948972665,0.649845795,0.40681227799999997,0.020713528000000002,0.008807793000000001
cur_2_70,14,0.392028858,0.815249318,0.893622147,0.945904245,0.635695255,0.392028858,0.020713528000000002,0.008807793000000001
cur_3,14,0.47733256700000004,0.86206484,0.9224668359999999,0.961188191,0.711932565,0.47733256700000004,0.01331937,0.001413635
cur_3_60,14,0.46201000000000003,0.854585125,0.9179507570000001,0.95882685,0.699152855,0.46201000000000003,0.01331937,0.001413635
cur_3_70,14,0.446731338,0.846757454,0.9131875509999999,0.9563237179999999,0.686032212,0.446731338,0.01331937,0.001413635
recover,0,0.876242069,0.907309466,0.935022311,0.9615785859999999,0.898909637,0.876242069,0.005303891,0.005303891
recover_60,0,0.785956978,0.835432312,0.88183641,0.928466701,0.8217981390000001,0.785956978,0.005303891,0.005303891
recover_70,0,0.785956978,0.835432312,0.88183641,0.928466701,0.8217981390000001,0.785956978,0.005303891,0.005303891
