name,effectDays,infectReduct,reduceHosp,reduceIcu,reduceMort,reduceSympt,riskReduct,waneRate,waneRateOut
cur_2,14,0.468743633,0.857369154,0.922673035,0.9612957320000001,0.683413765,0.468743633,0.022558847000000003,0.017372426
cur_2_60,14,0.412920057,0.827339872,0.904867161,0.951919964,0.632460397,0.412920057,0.022558847000000003,0.017372426
cur_2_70,14,0.359285374,0.7925442570000001,0.883495237,0.94042264,0.578404311,0.359285374,0.022558847000000003,0.017372426
cur_3,14,0.492868514,0.8687862679999999,0.9292938890000001,0.96473604,0.703947223,0.492868514,0.019380957,0.014194535
cur_3_60,14,0.436532665,0.8407141509999999,0.9128686109999999,0.9561556459999999,0.654628526,0.436532665,0.019380957,0.014194535
cur_3_70,14,0.381825676,0.8079882820000001,0.893081844,0.9456133259999999,0.60177997,0.381825676,0.019380957,0.014194535
recover,0,0.914347268,0.98812429,0.9939818359999999,0.9970997009999999,0.967617208,0.914347268,0.00564002,0.00564002
recover_60,0,0.909159693,0.983177436,0.9914538540000001,0.99587597,0.954521244,0.909159693,0.00564002,0.00564002
recover_70,0,0.835046575,0.9591238209999999,0.97898122,0.989790717,0.893914876,0.835046575,0.00564002,0.00564002
