name,effectDays,infectReduct,reduceHosp,reduceIcu,reduceMort,reduceSympt,riskReduct,waneRate,waneRateOut
cur_2,14,0.42710699399999996,0.836975197,0.90212819,0.9504615259999999,0.699119155,0.42710699399999996,0.020616901,0.010638895
cur_2_60,14,0.398600296,0.8202815059999999,0.891239198,0.944619877,0.673810554,0.398600296,0.020616901,0.010638895
cur_2_70,14,0.370760259,0.8022790540000001,0.879298705,0.938133058,0.647442124,0.370760259,0.020616901,0.010638895
cur_3,14,0.433251943,0.8403669709999999,0.9043193979999999,0.9516286429999999,0.7043659859999999,0.433251943,0.019792715,0.009814709
cur_3_60,14,0.404624781,0.82394754,0.8936454540000001,0.9459167909999999,0.6792962709999999,0.404624781,0.019792715,0.009814709
cur_3_70,14,0.376627479,0.806225566,0.88193414,0.939572165,0.653143017,0.376627479,0.019792715,0.009814709
recover,0,0.9341497190000001,0.9882498829999999,0.993421043,0.996828514,0.974401437,0.9341497190000001,0.007613669,0.007613669
recover_60,0,0.8916956629999999,0.983354464,0.9906597079999999,0.995490878,0.963946865,0.8916956629999999,0.007613669,0.007613669
recover_70,0,0.7394132259999999,0.959543554,0.977054883,0.9888437640000001,0.914779925,0.7394132259999999,0.007613669,0.007613669
