name,effectDays,infectReduct,reduceHosp,reduceIcu,reduceMort,reduceSympt,riskReduct,waneRate,waneRateOut
cur_2,14,0.539478247,0.888108692,0.94312147,0.971842422,0.717030345,0.539478247,0.021174223,0.014957342
cur_2_60,14,0.521359014,0.88067228,0.939090509,0.969781687,0.7020385509999999,0.521359014,0.021174223,0.014957342
cur_2_70,14,0.50316014,0.872802084,0.934787953,0.967572248,0.686579623,0.50316014,0.021174223,0.014957342
cur_3,14,0.523759109,0.8816795340000001,0.939638448,0.970062332,0.704046944,0.523759109,0.023249872,0.01703299
cur_3_60,14,0.5055882110000001,0.8738765140000001,0.93537756,0.967875626,0.6886659559999999,0.5055882110000001,0.023249872,0.01703299
cur_3_70,14,0.48737928700000005,0.865626496,0.9308320459999999,0.965531777,0.672836552,0.48737928700000005,0.023249872,0.01703299
recover,0,0.8609128359999999,0.917848253,0.919079779,0.9568603659999999,0.879509313,0.8609128359999999,0.00502517,0.00502517
recover_60,0,0.7437598059999999,0.8397237940000001,0.841924772,0.9122903,0.773906445,0.7437598059999999,0.00502517,0.00502517
recover_70,0,0.7437598059999999,0.8397237940000001,0.841924772,0.9122903,0.773906445,0.7437598059999999,0.00502517,0.00502517
