name,effectDays,infectReduct,reduceHosp,reduceIcu,reduceMort,reduceSympt,riskReduct,waneRate,waneRateOut
cur_2,14,0.42469899899999997,0.834238167,0.9084807020000001,0.953837423,0.64714856,0.42469899899999997,0.019980047,0.010862982
cur_2_60,14,0.393034001,0.815312003,0.8969845670000001,0.947710815,0.616676386,0.393034001,0.019980047,0.010862982
cur_2_70,14,0.362243817,0.7947568890000001,0.8842285879999999,0.940821657,0.585259648,0.362243817,0.019980047,0.010862982
cur_3,14,0.49835172200000005,0.871343082,0.930354225,0.9652847259999999,0.711657619,0.49835172200000005,0.010218308,0.0011012419999999999
cur_3_60,14,0.46563997,0.8559217659999999,0.921367901,0.96061465,0.684036457,0.46563997,0.010218308,0.0011012419999999999
cur_3_70,14,0.43322161200000003,0.838993828,0.9113327529999999,0.9553454809999999,0.655052351,0.43322161200000003,0.010218308,0.0011012419999999999
recover,0,0.931370198,0.9881322920000001,0.993947737,0.997083215,0.9680946859999999,0.931370198,0.005548255,0.005548255
recover_60,0,0.850421126,0.983188715,0.9914055540000001,0.9958525579999999,0.955182876,0.850421126,0.005548255,0.005548255
recover_70,0,0.601541009,0.959150555,0.978863932,0.989733115,0.8953615629999999,0.601541009,0.005548255,0.005548255
