name,effectDays,infectReduct,reduceHosp,reduceIcu,reduceMort,reduceSympt,riskReduct,waneRate,waneRateOut
cur_2,14,0.61624769,0.913916483,0.965387181,0.9830668709999999,0.666571126,0.61624769,0.021132977,0.015575826000000001
cur_2_60,14,0.597064244,0.907376718,0.962597617,0.981675126,0.648468294,0.597064244,0.021132977,0.015575826000000001
cur_2_70,14,0.5775595179999999,0.900387047,0.9595895179999999,0.9801697340000001,0.629909491,0.5775595179999999,0.021132977,0.015575826000000001
cur_3,14,0.627542464,0.917621301,0.96695692,0.983848226,0.677160696,0.627542464,0.01955369,0.013996538999999999
cur_3_60,14,0.608564995,0.911335685,0.964289187,0.98251956,0.659338973,0.608564995,0.01955369,0.013996538999999999
cur_3_70,14,0.589233975,0.904613365,0.96141168,0.9810822020000001,0.641036387,0.589233975,0.01955369,0.013996538999999999
recover,0,0.922560369,0.987766708,0.9953078879999999,0.997740319,0.93828817,0.922560369,0.003239315,0.003239315
recover_60,0,0.895362914,0.982673514,0.993333189,0.996786015,0.914380731,0.895362914,0.003239315,0.003239315
recover_70,0,0.7776446090000001,0.9579302009999999,0.9835578559999999,0.992032844,0.81088038,0.7776446090000001,0.003239315,0.003239315
