name,effectDays,infectReduct,reduceHosp,reduceIcu,reduceMort,reduceSympt,riskReduct,waneRate,waneRateOut
cur_2,14,0.623691284,0.917431626,0.9624484190000001,0.9816005740000001,0.738439478,0.623691284,0.021419592,0.020239913999999998
cur_2_60,14,0.59767559,0.908752322,0.9582859690000001,0.9795158840000001,0.7167540509999999,0.59767559,0.021419592,0.020239913999999998
cur_2_70,14,0.571090044,0.8992578529999999,0.953682866,0.977199742,0.69400867,0.571090044,0.021419592,0.020239913999999998
cur_3,14,0.546807727,0.889975066,0.949131336,0.9748983609999999,0.6726969770000001,0.546807727,0.031856794,0.030677116
cur_3_60,14,0.5195711129999999,0.8787909340000001,0.9435792740000001,0.972075901,0.648157997,0.5195711129999999,0.031856794,0.030677116
cur_3_70,14,0.492209379,0.8666364459999999,0.9374592140000001,0.96894519,0.622803031,0.492209379,0.031856794,0.030677116
recover,0,0.8421997170000001,0.9009306109999999,0.920762471,0.931463472,0.858939693,0.8421997170000001,0.004816531,0.004816531
recover_60,0,0.712586292,0.808593845,0.8437031229999999,0.863265533,0.738811911,0.712586292,0.004816531,0.004816531
recover_70,0,0.712586292,0.808593845,0.8437031229999999,0.863265533,0.738811911,0.712586292,0.004816531,0.004816531
