name,effectDays,infectReduct,reduceHosp,reduceIcu,reduceMort,reduceSympt,riskReduct,waneRate,waneRateOut
cur_2,14,0.528312097,0.8828126620000001,0.94399555,0.972288102,0.672482354,0.528312097,0.02029282,0.012144233
cur_2_60,14,0.5048757429999999,0.872747515,0.938821195,0.9696436890000001,0.651483812,0.5048757429999999,0.02029282,0.012144233
cur_2_70,14,0.481403308,0.861946085,0.933198945,0.966753676,0.629866277,0.481403308,0.02029282,0.012144233
cur_3,14,0.5611208000000001,0.895825805,0.95059482,0.975639558,0.700939627,0.5611208000000001,0.015941839,0.007793252
cur_3_60,14,0.537888712,0.886734949,0.945995303,0.973306179,0.6808998479999999,0.537888712,0.015941839,0.007793252
cur_3_70,14,0.514476266,0.876953407,0.940990905,0.97075433,0.6601551139999999,0.514476266,0.015941839,0.007793252
recover,0,0.770194887,0.8494291559999999,0.8633595409999999,0.9028187940000001,0.8622385359999999,0.770194887,0.00360993,0.00360993
recover_60,0,0.581681381,0.700650694,0.723871114,0.794000771,0.721974256,0.581681381,0.00360993,0.00360993
recover_70,0,0.581681381,0.700650694,0.723871114,0.794000771,0.721974256,0.581681381,0.00360993,0.00360993
