name,effectDays,infectReduct,reduceHosp,reduceIcu,reduceMort,reduceSympt,riskReduct,waneRate,waneRateOut
cur_2,14,0.574115556,0.899646142,0.9570749620000001,0.9789076409999999,0.656949706,0.574115556,0.020154217,0.01908355
cur_2_60,14,0.556926522,0.893150523,0.9541069240000001,0.97741359,0.641013435,0.556926522,0.020154217,0.01908355
cur_2_70,14,0.539575824,0.886277766,0.950939627,0.9758140209999999,0.624736822,0.539575824,0.020154217,0.01908355
cur_3,14,0.615222404,0.914037048,0.963564018,0.98215774,0.6943182920000001,0.615222404,0.014543618999999999,0.013472951
cur_3_60,14,0.598532296,0.908378047,0.9610263929999999,0.980889412,0.679270459,0.598532296,0.014543618999999999,0.013472951
cur_3_70,14,0.5815868160000001,0.902377696,0.958315777,0.979530845,0.663818726,0.5815868160000001,0.014543618999999999,0.013472951
recover,0,0.8448973040000001,0.900264864,0.913765535,0.918265874,0.8841724540000001,0.8448973040000001,0.004935355,0.004935355
recover_60,0,0.696381391,0.7916942790000001,0.816902597,0.82549256,0.76270138,0.696381391,0.004935355,0.004935355
recover_70,0,0.696381391,0.7916942790000001,0.816902597,0.82549256,0.76270138,0.696381391,0.004935355,0.004935355
