name,effectDays,infectReduct,reduceHosp,reduceIcu,reduceMort,reduceSympt,riskReduct,waneRate,waneRateOut
cur_2,14,0.514872312,0.87748838,0.939496806,0.969989801,0.677357623,0.514872312,0.01993397,0.01590561
cur_2_60,14,0.46441723,0.854056642,0.9269373959999999,0.963514386,0.631713771,0.46441723,0.01993397,0.01590561
cur_2_70,14,0.41470876,0.82704361,0.9120244909999999,0.955710541,0.583611057,0.41470876,0.01993397,0.01590561
cur_3,14,0.562710367,0.8967404109999999,0.9495646240000001,0.975117925,0.7179503620000001,0.562710367,0.01359986,0.009571501
cur_3_60,14,0.512519983,0.8764724890000001,0.938959333,0.969714477,0.675296295,0.512519983,0.01359986,0.009571501
cur_3_70,14,0.462105162,0.8528938229999999,0.926305155,0.96318609,0.629547827,0.462105162,0.01359986,0.009571501
recover,0,0.9230930159999999,0.9880129259999999,0.994434887,0.99731867,0.9602530570000001,0.9230930159999999,0.009846927,0.009846927
recover_60,0,0.9105026979999999,0.983020481,0.992095699,0.996186976,0.944350228,0.9105026979999999,0.009846927,0.009846927
recover_70,0,0.8259961140000001,0.958751858,0.9805414179999999,0.99055628,0.872007155,0.8259961140000001,0.009846927,0.009846927
