name,effectDays,infectReduct,reduceHosp,reduceIcu,reduceMort,reduceSympt,riskReduct,waneRate,waneRateOut
cur_2,14,0.430849369,0.838752345,0.9050529890000001,0.952018755,0.691891755,0.430849369,0.022518667000000003,0.011942051
cur_2_60,14,0.396414217,0.818606108,0.892124954,0.945097677,0.660816838,0.396414217,0.022518667000000003,0.011942051
cur_2_70,14,0.362980663,0.796556578,0.8776766909999999,0.937245248,0.62829622,0.362980663,0.022518667000000003,0.011942051
cur_3,14,0.451747525,0.84989123,0.91209189,0.955746095,0.709663948,0.451747525,0.019731572,0.009154956
cur_3_60,14,0.416865469,0.830856032,0.9000163959999999,0.949334056,0.6795513120000001,0.416865469,0.019731572,0.009154956
cur_3_70,14,0.38280098100000004,0.809949852,0.8864905959999999,0.9420503840000001,0.6478697729999999,0.38280098100000004,0.019731572,0.009154956
recover,0,0.903239967,0.988224357,0.993539563,0.996885841,0.973139766,0.903239967,0.003415299,0.003415299
recover_60,0,0.879261855,0.983318483,0.990827515,0.9955722770000001,0.9621899159999999,0.879261855,0.003415299,0.003415299
recover_70,0,0.760754807,0.959458226,0.9774615529999999,0.989043835,0.91084856,0.760754807,0.003415299,0.003415299
