name,effectDays,infectReduct,reduceHosp,reduceIcu,reduceMort,reduceSympt,riskReduct,waneRate,waneRateOut
cur_2,14,0.558189507,0.8946518659999999,0.950278981,0.975479696,0.695480856,0.558189507,0.020854843999999997,0.01835502
cur_2_60,14,0.543694502,0.8890004640000001,0.9474363690000001,0.9740384790000001,0.6829315640000001,0.543694502,0.020854843999999997,0.01835502
cur_2_70,14,0.529096166,0.883073516,0.944434648,0.9725118340000001,0.67008474,0.529096166,0.020854843999999997,0.01835502
cur_3,14,0.586828502,0.905185421,0.955526977,0.978129004,0.7196894909999999,0.586828502,0.017006546,0.014506722
cur_3_60,14,0.572553575,0.9000359520000001,0.9529695509999999,0.9768398070000001,0.707718575,0.572553575,0.017006546,0.014506722
cur_3_70,14,0.558128148,0.894628414,0.9502672240000001,0.9754737440000001,0.69542816,0.558128148,0.017006546,0.014506722
recover,0,0.82163567,0.8889929759999999,0.916735069,0.919351405,0.8650530390000001,0.82163567,0.004136536,0.004136536
recover_60,0,0.7370274170000001,0.8297140940000001,0.87010614,0.8739862409999999,0.795924693,0.7370274170000001,0.004136536,0.004136536
recover_70,0,0.7370274170000001,0.8297140940000001,0.87010614,0.8739862409999999,0.795924693,0.7370274170000001,0.004136536,0.004136536
