name,effectDays,infectReduct,reduceHosp,reduceIcu,reduceMort,reduceSympt,riskReduct,waneRate,waneRateOut
cur_2,14,0.5383260999999999,0.8873450540000001,0.94421508,0.972399971,0.7020491870000001,0.5383260999999999,0.020501667,0.014442443000000001
cur_2_60,14,0.512198835,0.8764359159999999,0.938430935,0.9694436470000001,0.679674071,0.512198835,0.020501667,0.014442443000000001
cur_2_70,14,0.485994555,0.864626758,0.932087605,0.9661803409999999,0.65643174,0.485994555,0.020501667,0.014442443000000001
cur_3,14,0.5267939660000001,0.882630261,0.941724078,0.9711290459999999,0.69226887,0.5267939660000001,0.022024749,0.015965525
cur_3_60,14,0.5006194860000001,0.871330761,0.9356992390000001,0.9680410629999999,0.669505041,0.5006194860000001,0.022024749,0.015965525
cur_3_70,14,0.47443144299999995,0.8591121290000001,0.9290957329999999,0.964633431,0.64590926,0.47443144299999995,0.022024749,0.015965525
recover,0,0.866741054,0.919031295,0.9371216990000001,0.94626613,0.897164638,0.866741054,0.005873775,0.005873775
recover_60,0,0.662100304,0.7737274359999999,0.817847842,0.8414027159999999,0.724387786,0.662100304,0.005873775,0.005873775
recover_70,0,0.662100304,0.7737274359999999,0.817847842,0.8414027159999999,0.724387786,0.662100304,0.005873775,0.005873775
