name,effectDays,infectReduct,reduceHosp,reduceIcu,reduceMort,reduceSympt,riskReduct,waneRate,waneRateOut
cur_2,14,0.54351126,0.8897005729999999,0.9440412109999999,0.9723113720000001,0.719752246,0.54351126,0.0223074,0.01537595
cur_2_60,14,0.506244977,0.874152177,0.935598477,0.967989248,0.688631205,0.506244977,0.0223074,0.01537595
cur_2_70,14,0.468917177,0.856768803,0.9259840290000001,0.963019257,0.655714626,0.468917177,0.0223074,0.01537595
cur_3,14,0.510835279,0.876158854,0.9366963290000001,0.968553494,0.692555653,0.510835279,0.026618802,0.019687353
cur_3_60,14,0.473485575,0.859004062,0.927230862,0.963666694,0.659841806,0.473485575,0.026618802,0.019687353
cur_3_70,14,0.436438175,0.839911472,0.916478736,0.958054665,0.625536722,0.436438175,0.026618802,0.019687353
recover,0,0.798552945,0.85521635,0.899601251,0.911621017,0.866998924,0.798552945,0.0044022770000000004,0.0044022770000000004
recover_60,0,0.60511009,0.6954328000000001,0.775969425,0.799491437,0.71589899,0.60511009,0.0044022770000000004,0.0044022770000000004
recover_70,0,0.60511009,0.6954328000000001,0.775969425,0.799491437,0.71589899,0.60511009,0.0044022770000000004,0.0044022770000000004
