name,effectDays,infectReduct,reduceHosp,reduceIcu,reduceMort,reduceSympt,riskReduct,waneRate,waneRateOut
cur_2,14,0.523320685,0.882005555,0.9371836790000001,0.9688037559999999,0.7260817629999999,0.523320685,0.021190647000000003,0.016997951
cur_2_60,14,0.489275271,0.867070899,0.928668141,0.964411942,0.698165432,0.489275271,0.021190647000000003,0.016997951
cur_2_70,14,0.455331671,0.850567552,0.91909865,0.95942815,0.6687045070000001,0.455331671,0.021190647000000003,0.016997951
cur_3,14,0.481078051,0.863242501,0.926463307,0.963268232,0.691204939,0.481078051,0.026749258999999997,0.022556562000000002
cur_3_60,14,0.447202576,0.8463467109999999,0.916623778,0.958130805,0.661391767,0.447202576,0.026749258999999997,0.022556562000000002
cur_3_70,14,0.41381283,0.827781465,0.9056027259999999,0.9523108920000001,0.630242465,0.41381283,0.026749258999999997,0.022556562000000002
recover,0,0.95384453,0.988117398,0.994011035,0.9971138159999999,0.967200685,0.95384453,0.002217528,0.002217528
recover_60,0,0.933527225,0.983167722,0.991495213,0.9958960170000001,0.9539442909999999,0.933527225,0.002217528,0.002217528
recover_70,0,0.8459432990000001,0.959100795,0.979081667,0.989840042,0.892655526,0.8459432990000001,0.002217528,0.002217528
