name,effectDays,infectReduct,reduceHosp,reduceIcu,reduceMort,reduceSympt,riskReduct,waneRate,waneRateOut
cur_2,14,0.5538429029999999,0.8931910190000001,0.948552363,0.9746048140000001,0.7022010559999999,0.5538429029999999,0.020940868,0.017428689
cur_2_60,14,0.5206865589999999,0.879779315,0.941638005,0.97108507,0.673571835,0.5206865589999999,0.020940868,0.017428689
cur_2_70,14,0.487348437,0.864938882,0.933859544,0.967094151,0.643588638,0.487348437,0.020940868,0.017428689
cur_3,14,0.564194663,0.89713161,0.9505635109999999,0.975623713,0.710907355,0.564194663,0.019560252,0.016048073
cur_3_60,14,0.531156384,0.8841505359999999,0.943903458,0.972241165,0.6827369609999999,0.531156384,0.019560252,0.016048073
cur_3_70,14,0.49784417799999997,0.869769827,0.936406545,0.968404622,0.65316212,0.49784417799999997,0.019560252,0.016048073
recover,0,0.8931887890000001,0.9296809429999999,0.952720314,0.958907552,0.9198967309999999,0.8931887890000001,0.0061241130000000005,0.0061241130000000005
recover_60,0,0.822703603,0.880042917,0.9179096640000001,0.9283095929999999,0.8643597359999999,0.822703603,0.0061241130000000005,0.0061241130000000005
recover_70,0,0.822703603,0.880042917,0.9179096640000001,0.9283095929999999,0.8643597359999999,0.822703603,0.0061241130000000005,0.0061241130000000005
