name,effectDays,infectReduct,reduceHosp,reduceIcu,reduceMort,reduceSympt,riskReduct,waneRate,waneRateOut
cur_2,14,0.502015231,0.8722501140000001,0.9347032470000001,0.9675286470000001,0.683733125,0.502015231,0.020478346,0.013153123000000001
cur_2_60,14,0.501586612,0.872058945,0.934598527,0.967474739,0.683362261,0.501586612,0.020478346,0.013153123000000001
cur_2_70,14,0.5011057529999999,0.871844188,0.93448086,0.967414159,0.682945922,0.5011057529999999,0.020478346,0.013153123000000001
cur_3,14,0.5384907179999999,0.887674977,0.94307944,0.9718209809999999,0.7144688770000001,0.5384907179999999,0.015671536,0.008346314
cur_3_60,14,0.538064605,0.887503913,0.942987334,0.971773991,0.714118985,0.538064605,0.015671536,0.008346314
cur_3_70,14,0.537586495,0.887311732,0.942883837,0.9717211840000001,0.713726145,0.537586495,0.015671536,0.008346314
recover,0,0.925335505,0.9880553679999999,0.9942668570000001,0.9972374690000001,0.963223845,0.925335505,0.011160048999999998,0.011160048999999998
recover_60,0,0.8857832040000001,0.9830802959999999,0.991857619,0.9960716390000001,0.948445819,0.8857832040000001,0.011160048999999998,0.011160048999999998
recover_70,0,0.7394961809999999,0.958893593,0.9799623470000001,0.990272286,0.880754603,0.7394961809999999,0.011160048999999998,0.011160048999999998
