name,effectDays,infectReduct,reduceHosp,reduceIcu,reduceMort,reduceSympt,riskReduct,waneRate,waneRateOut
cur_2,14,0.550367539,0.8918022879999999,0.948034898,0.974342299,0.6972624009999999,0.550367539,0.021411284,0.013067546000000001
cur_2_60,14,0.523481514,0.880915001,0.942440756,0.971495047,0.6739565040000001,0.523481514,0.021411284,0.013067546000000001
cur_2_70,14,0.496449882,0.869088987,0.936282763,0.9683410179999999,0.649749632,0.496449882,0.021411284,0.013067546000000001
cur_3,14,0.55932846,0.8952536640000001,0.9497935059999999,0.975233868,0.704865677,0.55932846,0.020218475,0.011874737
cur_3_60,14,0.532523136,0.884668755,0.9443775740000001,0.972482759,0.681878057,0.532523136,0.020218475,0.011874737
cur_3_70,14,0.505519919,0.873161842,0.938413251,0.96943458,0.657960833,0.505519919,0.020218475,0.011874737
recover,0,0.9410977759999999,0.987986574,0.994536455,0.9973677459999999,0.958299828,0.9410977759999999,0.009018442,0.009018442
recover_60,0,0.8515917820000001,0.982983343,0.9922396259999999,0.996256688,0.941662984,0.8515917820000001,0.009018442,0.009018442
recover_70,0,0.573933596,0.958663872,0.980891682,0.990727976,0.8663210790000001,0.573933596,0.009018442,0.009018442
