name,effectDays,infectReduct,reduceHosp,reduceIcu,reduceMort,reduceSympt,riskReduct,waneRate,waneRateOut
cur_2,14,0.5100226489999999,0.8766113640000001,0.9327208909999999,0.966507135,0.726312466,0.5100226489999999,0.022556503999999998,0.011579318
cur_2_60,14,0.474589528,0.860433992,0.9232559570000001,0.9615996170000001,0.697235457,0.474589528,0.022556503999999998,0.011579318
cur_2_70,14,0.43941529,0.842519261,0.912585839,0.956006586,0.666492131,0.43941529,0.022556503999999998,0.011579318
cur_3,14,0.481641055,0.863793305,0.925234555,0.9626296609999999,0.703167781,0.481641055,0.02629014,0.015312955
cur_3_60,14,0.446383366,0.846230163,0.91481262,0.9571791709999999,0.6727397820000001,0.446383366,0.02629014,0.015312955
cur_3_70,14,0.41166171100000004,0.8268590990000001,0.903091801,0.950975125,0.640790571,0.41166171100000004,0.02629014,0.015312955
recover,0,0.924796547,0.98814576,0.9938898559999999,0.997055232,0.9688837109999999,0.924796547,0.010829933,0.010829933
recover_60,0,0.8998280009999999,0.983207698,0.991323574,0.995812818,0.956276791,0.8998280009999999,0.010829933,0.010829933
recover_70,0,0.788192681,0.959195556,0.978664895,0.989635349,0.89775933,0.788192681,0.010829933,0.010829933
