name,effectDays,infectReduct,reduceHosp,reduceIcu,reduceMort,reduceSympt,riskReduct,waneRate,waneRateOut
cur_2,14,0.34523776100000003,0.785476747,0.8587684090000001,0.926776651,0.664791569,0.34523776100000003,0.019877415,0.008922677
cur_2_60,14,0.32304554,0.768186763,0.8462291120000001,0.9197109640000001,0.642205415,0.32304554,0.019877415,0.008922677
cur_2_70,14,0.30161239,0.749937691,0.832786453,0.912024263,0.618958121,0.30161239,0.019877415,0.008922677
cur_3,14,0.393784249,0.818538775,0.88222845,0.939732615,0.709576292,0.393784249,0.013019134,0.002064396
cur_3_60,14,0.37023596799999997,0.803246017,0.8714602929999999,0.933827851,0.688594198,0.37023596799999997,0.013019134,0.002064396
cur_3_70,14,0.34727804700000003,0.7869916140000001,0.859858063,0.927385963,0.6667971429999999,0.34727804700000003,0.013019134,0.002064396
recover,0,0.890037937,0.933286237,0.943360697,0.9677533420000001,0.889320309,0.890037937,0.005883094,0.005883094
recover_60,0,0.758517625,0.844453054,0.8660164,0.9209265940000001,0.7571758470000001,0.758517625,0.005883094,0.005883094
recover_70,0,0.758517625,0.844453054,0.8660164,0.9209265940000001,0.7571758470000001,0.758517625,0.005883094,0.005883094
