name,effectDays,infectReduct,reduceHosp,reduceIcu,reduceMort,reduceSympt,riskReduct,waneRate,waneRateOut
cur_2,14,0.429861558,0.837881887,0.90641134,0.952740281,0.679421374,0.429861558,0.020493292,0.010248591999999999
cur_2_60,14,0.39282813899999997,0.816007466,0.8925982720000001,0.945352807,0.6452192720000001,0.39282813899999997,0.020493292,0.010248591999999999
cur_2_70,14,0.356996211,0.79192079,0.8770271740000001,0.936889286,0.609474659,0.356996211,0.020493292,0.010248591999999999
cur_3,14,0.443768079,0.84541516,0.9110980759999999,0.95522157,0.6916078059999999,0.443768079,0.018634681,0.008389981
cur_3_60,14,0.406390565,0.8243441029999999,0.89789882,0.948200875,0.658051499,0.406390565,0.018634681,0.008389981
cur_3_70,14,0.37007555799999997,0.801082746,0.8829954609999999,0.940150525,0.62284402,0.37007555799999997,0.018634681,0.008389981
recover,0,0.945950585,0.9918588779999999,0.995639006,0.997900145,0.980376613,0.945950585,0.006850599000000001,0.006850599000000001
recover_60,0,0.9123229759999999,0.990661488,0.994994789,0.99758914,0.977528684,0.9123229759999999,0.006850599000000001,0.006850599000000001
recover_70,0,0.7852231270000001,0.9806112779999999,0.989558975,0.99495659,0.954001065,0.7852231270000001,0.006850599000000001,0.006850599000000001
