name,effectDays,infectReduct,reduceHosp,reduceIcu,reduceMort,reduceSympt,riskReduct,waneRate,waneRateOut
cur_2,14,0.463863333,0.854059931,0.925501982,0.962768713,0.64291784,0.463863333,0.021506846,0.013564159
cur_2_60,14,0.44375489,0.84365358,0.9197109520000001,0.9597485859999999,0.624082649,0.44375489,0.021506846,0.013564159
cur_2_70,14,0.42380966299999995,0.8326395329999999,0.913505557,0.956491238,0.604845583,0.42380966299999995,0.021506846,0.013564159
cur_3,14,0.5062106829999999,0.8739614509999999,0.936386756,0.968394455,0.680852908,0.5062106829999999,0.015929538,0.00798685
cur_3_60,14,0.485930332,0.8647494609999999,0.931379108,0.965814472,0.662969744,0.485930332,0.015929538,0.00798685
cur_3_70,14,0.46567645399999996,0.85496606,0.9260029670000001,0.9630290970000001,0.644589386,0.46567645399999996,0.015929538,0.00798685
recover,0,0.929370145,0.988039585,0.994329993,0.9972679809999999,0.9621436870000001,0.929370145,0.009472876,0.009472876
recover_60,0,0.8290263940000001,0.9830580520000001,0.991947072,0.9961149779999999,0.9469555159999999,0.8290263940000001,0.009472876,0.009472876
recover_70,0,0.537453141,0.9588408820000001,0.980179872,0.990378987,0.877560126,0.537453141,0.009472876,0.009472876
