name,effectDays,infectReduct,reduceHosp,reduceIcu,reduceMort,reduceSympt,riskReduct,waneRate,waneRateOut
cur_2,14,0.34523776100000003,0.785476747,0.8587684090000001,0.926776651,0.664791569,0.34523776100000003,0.019877415,0.008922677
cur_2_60,14,0.32304554,0.768186763,0.8462291120000001,0.9197109640000001,0.642205415,0.32304554,0.019877415,0.008922677
cur_2_70,14,0.30161239,0.749937691,0.832786453,0.912024263,0.618958121,0.30161239,0.019877415,0.008922677
cur_3,14,0.393784249,0.818538775,0.88222845,0.939732615,0.709576292,0.393784249,0.013019134,0.002064396
cur_3_60,14,0.37023596799999997,0.803246017,0.8714602929999999,0.933827851,0.688594198,0.37023596799999997,0.013019134,0.002064396
cur_3_70,14,0.34727804700000003,0.7869916140000001,0.859858063,0.927385963,0.6667971429999999,0.34727804700000003,0.013019134,0.002064396
recover,0,0.946738903,0.988346507,0.992950002,0.9966006059999999,0.978694947,0.946738903,0.006964463000000001,0.006964463000000001
recover_60,0,0.9422183470000001,0.9834906720000001,0.989992952,0.9951673120000001,0.96993977,0.9422183470000001,0.006964463000000001,0.006964463000000001
recover_70,0,0.890178392,0.959866652,0.9754410240000001,0.98804894,0.928337988,0.890178392,0.006964463000000001,0.006964463000000001
