name,effectDays,infectReduct,reduceHosp,reduceIcu,reduceMort,reduceSympt,riskReduct,waneRate,waneRateOut
cur_2,14,0.494319073,0.868973917,0.931905213,0.96608618,0.6853473529999999,0.494319073,0.020818825,0.014185782
cur_2_60,14,0.435817324,0.8397657890000001,0.915359205,0.95746656,0.632516117,0.435817324,0.020818825,0.014185782
cur_2_70,14,0.37908992,0.8055309409999999,0.895260862,0.946785532,0.57634044,0.37908992,0.020818825,0.014185782
cur_3,14,0.491881652,0.8678596209999999,0.931283787,0.965765227,0.683240673,0.491881652,0.021139424,0.014506382
cur_3_60,14,0.43342112200000005,0.838449275,0.91460062,0.9570676579999999,0.630246554,0.43342112200000005,0.021139424,0.014506382
cur_3_70,14,0.376797311,0.803998798,0.8943429390000001,0.946292076,0.573957625,0.376797311,0.021139424,0.014506382
recover,0,0.922740789,0.98807542,0.994185511,0.9971981540000001,0.964555423,0.922740789,0.009309245,0.009309245
recover_60,0,0.84097806,0.983108558,0.9917423740000001,0.996015798,0.950284857,0.84097806,0.009309245,0.009309245
recover_70,0,0.594788404,0.958960568,0.979682189,0.9901348259999999,0.8847148090000001,0.594788404,0.009309245,0.009309245
