name,effectDays,infectReduct,reduceHosp,reduceIcu,reduceMort,reduceSympt,riskReduct,waneRate,waneRateOut
cur_2,14,0.549452718,0.8907695370000001,0.950646922,0.975665925,0.662386144,0.549452718,0.021097487999999998,0.018322395
cur_2_60,14,0.50275994,0.871154566,0.94107308,0.970796343,0.6192877179999999,0.50275994,0.021097487999999998,0.018322395
cur_2_70,14,0.45604229,0.848627942,0.929785361,0.964990437,0.5742469929999999,0.45604229,0.021097487999999998,0.018322395
cur_3,14,0.590477874,0.90603089,0.9579374270000001,0.979340905,0.69876576,0.590477874,0.015591245,0.012816153
cur_3_60,14,0.544512197,0.88881439,0.94970302,0.975188035,0.657912994,0.544512197,0.015591245,0.012816153
cur_3_70,14,0.497798908,0.868910704,0.9399629429999999,0.970228454,0.614598072,0.497798908,0.015591245,0.012816153
recover,0,0.8795762290000001,0.987903656,0.99484284,0.997515754,0.95157038,0.8795762290000001,0.002717047,0.002717047
recover_60,0,0.883812734,0.98286649,0.992673864,0.996466948,0.9324380170000001,0.883812734,0.002717047,0.002717047
recover_70,0,0.807140667,0.9583870879999999,0.9819493509999999,0.991246053,0.847116416,0.807140667,0.002717047,0.002717047
