name,effectDays,infectReduct,reduceHosp,reduceIcu,reduceMort,reduceSympt,riskReduct,waneRate,waneRateOut
cur_2,14,0.467010755,0.856489114,0.9223051459999999,0.961103846,0.680841936,0.467010755,0.019435993999999998,0.012664161
cur_2_60,14,0.40143740299999997,0.820405939,0.9008546129999999,0.9497818859999999,0.620180201,0.40143740299999997,0.019435993999999998,0.012664161
cur_2_70,14,0.339261785,0.77764484,0.874313728,0.935399428,0.555571215,0.339261785,0.019435993999999998,0.012664161
cur_3,14,0.48415776,0.864735259,0.927091422,0.9635943309999999,0.695593715,0.48415776,0.017175432,0.010403598
cur_3_60,14,0.41806527200000004,0.83031466,0.906828827,0.952961825,0.6362377770000001,0.41806527200000004,0.017175432,0.010403598
cur_3_70,14,0.354841022,0.789306921,0.881677162,0.939432024,0.5724773129999999,0.354841022,0.017175432,0.010403598
recover,0,0.885901996,0.9272714,0.952207974,0.961436739,0.9223116729999999,0.885901996,0.006198109,0.006198109
recover_60,0,0.770040175,0.8461216890000001,0.89575417,0.91491016,0.8366031190000001,0.770040175,0.006198109,0.006198109
recover_70,0,0.770040175,0.8461216890000001,0.89575417,0.91491016,0.8366031190000001,0.770040175,0.006198109,0.006198109
