name,effectDays,infectReduct,reduceHosp,reduceIcu,reduceMort,reduceSympt,riskReduct,waneRate,waneRateOut
cur_2,14,0.48303182100000003,0.86350529,0.9300891729999999,0.96514763,0.665442317,0.48303182100000003,0.020127527,0.012714342
cur_2_60,14,0.465033045,0.854770336,0.925246366,0.962635803,0.649181861,0.465033045,0.020127527,0.012714342
cur_2_70,14,0.447101649,0.8455640870000001,0.920090003,0.959946847,0.632545636,0.447101649,0.020127527,0.012714342
cur_3,14,0.515701545,0.8781942009999999,0.9381260790000001,0.969287322,0.69388986,0.515701545,0.015829698,0.008416513
cur_3_60,14,0.497657296,0.8702580240000001,0.933800372,0.9670636640000001,0.67834371,0.497657296,0.015829698,0.008416513
cur_3_70,14,0.47959569399999996,0.861874905,0.9291888909999999,0.964681672,0.662371157,0.47959569399999996,0.015829698,0.008416513
recover,0,0.8399642829999999,0.90134107,0.917490444,0.939020987,0.879436467,0.8399642829999999,0.004925642,0.004925642
recover_60,0,0.673702747,0.78231916,0.813929163,0.858310262,0.7415657109999999,0.673702747,0.004925642,0.004925642
recover_70,0,0.673702747,0.78231916,0.813929163,0.858310262,0.7415657109999999,0.673702747,0.004925642,0.004925642
