name,effectDays,infectReduct,reduceHosp,reduceIcu,reduceMort,reduceSympt,riskReduct,waneRate,waneRateOut
cur_2,14,0.46953026600000003,0.8563800340000001,0.929295815,0.9647370359999999,0.627177731,0.46953026600000003,0.02121866,0.011970843
cur_2_60,14,0.38851749799999996,0.8106172009999999,0.9041667720000001,0.951547439,0.5470132529999999,0.38851749799999996,0.02121866,0.011970843
cur_2_70,14,0.313299843,0.754514508,0.871379955,0.9337835309999999,0.46441557299999997,0.313299843,0.02121866,0.011970843
cur_3,14,0.533164494,0.8849767140000001,0.944317973,0.972452395,0.684603946,0.533164494,0.012838938999999999,0.003591122
cur_3_60,14,0.450496471,0.8466946909999999,0.9240918579999999,0.962035051,0.609091108,0.450496471,0.012838938999999999,0.003591122
cur_3_70,14,0.370550971,0.798624546,0.8973479540000001,0.9479056570000001,0.528046634,0.370550971,0.012838938999999999,0.003591122
recover,0,0.885657127,0.9229793709999999,0.945727907,0.956337401,0.9222367029999999,0.885657127,0.0058876580000000005,0.0058876580000000005
recover_60,0,0.806645975,0.865851652,0.9037129979999999,0.921857217,0.86463892,0.806645975,0.0058876580000000005,0.0058876580000000005
recover_70,0,0.806645975,0.865851652,0.9037129979999999,0.921857217,0.86463892,0.806645975,0.0058876580000000005,0.0058876580000000005
