name,effectDays,infectReduct,reduceHosp,reduceIcu,reduceMort,reduceSympt,riskReduct,waneRate,waneRateOut
cur_2,14,0.461038509,0.8532535840000001,0.9218169140000001,0.960849075,0.665329659,0.461038509,0.021764374,0.011773371999999999
cur_2_60,14,0.406838459,0.823386608,0.90434001,0.9516396079999999,0.6144954739999999,0.406838459,0.021764374,0.011773371999999999
cur_2_70,14,0.35484946799999995,0.788969217,0.8834655999999999,0.9404065070000001,0.561070855,0.35484946799999995,0.021764374,0.011773371999999999
cur_3,14,0.496144642,0.8700150190000001,0.931376855,0.965813308,0.695905944,0.496144642,0.017137278,0.0071462769999999995
cur_3_60,14,0.44119595100000003,0.8429314809999999,0.9158418620000001,0.9577201940000001,0.647253747,0.44119595100000003,0.017137278,0.0071462769999999995
cur_3_70,14,0.38768607,0.811450697,0.897191995,0.947822044,0.59537964,0.38768607,0.017137278,0.0071462769999999995
recover,0,0.9388069,0.988097456,0.994094638,0.99715423,0.965967527,0.9388069,0.007488034,0.007488034
recover_60,0,0.903814531,0.983139615,0.9916136390000001,0.995953414,0.952237345,0.903814531,0.007488034,0.007488034
recover_70,0,0.771739982,0.959034174,0.9793693509999999,0.9899812840000001,0.8889415070000001,0.771739982,0.007488034,0.007488034
