name,effectDays,infectReduct,reduceHosp,reduceIcu,reduceMort,reduceSympt,riskReduct,waneRate,waneRateOut
cur_2,14,0.319509904,0.765705561,0.841532374,0.917038603,0.650495345,0.319509904,0.021467855,0.007593754
cur_2_60,14,0.29241035600000004,0.7420283809999999,0.8237542590000001,0.9067931359999999,0.620939087,0.29241035600000004,0.021467855,0.007593754
cur_2_70,14,0.266707753,0.7168425829999999,0.8044445929999999,0.895426348,0.59045616,0.266707753,0.021467855,0.007593754
cur_3,14,0.382449396,0.811697715,0.875068272,0.9358141729999999,0.7105542859999999,0.382449396,0.012365598,-0.0015085029999999998
cur_3_60,14,0.352779037,0.791402189,0.860428477,0.92770463,0.683606638,0.352779037,0.012365598,-0.0015085029999999998
cur_3_70,14,0.32420133100000004,0.769539643,0.84437779,0.918659289,0.6553662020000001,0.32420133100000004,0.012365598,-0.0015085029999999998
recover,0,0.85608284,0.904931272,0.907196007,0.943208486,0.885287075,0.85608284,0.005071415,0.005071415
recover_60,0,0.744979196,0.8237757179999999,0.827605444,0.890784769,0.791230928,0.744979196,0.005071415,0.005071415
recover_70,0,0.744979196,0.8237757179999999,0.827605444,0.890784769,0.791230928,0.744979196,0.005071415,0.005071415
