name,effectDays,infectReduct,reduceHosp,reduceIcu,reduceMort,reduceSympt,riskReduct,waneRate,waneRateOut
cur_2,14,0.5147142610000001,0.877242175,0.940240709,0.970370608,0.6690239029999999,0.5147142610000001,0.01997905,0.013575878000000001
cur_2_60,14,0.513113325,0.876550361,0.939879598,0.970185792,0.6676032820000001,0.513113325,0.01997905,0.013575878000000001
cur_2_70,14,0.511461823,0.875833312,0.939505005,0.969994,0.66613484,0.511461823,0.01997905,0.013575878000000001
cur_3,14,0.5289972829999999,0.883274909,0.943377315,0.9719729159999999,0.6815749329999999,0.5289972829999999,0.01809701,0.011693838
cur_3_60,14,0.527400202,0.8826125440000001,0.943034009,0.971797804,0.680182431,0.527400202,0.01809701,0.011693838
cur_3_70,14,0.525752371,0.8819259629999999,0.9426778720000001,0.9716160779999999,0.6787428190000001,0.525752371,0.01809701,0.011693838
recover,0,0.8297155279999999,0.8917067540000001,0.90298483,0.9464410059999999,0.8731424320000001,0.8297155279999999,0.004718795,0.004718795
recover_60,0,0.679485151,0.7817832709999999,0.8019668240000001,0.8849046690000001,0.749665301,0.679485151,0.004718795,0.004718795
recover_70,0,0.679485151,0.7817832709999999,0.8019668240000001,0.8849046690000001,0.749665301,0.679485151,0.004718795,0.004718795
