name,effectDays,infectReduct,reduceHosp,reduceIcu,reduceMort,reduceSympt,riskReduct,waneRate,waneRateOut
cur_2,14,0.534055571,0.8855441759999999,0.943623122,0.9720982570000001,0.695027782,0.534055571,0.021714672999999997,0.013912451000000001
cur_2_60,14,0.512883195,0.876654553,0.9389333390000001,0.969701157,0.676742538,0.512883195,0.021714672999999997,0.013912451000000001
cur_2_70,14,0.491646176,0.8671696040000001,0.9338762420000001,0.967102754,0.657884099,0.491646176,0.021714672999999997,0.013912451000000001
cur_3,14,0.538807268,0.887466698,0.944631085,0.9726118890000001,0.6990629140000001,0.538807268,0.021086452000000002,0.01328423
cur_3_60,14,0.517655799,0.878705941,0.94001982,0.9702575659999999,0.6809085309999999,0.517655799,0.021086452000000002,0.01328423
cur_3_70,14,0.496422555,0.8693552309999999,0.935046473,0.9677052909999999,0.662171807,0.496422555,0.021086452000000002,0.01328423
recover,0,0.9052224059999999,0.988015636,0.9944243220000001,0.997313565,0.9604491359999999,0.9052224059999999,0.002490351,0.002490351
recover_60,0,0.861256792,0.9830243000000001,0.9920807290000001,0.996179725,0.944620233,0.861256792,0.002490351,0.002490351
recover_70,0,0.7007903190000001,0.958760908,0.980504994,0.9905384209999999,0.8725808,0.7007903190000001,0.002490351,0.002490351
