name,effectDays,infectReduct,reduceHosp,reduceIcu,reduceMort,reduceSympt,riskReduct,waneRate,waneRateOut
cur_2,14,0.45192655,0.849106637,0.916623856,0.958130846,0.677025135,0.45192655,0.021604803,0.013483061000000001
cur_2_60,14,0.403978314,0.822238128,0.9003669759999999,0.949521408,0.6327674520000001,0.403978314,0.021604803,0.013483061000000001
cur_2_70,14,0.357821044,0.791776481,0.8813618940000001,0.9392600409999999,0.5861784720000001,0.357821044,0.021604803,0.013483061000000001
cur_3,14,0.48448857,0.865114478,0.9260924429999999,0.9630755870000001,0.7049449790000001,0.48448857,0.017303739,0.009181996999999999
cur_3_60,14,0.435832833,0.840561145,0.911503527,0.955435632,0.662606568,0.435832833,0.017303739,0.009181996999999999
cur_3_70,14,0.38840777200000004,0.812523453,0.894373539,0.946308534,0.617514906,0.38840777200000004,0.017303739,0.009181996999999999
recover,0,0.869724837,0.913866845,0.912143919,0.947659211,0.8861018759999999,0.869724837,0.005593303000000001,0.005593303000000001
recover_60,0,0.800929052,0.8647567820000001,0.862199631,0.916046345,0.8242064259999999,0.800929052,0.005593303000000001,0.005593303000000001
recover_70,0,0.800929052,0.8647567820000001,0.862199631,0.916046345,0.8242064259999999,0.800929052,0.005593303000000001,0.005593303000000001
