name,effectDays,infectReduct,reduceHosp,reduceIcu,reduceMort,reduceSympt,riskReduct,waneRate,waneRateOut
cur_2,14,0.51492746,0.8774080409999999,0.939966126,0.970230083,0.6726285870000001,0.51492746,0.021393272,0.016742355
cur_2_60,14,0.507583409,0.874211355,0.938285956,0.9693693109999999,0.666124035,0.507583409,0.021393272,0.016742355
cur_2_70,14,0.500195135,0.870925161,0.936552204,0.968479458,0.659518876,0.500195135,0.021393272,0.016742355
cur_3,14,0.5109965120000001,0.875705519,0.939072063,0.969772237,0.669154507,0.5109965120000001,0.021910568999999998,0.017259652
cur_3_60,14,0.5036503139999999,0.872470891,0.937368538,0.96889865,0.662615551,0.5036503139999999,0.021910568999999998,0.017259652
cur_3_70,14,0.49626159200000003,0.869146034,0.935610782,0.967995576,0.655976829,0.49626159200000003,0.021910568999999998,0.017259652
recover,0,0.8300172159999999,0.9046015759999999,0.896682071,0.930138747,0.8405111120000001,0.8300172159999999,0.004104707,0.004104707
recover_60,0,0.649365654,0.782438761,0.766990143,0.834702065,0.666531429,0.649365654,0.004104707,0.004104707
recover_70,0,0.649365654,0.782438761,0.766990143,0.834702065,0.666531429,0.649365654,0.004104707,0.004104707
