name,effectDays,infectReduct,reduceHosp,reduceIcu,reduceMort,reduceSympt,riskReduct,waneRate,waneRateOut
cur_2,14,0.460180785,0.854279494,0.91424426,0.956880152,0.7203602259999999,0.460180785,0.022662341000000003,0.011299954
cur_2_60,14,0.42592461200000004,0.836126412,0.902710537,0.9507719790000001,0.691547858,0.42592461200000004,0.022662341000000003,0.011299954
cur_2_70,14,0.392368531,0.81620069,0.8898139979999999,0.943850107,0.661166527,0.392368531,0.022662341000000003,0.011299954
cur_3,14,0.44388880299999994,0.8458986,0.9089445509999999,0.954083008,0.706919574,0.44388880299999994,0.024824948,0.013462561999999999
cur_3_60,14,0.409924458,0.826913006,0.89677852,0.9476003009999999,0.6773426490000001,0.409924458,0.024824948,0.013462561999999999
cur_3_70,14,0.376801551,0.8061267670000001,0.8831973870000001,0.9402604859999999,0.646277821,0.376801551,0.024824948,0.013462561999999999
recover,0,0.8906767059999999,0.988233921,0.993495437,0.996864498,0.9736190999999998,0.8906767059999999,0.010757197,0.010757197
recover_60,0,0.8821455,0.9833319640000001,0.990765036,0.995541972,0.962857197,0.8821455,0.010757197,0.010757197
recover_70,0,0.7883642390000001,0.959490195,0.977310116,0.9889693420000001,0.9123393759999999,0.7883642390000001,0.010757197,0.010757197
