name,effectDays,infectReduct,reduceHosp,reduceIcu,reduceMort,reduceSympt,riskReduct,waneRate,waneRateOut
cur_2,14,0.368933749,0.8019203979999999,0.8734140770000001,0.934904469,0.6738113440000001,0.368933749,0.020843902,0.011781366000000001
cur_2_60,14,0.34574056299999995,0.785383403,0.861817341,0.9284796820000001,0.651230573,0.34574056299999995,0.020843902,0.011781366000000001
cur_2_70,14,0.323248282,0.767857074,0.84933546,0.921470648,0.627938777,0.323248282,0.020843902,0.011781366000000001
cur_3,14,0.396059074,0.8195380870000001,0.885580233,0.941556243,0.6985399790000001,0.396059074,0.017067001000000002,0.008004465
cur_3_60,14,0.37216629700000003,0.804112646,0.874938467,0.935742849,0.67685009,0.37216629700000003,0.017067001000000002,0.008004465
cur_3_70,14,0.34887157799999996,0.787702373,0.8634540159999999,0.929391478,0.654361159,0.34887157799999996,0.017067001000000002,0.008004465
recover,0,0.923959633,0.988314474,0.99311019,0.9966781240000001,0.9773521890000001,0.923959633,0.007626612,0.007626612
recover_60,0,0.836396978,0.983445515,0.9902196670000001,0.995277359,0.96806322,0.836396978,0.007626612,0.007626612
recover_70,0,0.576657167,0.959759522,0.9759894259999999,0.9883191790000001,0.924067703,0.576657167,0.007626612,0.007626612
