name,effectDays,infectReduct,reduceHosp,reduceIcu,reduceMort,reduceSympt,riskReduct,waneRate,waneRateOut
cur_2,14,0.48332066799999995,0.863025548,0.9329382340000001,0.9666192379999999,0.639069308,0.48332066799999995,0.021054157999999996,0.017164413
cur_2_60,14,0.436124325,0.838956658,0.920015715,0.9599079979999999,0.59415348,0.436124325,0.021054157999999996,0.017164413
cur_2_70,14,0.390080865,0.8115968490000001,0.9048655059999999,0.951919084,0.547629328,0.390080865,0.021054157999999996,0.017164413
cur_3,14,0.5244831879999999,0.8813632020000001,0.9425393959999999,0.9715454,0.676138107,0.5244831879999999,0.015637613999999998,0.011747869
cur_3_60,14,0.476977986,0.859993833,0.9313308029999999,0.965789517,0.633187516,0.476977986,0.015637613999999998,0.011747869
cur_3_70,14,0.42990982,0.835507296,0.918133124,0.958922429,0.588035457,0.42990982,0.015637613999999998,0.011747869
recover,0,0.889742496,0.929878312,0.942765795,0.956077953,0.91873699,0.889742496,0.006051914,0.006051914
recover_60,0,0.7936194529999999,0.86337278,0.886997774,0.912071293,0.843443735,0.7936194529999999,0.006051914,0.006051914
recover_70,0,0.7936194529999999,0.86337278,0.886997774,0.912071293,0.843443735,0.7936194529999999,0.006051914,0.006051914
