name,effectDays,infectReduct,reduceHosp,reduceIcu,reduceMort,reduceSympt,riskReduct,waneRate,waneRateOut
cur_2,14,0.387922062,0.813451555,0.887579982,0.9426410470000001,0.6593351829999999,0.387922062,0.020652679,0.010027594
cur_2_60,14,0.34753431100000004,0.7856254490000001,0.8690308290000001,0.9324858420000001,0.619279925,0.34753431100000004,0.020652679,0.010027594
cur_2_70,14,0.30924245100000003,0.7549126359999999,0.8479546729999999,0.920689221,0.577550229,0.30924245100000003,0.020652679,0.010027594
cur_3,14,0.436266141,0.8418849979999999,0.906020223,0.952532638,0.702672849,0.436266141,0.014086363999999999,0.00346128
cur_3_60,14,0.39408579299999996,0.8173477859999999,0.8901370759999999,0.944024712,0.665125161,0.39408579299999996,0.014086363999999999,0.00346128
cur_3_70,14,0.353443281,0.789964705,0.871956992,0.934101775,0.625380694,0.353443281,0.014086363999999999,0.00346128
recover,0,0.908650802,0.988239359,0.9934701990000001,0.996852291,0.9738880679999999,0.908650802,0.005078706,0.005078706
recover_60,0,0.842861842,0.983339629,0.990729304,0.9955246390000001,0.963231745,0.842861842,0.005078706,0.005078706
recover_70,0,0.635434476,0.959508372,0.97722352,0.988926739,0.913177412,0.635434476,0.005078706,0.005078706
