name,effectDays,infectReduct,reduceHosp,reduceIcu,reduceMort,reduceSympt,riskReduct,waneRate,waneRateOut
cur_2,14,0.48694728299999995,0.8661203690000001,0.927436666,0.963773477,0.701384837,0.48694728299999995,0.022877901000000003,0.013145988
cur_2_60,14,0.479531052,0.862639015,0.9254124490000001,0.9627221640000001,0.695127624,0.479531052,0.022877901000000003,0.013145988
cur_2_70,14,0.472083135,0.8590620929999999,0.923324872,0.961635531,0.688762467,0.472083135,0.022877901000000003,0.013145988
cur_3,14,0.49645815600000004,0.870471929,0.929956405,0.965078942,0.709293693,0.49645815600000004,0.021626773999999998,0.01189486
cur_3_60,14,0.489035144,0.8670863670000001,0.9279970209999999,0.964064101,0.70313206,0.489035144,0.021626773999999998,0.01189486
cur_3_70,14,0.481576196,0.863606944,0.9259759959999999,0.9630150829999999,0.696861142,0.481576196,0.021626773999999998,0.01189486
recover,0,0.84791414,0.9080725009999999,0.915553033,0.918270307,0.882954095,0.84791414,0.00487509,0.00487509
recover_60,0,0.7046890690000001,0.80872051,0.822707275,0.827850333,0.7635245190000001,0.7046890690000001,0.00487509,0.00487509
recover_70,0,0.7046890690000001,0.80872051,0.822707275,0.827850333,0.7635245190000001,0.7046890690000001,0.00487509,0.00487509
