name,effectDays,infectReduct,reduceHosp,reduceIcu,reduceMort,reduceSympt,riskReduct,waneRate,waneRateOut
cur_2,14,0.439120664,0.8426266,0.911146696,0.955247244,0.676183366,0.439120664,0.021317075,0.01055535
cur_2_60,14,0.40059086,0.820484042,0.897471903,0.947972099,0.640610448,0.40059086,0.021317075,0.01055535
cur_2_70,14,0.363263005,0.795987882,0.881969992,0.939591713,0.603432723,0.363263005,0.021317075,0.01055535
cur_3,14,0.492980917,0.8692741279999999,0.9271944120000001,0.9636477790000001,0.721706104,0.492980917,0.014194223999999998,0.0034325000000000002
cur_3_60,14,0.45354674799999994,0.8502144159999999,0.9157610690000001,0.9576777470000001,0.688832766,0.45354674799999994,0.014194223999999998,0.0034325000000000002
cur_3_70,14,0.414698292,0.8289293,0.9027246990000001,0.9507795259999999,0.65394878,0.414698292,0.014194223999999998,0.0034325000000000002
recover,0,0.8770286909999999,0.9215696790000001,0.940350373,0.941300357,0.9029646840000001,0.8770286909999999,0.005785139,0.005785139
recover_60,0,0.761578577,0.8403229179999999,0.8759397059999999,0.877782174,0.806491726,0.761578577,0.005785139,0.005785139
recover_70,0,0.761578577,0.8403229179999999,0.8759397059999999,0.877782174,0.806491726,0.761578577,0.005785139,0.005785139
