name,effectDays,infectReduct,reduceHosp,reduceIcu,reduceMort,reduceSympt,riskReduct,waneRate,waneRateOut
cur_2,14,0.445673356,0.845197364,0.917813799,0.9587550570000001,0.646637134,0.445673356,0.017879736,0.011266106000000001
cur_2_60,14,0.404670394,0.821939687,0.904229858,0.951581005,0.607404543,0.404670394,0.017879736,0.011266106000000001
cur_2_70,14,0.364970552,0.796041098,0.888679205,0.943236324,0.566749897,0.364970552,0.017879736,0.011266106000000001
cur_3,14,0.513213923,0.8774450690000001,0.936078463,0.96823602,0.705852645,0.513213923,0.008968969,0.002355339
cur_3_60,14,0.471280026,0.8582195859999999,0.925267545,0.962646817,0.669837713,0.471280026,0.008968969,0.002355339
cur_3_70,14,0.429762828,0.836548493,0.9128034709999999,0.9561213120000001,0.631728383,0.429762828,0.008968969,0.002355339
recover,0,0.90959597,0.988086557,0.9941397809999999,0.99717605,0.965275682,0.90959597,0.0066523319999999995,0.0066523319999999995
recover_60,0,0.802251699,0.983124254,0.991677589,0.995984405,0.9512804579999999,0.802251699,0.0066523319999999995,0.0066523319999999995
recover_70,0,0.51094824,0.9589977670000001,0.97952474,0.990057555,0.886867195,0.51094824,0.0066523319999999995,0.0066523319999999995
