name,effectDays,infectReduct,reduceHosp,reduceIcu,reduceMort,reduceSympt,riskReduct,waneRate,waneRateOut
cur_2,14,0.420058214,0.832593791,0.901711725,0.950239385,0.6789606109999999,0.420058214,0.020900309,0.010326926
cur_2_60,14,0.389006565,0.8138414840000001,0.889675872,0.943775439,0.650228493,0.389006565,0.020900309,0.010326926
cur_2_70,14,0.35882975899999997,0.793509338,0.8763681000000001,0.936527825,0.620362416,0.35882975899999997,0.020900309,0.010326926
cur_3,14,0.45905386600000003,0.8535231040000001,0.914883233,0.957216308,0.7124640520000001,0.45905386600000003,0.015693221,0.005119838
cur_3_60,14,0.427243217,0.8366552820000001,0.9042890920000001,0.95161252,0.685340781,0.427243217,0.015693221,0.005119838
cur_3_70,14,0.3960228,0.8182584159999999,0.8925311029999999,0.945316609,0.656890804,0.3960228,0.015693221,0.005119838
recover,0,0.9250363979999999,0.988216167,0.99357709,0.99690399,0.972722843,0.9250363979999999,0.007736137,0.007736137
recover_60,0,0.8633938959999999,0.983306938,0.99088065,0.995598048,0.961609735,0.8633938959999999,0.007736137,0.007736137
recover_70,0,0.663408424,0.959430848,0.9775903659999999,0.98910719,0.90955462,0.663408424,0.007736137,0.007736137
