name,effectDays,infectReduct,reduceHosp,reduceIcu,reduceMort,reduceSympt,riskReduct,waneRate,waneRateOut
cur_2,14,0.404776256,0.8245788470000001,0.890716453,0.944337675,0.6974285090000001,0.404776256,0.020581889,0.010488608
cur_2_60,14,0.35131202100000003,0.7891831979999999,0.8665052659999999,0.931086889,0.647349373,0.35131202100000003,0.020581889,0.010488608
cur_2_70,14,0.301368107,0.74885116,0.8379280259999999,0.914978133,0.593847495,0.301368107,0.020581889,0.010488608
cur_3,14,0.43013373899999996,0.83915854,0.9004628240000001,0.9495726179999999,0.7189743679999999,0.43013373899999996,0.017152933999999998,0.007059653000000001
cur_3_60,14,0.375432749,0.80601263,0.8781154240000001,0.9374855459999999,0.6707779460000001,0.375432749,0.017152933999999998,0.007059653000000001
cur_3_70,14,0.323771257,0.767953587,0.851597912,0.922748407,0.618737081,0.323771257,0.017152933999999998,0.007059653000000001
recover,0,0.86998057,0.9094097179999999,0.944681372,0.9567265690000001,0.9080837690000001,0.86998057,0.0060878090000000004,0.0060878090000000004
recover_60,0,0.7656392879999999,0.830547367,0.892908523,0.915215091,0.828285081,0.7656392879999999,0.0060878090000000004,0.0060878090000000004
recover_70,0,0.7656392879999999,0.830547367,0.892908523,0.915215091,0.828285081,0.7656392879999999,0.0060878090000000004,0.0060878090000000004
