name,effectDays,infectReduct,reduceHosp,reduceIcu,reduceMort,reduceSympt,riskReduct,waneRate,waneRateOut
cur_2,14,0.42627262200000005,0.834902355,0.9101294940000001,0.954709815,0.640230683,0.42627262200000005,0.021101997,0.014067336000000001
cur_2_60,14,0.38694794299999996,0.811179608,0.895867895,0.947111587,0.601874355,0.38694794299999996,0.021101997,0.014067336000000001
cur_2_70,14,0.349056321,0.7849354190000001,0.879648152,0.938324119,0.5622382570000001,0.349056321,0.021101997,0.014067336000000001
cur_3,14,0.5085389339999999,0.8756658620000001,0.933791936,0.967059317,0.712508758,0.5085389339999999,0.010212101999999999,0.003177442
cur_3_60,14,0.46781322299999994,0.856795738,0.922967522,0.961449276,0.677982449,0.46781322299999994,0.010212101999999999,0.003177442
cur_3_70,14,0.427525184,0.835606845,0.9105473740000001,0.95493067,0.641409079,0.427525184,0.010212101999999999,0.003177442
recover,0,0.88995352,0.937193638,0.9526775040000001,0.9535767709999999,0.874582524,0.88995352,0.005734544,0.005734544
recover_60,0,0.7475357159999999,0.845283729,0.8805381870000001,0.882639437,0.7185629579999999,0.7475357159999999,0.005734544,0.005734544
recover_70,0,0.7475357159999999,0.845283729,0.8805381870000001,0.882639437,0.7185629579999999,0.7475357159999999,0.005734544,0.005734544
