name,effectDays,infectReduct,reduceHosp,reduceIcu,reduceMort,reduceSympt,riskReduct,waneRate,waneRateOut
cur_2,14,0.539280105,0.8871158090000001,0.9470385809999999,0.9738364490000001,0.6732629940000001,0.539280105,0.022184687,0.018194737
cur_2_60,14,0.49132218,0.866395028,0.9365301359999999,0.9684681209999999,0.629674537,0.49132218,0.022184687,0.018194737
cur_2_70,14,0.44354855,0.842559356,0.9241108709999999,0.96204495,0.583889994,0.44354855,0.022184687,0.018194737
cur_3,14,0.598471588,0.909147415,0.957929686,0.979337018,0.7240491179999999,0.598471588,0.014239836,0.010249886
cur_3_60,14,0.5515514420000001,0.891978272,0.949466914,0.9750684209999999,0.6840564159999999,0.5515514420000001,0.014239836,0.010249886
cur_3_70,14,0.503720742,0.872032625,0.939415256,0.969948037,0.641163774,0.503720742,0.014239836,0.010249886
recover,0,0.93445746,0.991689193,0.996330472,0.998233728,0.9690283140000001,0.93445746,0.008914092,0.008914092
recover_60,0,0.903660615,0.9904670870000001,0.995787968,0.997972029,0.964592894,0.903660615,0.008914092,0.008914092
recover_70,0,0.781362587,0.980211838,0.991205958,0.995755796,0.9285118990000001,0.781362587,0.008914092,0.008914092
