name,effectDays,infectReduct,reduceHosp,reduceIcu,reduceMort,reduceSympt,riskReduct,waneRate,waneRateOut
cur_2,14,0.42710699399999996,0.836975197,0.90212819,0.9504615259999999,0.699119155,0.42710699399999996,0.020616901,0.010638895
cur_2_60,14,0.398600296,0.8202815059999999,0.891239198,0.944619877,0.673810554,0.398600296,0.020616901,0.010638895
cur_2_70,14,0.370760259,0.8022790540000001,0.879298705,0.938133058,0.647442124,0.370760259,0.020616901,0.010638895
cur_3,14,0.433251943,0.8403669709999999,0.9043193979999999,0.9516286429999999,0.7043659859999999,0.433251943,0.019792715,0.009814709
cur_3_60,14,0.404624781,0.82394754,0.8936454540000001,0.9459167909999999,0.6792962709999999,0.404624781,0.019792715,0.009814709
cur_3_70,14,0.376627479,0.806225566,0.88193414,0.939572165,0.653143017,0.376627479,0.019792715,0.009814709
recover,0,0.838477655,0.882679683,0.9062155270000001,0.9075148129999999,0.8589446629999999,0.838477655,0.004781472,0.004781472
recover_60,0,0.720295503,0.788688462,0.827392832,0.8295787640000001,0.751295884,0.720295503,0.004781472,0.004781472
recover_70,0,0.720295503,0.788688462,0.827392832,0.8295787640000001,0.751295884,0.720295503,0.004781472,0.004781472
