name,effectDays,infectReduct,reduceHosp,reduceIcu,reduceMort,reduceSympt,riskReduct,waneRate,waneRateOut
cur_2,14,0.530192795,0.883066208,0.94658159,0.973604245,0.648472821,0.530192795,0.020977002999999998,0.013830213999999999
cur_2_60,14,0.484768903,0.862940516,0.936602835,0.9685054679999999,0.6059862570000001,0.484768903,0.020977002999999998,0.013830213999999999
cur_2_70,14,0.43961619399999996,0.839990061,0.924913787,0.9624628209999999,0.561855246,0.43961619399999996,0.020977002999999998,0.013830213999999999
cur_3,14,0.56728627,0.8976756990000001,0.953671904,0.977194213,0.681831717,0.56728627,0.01604979,0.008903002
cur_3_60,14,0.522216896,0.8797219909999999,0.944940605,0.972769502,0.641145844,0.522216896,0.01604979,0.008903002
cur_3_70,14,0.476804044,0.859122829,0.934681648,0.9675175290000001,0.598342666,0.476804044,0.01604979,0.008903002
recover,0,0.9225544170000001,0.9879121129999999,0.9948124840000001,0.997501092,0.952299178,0.9225544170000001,0.006608195999999999,0.006608195999999999
recover_60,0,0.888653922,0.9828784079999999,0.992630835,0.9964461179999999,0.93343459,0.888653922,0.006608195999999999,0.006608195999999999
recover_70,0,0.7552219509999999,0.9584153129999999,0.981844486,0.991194713,0.849167943,0.7552219509999999,0.006608195999999999,0.006608195999999999
