name,effectDays,infectReduct,reduceHosp,reduceIcu,reduceMort,reduceSympt,riskReduct,waneRate,waneRateOut
cur_2,14,0.45984282600000004,0.852227243,0.923471965,0.961712177,0.647191332,0.45984282600000004,0.021003881000000002,0.011296223000000001
cur_2_60,14,0.45828303600000003,0.8514344540000001,0.923026875,0.9614802170000001,0.645755777,0.45828303600000003,0.021003881000000002,0.011296223000000001
cur_2_70,14,0.456674066,0.850612554,0.9225650209999999,0.9612394009999999,0.644271412,0.456674066,0.021003881000000002,0.011296223000000001
cur_3,14,0.517079446,0.8788406879999999,0.938185115,0.969317599,0.6976296679999999,0.517079446,0.013464601000000001,0.003756942
cur_3_60,14,0.515510798,0.878170267,0.937819836,0.9691302359999999,0.6963030379999999,0.515510798,0.013464601000000001,0.003756942
cur_3_70,14,0.5138915070000001,0.8774749909999999,0.937440726,0.9689357009999999,0.6949304159999999,0.5138915070000001,0.013464601000000001,0.003756942
recover,0,0.927005952,0.98805787,0.994256775,0.997232597,0.963392485,0.927005952,0.004877923,0.004877923
recover_60,0,0.874783685,0.983083823,0.991843335,0.996064718,0.9486786140000001,0.874783685,0.004877923,0.004877923
recover_70,0,0.697583142,0.95890195,0.979927619,0.9902552490000001,0.8812547909999999,0.697583142,0.004877923,0.004877923
