name,infectReduct,riskReduct,reduceSympt,reduceHosp,reduceIcu,reduceMort,effectDays,waneRate,waneRateOut
cur_2,0.11203316099999999,0.49250056200000003,0.679178699,0.868035538,0.931941347,0.966104836,14,0.021416667,0.014146667
cur_2_60,0.11203316099999999,0.428101797,0.620200658,0.835359794,0.913512724,0.956495013,14,0.021416667,0.014146667
cur_2_70,0.11203316099999999,0.48310643299999995,0.670931255,0.8636685479999999,0.929517423,0.964851762,14,0.021416667,0.014146667
cur_3,0.11203316099999999,0.46013479700000004,0.650264034,0.852444031,0.923232519,0.961587403,14,0.01439,0.0071200000000000005
cur_3_60,0.11203316099999999,0.515544989,0.698928359,0.878243421,0.937561483,0.968997675,14,0.01439,0.0071200000000000005
cur_3_70,0.11203316099999999,0.450809629,0.641665447,0.8476516390000001,0.920524879,0.960174208,14,0.01439,0.0071200000000000005
recover,0.11203316099999999,0.9282424579999999,0.965775842,0.988682242,0.9945679940000001,0.99737488,0,0.0064,0.0064
recover_60,0.11203316099999999,0.881843022,0.942133045,0.980544915,0.990622311,0.995458744,0,0.0064,0.0064
recover_70,0.11203316099999999,0.719099657,0.8481288359999999,0.945318683,0.9731428809999999,0.9868746820000001,0,0.0064,0.0064
