name,effectDays,infectReduct,reduceHosp,reduceIcu,reduceMort,reduceSympt,riskReduct,waneRate,waneRateOut
cur_2,14,0.439293803,0.8413805790000001,0.917762723,0.95872828,0.6249078889999999,0.439293803,0.01939562,0.011236248999999999
cur_2_60,14,0.40381287200000004,0.820974227,0.906086088,0.952567611,0.590215965,0.40381287200000004,0.01939562,0.011236248999999999
cur_2_70,14,0.369316145,0.798575239,0.892947376,0.945540897,0.5546086929999999,0.369316145,0.01939562,0.011236248999999999
cur_3,14,0.490596972,0.867029811,0.932058102,0.9661651109999999,0.67191182,0.490596972,0.01260947,0.004450099
cur_3_60,14,0.454329912,0.84933233,0.922239248,0.9610694679999999,0.639056239,0.454329912,0.01260947,0.004450099
cur_3_70,14,0.418547327,0.8297455970000001,0.911138763,0.955243055,0.6048515729999999,0.418547327,0.01260947,0.004450099
recover,0,0.956927715,0.9917581120000001,0.9960655559999999,0.9981059529999999,0.9742227090000001,0.956927715,0.004453447,0.004453447
recover_60,0,0.897485475,0.9905460429999999,0.995484065,0.9978253640000001,0.970508534,0.897485475,0.004453447,0.004453447
recover_70,0,0.688815592,0.98037405,0.990574585,0.995449582,0.940081306,0.688815592,0.004453447,0.004453447
