name,effectDays,infectReduct,reduceHosp,reduceIcu,reduceMort,reduceSympt,riskReduct,waneRate,waneRateOut
cur_2,14,0.45244882,0.8489704859999999,0.918778504,0.959260523,0.661705413,0.45244882,0.021046297999999998,0.014765716000000002
cur_2_60,14,0.418598364,0.830447279,0.907888061,0.953523467,0.6302186120000001,0.418598364,0.021046297999999998,0.014765716000000002
cur_2_70,14,0.385500519,0.810162267,0.895704363,0.94702377,0.59758656,0.385500519,0.021046297999999998,0.014765716000000002
cur_3,14,0.475115182,0.86029098,0.9253267390000001,0.962677598,0.681801485,0.475115182,0.018049267,0.011768685
cur_3_60,14,0.440934526,0.842899265,0.9152332990000001,0.957400375,0.651199171,0.440934526,0.018049267,0.011768685
cur_3_70,14,0.407307848,0.8237878820000001,0.90391834,0.951415234,0.619300161,0.407307848,0.018049267,0.011768685
recover,0,0.80806621,0.8808088059999999,0.889776912,0.937025868,0.843046127,0.80806621,0.004335974,0.004335974
recover_60,0,0.620560756,0.74164713,0.758211663,0.8525097209999999,0.676012188,0.620560756,0.004335974,0.004335974
recover_70,0,0.620560756,0.74164713,0.758211663,0.8525097209999999,0.676012188,0.620560756,0.004335974,0.004335974
