name,effectDays,infectReduct,reduceHosp,reduceIcu,reduceMort,reduceSympt,riskReduct,waneRate,waneRateOut
cur_2,14,0.381908032,0.810717734,0.8785168090000001,0.9377052859999999,0.690700839,0.381908032,0.020338843,0.007821531
cur_2_60,14,0.377066419,0.807542364,0.87630529,0.936493363,0.686291167,0.377066419,0.020338843,0.007821531
cur_2_70,14,0.372207577,0.804298533,0.874039665,0.9352486999999999,0.681808926,0.372207577,0.020338843,0.007821531
cur_3,14,0.403321552,0.8241170409999999,0.887780958,0.942749938,0.709552374,0.403321552,0.01738608,0.004868768
cur_3_60,14,0.398383441,0.821116857,0.885716147,0.9416300479999999,0.7052967929999999,0.398383441,0.01738608,0.004868768
cur_3_70,14,0.393423395,0.8180502709999999,0.883599998,0.94047966,0.700967782,0.393423395,0.01738608,0.004868768
recover,0,0.84833632,0.900939568,0.935973411,0.950448155,0.8866996340000001,0.84833632,0.00481398,0.00481398
recover_60,0,0.696965953,0.789013248,0.8573642020000001,0.8874738870000001,0.762917835,0.696965953,0.00481398,0.00481398
recover_70,0,0.696965953,0.789013248,0.8573642020000001,0.8874738870000001,0.762917835,0.696965953,0.00481398,0.00481398
