name,effectDays,infectReduct,reduceHosp,reduceIcu,reduceMort,reduceSympt,riskReduct,waneRate,waneRateOut
cur_2,14,0.465107537,0.8558014740000001,0.920505276,0.960163962,0.689215492,0.465107537,0.02188517,0.016086334
cur_2_60,14,0.435761055,0.8405412459999999,0.9113834740000001,0.9553722579999999,0.6632625839999999,0.435761055,0.02188517,0.016086334
cur_2_70,14,0.406853378,0.823995535,0.9013255440000001,0.950033307,0.6362818889999999,0.406853378,0.02188517,0.016086334
cur_3,14,0.468310609,0.8573823629999999,0.921441915,0.9606533000000002,0.691965347,0.468310609,0.021462067,0.015663231
cur_3_60,14,0.438927867,0.8422586,0.9124173640000001,0.955917754,0.666130834,0.438927867,0.021462067,0.015663231
cur_3_70,14,0.40996274899999996,0.825854166,0.902464222,0.9506406909999999,0.639254959,0.40996274899999996,0.021462067,0.015663231
recover,0,0.9431652209999999,0.988145945,0.99388906,0.997054847,0.968894382,0.9431652209999999,0.008912293,0.008912293
recover_60,0,0.918254685,0.9832079579999999,0.991322446,0.9958122709999999,0.95629159,0.918254685,0.008912293,0.008912293
recover_70,0,0.814071332,0.9591961720000001,0.978662158,0.989634004,0.89779182,0.814071332,0.008912293,0.008912293
