name,effectDays,infectReduct,reduceHosp,reduceIcu,reduceMort,reduceSympt,riskReduct,waneRate,waneRateOut
cur_2,14,0.458965778,0.8530941809999999,0.916828595,0.9582383040000001,0.698024599,0.458965778,0.020093264,0.014993854
cur_2_60,14,0.41483976200000006,0.829146692,0.902078061,0.950434793,0.658905886,0.41483976200000006,0.020093264,0.014993854
cur_2_70,14,0.372057815,0.80221345,0.8850477720000001,0.941266994,0.6175156860000001,0.372057815,0.020093264,0.014993854
cur_3,14,0.49779828600000003,0.8715550059999999,0.9279566440000001,0.964043166,0.729800129,0.49779828600000003,0.01497436,0.00987495
cur_3_60,14,0.453065234,0.8500880390000001,0.914996702,0.957275979,0.692987235,0.453065234,0.01497436,0.00987495
cur_3_70,14,0.409097173,0.825762267,0.899964029,0.9493060640000001,0.6535582120000001,0.409097173,0.01497436,0.00987495
recover,0,0.7916310999999999,0.864398517,0.872895862,0.9196879990000001,0.85230875,0.7916310999999999,0.003795452,0.003795452
recover_60,0,0.6534386839999999,0.7598244140000001,0.773155079,0.850371648,0.741202585,0.6534386839999999,0.003795452,0.003795452
recover_70,0,0.6534386839999999,0.7598244140000001,0.773155079,0.850371648,0.741202585,0.6534386839999999,0.003795452,0.003795452
