name,effectDays,infectReduct,reduceHosp,reduceIcu,reduceMort,reduceSympt,riskReduct,waneRate,waneRateOut
cur_2,14,0.511207256,0.875793319,0.9391376840000001,0.9698058559999999,0.6691594479999999,0.511207256,0.02035148,0.013057222
cur_2_60,14,0.49184785799999997,0.8671204920000001,0.9345574179999999,0.967453575,0.6517948020000001,0.49184785799999997,0.02035148,0.013057222
cur_2_70,14,0.472491593,0.857929899,0.92965269,0.964921777,0.6339974070000001,0.472491593,0.02035148,0.013057222
cur_3,14,0.5073587270000001,0.874108454,0.9382515029999999,0.9693516440000001,0.665741392,0.5073587270000001,0.020857765,0.013563506999999999
cur_3_60,14,0.487999566,0.865336069,0.93360926,0.966965183,0.648291638,0.487999566,0.020857765,0.013563506999999999
cur_3_70,14,0.468655072,0.856042547,0.928638897,0.96439679,0.630416716,0.468655072,0.020857765,0.013563506999999999
recover,0,0.8889757559999999,0.928401745,0.9488840820000001,0.946822776,0.917433802,0.8889757559999999,0.006484439,0.006484439
recover_60,0,0.8123766859999999,0.875184744,0.909405463,0.905910001,0.857317508,0.8123766859999999,0.006484439,0.006484439
recover_70,0,0.8123766859999999,0.875184744,0.909405463,0.905910001,0.857317508,0.8123766859999999,0.006484439,0.006484439
