name,effectDays,infectReduct,reduceHosp,reduceIcu,reduceMort,reduceSympt,riskReduct,waneRate,waneRateOut
cur_2,14,0.526516955,0.883079072,0.939117153,0.969795338,0.7175375890000001,0.526516955,0.020639468,0.014124162
cur_2_60,14,0.503867793,0.8733844959999999,0.9337202720000001,0.96702239,0.698798699,0.503867793,0.020639468,0.014124162
cur_2_70,14,0.48118682100000004,0.863003242,0.9278774609999999,0.964002107,0.679358253,0.48118682100000004,0.020639468,0.014124162
cur_3,14,0.50469344,0.8737492859999999,0.933924381,0.967127555,0.699493418,0.50469344,0.023512667,0.01699736
cur_3_60,14,0.48202733700000006,0.8634007859999999,0.928102433,0.9641187529999999,0.6800911629999999,0.48202733700000006,0.023512667,0.01699736
cur_3_70,14,0.45941911399999996,0.8523393570000001,0.921805861,0.9608433059999999,0.660030702,0.45941911399999996,0.023512667,0.01699736
recover,0,0.9187464040000001,0.941848465,0.958286475,0.9700188679999999,0.9365325859999999,0.9187464040000001,0.0074898,0.0074898
recover_60,0,0.8406881009999999,0.883161339,0.9146860640000001,0.9378867009999999,0.873202865,0.8406881009999999,0.0074898,0.0074898
recover_70,0,0.8406881009999999,0.883161339,0.9146860640000001,0.9378867009999999,0.873202865,0.8406881009999999,0.0074898,0.0074898
