name,effectDays,infectReduct,reduceHosp,reduceIcu,reduceMort,reduceSympt,riskReduct,waneRate,waneRateOut
cur_2,14,0.47094156299999995,0.8558087790000001,0.935077755,0.967721387,0.572973573,0.47094156299999995,0.02007384,0.016579706
cur_2_60,14,0.435611199,0.8373005170000001,0.92586296,0.9629563440000001,0.537769238,0.435611199,0.02007384,0.016579706
cur_2_70,14,0.40092780200000006,0.8169278940000001,0.9154601240000001,0.9575196029999999,0.50218944,0.40092780200000006,0.02007384,0.016579706
cur_3,14,0.579455974,0.9018376709999999,0.957071606,0.978905954,0.6750025390000001,0.579455974,0.005709827,0.002215694
cur_3_60,14,0.544361077,0.888467655,0.950814323,0.975750628,0.642968261,0.544361077,0.005709827,0.002215694
cur_3_70,14,0.508825242,0.8735342840000001,0.943699739,0.9721373190000001,0.609607628,0.508825242,0.005709827,0.002215694
recover,0,0.8487772240000001,0.903115467,0.933163779,0.9083773629999999,0.882919077,0.8487772240000001,0.005561658000000001,0.005561658000000001
recover_60,0,0.7806038959999999,0.85526129,0.89848304,0.8627271479999999,0.827000214,0.7806038959999999,0.005561658000000001,0.005561658000000001
recover_70,0,0.7806038959999999,0.85526129,0.89848304,0.8627271479999999,0.827000214,0.7806038959999999,0.005561658000000001,0.005561658000000001
