name,effectDays,infectReduct,reduceHosp,reduceIcu,reduceMort,reduceSympt,riskReduct,waneRate,waneRateOut
cur_2,14,0.616625282,0.914823725,0.96255255,0.981652608,0.7148576329999999,0.616625282,0.021316971,0.016267281
cur_2_60,14,0.602556145,0.910102492,0.9603622490000001,0.980556903,0.702655088,0.602556145,0.021316971,0.016267281
cur_2_70,14,0.5882874810000001,0.9051368000000001,0.958044786,0.9793948090000001,0.690132025,0.5882874810000001,0.021316971,0.016267281
cur_3,14,0.562876,0.8958184090000001,0.9536574440000001,0.9771869190000001,0.667453193,0.562876,0.028628955,0.023579265
cur_3_60,14,0.548279356,0.8901702029999999,0.950973368,0.97583109,0.6542033110000001,0.548279356,0.028628955,0.023579265
cur_3_70,14,0.533570476,0.884243544,0.948136619,0.974393915,0.640683145,0.533570476,0.028628955,0.023579265
recover,0,0.8390328709999999,0.8922379859999999,0.927603967,0.909708173,0.8805886820000001,0.8390328709999999,0.004644761,0.004644761
recover_60,0,0.71218912,0.797185861,0.858810285,0.8270792459999999,0.777819925,0.71218912,0.004644761,0.004644761
recover_70,0,0.71218912,0.797185861,0.858810285,0.8270792459999999,0.777819925,0.71218912,0.004644761,0.004644761
