name,effectDays,infectReduct,reduceHosp,reduceIcu,reduceMort,reduceSympt,riskReduct,waneRate,waneRateOut
cur_2,14,0.49835574,0.870593665,0.933879213,0.967104285,0.6798455840000001,0.49835574,0.020603313,0.015306945
cur_2_60,14,0.465642943,0.855096948,0.9253109159999999,0.96266937,0.650671959,0.465642943,0.020603313,0.015306945
cur_2_70,14,0.433223535,0.838089874,0.915732641,0.95766281,0.620325064,0.433223535,0.020603313,0.015306945
cur_3,14,0.497954611,0.87041279,0.933780065,0.9670532009999999,0.679496247,0.497954611,0.020656065,0.015359697
cur_3_60,14,0.465243725,0.854898023,0.92519995,0.962611665,0.650307163,0.465243725,0.020656065,0.015359697
cur_3_70,14,0.432829598,0.8378720279999999,0.915608742,0.957597707,0.619947088,0.432829598,0.020656065,0.015359697
recover,0,0.8440448009999999,0.9028015159999999,0.926773139,0.934957127,0.875548413,0.8440448009999999,0.004621857,0.004621857
recover_60,0,0.724621705,0.818707447,0.8602074040000001,0.874826106,0.773783714,0.724621705,0.004621857,0.004621857
recover_70,0,0.724621705,0.818707447,0.8602074040000001,0.874826106,0.773783714,0.724621705,0.004621857,0.004621857
