name,effectDays,infectReduct,reduceHosp,reduceIcu,reduceMort,reduceSympt,riskReduct,waneRate,waneRateOut
cur_2,14,0.5100195279999999,0.876060362,0.935324413,0.967848288,0.703049713,0.5100195279999999,0.020792698999999998,0.011850221000000001
cur_2_60,14,0.46596315200000005,0.8555978790000001,0.923795336,0.9618806329999999,0.664947555,0.46596315200000005,0.020792698999999998,0.011850221000000001
cur_2_70,14,0.42244999299999997,0.8324139509999999,0.910414148,0.9548602690000001,0.624585019,0.42244999299999997,0.020792698999999998,0.011850221000000001
cur_3,14,0.475683794,0.860351833,0.926496997,0.9632857290000001,0.6735834940000001,0.475683794,0.025310784,0.016368306000000003
cur_3_60,14,0.431978519,0.837776112,0.9135398020000001,0.956509275,0.633670525,0.431978519,0.025310784,0.016368306000000003
cur_3_70,14,0.389325329,0.812358393,0.898555544,0.94855259,0.591852866,0.389325329,0.025310784,0.016368306000000003
recover,0,0.831657625,0.8848688159999999,0.9332411140000001,0.9421979070000001,0.8637139490000001,0.831657625,0.004744975,0.004744975
recover_60,0,0.7580988000000001,0.829802832,0.8986614540000001,0.911819299,0.800807514,0.7580988000000001,0.004744975,0.004744975
recover_70,0,0.7580988000000001,0.829802832,0.8986614540000001,0.911819299,0.800807514,0.7580988000000001,0.004744975,0.004744975
