name,effectDays,infectReduct,reduceHosp,reduceIcu,reduceMort,reduceSympt,riskReduct,waneRate,waneRateOut
cur_2,14,0.549135424,0.890709897,0.9503243029999999,0.975502639,0.665457906,0.549135424,0.020261343,0.014439434
cur_2_60,14,0.5199025629999999,0.878733089,0.9444732109999999,0.972531478,0.63880631,0.5199025629999999,0.020261343,0.014439434
cur_2_70,14,0.490527779,0.86563943,0.937976758,0.969210735,0.611267016,0.490527779,0.020261343,0.014439434
cur_3,14,0.561603116,0.895529052,0.952654485,0.97668074,0.676603297,0.561603116,0.018601309,0.0127794
cur_3_60,14,0.532490414,0.8840115909999999,0.947062567,0.9738486340000001,0.6503731079999999,0.532490414,0.018601309,0.0127794
cur_3_70,14,0.503149781,0.8714044670000001,0.9408500870000001,0.9706823259999999,0.623195525,0.503149781,0.018601309,0.0127794
recover,0,0.891067864,0.939110705,0.9309359559999999,0.943607968,0.9061640329999999,0.891067864,0.005807803,0.005807803
recover_60,0,0.778335718,0.868775418,0.8526394759999999,0.8777915940000001,0.805647151,0.778335718,0.005807803,0.005807803
recover_70,0,0.778335718,0.868775418,0.8526394759999999,0.8777915940000001,0.805647151,0.778335718,0.005807803,0.005807803
