name,effectDays,infectReduct,reduceHosp,reduceIcu,reduceMort,reduceSympt,riskReduct,waneRate,waneRateOut
cur_2,14,0.46695069200000006,0.856047722,0.9242624420000001,0.9621238609999999,0.664215482,0.46695069200000006,0.020035525,0.012340553999999998
cur_2_60,14,0.432882046,0.8382321090000001,0.914041401,0.9567733820000001,0.632841231,0.432882046,0.020035525,0.012340553999999998
cur_2_70,14,0.399439541,0.818680561,0.902587512,0.950706409,0.600302656,0.399439541,0.020035525,0.012340553999999998
cur_3,14,0.508652373,0.875430011,0.9351557640000001,0.967761525,0.700386745,0.508652373,0.014545009,0.006850038
cur_3_60,14,0.47424809999999995,0.859619797,0.9262875709999999,0.963176956,0.670716709,0.47424809999999995,0.014545009,0.006850038
cur_3_70,14,0.440089781,0.842166472,0.916316073,0.95796926,0.6396233020000001,0.440089781,0.014545009,0.006850038
recover,0,0.906786845,0.9279349109999999,0.9500633390000001,0.95443286,0.928013118,0.906786845,0.00664163,0.00664163
recover_60,0,0.841204563,0.875183768,0.911973477,0.9193931320000001,0.8753115290000001,0.841204563,0.00664163,0.00664163
recover_70,0,0.841204563,0.875183768,0.911973477,0.9193931320000001,0.8753115290000001,0.841204563,0.00664163,0.00664163
