name,effectDays,infectReduct,reduceHosp,reduceIcu,reduceMort,reduceSympt,riskReduct,waneRate,waneRateOut
cur_2,14,0.455798618,0.850451187,0.920952632,0.96039774,0.655038629,0.455798618,0.02145969,0.012483049
cur_2_60,14,0.43832651200000006,0.841236324,0.9156510520000001,0.95761994,0.638895483,0.43832651200000006,0.02145969,0.012483049
cur_2_70,14,0.420982518,0.831552609,0.910020745,0.954652322,0.62240967,0.420982518,0.02145969,0.012483049
cur_3,14,0.534519339,0.8863219370000001,0.941084403,0.970802132,0.7224861490000001,0.534519339,0.01108493,0.002108288
cur_3_60,14,0.5168958220000001,0.879002885,0.937040724,0.96873036,0.708092772,0.5168958220000001,0.01108493,0.002108288
cur_3_70,14,0.499206069,0.871270223,0.932733293,0.966513532,0.693249302,0.499206069,0.01108493,0.002108288
recover,0,0.9487732520000001,0.988084502,0.9941482490000001,0.9971801440000001,0.965143794,0.9487732520000001,0.004287965,0.004287965
recover_60,0,0.921299918,0.983121357,0.9916895859999999,0.995990218,0.9510981059999999,0.921299918,0.004287965,0.004287965
recover_70,0,0.8120106509999999,0.958990902,0.979553894,0.990071864,0.886472525,0.8120106509999999,0.004287965,0.004287965
