name,effectDays,infectReduct,reduceHosp,reduceIcu,reduceMort,reduceSympt,riskReduct,waneRate,waneRateOut
cur_2,14,0.63606886,0.9205484979999999,0.967403245,0.984070153,0.698129972,0.63606886,0.020542601,0.020380049
cur_2_60,14,0.6168665560000001,0.914334798,0.964713472,0.982731127,0.680557703,0.6168665560000001,0.020542601,0.020380049
cur_2_70,14,0.597273807,0.90767735,0.96180765,0.981280255,0.662439688,0.597273807,0.020542601,0.020380049
cur_3,14,0.64272286,0.922633812,0.968301138,0.9845162959999999,0.7041769959999999,0.64272286,0.019593789,0.019431237
cur_3_60,14,0.623663919,0.916568418,0.9656828279999999,0.9832141320000001,0.686798812,0.623663919,0.019593789,0.019431237
cur_3_70,14,0.604195739,0.9100674809999999,0.962853758,0.98180309,0.6688625429999999,0.604195739,0.019593789,0.019431237
recover,0,0.825318518,0.8850488879999999,0.8940709929999999,0.935673085,0.860346941,0.825318518,0.004132451,0.004132451
recover_60,0,0.692389804,0.7857754809999999,0.800835842,0.8738898429999999,0.745866149,0.692389804,0.004132451,0.004132451
recover_70,0,0.692389804,0.7857754809999999,0.800835842,0.8738898429999999,0.745866149,0.692389804,0.004132451,0.004132451
