name,effectDays,infectReduct,reduceHosp,reduceIcu,reduceMort,reduceSympt,riskReduct,waneRate,waneRateOut
cur_2,14,0.488941284,0.866802558,0.929124527,0.964648342,0.6931685890000001,0.488941284,0.021309372000000004,0.013226337
cur_2_60,14,0.447707229,0.8464834109999999,0.9174066479999999,0.958541568,0.656847766,0.447707229,0.021309372000000004,0.013226337
cur_2_70,14,0.407194134,0.8237035640000001,0.9039568020000001,0.9514357040000001,0.61860703,0.407194134,0.021309372000000004,0.013226337
cur_3,14,0.474367132,0.859916824,0.925182485,0.962602582,0.68061411,0.474367132,0.023228692999999998,0.015145658999999999
cur_3_60,14,0.43332003700000005,0.8387426809999999,0.912873981,0.956158477,0.643571332,0.43332003700000005,0.023228692999999998,0.015145658999999999
cur_3_70,14,0.39318200799999997,0.815065155,0.898767465,0.948666032,0.604741379,0.39318200799999997,0.023228692999999998,0.015145658999999999
recover,0,0.9380327340000001,0.988105773,0.994059928,0.997137451,0.966486945,0.9380327340000001,0.011725402,0.011725402
recover_60,0,0.892232987,0.983151338,0.99156447,0.9959295840000001,0.9529561129999999,0.892232987,0.011725402,0.011725402
recover_70,0,0.731258558,0.959061959,0.9792498959999999,0.9899226409999999,0.8905032690000001,0.731258558,0.011725402,0.011725402
