name,effectDays,infectReduct,reduceHosp,reduceIcu,reduceMort,reduceSympt,riskReduct,waneRate,waneRateOut
cur_2,14,0.496397904,0.8689273959999999,0.9368701690000001,0.9686427790000001,0.6434728710000001,0.496397904,0.021630326000000002,0.013914367
cur_2_60,14,0.44507690200000005,0.843609595,0.9235210090000001,0.96173773,0.594908756,0.44507690200000005,0.021630326000000002,0.013914367
cur_2_70,14,0.39493093799999995,0.8144645770000001,0.9076378540000001,0.953390858,0.5444440079999999,0.39493093799999995,0.021630326000000002,0.013914367
cur_3,14,0.558872946,0.8949664140000001,0.950185407,0.9754323229999999,0.698774175,0.558872946,0.013378342,0.005662383000000001
cur_3_60,14,0.507603262,0.873948644,0.939469918,0.969976031,0.65368879,0.507603262,0.013378342,0.005662383000000001
cur_3_70,14,0.45620406399999996,0.8494486109999999,0.9266359059999999,0.9633578629999999,0.605693206,0.45620406399999996,0.013378342,0.005662383000000001
recover,0,0.934770123,0.987972185,0.994591045,0.9973941209999999,0.957196713,0.934770123,0.009772784,0.009772784
recover_60,0,0.87745137,0.9829630640000001,0.992316988,0.9962941540000001,0.940147255,0.87745137,0.009772784,0.009772784
recover_70,0,0.686416316,0.958615832,0.9810800129999999,0.990820268,0.8631323190000001,0.686416316,0.009772784,0.009772784
