name,effectDays,infectReduct,reduceHosp,reduceIcu,reduceMort,reduceSympt,riskReduct,waneRate,waneRateOut
cur_2,14,0.675247888,0.93230919,0.9726315529999999,0.9866620540000001,0.72996327,0.675247888,0.021851667999999998,0.021674281
cur_2_60,14,0.631817917,0.919140062,0.96702965,0.9838843970000001,0.690496641,0.631817917,0.021851667999999998,0.021674281
cur_2_70,14,0.586164286,0.9036824440000001,0.9603317570000001,0.980541632,0.6480661529999999,0.586164286,0.021851667999999998,0.021674281
cur_3,14,0.644206627,0.923038507,0.968697858,0.9847132829999999,0.701842657,0.644206627,0.026400106,0.02622272
cur_3_60,14,0.599090104,0.908243292,0.962321978,0.981537384,0.660179411,0.599090104,0.026400106,0.02622272
cur_3_70,14,0.552254179,0.8909497340000001,0.954712515,0.977718816,0.615904625,0.552254179,0.026400106,0.02622272
recover,0,0.9270123920000001,0.987789969,0.995232303,0.997703827,0.940751267,0.9270123920000001,0.003385182,0.003385182
recover_60,0,0.892499127,0.98270629,0.99322601,0.996734163,0.91771436,0.892499127,0.003385182,0.003385182
recover_70,0,0.7588538490000001,0.958007782,0.983296165,0.99190493,0.8174392709999999,0.7588538490000001,0.003385182,0.003385182
