name,effectDays,infectReduct,reduceHosp,reduceIcu,reduceMort,reduceSympt,riskReduct,waneRate,waneRateOut
cur_2,14,0.46079183,0.8537274840000001,0.91882178,0.959283186,0.68863666,0.46079183,0.020845749,0.013701561999999999
cur_2_60,14,0.44696511,0.846622848,0.914562443,0.9570475740000001,0.676551363,0.44696511,0.020845749,0.013701561999999999
cur_2_70,14,0.43319029600000003,0.8392218220000001,0.9100916109999999,0.9546897870000001,0.6641987770000001,0.43319029600000003,0.020845749,0.013701561999999999
cur_3,14,0.464688235,0.8556738159999999,0.9199831359999999,0.9598909590000001,0.691987175,0.464688235,0.020330481,0.013186294
cur_3_60,14,0.450842356,0.848646957,0.915779149,0.957687246,0.679971489,0.450842356,0.020330481,0.013186294
cur_3_70,14,0.43704248,0.841325296,0.911365815,0.955362935,0.667685361,0.43704248,0.020330481,0.013186294
recover,0,0.931253445,0.991829173,0.9957698779999999,0.997963299,0.9787224040000001,0.931253445,0.007676491,0.007676491
recover_60,0,0.824472195,0.9906274559999999,0.995144899,0.997661626,0.9756403659999999,0.824472195,0.007676491,0.007676491
recover_70,0,0.517397683,0.9805413390000001,0.9898704490000001,0.99510784,0.9502363140000001,0.517397683,0.007676491,0.007676491
