name,effectDays,infectReduct,reduceHosp,reduceIcu,reduceMort,reduceSympt,riskReduct,waneRate,waneRateOut
cur_2,14,0.5320587139999999,0.885235243,0.940930877,0.9707236370000001,0.716611507,0.5320587139999999,0.021878138999999998,0.012719359
cur_2_60,14,0.494198986,0.868909706,0.9319188409999999,0.966093216,0.684838755,0.494198986,0.021878138999999998,0.012719359
cur_2_70,14,0.45641449799999995,0.850658145,0.9216489259999999,0.960761383,0.65124551,0.45641449799999995,0.021878138999999998,0.012719359
cur_3,14,0.465182851,0.8550862509999999,0.924159763,0.9620704059999999,0.659217654,0.465182851,0.030685987,0.021527207000000003
cur_3_60,14,0.427732027,0.835270032,0.912826055,0.9561332159999999,0.624382928,0.427732027,0.030685987,0.021527207000000003
cur_3_70,14,0.391099945,0.8133409890000001,0.8999851259999999,0.949317341,0.58822032,0.391099945,0.030685987,0.021527207000000003
recover,0,0.809322874,0.880410996,0.8714827209999999,0.910187683,0.856416438,0.809322874,0.00426415,0.00426415
recover_60,0,0.627272707,0.7448337829999999,0.728900366,0.800727375,0.7028189029999999,0.627272707,0.00426415,0.00426415
recover_70,0,0.627272707,0.7448337829999999,0.728900366,0.800727375,0.7028189029999999,0.627272707,0.00426415,0.00426415
