name,effectDays,infectReduct,reduceHosp,reduceIcu,reduceMort,reduceSympt,riskReduct,waneRate,waneRateOut
cur_2,14,0.633527858,0.91930151,0.968603978,0.984666675,0.6666717120000001,0.633527858,0.020362866,0.01806997
cur_2_60,14,0.585012798,0.9028147879999999,0.9617708979999999,0.9812618759999999,0.619911937,0.585012798,0.020362866,0.01806997
cur_2_70,14,0.534821453,0.883399552,0.9535273809999999,0.977121309,0.570845126,0.534821453,0.020362866,0.01806997
cur_3,14,0.68129293,0.9337165559999999,0.974456902,0.987563599,0.712080158,0.68129293,0.013381875,0.011088978999999999
cur_3_60,14,0.635462703,0.9199182890000001,0.968856704,0.984792133,0.668523127,0.635462703,0.013381875,0.011088978999999999
cur_3_70,14,0.5870661620000001,0.903554902,0.96208089,0.981416873,0.621904224,0.5870661620000001,0.013381875,0.011088978999999999
recover,0,0.896638649,0.987727292,0.995432944,0.997800688,0.933906399,0.896638649,0.011240445,0.011240445
recover_60,0,0.86620497,0.9826179759999999,0.9935105329999999,0.9968717990000001,0.908467039,0.86620497,0.011240445,0.011240445
recover_70,0,0.731790356,0.9577987570000001,0.983991043,0.992244509,0.799386378,0.731790356,0.011240445,0.011240445
