name,effectDays,infectReduct,reduceHosp,reduceIcu,reduceMort,reduceSympt,riskReduct,waneRate,waneRateOut
cur_2,14,0.46883035,0.85788526,0.920360761,0.960088417,0.702058893,0.46883035,0.022449157,0.013925176000000001
cur_2_60,14,0.433021009,0.83931499,0.9090891059999999,0.954159518,0.670936981,0.433021009,0.022449157,0.013925176000000001
cur_2_70,14,0.397903739,0.818834182,0.896403961,0.947399342,0.638244927,0.397903739,0.022449157,0.013925176000000001
cur_3,14,0.459853323,0.853427816,0.9176748229999999,0.9586821959999999,0.69445468,0.459853323,0.023635765,0.015111784
cur_3_60,14,0.424182089,0.83438753,0.906061819,0.952554725,0.662919831,0.424182089,0.023635765,0.015111784
cur_3_70,14,0.38928946799999997,0.8134182879999999,0.89300398,0.945571387,0.629870676,0.38928946799999997,0.023635765,0.015111784
recover,0,0.907116237,0.938688968,0.9620550590000001,0.950665364,0.921935763,0.907116237,0.0065685809999999996,0.0065685809999999996
recover_60,0,0.7877831609999999,0.853362008,0.90599008,0.8798730229999999,0.817818362,0.7877831609999999,0.0065685809999999996,0.0065685809999999996
recover_70,0,0.7877831609999999,0.853362008,0.90599008,0.8798730229999999,0.817818362,0.7877831609999999,0.0065685809999999996,0.0065685809999999996
