name,effectDays,infectReduct,reduceHosp,reduceIcu,reduceMort,reduceSympt,riskReduct,waneRate,waneRateOut
cur_2,14,0.399147074,0.82041289,0.892574898,0.945340211,0.667411423,0.399147074,0.021033088,0.012076265
cur_2_60,14,0.369253334,0.801030302,0.879839952,0.938428954,0.638786098,0.369253334,0.021033088,0.012076265
cur_2_70,14,0.34032909299999997,0.7801154990000001,0.865821616,0.930707525,0.60913857,0.34032909299999997,0.021033088,0.012076265
cur_3,14,0.42407583,0.8350850740000001,0.9020553240000001,0.950422667,0.689858311,0.42407583,0.017648216,0.008691394
cur_3_60,14,0.393537905,0.816932682,0.890306136,0.9441160540000001,0.662187079,0.393537905,0.017648216,0.008691394
cur_3_70,14,0.36380861299999995,0.797266402,0.8773385990000001,0.937059992,0.63335783,0.36380861299999995,0.017648216,0.008691394
recover,0,0.884344059,0.932133593,0.9579084259999999,0.9494976559999999,0.907913627,0.884344059,0.005900903000000001,0.005900903000000001
recover_60,0,0.767184208,0.855472969,0.907472518,0.890139447,0.809486223,0.767184208,0.005900903000000001,0.005900903000000001
recover_70,0,0.767184208,0.855472969,0.907472518,0.890139447,0.809486223,0.767184208,0.005900903000000001,0.005900903000000001
