name,effectDays,infectReduct,reduceHosp,reduceIcu,reduceMort,reduceSympt,riskReduct,waneRate,waneRateOut
cur_2,14,0.50883787,0.875082105,0.937156702,0.9687899059999999,0.681676561,0.50883787,0.021321282,0.014012432
cur_2_60,14,0.500295641,0.871298453,0.935113821,0.967739945,0.6742157320000001,0.500295641,0.021321282,0.014012432
cur_2_70,14,0.49171425,0.8673996190000001,0.932999527,0.966650848,0.666630877,0.49171425,0.021321282,0.014012432
cur_3,14,0.53108182,0.8845042590000001,0.942205993,0.971375187,0.700697178,0.53108182,0.018390893999999998,0.011082044
cur_3_60,14,0.522563465,0.880967175,0.9403167990000001,0.9704095420000001,0.693481694,0.522563465,0.018390893999999998,0.011082044
cur_3_70,14,0.513992996,0.877320001,0.938360867,0.969407722,0.6861365770000001,0.513992996,0.018390893999999998,0.011082044
recover,0,0.94242228,0.988036056,0.9943440029999999,0.997274752,0.9618982340000001,0.94242228,0.010605202,0.010605202
recover_60,0,0.9062342090000001,0.983053079,0.991966923,0.996124595,0.94661705,0.9062342090000001,0.010605202,0.010605202
recover_70,0,0.771542513,0.9588290970000001,0.980228152,0.9904026659999999,0.876836453,0.771542513,0.010605202,0.010605202
