name,effectDays,infectReduct,reduceHosp,reduceIcu,reduceMort,reduceSympt,riskReduct,waneRate,waneRateOut
cur_2,14,0.46034626799999995,0.8537342059999999,0.9175305659999999,0.958606554,0.6970992579999999,0.46034626799999995,0.022474213,0.014810648000000001
cur_2_60,14,0.44820442899999996,0.847511468,0.9137477740000001,0.956618795,0.686658447,0.44820442899999996,0.022474213,0.014810648000000001
cur_2_70,14,0.436091605,0.8410556490000001,0.909797705,0.954534388,0.675996128,0.436091605,0.022474213,0.014810648000000001
cur_3,14,0.46283773100000003,0.8549816179999999,0.918285974,0.9590025240000001,0.69921187,0.46283773100000003,0.022144623999999998,0.014481058
cur_3_60,14,0.45068505799999997,0.848802552,0.9145346040000001,0.957032928,0.6888113709999999,0.45068505799999997,0.022144623999999998,0.014481058
cur_3_70,14,0.43855847600000003,0.842391227,0.9106170440000001,0.954967482,0.678187978,0.43855847600000003,0.022144623999999998,0.014481058
recover,0,0.931908217,0.988175177,0.993761285,0.9969930659999999,0.9705448040000001,0.931908217,0.0054023759999999995,0.0054023759999999995
recover_60,0,0.910643915,0.9832491609999999,0.9911414829999999,0.995724536,0.958582115,0.910643915,0.0054023759999999995,0.0054023759999999995
recover_70,0,0.8108646829999999,0.959293855,0.978222975,0.989418206,0.9028365209999999,0.8108646829999999,0.0054023759999999995,0.0054023759999999995
