name,effectDays,infectReduct,reduceHosp,reduceIcu,reduceMort,reduceSympt,riskReduct,waneRate,waneRateOut
cur_2,14,0.45105928799999995,0.849005273,0.9146077990000001,0.957071434,0.689467578,0.45105928799999995,0.021563892999999997,0.014978628
cur_2_60,14,0.40001438,0.820215314,0.8968058309999999,0.9476149509999999,0.643047946,0.40001438,0.021563892999999997,0.014978628
cur_2_70,14,0.351081324,0.7873328159999999,0.8758106729999999,0.936221903,0.593808825,0.351081324,0.021563892999999997,0.014978628
cur_3,14,0.482080306,0.8643034340000001,0.9238554929999999,0.961911964,0.7155132670000001,0.482080306,0.017464753,0.010879488
cur_3_60,14,0.430276524,0.837873346,0.907787045,0.9534699329999999,0.671129925,0.430276524,0.017464753,0.010879488
cur_3_70,14,0.37998607100000004,0.807462362,0.888748894,0.9432740390000001,0.623496466,0.37998607100000004,0.017464753,0.010879488
recover,0,0.843917224,0.904710283,0.9278794779999999,0.948767452,0.881832167,0.843917224,0.004685023,0.004685023
recover_60,0,0.7242150079999999,0.821785524,0.862042875,0.8999426509999999,0.783756731,0.7242150079999999,0.004685023,0.004685023
recover_70,0,0.7242150079999999,0.821785524,0.862042875,0.8999426509999999,0.783756731,0.7242150079999999,0.004685023,0.004685023
