name,effectDays,infectReduct,reduceHosp,reduceIcu,reduceMort,reduceSympt,riskReduct,waneRate,waneRateOut
cur_2,14,0.606888832,0.9117202959999999,0.960477912,0.980614827,0.7148025,0.606888832,0.019761003,0.019581576
cur_2_60,14,0.570474024,0.898835783,0.954353338,0.97753781,0.6831652840000001,0.570474024,0.019761003,0.019581576
cur_2_70,14,0.533288526,0.884312835,0.947333392,0.9739861870000001,0.649745914,0.533288526,0.019761003,0.019581576
cur_3,14,0.56405043,0.896431339,0.953199716,0.976955977,0.677474184,0.56405043,0.025568217,0.02538879
cur_3_60,14,0.526761731,0.88160516,0.94601067,0.973313993,0.643759809,0.526761731,0.025568217,0.02538879
cur_3_70,14,0.48918050700000004,0.86498019,0.9377913459999999,0.96911562,0.608565521,0.48918050700000004,0.025568217,0.02538879
recover,0,0.8813220490000001,0.927215571,0.933772059,0.951025874,0.91830269,0.8813220490000001,0.006245513,0.006245513
recover_60,0,0.7744331790000001,0.854853856,0.866993708,0.899777475,0.838622097,0.7744331790000001,0.006245513,0.006245513
recover_70,0,0.7744331790000001,0.854853856,0.866993708,0.899777475,0.838622097,0.7744331790000001,0.006245513,0.006245513
