name,effectDays,infectReduct,reduceHosp,reduceIcu,reduceMort,reduceSympt,riskReduct,waneRate,waneRateOut
cur_2,14,0.46316462399999997,0.854231627,0.92285989,0.961393162,0.663620624,0.46316462399999997,0.021097553999999998,0.01344897
cur_2_60,14,0.440150618,0.842273417,0.915977884,0.957791649,0.642568376,0.440150618,0.021097553999999998,0.01344897
cur_2_70,14,0.41737642399999997,0.829521472,0.908537755,0.9538676359999999,0.620936987,0.41737642399999997,0.021097553999999998,0.01344897
cur_3,14,0.484303007,0.864477059,0.9286844329999999,0.964420383,0.68228037,0.484303007,0.018309598,0.010661014
cur_3_60,14,0.461140903,0.853214916,0.9222782979999999,0.96108984,0.661800787,0.461140903,0.018309598,0.010661014
cur_3_70,14,0.438130581,0.8411807729999999,0.915344507,0.9574588340000001,0.640682468,0.438130581,0.018309598,0.010661014
recover,0,0.94052065,0.9917844509999999,0.995958734,0.99805442,0.97598491,0.94052065,0.008667662,0.008667662
recover_60,0,0.8760792540000001,0.990576219,0.995361528,0.9977662140000001,0.972517482,0.8760792540000001,0.008667662,0.008667662
recover_70,0,0.664145289,0.9804360540000001,0.990320128,0.995326114,0.944043442,0.664145289,0.008667662,0.008667662
