name,effectDays,infectReduct,reduceHosp,reduceIcu,reduceMort,reduceSympt,riskReduct,waneRate,waneRateOut
cur_2,14,0.58356284,0.903795135,0.9558889509999999,0.978311192,0.704757434,0.58356284,0.021584307999999996,0.017513613
cur_2_60,14,0.53940883,0.887021249,0.947672049,0.9741581359999999,0.666101009,0.53940883,0.021584307999999996,0.017513613
cur_2_70,14,0.494647794,0.867759983,0.938028471,0.969237261,0.625094817,0.494647794,0.021584307999999996,0.017513613
cur_3,14,0.5650042,0.896988555,0.9525746540000001,0.976640427,0.688718853,0.5650042,0.024080301000000002,0.020009605
cur_3_60,14,0.520499299,0.8791865409999999,0.943776686,0.972176545,0.649008321,0.520499299,0.024080301000000002,0.020009605
cur_3_70,14,0.475686835,0.858802189,0.933465628,0.966891155,0.607141031,0.475686835,0.024080301000000002,0.020009605
recover,0,0.857402562,0.925551688,0.917188408,0.933927752,0.905205075,0.857402562,0.005852169,0.005852169
recover_60,0,0.676525397,0.812182188,0.793919017,0.8309840709999999,0.768598252,0.676525397,0.005852169,0.005852169
recover_70,0,0.676525397,0.812182188,0.793919017,0.8309840709999999,0.768598252,0.676525397,0.005852169,0.005852169
