name,effectDays,infectReduct,reduceHosp,reduceIcu,reduceMort,reduceSympt,riskReduct,waneRate,waneRateOut
cur_2,14,0.40797238399999997,0.8263666690000001,0.8926715129999999,0.945392274,0.696237487,0.40797238399999997,0.021685707000000002,0.006887769
cur_2_60,14,0.365356733,0.799032395,0.874186109,0.9353292459999999,0.6569224810000001,0.365356733,0.021685707000000002,0.006887769
cur_2_70,14,0.324768661,0.768614493,0.853051297,0.923567516,0.6153497170000001,0.324768661,0.021685707000000002,0.006887769
cur_3,14,0.43581957200000004,0.84214839,0.903133145,0.9509971490000001,0.719836885,0.43581957200000004,0.017930923,0.003132985
cur_3_60,14,0.392222206,0.816747617,0.8862199070000001,0.941903508,0.682182005,0.392222206,0.017930923,0.003132985
cur_3_70,14,0.35029694200000006,0.7883006379999999,0.8667985709999999,0.9312495590000001,0.642002043,0.35029694200000006,0.017930923,0.003132985
recover,0,0.7464552640000001,0.814646869,0.859100165,0.899125232,0.800079388,0.7464552640000001,0.0026013110000000002,0.0026013110000000002
recover_60,0,0.623378226,0.711895631,0.7741601909999999,0.8336416040000001,0.692302792,0.623378226,0.0026013110000000002,0.0026013110000000002
recover_70,0,0.623378226,0.711895631,0.7741601909999999,0.8336416040000001,0.692302792,0.623378226,0.0026013110000000002,0.0026013110000000002
