name,effectDays,infectReduct,reduceHosp,reduceIcu,reduceMort,reduceSympt,riskReduct,waneRate,waneRateOut
cur_2,14,0.408301301,0.825147608,0.900396561,0.949537215,0.647834671,0.408301301,0.020700059,0.013541021
cur_2_60,14,0.377553301,0.8057560309999999,0.888219773,0.942987609,0.617884988,0.377553301,0.020700059,0.013541021
cur_2_70,14,0.347759614,0.784774585,0.874761248,0.935645455,0.587011638,0.347759614,0.020700059,0.013541021
cur_3,14,0.488929109,0.867418212,0.926104829,0.963082023,0.718338748,0.488929109,0.009959193,0.002800155
cur_3_60,14,0.456796783,0.8518729979999999,0.9167804620000001,0.958213043,0.691530025,0.456796783,0.009959193,0.002800155
cur_3_70,14,0.425019679,0.834851937,0.9063983109999999,0.952733365,0.6633651079999999,0.425019679,0.009959193,0.002800155
recover,0,0.8537212740000001,0.911406044,0.921973497,0.936326332,0.87838293,0.8537212740000001,0.005225518,0.005225518
recover_60,0,0.7524662740000001,0.842724802,0.860228173,0.8845162870000001,0.7899997259999999,0.7524662740000001,0.005225518,0.005225518
recover_70,0,0.7524662740000001,0.842724802,0.860228173,0.8845162870000001,0.7899997259999999,0.7524662740000001,0.005225518,0.005225518
