name,effectDays,infectReduct,reduceHosp,reduceIcu,reduceMort,reduceSympt,riskReduct,waneRate,waneRateOut
cur_2,14,0.48222188899999996,0.863640793,0.9274525929999999,0.96378174,0.6863820979999999,0.48222188899999996,0.020990723,0.009900434
cur_2_60,14,0.45914254299999996,0.8523574309999999,0.92096628,0.9604048709999999,0.666101827,0.45914254299999996,0.020990723,0.009900434
cur_2_70,14,0.436222247,0.840304905,0.913949077,0.9567247809999999,0.64517417,0.436222247,0.020990723,0.009900434
cur_3,14,0.504282265,0.87370653,0.933172373,0.966739976,0.705064169,0.504282265,0.018088632,0.006998343000000001
cur_3_60,14,0.481128185,0.863124076,0.927157288,0.963628514,0.685438332,0.481128185,0.018088632,0.006998343000000001
cur_3_70,14,0.458039834,0.851797644,0.9206424040000001,0.960235634,0.665113309,0.458039834,0.018088632,0.006998343000000001
recover,0,0.8626699859999999,0.907034498,0.9430898790000001,0.951857477,0.89978161,0.8626699859999999,0.005207189,0.005207189
recover_60,0,0.715065209,0.795827962,0.8687733679999999,0.887625965,0.781984445,0.715065209,0.005207189,0.005207189
recover_70,0,0.715065209,0.795827962,0.8687733679999999,0.887625965,0.781984445,0.715065209,0.005207189,0.005207189
