name,effectDays,infectReduct,reduceHosp,reduceIcu,reduceMort,reduceSympt,riskReduct,waneRate,waneRateOut
cur_2,14,0.568583714,0.898913944,0.950779629,0.975733075,0.721813687,0.568583714,0.021454748,0.015259876
cur_2_60,14,0.546630132,0.890533695,0.946442977,0.973533792,0.70359268,0.546630132,0.021454748,0.015259876
cur_2_70,14,0.524477075,0.881543304,0.941743995,0.9711392209999999,0.6846851709999999,0.524477075,0.021454748,0.015259876
cur_3,14,0.548908293,0.891426997,0.946907231,0.97376972,0.705507035,0.548908293,0.024078782000000003,0.017883909
cur_3_60,14,0.526786771,0.882507192,0.942250117,0.971397717,0.6866815740000001,0.526786771,0.024078782000000003,0.017883909
cur_3_70,14,0.504542945,0.8729516359999999,0.9372076690000001,0.9688160720000001,0.66720556,0.504542945,0.024078782000000003,0.017883909
recover,0,0.876324694,0.92216589,0.92880556,0.954965992,0.913045069,0.876324694,0.006099424,0.006099424
recover_60,0,0.722832715,0.813456029,0.8276359000000001,0.886425425,0.794435971,0.722832715,0.006099424,0.006099424
recover_70,0,0.722832715,0.813456029,0.8276359000000001,0.886425425,0.794435971,0.722832715,0.006099424,0.006099424
