name,effectDays,infectReduct,reduceHosp,reduceIcu,reduceMort,reduceSympt,riskReduct,waneRate,waneRateOut
cur_2,14,0.36103222799999996,0.796471987,0.869463192,0.93272494,0.66697896,0.36103222799999996,0.021607743,0.010495518999999998
cur_2_60,14,0.31125747,0.7578683359999999,0.841956825,0.9172806920000001,0.615665978,0.31125747,0.021607743,0.010495518999999998
cur_2_70,14,0.265523487,0.7145977840000001,0.809944998,0.898689982,0.561680453,0.265523487,0.021607743,0.010495518999999998
cur_3,14,0.409567301,0.8277152659999999,0.8910346259999999,0.944509459,0.7108848059999999,0.409567301,0.014863665,0.003751441
cur_3_60,14,0.356838009,0.7935011909999999,0.867380411,0.9315720940000001,0.662917964,0.356838009,0.014863665,0.003751441
cur_3_70,14,0.30739583800000003,0.7545360090000001,0.839536735,0.915898812,0.611380136,0.30739583800000003,0.014863665,0.003751441
recover,0,0.9226886759999999,0.9883161020000001,0.993102148,0.996674232,0.9774222859999999,0.9226886759999999,0.007654344,0.007654344
recover_60,0,0.924411537,0.98344781,0.990208284,0.9952718340000001,0.96816113,0.924411537,0.007654344,0.007654344
recover_70,0,0.8691399240000001,0.959764965,0.975961883,0.98830561,0.9242899440000001,0.8691399240000001,0.007654344,0.007654344
