name,effectDays,infectReduct,reduceHosp,reduceIcu,reduceMort,reduceSympt,riskReduct,waneRate,waneRateOut
cur_2,14,0.531314339,0.8846171429999999,0.942178884,0.9713613440000001,0.7017025709999999,0.531314339,0.021656752999999997,0.015804806
cur_2_60,14,0.5010481489999999,0.871654832,0.935209538,0.9677891909999999,0.675723987,0.5010481489999999,0.021656752999999997,0.015804806
cur_2_70,14,0.470770791,0.857469226,0.927463888,0.9637875990000001,0.648612703,0.470770791,0.021656752999999997,0.015804806
cur_3,14,0.518765875,0.8793804679999999,0.939375625,0.9699277390000001,0.691063469,0.518765875,0.023311198999999998,0.017459251999999998
cur_3_60,14,0.488469511,0.865919027,0.932092747,0.966182995,0.664601204,0.488469511,0.023311198999999998,0.017459251999999998
cur_3_70,14,0.458254152,0.851207678,0.924004765,0.9619897009999999,0.637059469,0.458254152,0.023311198999999998,0.017459251999999998
recover,0,0.84960012,0.915683125,0.9336177170000001,0.934643584,0.8809136999999999,0.84960012,0.005095193,0.005095193
recover_60,0,0.676588154,0.800872485,0.838932248,0.841172445,0.732585313,0.676588154,0.005095193,0.005095193
recover_70,0,0.676588154,0.800872485,0.838932248,0.841172445,0.732585313,0.676588154,0.005095193,0.005095193
