name,effectDays,infectReduct,reduceHosp,reduceIcu,reduceMort,reduceSympt,riskReduct,waneRate,waneRateOut
cur_2,14,0.595480826,0.907142124,0.961199369,0.980975976,0.6661886260000001,0.595480826,0.020897897,0.018990978999999998
cur_2_60,14,0.539878635,0.886191216,0.9517969470000001,0.976247523,0.614005505,0.539878635,0.020897897,0.018990978999999998
cur_2_70,14,0.483305297,0.861255288,0.9402665729999999,0.970383843,0.559103158,0.483305297,0.020897897,0.018990978999999998
cur_3,14,0.64084704,0.922126837,0.9677706540000001,0.984252762,0.7075199040000001,0.64084704,0.014573326000000001,0.012666408
cur_3_60,14,0.587157383,0.904199786,0.959894186,0.9803224229999999,0.65848568,0.587157383,0.014573326000000001,0.012666408
cur_3_70,14,0.531351,0.88268727,0.950199362,0.975439388,0.605848701,0.531351,0.014573326000000001,0.012666408
recover,0,0.938024737,0.987812413,0.995158084,0.997667993,0.9430444659999999,0.938024737,0.005797246999999999,0.005797246999999999
recover_60,0,0.868502221,0.9827379159999999,0.993120775,0.9966832459999999,0.9208241509999999,0.868502221,0.005797246999999999,0.005797246999999999
recover_70,0,0.644367545,0.958082648,0.983039305,0.9917793429999999,0.823610328,0.644367545,0.005797246999999999,0.005797246999999999
