name,effectDays,infectReduct,reduceHosp,reduceIcu,reduceMort,reduceSympt,riskReduct,waneRate,waneRateOut
cur_2,14,0.267741999,0.718100519,0.804063902,0.8951996990000001,0.596745516,0.267741999,0.021082512999999997,0.00518436
cur_2_60,14,0.218404362,0.6606469970000001,0.758231841,0.867163668,0.530721924,0.218404362,0.021082512999999997,0.00518436
cur_2_70,14,0.17600636600000003,0.5980929779999999,0.70565141,0.833057972,0.46366152299999996,0.17600636600000003,0.021082512999999997,0.00518436
cur_3,14,0.348785966,0.788646847,0.8573704459999999,0.925993847,0.684310385,0.348785966,0.008532511999999999,-0.007365641
cur_3_60,14,0.29043751,0.740372968,0.8212352820000001,0.9053245809999999,0.623580083,0.29043751,0.008532511999999999,-0.007365641
cur_3_70,14,0.238319773,0.685519447,0.778351564,0.879656972,0.558756904,0.238319773,0.008532511999999999,-0.007365641
recover,0,0.9450110429999999,0.988383955,0.992757465,0.996507417,0.980170346,0.9450110429999999,0.007845944,0.007845944
recover_60,0,0.91516618,0.983543465,0.989720493,0.995035028,0.97200413,0.91516618,0.007845944,0.007845944
recover_70,0,0.79832996,0.959991915,0.974782458,0.98772421,0.933062148,0.79832996,0.007845944,0.007845944
