name,effectDays,infectReduct,reduceHosp,reduceIcu,reduceMort,reduceSympt,riskReduct,waneRate,waneRateOut
cur_2,14,0.39427608399999997,0.817710741,0.888875275,0.943342428,0.673449897,0.39427608399999997,0.02269169,0.012101565
cur_2_60,14,0.37888108600000003,0.807832392,0.8822982709999999,0.9397706720000001,0.659013912,0.37888108600000003,0.02269169,0.012101565
cur_2_70,14,0.36370175200000004,0.797534175,0.875375028,0.9359826859999999,0.644252586,0.36370175200000004,0.02269169,0.012101565
cur_3,14,0.44091725200000004,0.84459814,0.9064666640000001,0.952769645,0.714177972,0.44091725200000004,0.016381576000000002,0.00579145
cur_3_60,14,0.424978827,0.835884403,0.900814642,0.94976054,0.700742401,0.424978827,0.016381576000000002,0.00579145
cur_3_70,14,0.409169281,0.826767117,0.8948507370000001,0.9465651190000001,0.686929344,0.409169281,0.016381576000000002,0.00579145
recover,0,0.9505775790000001,0.98825836,0.993381148,0.996809215,0.9748081209999999,0.9505775790000001,0.003284322,0.003284322
recover_60,0,0.9219398390000001,0.9833664129999999,0.990603226,0.995463477,0.964513592,0.9219398390000001,0.003284322,0.003284322
recover_70,0,0.809824123,0.9595718940000001,0.97691805,0.9887764259999999,0.916052212,0.809824123,0.003284322,0.003284322
