name,effectDays,infectReduct,reduceHosp,reduceIcu,reduceMort,reduceSympt,riskReduct,waneRate,waneRateOut
cur_2,14,0.571628322,0.8992432990000001,0.954638608,0.9776815759999999,0.683100795,0.571628322,0.019949457,0.015764668
cur_2_60,14,0.5292960870000001,0.88263944,0.94662156,0.9736245590000001,0.6449420889999999,0.5292960870000001,0.019949457,0.015764668
cur_2_70,14,0.486555038,0.863722034,0.9372846579999999,0.9688555940000001,0.6048626739999999,0.486555038,0.019949457,0.015764668
cur_3,14,0.580015016,0.9023120490000001,0.956102543,0.9784186640000001,0.690486761,0.580015016,0.01882056,0.014635771
cur_3_60,14,0.5378414970000001,0.886149869,0.9483302220000001,0.974492138,0.6527653370000001,0.5378414970000001,0.01882056,0.014635771
cur_3_70,14,0.495136266,0.867713504,0.939273024,0.9698751870000001,0.613039167,0.495136266,0.01882056,0.014635771
recover,0,0.906489568,0.98790582,0.994835092,0.997512011,0.951757815,0.906489568,0.003701196,0.003701196
recover_60,0,0.850077856,0.98286954,0.9926628809999999,0.996461631,0.932694261,0.850077856,0.003701196,0.003701196
recover_70,0,0.662884701,0.95839431,0.981922582,0.991232948,0.8476433870000001,0.662884701,0.003701196,0.003701196
