name,effectDays,infectReduct,reduceHosp,reduceIcu,reduceMort,reduceSympt,riskReduct,waneRate,waneRateOut
cur_2,14,0.46286594299999995,0.854614345,0.9201951209999999,0.960001815,0.684499834,0.46286594299999995,0.020093918,0.011067838
cur_2_60,14,0.43041383899999996,0.8375223829999999,0.910001105,0.954641939,0.655471165,0.43041383899999996,0.020093918,0.011067838
cur_2_70,14,0.39854937799999995,0.818847345,0.89864859,0.9486024009999999,0.625234524,0.39854937799999995,0.020093918,0.011067838
cur_3,14,0.44658644200000003,0.84626446,0.9152381490000001,0.957402925,0.670150724,0.44658644200000003,0.02225268,0.0132266
cur_3_60,14,0.41439515,0.828387979,0.9044766759999999,0.951712307,0.640495216,0.41439515,0.02225268,0.0132266
cur_3_70,14,0.382919336,0.808902597,0.892509619,0.945305031,0.609726812,0.382919336,0.02225268,0.0132266
recover,0,0.9356381229999999,0.988139221,0.993918037,0.997068856,0.968502878,0.9356381229999999,0.005808459,0.005808459
recover_60,0,0.8464823840000001,0.983198481,0.991363487,0.9958321659999999,0.9557487090000001,0.8464823840000001,0.005808459,0.005808459
recover_70,0,0.574864759,0.959173706,0.978761793,0.989682948,0.896600905,0.574864759,0.005808459,0.005808459
