name,effectDays,infectReduct,reduceHosp,reduceIcu,reduceMort,reduceSympt,riskReduct,waneRate,waneRateOut
cur_2,14,0.36077222700000006,0.7949202259999999,0.8770996059999999,0.936928995,0.623401926,0.36077222700000006,0.020334262,0.01320882
cur_2_60,14,0.346275864,0.784385252,0.8700963209999999,0.933074855,0.608396578,0.346275864,0.020334262,0.01320882
cur_2_70,14,0.332035391,0.7734443529999999,0.86274359,0.928995903,0.593157387,0.332035391,0.020334262,0.01320882
cur_3,14,0.460042489,0.8540449529999999,0.91506344,0.9573110709999999,0.7141968609999999,0.460042489,0.006794237,-0.00033120599999999996
cur_3_60,14,0.44432995,0.845958661,0.9100014890000001,0.9546421420000001,0.7010744879999999,0.44432995,0.006794237,-0.00033120599999999996
cur_3_70,14,0.428701445,0.837494869,0.904659953,0.951809783,0.6875898909999999,0.428701445,0.006794237,-0.00033120599999999996
recover,0,0.8396446590000001,0.902572527,0.917729197,0.917881407,0.9112386240000001,0.8396446590000001,0.005325438,0.005325438
recover_60,0,0.71796061,0.818307463,0.844311921,0.844576957,0.833082726,0.71796061,0.005325438,0.005325438
recover_70,0,0.71796061,0.818307463,0.844311921,0.844576957,0.833082726,0.71796061,0.005325438,0.005325438
