name,effectDays,infectReduct,reduceHosp,reduceIcu,reduceMort,reduceSympt,riskReduct,waneRate,waneRateOut
cur_2,14,0.513723872,0.876664283,0.940667693,0.970589046,0.661171059,0.513723872,0.020850679,0.018038058
cur_2_60,14,0.485023992,0.8637018479999999,0.933924942,0.967127845,0.634990343,0.485023992,0.020850679,0.018038058
cur_2_70,14,0.45641648799999995,0.84960766,0.926474149,0.963273863,0.607980286,0.45641648799999995,0.020850679,0.018038058
cur_3,14,0.554812888,0.893446671,0.949245296,0.974956119,0.697146035,0.554812888,0.015418558999999998,0.012605938999999998
cur_3_60,14,0.5263019520000001,0.882010655,0.943418703,0.9719940229999999,0.672367596,0.5263019520000001,0.015418558999999998,0.012605938999999998
cur_3_70,14,0.497612358,0.869523719,0.936966196,0.968692091,0.646584001,0.497612358,0.015418558999999998,0.012605938999999998
recover,0,0.873152928,0.915659461,0.948430937,0.91630846,0.9075697420000001,0.873152928,0.00583187,0.00583187
recover_60,0,0.742425903,0.819693012,0.88507312,0.8209360609999999,0.8043651059999999,0.742425903,0.00583187,0.00583187
recover_70,0,0.742425903,0.819693012,0.88507312,0.8209360609999999,0.8043651059999999,0.742425903,0.00583187,0.00583187
