name,effectDays,infectReduct,reduceHosp,reduceIcu,reduceMort,reduceSympt,riskReduct,waneRate,waneRateOut
cur_2,14,0.390950633,0.816149,0.884542794,0.940992518,0.6875503479999999,0.390950633,0.022044621,0.008812855999999999
cur_2_60,14,0.349918199,0.788246923,0.86530746,0.9304220240000001,0.648536168,0.349918199,0.022044621,0.008812855999999999
cur_2_70,14,0.311009494,0.75738305,0.8434446859999999,0.918128388,0.607449941,0.311009494,0.022044621,0.008812855999999999
cur_3,14,0.39142659999999996,0.8164486879999999,0.88474674,0.94110339,0.6879795190000001,0.39142659999999996,0.021978916,0.008747151
cur_3_60,14,0.35037295,0.7885803109999999,0.8655402179999999,0.93055129,0.648991569,0.35037295,0.021978916,0.008747151
cur_3_70,14,0.311437904,0.7577500970000001,0.8437084009999999,0.9182784890000001,0.607926395,0.311437904,0.021978916,0.008747151
recover,0,0.857428747,0.8914549279999999,0.921719664,0.9210151659999999,0.895870444,0.857428747,0.004994281,0.004994281
recover_60,0,0.734680685,0.790856364,0.844270235,0.842987452,0.798438865,0.734680685,0.004994281,0.004994281
recover_70,0,0.734680685,0.790856364,0.844270235,0.842987452,0.798438865,0.734680685,0.004994281,0.004994281
