name,effectDays,infectReduct,reduceHosp,reduceIcu,reduceMort,reduceSympt,riskReduct,waneRate,waneRateOut
cur_2,14,0.40484124899999996,0.822196959,0.90353148,0.951209291,0.6131904,0.40484124899999996,0.021680518,0.01206394
cur_2_60,14,0.392632196,0.814629284,0.899000327,0.9487906540000001,0.601043474,0.392632196,0.021680518,0.01206394
cur_2_70,14,0.380525578,0.8067951390000001,0.894269083,0.9462523509999999,0.588739762,0.380525578,0.021680518,0.01206394
cur_3,14,0.49906804,0.8713455920000001,0.9320553970000001,0.966163715,0.69895955,0.49906804,0.009134589,-0.00048198800000000003
cur_3_60,14,0.48633941700000005,0.865527657,0.928758382,0.9644586940000001,0.688136181,0.48633941700000005,0.009134589,-0.00048198800000000003
cur_3_70,14,0.473596412,0.859473514,0.9253053059999999,0.962666453,0.677075313,0.473596412,0.009134589,-0.00048198800000000003
recover,0,0.924800118,0.988098907,0.9940885979999999,0.99715131,0.966058697,0.924800118,0.005797381,0.005797381
recover_60,0,0.8945424999999999,0.9831416609999999,0.9916050820000001,0.9959492670000001,0.952363482,0.8945424999999999,0.005797381,0.005797381
recover_70,0,0.7704520579999999,0.959039023,0.97934856,0.989971078,0.8892153559999999,0.7704520579999999,0.005797381,0.005797381
