name,effectDays,infectReduct,reduceHosp,reduceIcu,reduceMort,reduceSympt,riskReduct,waneRate,waneRateOut
cur_2,14,0.439661801,0.842317682,0.914324496,0.956922376,0.654002885,0.439661801,0.021165331000000003,0.014624653999999999
cur_2_60,14,0.394908249,0.816285756,0.8987513159999999,0.948657388,0.611230951,0.394908249,0.021165331000000003,0.014624653999999999
cur_2_70,14,0.351869926,0.787057608,0.88072603,0.938912985,0.566696683,0.351869926,0.021165331000000003,0.014624653999999999
cur_3,14,0.47619424899999996,0.8609035079999999,0.925176897,0.962599676,0.6865245640000001,0.47619424899999996,0.016324575,0.009783898000000001
cur_3_60,14,0.43057955700000006,0.8373474320000001,0.911385167,0.9553731520000001,0.645594323,0.43057955700000006,0.016324575,0.009783898000000001
cur_3_70,14,0.386134486,0.810693007,0.89534718,0.946831909,0.602436095,0.386134486,0.016324575,0.009783898000000001
recover,0,0.921410735,0.988116215,0.99401603,0.9971162309999999,0.967128709,0.921410735,0.008922456,0.008922456
recover_60,0,0.851158683,0.983166055,0.991502289,0.995899447,0.9538446140000001,0.851158683,0.008922456,0.008922456
recover_70,0,0.6316624670000001,0.959096843,0.979098852,0.9898484809999999,0.8924381579999999,0.6316624670000001,0.008922456,0.008922456
