name,effectDays,infectReduct,reduceHosp,reduceIcu,reduceMort,reduceSympt,riskReduct,waneRate,waneRateOut
cur_2,14,0.504532602,0.873279527,0.93571722,0.9680503079999999,0.682016906,0.504532602,0.021253794,0.014498822
cur_2_60,14,0.471936102,0.858120622,0.9274065220000001,0.9637578379999999,0.653067811,0.471936102,0.021253794,0.014498822
cur_2_70,14,0.439577445,0.841477666,0.9181154990000001,0.958913193,0.622940539,0.439577445,0.021253794,0.014498822
cur_3,14,0.531928741,0.884936334,0.9420118740000001,0.971276054,0.70533096,0.531928741,0.017645308999999998,0.010890338000000001
cur_3_60,14,0.499346096,0.870965832,0.9344579679999999,0.967402373,0.6775007190000001,0.499346096,0.017645308999999998,0.010890338000000001
cur_3_70,14,0.46676929100000003,0.855576068,0.9259974240000001,0.963026217,0.648352723,0.46676929100000003,0.017645308999999998,0.010890338000000001
recover,0,0.84542875,0.8986761000000001,0.930060033,0.934476072,0.874815185,0.84542875,0.0049343270000000005,0.0049343270000000005
recover_60,0,0.731945849,0.815767245,0.869090459,0.876846393,0.7772219990000001,0.731945849,0.0049343270000000005,0.0049343270000000005
recover_70,0,0.731945849,0.815767245,0.869090459,0.876846393,0.7772219990000001,0.731945849,0.0049343270000000005,0.0049343270000000005
