name,effectDays,infectReduct,reduceHosp,reduceIcu,reduceMort,reduceSympt,riskReduct,waneRate,waneRateOut
cur_2,14,0.503526519,0.87252607,0.936852549,0.96863373,0.66747327,0.503526519,0.020919199,0.015021652
cur_2_60,14,0.47158851399999996,0.857613196,0.928851433,0.964506898,0.638510307,0.47158851399999996,0.020919199,0.015021652
cur_2_70,14,0.43988065,0.8412726559999999,0.919922954,0.959859483,0.60850356,0.43988065,0.020919199,0.015021652
cur_3,14,0.546047143,0.890327069,0.9462243570000001,0.973422652,0.704201227,0.546047143,0.015310246000000001,0.009412699
cur_3_60,14,0.514205464,0.877203608,0.9393338040000001,0.969906319,0.676888684,0.514205464,0.015310246000000001,0.009412699
cur_3_70,14,0.48224726700000003,0.8627514999999999,0.93162393,0.96594093,0.6483129910000001,0.48224726700000003,0.015310246000000001,0.009412699
recover,0,0.863460688,0.908380367,0.929196848,0.9418724509999999,0.8952139029999999,0.863460688,0.0051277020000000005,0.0051277020000000005
recover_60,0,0.717153913,0.799002148,0.840300935,0.86660654,0.7740273759999999,0.717153913,0.0051277020000000005,0.0051277020000000005
recover_70,0,0.717153913,0.799002148,0.840300935,0.86660654,0.7740273759999999,0.717153913,0.0051277020000000005,0.0051277020000000005
