name,effectDays,infectReduct,reduceHosp,reduceIcu,reduceMort,reduceSympt,riskReduct,waneRate,waneRateOut
cur_2,14,0.569824734,0.8979305040000001,0.956810752,0.9787748340000001,0.6461584779999999,0.569824734,0.020597058,0.019870544
cur_2_60,14,0.519331816,0.8776828959999999,0.9475611509999999,0.9741018359999999,0.598309283,0.519331816,0.020597058,0.019870544
cur_2_70,14,0.468470945,0.8540865459999999,0.93646934,0.9684368859999999,0.548540581,0.468470945,0.020597058,0.019870544
cur_3,14,0.609632278,0.9120614770000001,0.963124834,0.981938476,0.6828339659999999,0.609632278,0.015184543,0.014458028000000001
cur_3_60,14,0.560205597,0.894287026,0.9551641190000001,0.977946302,0.637159357,0.560205597,0.015184543,0.014458028000000001
cur_3_70,14,0.509585549,0.8734318870000001,0.9455881340000001,0.973099065,0.588896744,0.509585549,0.015184543,0.014458028000000001
recover,0,0.9228945829999999,0.987821363,0.995128131,0.99765353,0.943936579,0.9228945829999999,0.003702528,0.003702528
recover_60,0,0.85985504,0.982750527,0.9930783059999999,0.9966626959999999,0.922035534,0.85985504,0.003702528,0.003702528
recover_70,0,0.65689384,0.958112504,0.982935667,0.9917286609999999,0.826028065,0.65689384,0.003702528,0.003702528
