name,effectDays,infectReduct,reduceHosp,reduceIcu,reduceMort,reduceSympt,riskReduct,waneRate,waneRateOut
cur_2,14,0.481975572,0.863605182,0.927001305,0.9635475590000001,0.689475123,0.481975572,0.020481283,0.01861744
cur_2_60,14,0.46396923799999995,0.854869764,0.9219591909999999,0.960923333,0.6737999179999999,0.46396923799999995,0.020481283,0.01861744
cur_2_70,14,0.44603316200000004,0.845662606,0.916592967,0.9581146309999999,0.6577051079999999,0.44603316200000004,0.020481283,0.01861744
cur_3,14,0.5011542,0.872395554,0.932027505,0.966149316,0.705662991,0.5011542,0.017958134,0.016094291
cur_3_60,14,0.48309956,0.864134546,0.927305333,0.963705336,0.690438055,0.48309956,0.017958134,0.016094291
cur_3_70,14,0.465065577,0.855415743,0.922275728,0.961088499,0.674767927,0.465065577,0.017958134,0.016094291
recover,0,0.95493722,0.9917999059999999,0.995894555,0.9980234570000001,0.976965998,0.95493722,0.007615709,0.007615709
recover_60,0,0.913663309,0.990593925,0.9952879090000001,0.997730674,0.973636398,0.913663309,0.007615709,0.007615709
recover_70,0,0.763813565,0.980472435,0.990167287,0.995251936,0.946257578,0.763813565,0.007615709,0.007615709
