name,effectDays,infectReduct,reduceHosp,reduceIcu,reduceMort,reduceSympt,riskReduct,waneRate,waneRateOut
cur_2,14,0.5955765470000001,0.907014744,0.961802833,0.9812778459999999,0.656660992,0.5955765470000001,0.020943659,0.017817482
cur_2_60,14,0.53491696,0.883967079,0.951610651,0.976153357,0.598994598,0.53491696,0.020943659,0.017817482
cur_2_70,14,0.473254335,0.8561365679999999,0.938882714,0.969675215,0.538497966,0.473254335,0.020943659,0.017817482
cur_3,14,0.635367736,0.9202658709999999,0.967525772,0.9841310590000001,0.693534697,0.635367736,0.015412246000000001,0.012286068999999998
cur_3_60,14,0.576431851,0.900141071,0.9587952259999999,0.979771431,0.638653526,0.576431851,0.015412246000000001,0.012286068999999998
cur_3_70,14,0.515285805,0.875644153,0.947853504,0.974250242,0.579944219,0.515285805,0.015412246000000001,0.012286068999999998
recover,0,0.93270012,0.987789413,0.9952341240000001,0.9977047059999999,0.940693474,0.93270012,0.0063269730000000005,0.0063269730000000005
recover_60,0,0.865354892,0.982705507,0.993228592,0.996735412,0.917636063,0.865354892,0.0063269730000000005,0.0063269730000000005
recover_70,0,0.64925242,0.958005929,0.9833024690000001,0.991908012,0.8172845559999999,0.64925242,0.0063269730000000005,0.0063269730000000005
