name,effectDays,infectReduct,reduceHosp,reduceIcu,reduceMort,reduceSympt,riskReduct,waneRate,waneRateOut
cur_2,14,0.34918378299999997,0.787791315,0.86444043,0.929940207,0.650375626,0.34918378299999997,0.021868389,0.013325948
cur_2_60,14,0.314944391,0.760821394,0.8452990020000001,0.919182875,0.614487674,0.314944391,0.021868389,0.013325948
cur_2_70,14,0.282612652,0.731599564,0.824010864,0.9069424979999999,0.577319909,0.282612652,0.021868389,0.013325948
cur_3,14,0.43976852,0.844512005,0.903191393,0.9510281759999999,0.731297999,0.43976852,0.009357901,0.0008154589999999999
cur_3_60,14,0.402135132,0.823132368,0.888817958,0.943311413,0.699883478,0.402135132,0.009357901,0.0008154589999999999
cur_3_70,14,0.365629803,0.79951737,0.872615928,0.934464937,0.666480222,0.365629803,0.009357901,0.0008154589999999999
recover,0,0.9116239970000001,0.991933823,0.995288306,0.997730865,0.9840309429999999,0.9116239970000001,0.00856061,0.00856061
recover_60,0,0.830493293,0.990747354,0.9945925640000001,0.997394854,0.9817034659999999,0.830493293,0.00856061,0.00856061
recover_70,0,0.5898940810000001,0.980787761,0.98872487,0.9945513109999999,0.962378648,0.5898940810000001,0.00856061,0.00856061
