name,effectDays,infectReduct,reduceHosp,reduceIcu,reduceMort,reduceSympt,riskReduct,waneRate,waneRateOut
cur_2,14,0.574675705,0.901254797,0.9514900559999999,0.97609239,0.7318946390000001,0.574675705,0.022384442,0.016445877
cur_2_60,14,0.546144196,0.890454764,0.9458542990000001,0.973234465,0.70856113,0.546144196,0.022384442,0.016445877
cur_2_70,14,0.517300661,0.878630145,0.939604063,0.970044725,0.6840685440000001,0.517300661,0.022384442,0.016445877
cur_3,14,0.546189821,0.8904727179999999,0.945863725,0.9732392590000001,0.70859914,0.546189821,0.026187172999999998,0.020248608
cur_3_60,14,0.517352306,0.878652199,0.939615799,0.9700507340000001,0.6841132409999999,0.517352306,0.026187172999999998,0.020248608
cur_3_70,14,0.488393058,0.86574566,0.9326966720000001,0.9664946409999999,0.6585561289999999,0.488393058,0.026187172999999998,0.020248608
recover,0,0.76760162,0.856212731,0.8665773609999999,0.891918103,0.8094958290000001,0.76760162,0.003409015,0.003409015
recover_60,0,0.618772957,0.745301709,0.761433555,0.8021855640000001,0.676178142,0.618772957,0.003409015,0.003409015
recover_70,0,0.618772957,0.745301709,0.761433555,0.8021855640000001,0.676178142,0.618772957,0.003409015,0.003409015
