name,effectDays,infectReduct,reduceHosp,reduceIcu,reduceMort,reduceSympt,riskReduct,waneRate,waneRateOut
cur_2,14,0.368063947,0.800889107,0.87551217,0.936058004,0.659269474,0.368063947,0.019579654,0.008272021
cur_2_60,14,0.33050987600000004,0.773207548,0.8563442609999999,0.925418442,0.621211144,0.33050987600000004,0.019579654,0.008272021
cur_2_70,14,0.295010858,0.742923973,0.83478994,0.9131773329999999,0.5816138000000001,0.295010858,0.019579654,0.008272021
cur_3,14,0.415871761,0.8309884,0.895798503,0.947074325,0.702833693,0.415871761,0.012978406999999999,0.0016707739999999999
cur_3_60,14,0.376344788,0.8064802959999999,0.879323627,0.938146687,0.66718487,0.376344788,0.012978406999999999,0.0016707739999999999
cur_3_70,14,0.33841123799999995,0.7793718829999999,0.8606561309999999,0.927831755,0.629527341,0.33841123799999995,0.012978406999999999,0.0016707739999999999
recover,0,0.9342764929999999,0.988282764,0.993264791,0.996752925,0.975945574,0.9342764929999999,0.006108264,0.006108264
recover_60,0,0.908299339,0.983400814,0.990438505,0.995383557,0.966099695,0.908299339,0.006108264,0.006108264
recover_70,0,0.798030048,0.9596534870000001,0.9765191190000001,0.98858005,0.919623845,0.798030048,0.006108264,0.006108264
