name,effectDays,infectReduct,reduceHosp,reduceIcu,reduceMort,reduceSympt,riskReduct,waneRate,waneRateOut
cur_2,14,0.361419465,0.797758725,0.86360733,0.929476805,0.697936702,0.361419465,0.021101675,0.008924371
cur_2_60,14,0.319025,0.7655401359999999,0.839772,0.916033315,0.656659795,0.319025,0.021101675,0.008924371
cur_2_70,14,0.279446857,0.729945546,0.81268954,0.900310712,0.612893978,0.279446857,0.021101675,0.008924371
cur_3,14,0.373810081,0.806222241,0.86976504,0.932891795,0.7090541109999999,0.373810081,0.019349256999999998,0.007171953000000001
cur_3_60,14,0.33071491,0.774971631,0.846814926,0.920043288,0.668574986,0.33071491,0.019349256999999998,0.007171953000000001
cur_3_70,14,0.290304771,0.7403231929999999,0.82066868,0.90499367,0.625461709,0.290304771,0.019349256999999998,0.007171953000000001
recover,0,0.930996897,0.988388378,0.992734345,0.996496226,0.9803381290000001,0.930996897,0.010042770999999999,0.010042770999999999
recover_60,0,0.8859434740000001,0.9835496990000001,0.989687779,0.9950191420000001,0.972239052,0.8859434740000001,0.010042770999999999,0.010042770999999999
recover_70,0,0.726759367,0.9600067090000001,0.9747034179999999,0.9876852209999999,0.933601523,0.726759367,0.010042770999999999,0.010042770999999999
