name,effectDays,infectReduct,reduceHosp,reduceIcu,reduceMort,reduceSympt,riskReduct,waneRate,waneRateOut
cur_2,14,0.39928896799999997,0.8207933590000001,0.891029563,0.944506726,0.677418069,0.39928896799999997,0.022348188999999997,0.013285813999999998
cur_2_60,14,0.35750019899999996,0.7931354629999999,0.8725281109999999,0.934416554,0.637407486,0.35750019899999996,0.022348188999999997,0.013285813999999998
cur_2_70,14,0.317788373,0.762458585,0.851419158,0.9226475709999999,0.595417179,0.317788373,0.022348188999999997,0.013285813999999998
cur_3,14,0.433146123,0.840390174,0.9038455879999999,0.9513765120000001,0.7070985129999999,0.433146123,0.017765103,0.008702728
cur_3_60,14,0.39011511,0.815075342,0.8872447379999999,0.942459354,0.668970329,0.39011511,0.017765103,0.008702728
cur_3_70,14,0.34874687,0.786777355,0.8682046999999998,0.932028669,0.628504874,0.34874687,0.017765103,0.008702728
recover,0,0.8429773759999999,0.907040906,0.922829608,0.952763942,0.850290342,0.8429773759999999,0.00458441,0.00458441
recover_60,0,0.7279290540000001,0.829433616,0.856315536,0.909520986,0.7389407920000001,0.7279290540000001,0.00458441,0.00458441
recover_70,0,0.7279290540000001,0.829433616,0.856315536,0.909520986,0.7389407920000001,0.7279290540000001,0.00458441,0.00458441
