name,effectDays,infectReduct,reduceHosp,reduceIcu,reduceMort,reduceSympt,riskReduct,waneRate,waneRateOut
cur_2,14,0.475067177,0.85964565,0.92823483,0.964187386,0.65602436,0.475067177,0.02100728,0.014863471000000001
cur_2_60,14,0.438495395,0.8408937890000001,0.917770173,0.958732186,0.622029295,0.438495395,0.02100728,0.014863471000000001
cur_2_70,14,0.402586758,0.8201649740000001,0.90593667,0.952488268,0.586797673,0.402586758,0.02100728,0.014863471000000001
cur_3,14,0.531206717,0.88464309,0.9418428109999999,0.9711897009999999,0.704835267,0.531206717,0.013616483,0.007472674
cur_3_60,14,0.494383423,0.868720956,0.933219687,0.96676437,0.6732615559999999,0.494383423,0.013616483,0.007472674
cur_3_70,14,0.457628111,0.8509750429999999,0.923423982,0.961687175,0.6400419279999999,0.457628111,0.013616483,0.007472674
recover,0,0.8871539909999999,0.933354073,0.9515491509999999,0.9555437859999999,0.8823793609999999,0.8871539909999999,0.005866648,0.005866648
recover_60,0,0.763612058,0.8519505140000001,0.889744373,0.898289969,0.7550534879999999,0.763612058,0.005866648,0.005866648
recover_70,0,0.763612058,0.8519505140000001,0.889744373,0.898289969,0.7550534879999999,0.763612058,0.005866648,0.005866648
