name,effectDays,infectReduct,reduceHosp,reduceIcu,reduceMort,reduceSympt,riskReduct,waneRate,waneRateOut
cur_2,14,0.524067952,0.8816708209999999,0.940329658,0.970416121,0.698074095,0.524067952,0.022716342,0.015430201000000001
cur_2_60,14,0.464568552,0.854462442,0.925468993,0.962751562,0.645618238,0.464568552,0.022716342,0.015430201000000001
cur_2_70,14,0.40610356799999997,0.822284923,0.9072871920000001,0.953204945,0.589452044,0.40610356799999997,0.022716342,0.015430201000000001
cur_3,14,0.499124285,0.8708504509999999,0.93447458,0.9674109259999999,0.676622794,0.499124285,0.025999052999999998,0.018712911999999998
cur_3_60,14,0.43983964700000006,0.84160105,0.918282452,0.9590006790000001,0.622455684,0.43983964700000006,0.025999052999999998,0.018712911999999998
cur_3_70,14,0.38226491100000004,0.8072215009999999,0.898539698,0.9485441059999999,0.565091375,0.38226491100000004,0.025999052999999998,0.018712911999999998
recover,0,0.822817273,0.884049027,0.907069762,0.931125723,0.8556889679999999,0.822817273,0.004307238,0.004307238
recover_60,0,0.622864231,0.730569873,0.7763534529999999,0.827823843,0.67832979,0.622864231,0.004307238,0.004307238
recover_70,0,0.622864231,0.730569873,0.7763534529999999,0.827823843,0.67832979,0.622864231,0.004307238,0.004307238
