name,effectDays,infectReduct,reduceHosp,reduceIcu,reduceMort,reduceSympt,riskReduct,waneRate,waneRateOut
cur_2,14,0.661607807,0.9278004740000001,0.97271893,0.98670525,0.680881038,0.661607807,0.019241921000000002,0.018724214
cur_2_60,14,0.6155940289999999,0.913236141,0.9668923629999999,0.983816118,0.6360463129999999,0.6155940289999999,0.019241921000000002,0.018724214
cur_2_70,14,0.567442322,0.896073569,0.959877105,0.9803138640000001,0.588744999,0.567442322,0.019241921000000002,0.018724214
cur_3,14,0.632393274,0.9187448029999999,0.969109607,0.984917645,0.652456366,0.632393274,0.023449141,0.022931434
cur_3_60,14,0.584899381,0.9025456070000001,0.962541863,0.981647268,0.605939369,0.584899381,0.023449141,0.022931434
cur_3_70,14,0.53580208,0.8835380409999999,0.954648006,0.9776863109999999,0.557447711,0.53580208,0.023449141,0.022931434
recover,0,0.8267519329999999,0.88179264,0.9079783090000001,0.93449689,0.8275394859999999,0.8267519329999999,0.003885197,0.003885197
recover_60,0,0.725549777,0.805165305,0.8453486259999999,0.887683077,0.726645267,0.725549777,0.003885197,0.003885197
recover_70,0,0.725549777,0.805165305,0.8453486259999999,0.887683077,0.726645267,0.725549777,0.003885197,0.003885197
