name,effectDays,infectReduct,reduceHosp,reduceIcu,reduceMort,reduceSympt,riskReduct,waneRate,waneRateOut
cur_2,14,0.42018023,0.8330869670000001,0.899487582,0.949051317,0.6937982629999999,0.42018023,0.022522302,0.009618359
cur_2_60,14,0.383271564,0.8106153759999999,0.884718498,0.941088038,0.66022244,0.383271564,0.022522302,0.009618359
cur_2_70,14,0.34766983700000004,0.78590249,0.8681019640000001,0.931971786,0.624964256,0.34766983700000004,0.022522302,0.009618359
cur_3,14,0.41942372200000005,0.8326546290000001,0.8992064259999999,0.948900926,0.6931380340000001,0.41942372200000005,0.022624415,0.009720471999999999
cur_3_60,14,0.382537666,0.8101380979999999,0.8844013390000001,0.9409156040000001,0.659525343,0.382537666,0.022624415,0.009720471999999999
cur_3_70,14,0.34696575799999996,0.785379422,0.8677459240000001,0.931774604,0.624235992,0.34696575799999996,0.022624415,0.009720471999999999
recover,0,0.9055046059999999,0.9882515340000001,0.9934132940000001,0.996824765,0.9744811179999999,0.9055046059999999,0.00587438,0.00587438
recover_60,0,0.881295481,0.983356791,0.990648737,0.995485556,0.9640578879999999,0.881295481,0.00587438,0.00587438
recover_70,0,0.763254724,0.9595490729999999,0.977028303,0.9888306840000001,0.9150290090000001,0.763254724,0.00587438,0.00587438
