name,effectDays,infectReduct,reduceHosp,reduceIcu,reduceMort,reduceSympt,riskReduct,waneRate,waneRateOut
cur_2,14,0.583041997,0.903447542,0.956444697,0.978590772,0.695577453,0.583041997,0.023163492999999997,0.015823836
cur_2_60,14,0.535436018,0.885222136,0.947643382,0.9741435829999999,0.653177109,0.535436018,0.023163492999999997,0.015823836
cur_2_70,14,0.487201316,0.864086232,0.9371864759999999,0.968805192,0.608222344,0.487201316,0.023163492999999997,0.015823836
cur_3,14,0.5783796210000001,0.901764254,0.955639991,0.9781858940000001,0.691507628,0.5783796210000001,0.023793036,0.01645338
cur_3_60,14,0.530669822,0.883262165,0.946685131,0.9736568659999999,0.648826618,0.530669822,0.023793036,0.01645338
cur_3_70,14,0.48241861799999997,0.861821677,0.936049754,0.9682212640000001,0.603650126,0.48241861799999997,0.023793036,0.01645338
recover,0,0.9304315120000001,0.98791192,0.994813177,0.997501427,0.952282695,0.9304315120000001,0.006149898000000001,0.006149898000000001
recover_60,0,0.892938778,0.982878136,0.992631818,0.996446594,0.9334120440000001,0.892938778,0.006149898000000001,0.006149898000000001
recover_70,0,0.7527515490000001,0.95841467,0.981846881,0.991195885,0.8491214690000001,0.7527515490000001,0.006149898000000001,0.006149898000000001
