name,effectDays,infectReduct,reduceHosp,reduceIcu,reduceMort,reduceSympt,riskReduct,waneRate,waneRateOut
cur_2,14,0.450862482,0.8490461309999999,0.91381764,0.956655583,0.694638015,0.450862482,0.021004346,0.011708413999999999
cur_2_60,14,0.433631039,0.8398717370000001,0.908153969,0.953664359,0.67962038,0.433631039,0.021004346,0.011708413999999999
cur_2_70,14,0.416534833,0.830237456,0.902149318,0.950472793,0.664199387,0.416534833,0.021004346,0.011708413999999999
cur_3,14,0.497957805,0.8717092679999999,0.9275858229999999,0.963850853,0.733198328,0.497957805,0.014790065,0.005494133000000001
cur_3_60,14,0.480501392,0.863691123,0.922750471,0.9613361109999999,0.71931079,0.480501392,0.014790065,0.005494133000000001
cur_3_70,14,0.463068145,0.855242954,0.91761353,0.9586500579999999,0.704970897,0.463068145,0.014790065,0.005494133000000001
recover,0,0.889780067,0.988188988,0.9936998890000001,0.996963377,0.9712960159999999,0.889780067,0.007135814,0.007135814
recover_60,0,0.6997938890000001,0.9832686279999999,0.991054537,0.995682376,0.959625726,0.6997938890000001,0.007135814,0.007135814
recover_70,0,0.314874602,0.959340009,0.9780120459999999,0.989314528,0.905145768,0.314874602,0.007135814,0.007135814
