name,effectDays,infectReduct,reduceHosp,reduceIcu,reduceMort,reduceSympt,riskReduct,waneRate,waneRateOut
cur_2,14,0.489152476,0.86704746,0.9284763309999999,0.964312553,0.699426212,0.489152476,0.020460675,0.012613522
cur_2_60,14,0.439056806,0.842042909,0.9138772390000001,0.956686961,0.655425223,0.439056806,0.020460675,0.012613522
cur_2_70,14,0.39020094,0.813365853,0.896640862,0.947526454,0.608615506,0.39020094,0.020460675,0.012613522
cur_3,14,0.525726733,0.88303564,0.937608957,0.9690220359999999,0.7292778590000001,0.525726733,0.015647696000000003,0.007800543
cur_3_60,14,0.47537093799999997,0.86055441,0.924722842,0.962363478,0.687695588,0.47537093799999997,0.015647696000000003,0.007800543
cur_3_70,14,0.42553967200000004,0.8345778779999999,0.9094419840000001,0.954346237,0.642881114,0.42553967200000004,0.015647696000000003,0.007800543
recover,0,0.906572582,0.944907583,0.955272362,0.9636660979999999,0.931014461,0.906572582,0.007205179,0.007205179
recover_60,0,0.800869257,0.8766762659999999,0.8984988000000002,0.9166168640000001,0.848338385,0.800869257,0.007205179,0.007205179
recover_70,0,0.800869257,0.8766762659999999,0.8984988000000002,0.9166168640000001,0.848338385,0.800869257,0.007205179,0.007205179
