name,effectDays,infectReduct,reduceHosp,reduceIcu,reduceMort,reduceSympt,riskReduct,waneRate,waneRateOut
cur_2,14,0.350935636,0.7880465520000001,0.871222134,0.933696455,0.6199911920000001,0.350935636,0.019783129,0.007683803
cur_2_60,14,0.334412718,0.7755336709999999,0.862764485,0.929007542,0.602560661,0.334412718,0.019783129,0.007683803
cur_2_70,14,0.31826628100000004,0.762488033,0.853833064,0.924007556,0.584843601,0.31826628100000004,0.019783129,0.007683803
cur_3,14,0.43716197100000004,0.842298628,0.906704858,0.95289605,0.700934487,0.43716197100000004,0.007873838000000001,-0.004225487
cur_3_60,14,0.41920131200000005,0.832307024,0.90031093,0.949491462,0.685332361,0.41920131200000005,0.007873838000000001,-0.004225487
cur_3_70,14,0.40143011700000003,0.82180281,0.893521495,0.945850063,0.669279925,0.40143011700000003,0.007873838000000001,-0.004225487
recover,0,0.861416724,0.913858759,0.919223406,0.945512593,0.918726942,0.861416724,0.005937942,0.005937942
recover_60,0,0.71376685,0.809741356,0.82031523,0.874396115,0.819330343,0.71376685,0.005937942,0.005937942
recover_70,0,0.71376685,0.809741356,0.82031523,0.874396115,0.819330343,0.71376685,0.005937942,0.005937942
