name,effectDays,infectReduct,reduceHosp,reduceIcu,reduceMort,reduceSympt,riskReduct,waneRate,waneRateOut
cur_2,14,0.374023785,0.80507306,0.877456762,0.937124747,0.669524193,0.374023785,0.021708585,0.010536581000000001
cur_2_60,14,0.339127251,0.780077025,0.860130085,0.9275379570000001,0.6350262560000001,0.339127251,0.021708585,0.010536581000000001
cur_2_70,14,0.305903292,0.752866437,0.8408029309999999,0.916622287,0.5990923220000001,0.305903292,0.021708585,0.010536581000000001
cur_3,14,0.399127849,0.8211562370000001,0.888395567,0.9430827909999999,0.6925198640000001,0.399127849,0.018227184,0.007055181
cur_3_60,14,0.363248265,0.7977043629999999,0.8723906220000001,0.934340793,0.659200524,0.363248265,0.018227184,0.007055181
cur_3_70,14,0.328837031,0.772037414,0.854470981,0.9243663390000001,0.6242383260000001,0.328837031,0.018227184,0.007055181
recover,0,0.8053110040000001,0.882708258,0.892099558,0.9018232270000001,0.8705245999999999,0.8053110040000001,0.004256968,0.004256968
recover_60,0,0.644626854,0.767457218,0.783816422,0.801122845,0.746736747,0.644626854,0.004256968,0.004256968
recover_70,0,0.644626854,0.767457218,0.783816422,0.801122845,0.746736747,0.644626854,0.004256968,0.004256968
