name,effectDays,infectReduct,reduceHosp,reduceIcu,reduceMort,reduceSympt,riskReduct,waneRate,waneRateOut
cur_2,14,0.38468602399999996,0.8120797829999999,0.8822566540000001,0.9397479879999999,0.679393549,0.38468602399999996,0.019763786999999998,0.010032562
cur_2_60,14,0.360452635,0.795741195,0.871050696,0.9336018490000001,0.656399795,0.360452635,0.019763786999999998,0.010032562
cur_2_70,14,0.336900449,0.778362405,0.858943584,0.926874655,0.63263872,0.336900449,0.019763786999999998,0.010032562
cur_3,14,0.43444569,0.841515935,0.902026386,0.950407234,0.7225119309999999,0.43444569,0.012992176999999999,0.003260952
cur_3_60,14,0.409162091,0.82719204,0.892472651,0.945285107,0.701250776,0.409162091,0.012992176999999999,0.003260952
cur_3_70,14,0.38433986700000006,0.81185647,0.882104628,0.939665117,0.679074871,0.38433986700000006,0.012992176999999999,0.003260952
recover,0,0.857909157,0.907636309,0.9229737029999999,0.946020958,0.896092329,0.857909157,0.0052037820000000005,0.0052037820000000005
recover_60,0,0.7261569109999999,0.8118825279999999,0.840322969,0.885019598,0.7911249929999999,0.7261569109999999,0.0052037820000000005,0.0052037820000000005
recover_70,0,0.7261569109999999,0.8118825279999999,0.840322969,0.885019598,0.7911249929999999,0.7261569109999999,0.0052037820000000005,0.0052037820000000005
