name,effectDays,infectReduct,reduceHosp,reduceIcu,reduceMort,reduceSympt,riskReduct,waneRate,waneRateOut
cur_2,14,0.589891191,0.9056813029999999,0.958399206,0.9795727190000001,0.6902622740000001,0.589891191,0.021623132000000003,0.020701253
cur_2_60,14,0.559308305,0.89443334,0.953112637,0.97691203,0.662886805,0.559308305,0.021623132000000003,0.020701253
cur_2_70,14,0.528266703,0.882017954,0.947190897,0.973913818,0.634371661,0.528266703,0.021623132000000003,0.020701253
cur_3,14,0.6044092520000001,0.910712339,0.960740123,0.980746118,0.70301602,0.6044092520000001,0.019638833,0.018716955
cur_3_60,14,0.574127397,0.899998105,0.955737295,0.97823487,0.6762390540000001,0.574127397,0.019638833,0.018716955
cur_3_70,14,0.543277248,0.888155338,0.950129697,0.9754041170000001,0.648254028,0.543277248,0.019638833,0.018716955
recover,0,0.9378134640000001,0.98788364,0.9949139029999999,0.9975500759999999,0.949805226,0.9378134640000001,0.00805843,0.00805843
recover_60,0,0.8975958959999999,0.9828382840000001,0.992774597,0.99651571,0.9300268079999999,0.8975958959999999,0.00805843,0.00805843
recover_70,0,0.7515129429999999,0.958320292,0.982194899,0.991366247,0.8421755790000001,0.7515129429999999,0.00805843,0.00805843
