name,effectDays,infectReduct,reduceHosp,reduceIcu,reduceMort,reduceSympt,riskReduct,waneRate,waneRateOut
cur_2,14,0.518093991,0.8790988259999999,0.939203804,0.969839728,0.690674344,0.518093991,0.021989072999999998,0.018576491
cur_2_60,14,0.47657597700000004,0.860296112,0.9289936740000001,0.964580575,0.654097956,0.47657597700000004,0.021989072999999998,0.018576491
cur_2_70,14,0.43539377100000004,0.839112385,0.9172244890000001,0.9584460220000001,0.615617699,0.43539377100000004,0.021989072999999998,0.018576491
cur_3,14,0.532411262,0.8850699879999999,0.9424009520000001,0.971474727,0.702805488,0.532411262,0.020101308999999998,0.016688726
cur_3_60,14,0.49091469600000004,0.867055479,0.9326892720000001,0.966490823,0.6669718920000001,0.49091469600000004,0.020101308999999998,0.016688726
cur_3_70,14,0.449557634,0.846714073,0.9214808529999999,0.960673632,0.629111734,0.449557634,0.020101308999999998,0.016688726
recover,0,0.9066339290000001,0.946399999,0.956002007,0.964566858,0.928723952,0.9066339290000001,0.007239489,0.007239489
recover_60,0,0.791906523,0.8737313809999999,0.894905785,0.9142977170000001,0.8362376340000001,0.791906523,0.007239489,0.007239489
recover_70,0,0.791906523,0.8737313809999999,0.894905785,0.9142977170000001,0.8362376340000001,0.791906523,0.007239489,0.007239489
