name,effectDays,infectReduct,reduceHosp,reduceIcu,reduceMort,reduceSympt,riskReduct,waneRate,waneRateOut
cur_2,14,0.521320755,0.880459393,0.9399675679999999,0.970230822,0.693126197,0.521320755,0.021872423,0.013059417
cur_2_60,14,0.47161875799999997,0.857881625,0.927706322,0.9639133540000001,0.649261263,0.47161875799999997,0.021872423,0.013059417
cur_2_70,14,0.42250069,0.8318697290000001,0.9131810690000001,0.9563203020000001,0.602747088,0.42250069,0.021872423,0.013059417
cur_3,14,0.529735277,0.883965918,0.941843819,0.971190216,0.700257079,0.529735277,0.020762937,0.011949931
cur_3_60,14,0.48003555299999995,0.861946588,0.929937221,0.965069016,0.656906897,0.48003555299999995,0.020762937,0.011949931
cur_3_70,14,0.430755523,0.8365369359999999,0.915819528,0.95770846,0.610798857,0.430755523,0.020762937,0.011949931
recover,0,0.9459823079999999,0.9917490170000001,0.9961017059999999,0.9981233909999999,0.973586862,0.9459823079999999,0.004505868,0.004505868
recover_60,0,0.917709158,0.9905356240000001,0.9955255340000001,0.997845379,0.9697839109999999,0.917709158,0.004505868,0.004505868
recover_70,0,0.805430493,0.980352643,0.9906607129999999,0.995491366,0.938656323,0.805430493,0.004505868,0.004505868
