name,effectDays,infectReduct,reduceHosp,reduceIcu,reduceMort,reduceSympt,riskReduct,waneRate,waneRateOut
cur_2,14,0.45429761399999996,0.849514929,0.9212936509999999,0.960575873,0.647071882,0.45429761399999996,0.020353763,0.011584906
cur_2_60,14,0.423764012,0.832964171,0.911817848,0.955601515,0.61826102,0.423764012,0.020353763,0.011584906
cur_2_70,14,0.393799399,0.8149881259999999,0.901322565,0.950031717,0.588591291,0.393799399,0.020353763,0.011584906
cur_3,14,0.540983591,0.8887885329999999,0.9430893859999999,0.971826055,0.7218821990000001,0.540983591,0.008925022,0.000156164
cur_3_60,14,0.510069553,0.875926333,0.936055538,0.968224237,0.6963121879999999,0.510069553,0.008925022,0.000156164
cur_3_70,14,0.479075952,0.8618067220000001,0.928217883,0.964178602,0.6694656139999999,0.479075952,0.008925022,0.000156164
recover,0,0.862509125,0.918759377,0.94023198,0.95644707,0.882747996,0.862509125,0.005484924,0.005484924
recover_60,0,0.751474248,0.844986855,0.883485401,0.913682498,0.7839637490000001,0.751474248,0.005484924,0.005484924
recover_70,0,0.751474248,0.844986855,0.883485401,0.913682498,0.7839637490000001,0.751474248,0.005484924,0.005484924
