name,effectDays,infectReduct,reduceHosp,reduceIcu,reduceMort,reduceSympt,riskReduct,waneRate,waneRateOut
cur_2,14,0.544057463,0.888775543,0.9490379999999999,0.9748510509999999,0.6647602979999999,0.544057463,0.021425233,0.016680363
cur_2_60,14,0.49639531299999995,0.8684344999999999,0.938961033,0.9697153479999999,0.620924389,0.49639531299999995,0.021425233,0.016680363
cur_2_70,14,0.44882332700000005,0.8450351979999999,0.927051435,0.963573577,0.575045377,0.44882332700000005,0.021425233,0.016680363
cur_3,14,0.5497624870000001,0.89103116,0.950140063,0.9754093659999999,0.669871454,0.5497624870000001,0.020668312,0.015923442
cur_3_60,14,0.502150989,0.871042778,0.9402672959999999,0.970384213,0.626328199,0.502150989,0.020668312,0.015923442
cur_3_70,14,0.454525247,0.848026185,0.928593186,0.9643731059999999,0.580661516,0.454525247,0.020668312,0.015923442
recover,0,0.9309132729999999,0.987920855,0.994780894,0.9974858329999999,0.953042139,0.9309132729999999,0.006000829,0.006000829
recover_60,0,0.8285878609999999,0.982890728,0.9925860590000001,0.99642444,0.93445115,0.8285878609999999,0.006000829,0.006000829
recover_70,0,0.53134158,0.958444491,0.9817353759999999,0.991141288,0.851266337,0.53134158,0.006000829,0.006000829
