name,effectDays,infectReduct,reduceHosp,reduceIcu,reduceMort,reduceSympt,riskReduct,waneRate,waneRateOut
cur_2,14,0.59670073,0.908152126,0.9591689659999999,0.979958887,0.701231521,0.59670073,0.02184721,0.019292058
cur_2_60,14,0.552025016,0.8917166879999999,0.951373774,0.976033596,0.661567715,0.552025016,0.02184721,0.019292058
cur_2_70,14,0.506515065,0.872761958,0.942184802,0.971364366,0.619515923,0.506515065,0.02184721,0.019292058
cur_3,14,0.574940346,0.900391145,0.95550762,0.97811926,0.682106441,0.574940346,0.024796252,0.022241099999999996
cur_3_60,14,0.529753788,0.882746248,0.947052013,0.973843273,0.6412027579999999,0.529753788,0.024796252,0.022241099999999996
cur_3_70,14,0.484095791,0.862463457,0.937100347,0.968760973,0.598157539,0.484095791,0.024796252,0.022241099999999996
recover,0,0.919852181,0.9878961890000001,0.9948694770000001,0.997528619,0.950918595,0.919852181,0.007861789000000001,0.007861789000000001
recover_60,0,0.854512487,0.982855968,0.992711621,0.9964852259999999,0.931547263,0.854512487,0.007861789000000001,0.007861789000000001
recover_70,0,0.646690022,0.958362171,0.98204138,0.9912911040000001,0.845287408,0.646690022,0.007861789000000001,0.007861789000000001
