name,effectDays,infectReduct,reduceHosp,reduceIcu,reduceMort,reduceSympt,riskReduct,waneRate,waneRateOut
cur_2,14,0.43830556600000004,0.841350295,0.9150383209999999,0.957297863,0.643734142,0.43830556600000004,0.019930061000000002,0.012003858999999999
cur_2_60,14,0.38115056399999997,0.807163504,0.894743776,0.946507619,0.587825355,0.38115056399999997,0.019930061000000002,0.012003858999999999
cur_2_70,14,0.327146597,0.7676755009999999,0.8703083890000001,0.933192005,0.5295981439999999,0.327146597,0.019930061000000002,0.012003858999999999
cur_3,14,0.49447200399999997,0.869238017,0.931034787,0.965636563,0.693713343,0.49447200399999997,0.012502265,0.004576063
cur_3_60,14,0.435673783,0.839917235,0.9142029979999999,0.9568584370000001,0.641277123,0.435673783,0.012502265,0.004576063
cur_3_70,14,0.37867163,0.8055203320000001,0.893748645,0.9459723309999999,0.585273492,0.37867163,0.012502265,0.004576063
recover,0,0.856144127,0.903101844,0.914844922,0.9356235959999999,0.8716953559999999,0.856144127,0.005158689,0.005158689
recover_60,0,0.706366623,0.790236315,0.8128226129999999,0.854537453,0.7330608809999999,0.706366623,0.005158689,0.005158689
recover_70,0,0.706366623,0.790236315,0.8128226129999999,0.854537453,0.7330608809999999,0.706366623,0.005158689,0.005158689
