name,effectDays,infectReduct,reduceHosp,reduceIcu,reduceMort,reduceSympt,riskReduct,waneRate,waneRateOut
cur_2,14,0.488756684,0.8670960240000001,0.927251851,0.963677585,0.708498367,0.488756684,0.02175156,0.011150838
cur_2_60,14,0.460870747,0.853668203,0.9193364140000001,0.9595526040000001,0.684870322,0.460870747,0.02175156,0.011150838
cur_2_70,14,0.43322041299999997,0.839131455,0.910640345,0.954979793,0.660238927,0.43322041299999997,0.02175156,0.011150838
cur_3,14,0.504980708,0.874399066,0.9315104409999999,0.965882314,0.721719404,0.504980708,0.019617718,0.009016996999999999
cur_3_60,14,0.477032829,0.861591322,0.924020396,0.96199784,0.698707283,0.477032829,0.019617718,0.009016996999999999
cur_3_70,14,0.449220789,0.8477012429999999,0.915783034,0.957689287,0.6746436259999999,0.449220789,0.019617718,0.009016996999999999
recover,0,0.92200819,0.988144295,0.9938961829999999,0.997058291,0.968798753,0.92200819,0.007796485,0.007796485
recover_60,0,0.8710959690000001,0.983205633,0.991332535,0.995817162,0.95615897,0.8710959690000001,0.007796485,0.007796485
recover_70,0,0.6970461059999999,0.95919066,0.9786866479999999,0.989646035,0.897500725,0.6970461059999999,0.007796485,0.007796485
