name,effectDays,infectReduct,reduceHosp,reduceIcu,reduceMort,reduceSympt,riskReduct,waneRate,waneRateOut
cur_2,14,0.506346747,0.872773138,0.941795522,0.9711655440000001,0.623454521,0.506346747,0.020834717,0.013762588000000001
cur_2_60,14,0.466512782,0.853980203,0.932408441,0.966345929,0.5853315,0.466512782,0.020834717,0.013762588000000001
cur_2_70,14,0.42711316,0.83294942,0.9216369109999999,0.960755111,0.54617045,0.42711316,0.020834717,0.013762588000000001
cur_3,14,0.562188089,0.895702653,0.952955965,0.9768329490000001,0.6745628990000001,0.562188089,0.013448677,0.006376547
cur_3_60,14,0.522611825,0.879830342,0.945264205,0.972934228,0.6386149489999999,0.522611825,0.013448677,0.006376547
cur_3_70,14,0.482761712,0.861920687,0.936401655,0.96840211,0.6010562629999999,0.482761712,0.013448677,0.006376547
recover,0,0.8333475990000001,0.906800313,0.9205341709999999,0.9227025040000001,0.865672617,0.8333475990000001,0.004635694,0.004635694
recover_60,0,0.663098937,0.792945456,0.820128937,0.824514685,0.717241837,0.663098937,0.004635694,0.004635694
recover_70,0,0.663098937,0.792945456,0.820128937,0.824514685,0.717241837,0.663098937,0.004635694,0.004635694
