name,effectDays,infectReduct,reduceHosp,reduceIcu,reduceMort,reduceSympt,riskReduct,waneRate,waneRateOut
cur_2,14,0.494229751,0.868507075,0.9338327759999999,0.96708036,0.666861432,0.494229751,0.021092397000000002,0.013536926000000001
cur_2_60,14,0.48662850700000004,0.864994307,0.9319283709999999,0.9660981359999999,0.660070195,0.48662850700000004,0.021092397000000002,0.013536926000000001
cur_2_70,14,0.478992984,0.861383315,0.929962705,0.9650822020000001,0.653175783,0.478992984,0.021092397000000002,0.013536926000000001
cur_3,14,0.533091726,0.885285665,0.942824509,0.9716909109999999,0.700497168,0.533091726,0.015975377,0.008419905
cur_3_60,14,0.525513815,0.882160312,0.941162596,0.970842105,0.694077059,0.525513815,0.015975377,0.008419905
cur_3_70,14,0.5178836529999999,0.878944203,0.939446255,0.969963913,0.6875458790000001,0.5178836529999999,0.015975377,0.008419905
recover,0,0.87250551,0.89979029,0.9194651340000001,0.9316916409999999,0.877962995,0.87250551,0.005521761,0.005521761
recover_60,0,0.739130707,0.7880241020000001,0.8253842779999999,0.8495568040000001,0.748652709,0.739130707,0.005521761,0.005521761
recover_70,0,0.739130707,0.7880241020000001,0.8253842779999999,0.8495568040000001,0.748652709,0.739130707,0.005521761,0.005521761
