name,effectDays,infectReduct,reduceHosp,reduceIcu,reduceMort,reduceSympt,riskReduct,waneRate,waneRateOut
cur_2,14,0.405140509,0.8238142009999999,0.896243514,0.9473132329999999,0.664596422,0.405140509,0.020413048,0.009190296
cur_2_60,14,0.379707471,0.8077889979999999,0.885893722,0.94172646,0.640410597,0.379707471,0.020413048,0.009190296
cur_2_70,14,0.35490979799999994,0.790670325,0.8746517859999999,0.935585289,0.615480853,0.35490979799999994,0.020413048,0.009190296
cur_3,14,0.480795551,0.864085015,0.921535945,0.960702397,0.729301414,0.480795551,0.010312149,-0.000910604
cur_3_60,14,0.45423981700000005,0.851060473,0.913465497,0.9564701390000001,0.707729533,0.45423981700000005,0.010312149,-0.000910604
cur_3_70,14,0.427932673,0.8370180779999999,0.9046475979999999,0.9518032129999999,0.6851725359999999,0.427932673,0.010312149,-0.000910604
recover,0,0.897721835,0.988214305,0.9935855859999999,0.9969080990000001,0.9726272420000001,0.897721835,0.00995947,0.00995947
recover_60,0,0.833508365,0.983304313,0.9908926809999999,0.995603883,0.961476727,0.833508365,0.00995947,0.00995947
recover_70,0,0.6298390420000001,0.959424625,0.9776195320000001,0.989121534,0.9092582790000001,0.6298390420000001,0.00995947,0.00995947
