name,effectDays,infectReduct,reduceHosp,reduceIcu,reduceMort,reduceSympt,riskReduct,waneRate,waneRateOut
cur_2,14,0.431424684,0.836950759,0.91583656,0.9577174079999999,0.613054554,0.431424684,0.020713062,0.012365323999999999
cur_2_60,14,0.401896676,0.819680645,0.905983402,0.952513085,0.583860746,0.401896676,0.020713062,0.012365323999999999
cur_2_70,14,0.37306045299999996,0.8010140370000001,0.895107564,0.9467031570000001,0.554063172,0.37306045299999996,0.020713062,0.012365323999999999
cur_3,14,0.5386310529999999,0.887612905,0.943638185,0.972105937,0.709105537,0.5386310529999999,0.006547354,-0.001800385
cur_3_60,14,0.508325515,0.8749068720000001,0.9368152590000001,0.968614578,0.683416225,0.508325515,0.006547354,-0.001800385
cur_3_70,14,0.477955298,0.860987701,0.9292274359999999,0.964701631,0.6565539970000001,0.477955298,0.006547354,-0.001800385
recover,0,0.9315064679999999,0.98804135,0.9943229709999999,0.997264588,0.96226591,0.9315064679999999,0.00980037,0.00980037
recover_60,0,0.876799063,0.98306054,0.9919371220000001,0.996110158,0.9471240809999999,0.876799063,0.00980037,0.00980037
recover_70,0,0.6930418759999999,0.958846777,0.980155675,0.9903671190000001,0.877920788,0.6930418759999999,0.00980037,0.00980037
