name,effectDays,infectReduct,reduceHosp,reduceIcu,reduceMort,reduceSympt,riskReduct,waneRate,waneRateOut
cur_2,14,0.436318824,0.840293913,0.91429039,0.9569044290000001,0.642816005,0.436318824,0.020443246,0.01012722
cur_2_60,14,0.42322404399999997,0.832991667,0.91000915,0.954646192,0.630455373,0.42322404399999997,0.020443246,0.01012722
cur_2_70,14,0.41020610799999996,0.8254069540000001,0.9055254979999999,0.9522698629999999,0.617891828,0.41020610799999996,0.020443246,0.01012722
cur_3,14,0.492038061,0.86814795,0.930309182,0.965261431,0.692508405,0.492038061,0.013070145,0.00275412
cur_3_60,14,0.47869114700000004,0.861909982,0.9267639959999999,0.9634243690000001,0.681014075,0.47869114700000004,0.013070145,0.00275412
cur_3_70,14,0.465343591,0.8554106340000001,0.9230445340000001,0.9614894209999999,0.669267689,0.465343591,0.013070145,0.00275412
recover,0,0.906747415,0.9880976770000001,0.994093717,0.9971537840000001,0.9659814590000001,0.906747415,0.0029479859999999997,0.0029479859999999997
recover_60,0,0.86207799,0.9831399270000001,0.991612334,0.995952781,0.952256619,0.86207799,0.0029479859999999997,0.0029479859999999997
recover_70,0,0.700387029,0.9590349140000001,0.9793661790000001,0.989979726,0.888983346,0.700387029,0.0029479859999999997,0.0029479859999999997
