name,effectDays,infectReduct,reduceHosp,reduceIcu,reduceMort,reduceSympt,riskReduct,waneRate,waneRateOut
cur_2,14,0.44966509600000004,0.8472168520000001,0.9194107309999999,0.959591498,0.647107584,0.44966509600000004,0.02060034,0.011352753
cur_2_60,14,0.401738296,0.820056985,0.903624682,0.951258915,0.6011228470000001,0.401738296,0.02060034,0.011352753
cur_2_70,14,0.355643669,0.789287909,0.8851437590000001,0.94131915,0.553309281,0.355643669,0.02060034,0.011352753
cur_3,14,0.5227979189999999,0.881448173,0.938638415,0.969550008,0.710873092,0.5227979189999999,0.010958295,0.0017107079999999998
cur_3_60,14,0.473786921,0.859363385,0.9263168940000001,0.963192188,0.668946638,0.473786921,0.010958295,0.0017107079999999998
cur_3_70,14,0.42530236200000004,0.833954547,0.911762515,0.955572317,0.624180252,0.42530236200000004,0.010958295,0.0017107079999999998
recover,0,0.920240203,0.9880791859999999,0.9941700929999999,0.997190702,0.964800488,0.920240203,0.005232735,0.005232735
recover_60,0,0.858377582,0.983113865,0.99172053,0.9960052140000001,0.9506235390000001,0.858377582,0.005232735,0.005232735
recover_70,0,0.658561682,0.9589731459999999,0.9796290999999999,0.990108773,0.8854463359999999,0.658561682,0.005232735,0.005232735
