name,effectDays,infectReduct,reduceHosp,reduceIcu,reduceMort,reduceSympt,riskReduct,waneRate,waneRateOut
cur_2,14,0.458780431,0.8532569320000001,0.9154616520000001,0.957520406,0.707482837,0.458780431,0.022554776000000002,0.011579222
cur_2_60,14,0.41955328,0.83216136,0.9022844440000001,0.950544845,0.6734511390000001,0.41955328,0.022554776000000002,0.011579222
cur_2_70,14,0.38132844899999996,0.808720455,0.887310936,0.942495237,0.637500023,0.38132844899999996,0.022554776000000002,0.011579222
cur_3,14,0.45078434100000003,0.849172901,0.912932193,0.956189156,0.700764545,0.45078434100000003,0.023615011,0.012639457
cur_3_60,14,0.41172077700000004,0.8276088340000001,0.899404036,0.949006633,0.6663198779999999,0.41172077700000004,0.023615011,0.012639457
cur_3_70,14,0.373750061,0.803682107,0.88404587,0.94072227,0.630014981,0.373750061,0.023615011,0.012639457
recover,0,0.927083278,0.98820421,0.9936314359999999,0.996930274,0.97210345,0.927083278,0.008685484,0.008685484
recover_60,0,0.864676447,0.9832900840000001,0.9909576040000001,0.99563537,0.960748175,0.864676447,0.008685484,0.008685484
recover_70,0,0.662455469,0.959390884,0.9777769540000001,0.9891989459999999,0.9076370420000001,0.662455469,0.008685484,0.008685484
