name,effectDays,infectReduct,reduceHosp,reduceIcu,reduceMort,reduceSympt,riskReduct,waneRate,waneRateOut
cur_2,14,0.498125,0.8703306670000001,0.934544355,0.96744685,0.672700977,0.498125,0.02127476,0.013815863999999999
cur_2_60,14,0.450470288,0.847175143,0.9218257329999999,0.960853678,0.629286249,0.450470288,0.02127476,0.013815863999999999
cur_2_70,14,0.403731471,0.8207510920000001,0.9068904790000001,0.9529945329999999,0.583701124,0.403731471,0.02127476,0.013815863999999999
cur_3,14,0.5362530879999999,0.8866181340000001,0.9432916290000001,0.9719292159999999,0.7054098740000001,0.5362530879999999,0.016252273,0.008793377
cur_3_60,14,0.488501174,0.865923057,0.93214928,0.9662121770000001,0.6641678320000001,0.488501174,0.016252273,0.008793377
cur_3_70,14,0.440982934,0.842136557,0.91901307,0.959383346,0.620283787,0.440982934,0.016252273,0.008793377
recover,0,0.891096372,0.9286215309999999,0.951006956,0.9560324579999999,0.9188181040000001,0.891096372,0.006242286999999999,0.006242286999999999
recover_60,0,0.8230677240000001,0.880900688,0.91691307,0.925160568,0.865492426,0.8230677240000001,0.006242286999999999,0.006242286999999999
recover_70,0,0.8230677240000001,0.880900688,0.91691307,0.925160568,0.865492426,0.8230677240000001,0.006242286999999999,0.006242286999999999
