name,effectDays,infectReduct,reduceHosp,reduceIcu,reduceMort,reduceSympt,riskReduct,waneRate,waneRateOut
cur_2,14,0.486086807,0.864303501,0.933742162,0.96703367,0.6404725729999999,0.486086807,0.019792266,0.014644289
cur_2_60,14,0.461360859,0.8522432959999999,0.927334551,0.9637204970000001,0.617326907,0.461360859,0.019792266,0.014644289
cur_2_70,14,0.43681129700000004,0.839303771,0.92035647,0.9600861740000001,0.5936245379999999,0.43681129700000004,0.019792266,0.014644289
cur_3,14,0.560658367,0.8957626329999999,0.950033675,0.975355497,0.7061830240000001,0.560658367,0.009945639000000001,0.004797662
cur_3_60,14,0.536096154,0.886130037,0.945108952,0.972855205,0.685188343,0.536096154,0.009945639000000001,0.004797662
cur_3_70,14,0.511345081,0.8757253490000001,0.939726811,0.970107574,0.663397375,0.511345081,0.009945639000000001,0.004797662
recover,0,0.948309697,0.987987072,0.994534557,0.997366828,0.958337511,0.948309697,0.008492607,0.008492607
recover_60,0,0.896421275,0.9829840440000001,0.992236936,0.996255385,0.941714787,0.896421275,0.008492607,0.008492607
recover_70,0,0.716468812,0.9586655340000001,0.980885132,0.9907247659999999,0.866430294,0.716468812,0.008492607,0.008492607
