name,effectDays,infectReduct,reduceHosp,reduceIcu,reduceMort,reduceSympt,riskReduct,waneRate,waneRateOut
cur_2,14,0.455999673,0.85050127,0.9212638590000001,0.9605603140000001,0.653100727,0.455999673,0.020716016,0.01568934
cur_2_60,14,0.423690874,0.833043935,0.9112069690000001,0.95527907,0.6228151999999999,0.423690874,0.020716016,0.01568934
cur_2_70,14,0.392022142,0.813994236,0.900005153,0.949328046,0.59153981,0.392022142,0.020716016,0.01568934
cur_3,14,0.512002928,0.876859058,0.936083247,0.96823848,0.70207022,0.512002928,0.013335895,0.008309218
cur_3_60,14,0.479221629,0.8619801090000001,0.9277708179999999,0.9639468040000001,0.673925412,0.479221629,0.013335895,0.008309218
cur_3_70,14,0.446618854,0.8456201729999999,0.918471673,0.9590998140000001,0.644468759,0.446618854,0.013335895,0.008309218
recover,0,0.923011668,0.988079595,0.994168415,0.997189891,0.964827016,0.923011668,0.004028219,0.004028219
recover_60,0,0.86666579,0.983114442,0.9917181540000001,0.996004062,0.9506602040000001,0.86666579,0.004028219,0.004028219
recover_70,0,0.6796230120000001,0.9589745120000001,0.979623323,0.990105938,0.885525572,0.6796230120000001,0.004028219,0.004028219
