name,effectDays,infectReduct,reduceHosp,reduceIcu,reduceMort,reduceSympt,riskReduct,waneRate,waneRateOut
cur_2,14,0.591608165,0.907000095,0.955805837,0.9782693659999999,0.730707859,0.591608165,0.023044836000000003,0.017623846999999998
cur_2_60,14,0.5683645420000001,0.898631283,0.951594533,0.976145209,0.711520686,0.5683645420000001,0.023044836000000003,0.017623846999999998
cur_2_70,14,0.544801956,0.889595542,0.947001366,0.9738175440000001,0.691531557,0.544801956,0.023044836000000003,0.017623846999999998
cur_3,14,0.5639604970000001,0.896986245,0.950761902,0.975724105,0.7078264259999999,0.5639604970000001,0.026771938999999998,0.02135095
cur_3_60,14,0.540365848,0.8878277590000001,0.946097063,0.9733579259999999,0.687705714,0.540365848,0.026771938999999998,0.02135095
cur_3_70,14,0.516574846,0.877959802,0.9410145790000001,0.9707664340000001,0.666839086,0.516574846,0.026771938999999998,0.02135095
recover,0,0.804235163,0.8562430990000001,0.916382886,0.922860294,0.850127945,0.804235163,0.0039934540000000004,0.0039934540000000004
recover_60,0,0.65908974,0.7370503190000001,0.8375960109999999,0.8491721179999999,0.7274786590000001,0.65908974,0.0039934540000000004,0.0039934540000000004
recover_70,0,0.65908974,0.7370503190000001,0.8375960109999999,0.8491721179999999,0.7274786590000001,0.65908974,0.0039934540000000004,0.0039934540000000004
