name,effectDays,infectReduct,reduceHosp,reduceIcu,reduceMort,reduceSympt,riskReduct,waneRate,waneRateOut
cur_2,14,0.470527596,0.8568151359999999,0.9298099040000001,0.9650031379999999,0.625684033,0.470527596,0.020709867,0.013854208
cur_2_60,14,0.45584220200000003,0.849414915,0.9258558109999999,0.9629526279999999,0.6117511529999999,0.45584220200000003,0.020709867,0.013854208
cur_2_70,14,0.441204744,0.841687513,0.9216893970000001,0.9607825109999999,0.5976054239999999,0.441204744,0.020709867,0.013854208
cur_3,14,0.572673094,0.900238537,0.9523279920000001,0.976515847,0.7159657290000001,0.572673094,0.007204370999999999,0.000348712
cur_3_60,14,0.558160434,0.894807035,0.9495736370000001,0.975122492,0.7038024890000001,0.558160434,0.007204370999999999,0.000348712
cur_3_70,14,0.54351912,0.889104863,0.94666323,0.9736457359999999,0.6913183070000001,0.54351912,0.007204370999999999,0.000348712
recover,0,0.83955636,0.868668573,0.908906987,0.912595652,0.8601099409999999,0.83955636,0.004596247,0.004596247
recover_60,0,0.660281009,0.710713822,0.7875093940000001,0.7950051490000001,0.695470209,0.660281009,0.004596247,0.004596247
recover_70,0,0.660281009,0.710713822,0.7875093940000001,0.7950051490000001,0.695470209,0.660281009,0.004596247,0.004596247
