name,effectDays,infectReduct,reduceHosp,reduceIcu,reduceMort,reduceSympt,riskReduct,waneRate,waneRateOut
cur_2,14,0.675247888,0.93230919,0.9726315529999999,0.9866620540000001,0.72996327,0.675247888,0.021851667999999998,0.021674281
cur_2_60,14,0.631817917,0.919140062,0.96702965,0.9838843970000001,0.690496641,0.631817917,0.021851667999999998,0.021674281
cur_2_70,14,0.586164286,0.9036824440000001,0.9603317570000001,0.980541632,0.6480661529999999,0.586164286,0.021851667999999998,0.021674281
cur_3,14,0.644206627,0.923038507,0.968697858,0.9847132829999999,0.701842657,0.644206627,0.026400106,0.02622272
cur_3_60,14,0.599090104,0.908243292,0.962321978,0.981537384,0.660179411,0.599090104,0.026400106,0.02622272
cur_3_70,14,0.552254179,0.8909497340000001,0.954712515,0.977718816,0.615904625,0.552254179,0.026400106,0.02622272
recover,0,0.821942517,0.878241823,0.90749036,0.9404412529999999,0.86359129,0.821942517,0.00408475,0.00408475
recover_60,0,0.6862308579999999,0.773622074,0.822935341,0.882090637,0.749967055,0.6862308579999999,0.00408475,0.00408475
recover_70,0,0.6862308579999999,0.773622074,0.822935341,0.882090637,0.749967055,0.6862308579999999,0.00408475,0.00408475
