name,effectDays,infectReduct,reduceHosp,reduceIcu,reduceMort,reduceSympt,riskReduct,waneRate,waneRateOut
cur_2,14,0.404034784,0.8223805270000001,0.89983354,0.9492363079999999,0.6366822289999999,0.404034784,0.021506671,0.013908687
cur_2_60,14,0.37102832,0.801139774,0.8865776129999999,0.9420975909999999,0.603929756,0.37102832,0.021506671,0.013908687
cur_2_70,14,0.33918704200000005,0.778047113,0.8718190090000001,0.934025694,0.570221524,0.33918704200000005,0.021506671,0.013908687
cur_3,14,0.42845690000000003,0.83659268,0.9085375720000001,0.9538675390000001,0.659602742,0.42845690000000003,0.018201523,0.010603538999999999
cur_3_60,14,0.394776925,0.816672625,0.896300781,0.9473439690000001,0.627708304,0.394776925,0.018201523,0.010603538999999999
cur_3_70,14,0.36207079700000006,0.794921988,0.882639885,0.939956832,0.5946655470000001,0.36207079700000006,0.018201523,0.010603538999999999
recover,0,0.861184939,0.9166672920000001,0.934889704,0.959120383,0.8920257540000001,0.861184939,0.005719770999999999,0.005719770999999999
recover_60,0,0.771169555,0.8566405970000001,0.8863618590000001,0.9272466890000001,0.817777599,0.771169555,0.005719770999999999,0.005719770999999999
recover_70,0,0.771169555,0.8566405970000001,0.8863618590000001,0.9272466890000001,0.817777599,0.771169555,0.005719770999999999,0.005719770999999999
