name,effectDays,infectReduct,reduceHosp,reduceIcu,reduceMort,reduceSympt,riskReduct,waneRate,waneRateOut
cur_2,14,0.38184640799999997,0.8094489,0.885416083,0.94146709,0.651001861,0.38184640799999997,0.019972728999999998,0.009078478000000001
cur_2_60,14,0.32171636,0.765353284,0.855767664,0.9250948390000001,0.588863505,0.32171636,0.019972728999999998,0.009078478000000001
cur_2_70,14,0.267008658,0.7146953770000001,0.820039618,0.9046260290000001,0.52380988,0.267008658,0.019972728999999998,0.009078478000000001
cur_3,14,0.43877833200000005,0.843173168,0.907236264,0.953177939,0.70246063,0.43877833200000005,0.012227077,0.0013328270000000002
cur_3_60,14,0.375123584,0.8050016740000001,0.8824844359999999,0.93987213,0.644480862,0.375123584,0.012227077,0.0013328270000000002
cur_3_70,14,0.315559187,0.760221788,0.852231686,0.923105759,0.5819804129999999,0.315559187,0.012227077,0.0013328270000000002
recover,0,0.928843531,0.991884546,0.99552228,0.997843809,0.981708343,0.928843531,0.008395574,0.008395574
recover_60,0,0.88558182,0.9906908959999999,0.994860909,0.9975244809999999,0.979049556,0.88558182,0.008395574,0.008395574
recover_70,0,0.730713488,0.980671718,0.989281263,0.994821693,0.9570443279999999,0.730713488,0.008395574,0.008395574
