name,effectDays,infectReduct,reduceHosp,reduceIcu,reduceMort,reduceSympt,riskReduct,waneRate,waneRateOut
cur_2,14,0.5360534570000001,0.886630336,0.942835028,0.971696278,0.7095467790000001,0.5360534570000001,0.021779568,0.011452215
cur_2_60,14,0.5074735,0.874594293,0.936337581,0.9683691870000001,0.68538166,0.5074735,0.021779568,0.011452215
cur_2_70,14,0.47883841200000005,0.8614770979999999,0.9291554809999999,0.964664372,0.660163384,0.47883841200000005,0.021779568,0.011452215
cur_3,14,0.514228603,0.877529408,0.937930156,0.96918683,0.6911815840000001,0.514228603,0.024657422999999998,0.014330071000000002
cur_3_60,14,0.485594352,0.8646746240000001,0.930916064,0.965575205,0.666207312,0.485594352,0.024657422999999998,0.014330071000000002
cur_3_70,14,0.457048195,0.850696977,0.923172518,0.9615561309999999,0.640258809,0.457048195,0.024657422999999998,0.014330071000000002
recover,0,0.901342271,0.988047917,0.99429676,0.9972519209999999,0.962717473,0.901342271,0.00678315,0.00678315
recover_60,0,0.800767748,0.983069795,0.991899986,0.996092166,0.947747005,0.800767748,0.00678315,0.00678315
recover_70,0,0.526025631,0.958868708,0.9800653659999999,0.990322822,0.87925505,0.526025631,0.00678315,0.00678315
