name,effectDays,infectReduct,reduceHosp,reduceIcu,reduceMort,reduceSympt,riskReduct,waneRate,waneRateOut
cur_2,14,0.52922603,0.8831508220000001,0.944362391,0.9724750240000001,0.6713312579999999,0.52922603,0.021434363999999997,0.016271983
cur_2_60,14,0.510399167,0.8751385070000001,0.9402634320000001,0.970382235,0.654477049,0.510399167,0.021434363999999997,0.016271983
cur_2_70,14,0.49152059200000003,0.866649491,0.935877673,0.968132805,0.637205094,0.49152059200000003,0.021434363999999997,0.016271983
cur_3,14,0.555694803,0.893716823,0.9497085740000001,0.975190848,0.6944235959999999,0.555694803,0.017927406,0.012765024
cur_3_60,14,0.537000401,0.8863357690000001,0.9459809509999999,0.97329888,0.67818591,0.537000401,0.017927406,0.012765024
cur_3_70,14,0.518179258,0.8785023359999999,0.941989065,0.971264405,0.661486114,0.518179258,0.017927406,0.012765024
recover,0,0.9549692890000001,0.9879681159999999,0.994606373,0.997401526,0.956879983,0.9549692890000001,0.004288635,0.004288635
recover_60,0,0.9216549620000001,0.98295733,0.99233871,0.9963046729999999,0.93971231,0.9216549620000001,0.004288635,0.004288635
recover_70,0,0.79634731,0.9586022479999999,0.9811329,0.9908461820000001,0.8622197309999999,0.79634731,0.004288635,0.004288635
