name,effectDays,infectReduct,reduceHosp,reduceIcu,reduceMort,reduceSympt,riskReduct,waneRate,waneRateOut
cur_2,14,0.446065015,0.845561742,0.9171753029999999,0.95842022,0.653153312,0.446065015,0.020398318000000002,0.013496236000000002
cur_2_60,14,0.41607943700000005,0.828906994,0.907397645,0.953263512,0.624952481,0.41607943700000005,0.020398318000000002,0.013496236000000002
cur_2_70,14,0.3866995,0.810856067,0.8965947120000001,0.9475016940000001,0.595874479,0.3866995,0.020398318000000002,0.013496236000000002
cur_3,14,0.49241167700000005,0.868348378,0.930267088,0.96523966,0.694057155,0.49241167700000005,0.014275787,0.007373705
cur_3_60,14,0.46190850899999997,0.853725865,0.921903347,0.9608941879999999,0.667488978,0.46190850899999997,0.014275787,0.007373705
cur_3_70,14,0.43168489,0.837780975,0.912629701,0.95602971,0.639808136,0.43168489,0.014275787,0.007373705
recover,0,0.94539498,0.988100703,0.9940811159999999,0.997147693,0.966171166,0.94539498,0.00781778,0.00781778
recover_60,0,0.936127312,0.983144191,0.991594483,0.99594413,0.952519102,0.936127312,0.00781778,0.00781778
recover_70,0,0.8723129340000001,0.95904502,0.97932281,0.9899584370000001,0.8895533459999999,0.8723129340000001,0.00781778,0.00781778
