name,effectDays,infectReduct,reduceHosp,reduceIcu,reduceMort,reduceSympt,riskReduct,waneRate,waneRateOut
cur_2,14,0.6133821079999999,0.9129090320000001,0.96515972,0.9829535420000001,0.660666809,0.6133821079999999,0.021272975,0.018596387
cur_2_60,14,0.578892042,0.9008190629999999,0.960005419,0.9803781559999999,0.6278356070000001,0.578892042,0.021272975,0.018596387
cur_2_70,14,0.543619923,0.8872602409999999,0.954125795,0.9774231040000001,0.59378634,0.543619923,0.021272975,0.018596387
cur_3,14,0.645882072,0.9233754759999999,0.969556172,0.985139186,0.6911930559999999,0.645882072,0.016688787,0.014012199
cur_3_60,14,0.612459506,0.912599355,0.965028718,0.98288826,0.65979446,0.612459506,0.016688787,0.014012199
cur_3_70,14,0.577949148,0.9004730609999999,0.959856693,0.980303635,0.6269316770000001,0.577949148,0.016688787,0.014012199
recover,0,0.7762889559999999,0.8352623709999999,0.8398246090000001,0.8662731840000001,0.841707656,0.7762889559999999,0.003337143,0.003337143
recover_60,0,0.569600951,0.6591358079999999,0.666628917,0.711864132,0.6697473970000001,0.569600951,0.003337143,0.003337143
recover_70,0,0.569600951,0.6591358079999999,0.666628917,0.711864132,0.6697473970000001,0.569600951,0.003337143,0.003337143
