name,effectDays,infectReduct,reduceHosp,reduceIcu,reduceMort,reduceSympt,riskReduct,waneRate,waneRateOut
cur_2,14,0.43149471,0.839544018,0.9029425670000001,0.95089562,0.707727757,0.43149471,0.021806244,0.013566093999999999
cur_2_60,14,0.379024596,0.8079748000000001,0.882095052,0.939659896,0.660705285,0.379024596,0.021806244,0.013566093999999999
cur_2_70,14,0.329271542,0.77190742,0.857493968,0.926063064,0.610317629,0.329271542,0.021806244,0.013566093999999999
cur_3,14,0.45508088,0.852007333,0.91100346,0.9551716029999999,0.727101656,0.45508088,0.018663456000000002,0.010423306
cur_3_60,14,0.40176958799999996,0.82237142,0.89167968,0.944857543,0.681794725,0.40176958799999996,0.018663456000000002,0.010423306
cur_3_70,14,0.350717134,0.788299603,0.868780951,0.932347606,0.63279836,0.350717134,0.018663456000000002,0.010423306
recover,0,0.8468601020000001,0.894292311,0.91090204,0.9141268029999999,0.881831612,0.8468601020000001,0.004993398,0.004993398
recover_60,0,0.7164330059999999,0.794457677,0.823661124,0.82945225,0.7732129790000001,0.7164330059999999,0.004993398,0.004993398
recover_70,0,0.7164330059999999,0.794457677,0.823661124,0.82945225,0.7732129790000001,0.7164330059999999,0.004993398,0.004993398
