name,effectDays,infectReduct,reduceHosp,reduceIcu,reduceMort,reduceSympt,riskReduct,waneRate,waneRateOut
cur_2,14,0.47605123200000005,0.86048521,0.9268025259999999,0.963444372,0.6721117740000001,0.47605123200000005,0.02291548,0.017341235
cur_2_60,14,0.447576322,0.8461509740000001,0.9186377029999999,0.9591867820000001,0.646377126,0.447576322,0.02291548,0.017341235
cur_2_70,14,0.41943510100000003,0.8306303759999999,0.909648879,0.954455678,0.619759493,0.41943510100000003,0.02291548,0.017341235
cur_3,14,0.523081045,0.881591061,0.938591834,0.969526131,0.7121830229999999,0.523081045,0.016726167,0.011151922
cur_3_60,14,0.49444774399999997,0.8690954240000001,0.9316450620000001,0.9659518440000001,0.688134085,0.49444774399999997,0.016726167,0.011151922
cur_3_70,14,0.465844648,0.855494207,0.92397435,0.961973862,0.6630209429999999,0.465844648,0.016726167,0.011151922
recover,0,0.86231909,0.8975308940000001,0.927784327,0.9446686040000001,0.898045995,0.86231909,0.005559939,0.005559939
recover_60,0,0.7738326459999999,0.8271382890000001,0.875286918,0.9031641890000001,0.8279394090000001,0.7738326459999999,0.005559939,0.005559939
recover_70,0,0.7738326459999999,0.8271382890000001,0.875286918,0.9031641890000001,0.8279394090000001,0.7738326459999999,0.005559939,0.005559939
