name,effectDays,infectReduct,reduceHosp,reduceIcu,reduceMort,reduceSympt,riskReduct,waneRate,waneRateOut
cur_2,14,0.558349003,0.8939340729999999,0.9534535470000001,0.9770840590000001,0.655006589,0.558349003,0.020966708,0.016426826000000002
cur_2_60,14,0.552315977,0.891595171,0.9523571829999999,0.976530592,0.6494649920000001,0.552315977,0.020966708,0.016426826000000002
cur_2_70,14,0.546224905,0.88919415,0.9512283420000001,0.975960053,0.643843362,0.546224905,0.020966708,0.016426826000000002
cur_3,14,0.599770669,0.909010835,0.9604442670000001,0.980597979,0.692357784,0.599770669,0.015376174,0.010836291999999999
cur_3_60,14,0.5938919229999999,0.906969798,0.95950557,0.980127654,0.687129575,0.5938919229999999,0.015376174,0.010836291999999999
cur_3_70,14,0.587944503,0.904872972,0.958538728,0.979642737,0.681816054,0.587944503,0.015376174,0.010836291999999999
recover,0,0.891229759,0.934458951,0.9471738209999999,0.970964649,0.9149896409999999,0.891229759,0.006614054,0.006614054
recover_60,0,0.784495334,0.863654963,0.88846624,0.936936275,0.8270457920000001,0.784495334,0.006614054,0.006614054
recover_70,0,0.784495334,0.863654963,0.88846624,0.936936275,0.8270457920000001,0.784495334,0.006614054,0.006614054
