name,effectDays,infectReduct,reduceHosp,reduceIcu,reduceMort,reduceSympt,riskReduct,waneRate,waneRateOut
cur_2,14,0.604364341,0.9102974890000001,0.96224581,0.981499314,0.679438057,0.604364341,0.020500707,0.015210536
cur_2_60,14,0.567405597,0.897049524,0.9563016809999999,0.97851884,0.645377336,0.567405597,0.020500707,0.015210536
cur_2_70,14,0.529690282,0.882102245,0.9494726040000001,0.9750713040000001,0.6097848779999999,0.529690282,0.020500707,0.015210536
cur_3,14,0.6056818429999999,0.910746662,0.96244559,0.98159916,0.680637664,0.6056818429999999,0.020319449,0.015029278
cur_3_60,14,0.568758354,0.897557568,0.956531494,0.9786344220000001,0.646638115,0.568758354,0.020319449,0.015029278
cur_3_70,14,0.531063507,0.882674405,0.949736444,0.975204965,0.611095945,0.531063507,0.020319449,0.015029278
recover,0,0.935304602,0.98782481,0.99511654,0.997647933,0.944276807,0.935304602,0.007973945999999999,0.007973945999999999
recover_60,0,0.9082914990000001,0.9827553840000001,0.9930618720000001,0.996654743,0.9224977590000001,0.9082914990000001,0.007973945999999999,0.007973945999999999
recover_70,0,0.795818975,0.958124003,0.982895567,0.99170905,0.82695266,0.795818975,0.007973945999999999,0.007973945999999999
