name,effectDays,infectReduct,reduceHosp,reduceIcu,reduceMort,reduceSympt,riskReduct,waneRate,waneRateOut
cur_2,14,0.518690646,0.878174363,0.9443837159999999,0.972485888,0.635718265,0.518690646,0.021397543999999998,0.013693742
cur_2_60,14,0.49811979700000003,0.869089936,0.939898564,0.970195501,0.616450569,0.49811979700000003,0.021397543999999998,0.013693742
cur_2_70,14,0.47753598399999997,0.8594271640000001,0.935071874,0.967718361,0.596791471,0.47753598399999997,0.021397543999999998,0.013693742
cur_3,14,0.561613475,0.8954976240000001,0.952798237,0.976753323,0.6747489459999999,0.561613475,0.015712653,0.008008852
cur_3_60,14,0.541254638,0.8875395490000001,0.948954993,0.974808972,0.656429968,0.541254638,0.015712653,0.008008852
cur_3_70,14,0.5207377999999999,0.879049063,0.944812911,0.9727044840000001,0.637615422,0.5207377999999999,0.015712653,0.008008852
recover,0,0.92786945,0.9879071309999999,0.99483039,0.99750974,0.951871079,0.92786945,0.002248499,0.002248499
recover_60,0,0.853233004,0.982871388,0.992656216,0.996458405,0.9328491259999999,0.853233004,0.002248499,0.002248499
recover_70,0,0.621237673,0.9583986870000001,0.981906339,0.9912249959999999,0.8479620459999999,0.621237673,0.002248499,0.002248499
