name,effectDays,infectReduct,reduceHosp,reduceIcu,reduceMort,reduceSympt,riskReduct,waneRate,waneRateOut
cur_2,14,0.40517412,0.823240347,0.899381605,0.948994635,0.643824588,0.40517412,0.01841469,0.01201836
cur_2_60,14,0.386968572,0.811889758,0.892280645,0.9451816129999999,0.6261843539999999,0.386968572,0.01841469,0.01201836
cur_2_70,14,0.369053096,0.799973367,0.88473384,0.941096377,0.608181255,0.369053096,0.01841469,0.01201836
cur_3,14,0.457709243,0.852310769,0.917189253,0.958427538,0.691338983,0.457709243,0.011366461000000001,0.00497013
cur_3_60,14,0.43888485,0.842469721,0.9112209809999999,0.9552864679999999,0.6748635820000001,0.43888485,0.011366461000000001,0.00497013
cur_3_70,14,0.420213374,0.8320898720000001,0.904859645,0.951915968,0.657924174,0.420213374,0.011366461000000001,0.00497013
recover,0,0.914035035,0.9881665959999999,0.9937990959999999,0.9970113490000001,0.970068947,0.914035035,0.0016918520000000002,0.0016918520000000002
recover_60,0,0.8704895579999999,0.983237067,0.991195032,0.995750499,0.957921377,0.8704895579999999,0.0016918520000000002,0.0016918520000000002
recover_70,0,0.712669856,0.95926518,0.978352909,0.9894820609999999,0.90137797,0.712669856,0.0016918520000000002,0.0016918520000000002
