name,effectDays,infectReduct,reduceHosp,reduceIcu,reduceMort,reduceSympt,riskReduct,waneRate,waneRateOut
cur_2,14,0.527144986,0.8820896359999999,0.944750875,0.972672895,0.659998046,0.527144986,0.020418532,0.014883684
cur_2_60,14,0.514788515,0.876841433,0.942108686,0.971325496,0.648800313,0.514788515,0.020418532,0.014883684
cur_2_70,14,0.502381195,0.8713790109999999,0.939340787,0.969909896,0.6374061120000001,0.502381195,0.020418532,0.014883684
cur_3,14,0.567736135,0.898101212,0.9527095870000001,0.976708563,0.695766635,0.567736135,0.01502893,0.009494082
cur_3_60,14,0.5555460520000001,0.893479623,0.950428037,0.975555147,0.685185011,0.5555460520000001,0.01502893,0.009494082
cur_3_70,14,0.5432562470000001,0.888661448,0.9480359629999999,0.97434284,0.674378815,0.5432562470000001,0.01502893,0.009494082
recover,0,0.890141407,0.922162094,0.950907594,0.939536485,0.9150658620000001,0.890141407,0.006143666999999999,0.006143666999999999
recover_60,0,0.765105745,0.826465936,0.8861903879999999,0.86200443,0.812420033,0.765105745,0.006143666999999999,0.006143666999999999
recover_70,0,0.765105745,0.826465936,0.8861903879999999,0.86200443,0.812420033,0.765105745,0.006143666999999999,0.006143666999999999
