name,effectDays,infectReduct,reduceHosp,reduceIcu,reduceMort,reduceSympt,riskReduct,waneRate,waneRateOut
cur_2,14,0.620586324,0.915226695,0.966435921,0.983589037,0.662563927,0.620586324,0.01969344,0.016540394
cur_2_60,14,0.598051103,0.9075855709999999,0.963225123,0.9819885540000001,0.64107997,0.598051103,0.01969344,0.016540394
cur_2_70,14,0.5750798420000001,0.899326277,0.959717761,0.980234011,0.619001193,0.5750798420000001,0.01969344,0.016540394
cur_3,14,0.644332435,0.922825552,0.969597002,0.9851594370000001,0.685016283,0.644332435,0.016334075,0.013181028999999999
cur_3_60,14,0.62234933,0.91580635,0.966678171,0.9837095709999999,0.664237411,0.62234933,0.016334075,0.013181028999999999
cur_3_70,14,0.599837555,0.908207458,0.963487656,0.982119623,0.642789408,0.599837555,0.016334075,0.013181028999999999
recover,0,0.8802126509999999,0.9325138709999999,0.9514641209999999,0.957873425,0.912604115,0.8802126509999999,0.005947033000000001,0.005947033000000001
recover_60,0,0.79867029,0.8817930820000001,0.9136672570000001,0.924672596,0.8493372990000001,0.79867029,0.005947033000000001,0.005947033000000001
recover_70,0,0.79867029,0.8817930820000001,0.9136672570000001,0.924672596,0.8493372990000001,0.79867029,0.005947033000000001,0.005947033000000001
