name,effectDays,infectReduct,reduceHosp,reduceIcu,reduceMort,reduceSympt,riskReduct,waneRate,waneRateOut
cur_2,14,0.521517262,0.8800409,0.94220904,0.971376742,0.670073245,0.521517262,0.022474625,0.015397362
cur_2_60,14,0.506434811,0.8735187990000001,0.938832048,0.969649251,0.656590016,0.506434811,0.022474625,0.015397362
cur_2_70,14,0.491312335,0.866682724,0.935264425,0.9678174279999999,0.6428234589999999,0.491312335,0.022474625,0.015397362
cur_3,14,0.52835924,0.8829072840000001,0.943684994,0.972129802,0.6761102440000001,0.52835924,0.0215726,0.014495336999999999
cur_3_60,14,0.513291183,0.8765191590000001,0.940388793,0.970446377,0.662749558,0.513291183,0.0215726,0.014495336999999999
cur_3_70,14,0.49817061799999995,0.8698210809999999,0.936905865,0.96866111,0.64909796,0.49817061799999995,0.0215726,0.014495336999999999
recover,0,0.932881119,0.987981432,0.994556033,0.997377205,0.957908642,0.932881119,0.007189023,0.007189023
recover_60,0,0.8840019370000001,0.9829760959999999,0.99226737,0.996270125,0.9411253190000001,0.8840019370000001,0.007189023,0.007189023
recover_70,0,0.715071542,0.958646705,0.980959217,0.990761074,0.8651884329999999,0.715071542,0.007189023,0.007189023
