name,effectDays,infectReduct,reduceHosp,reduceIcu,reduceMort,reduceSympt,riskReduct,waneRate,waneRateOut
cur_2,14,0.397877885,0.8204281370000001,0.887657631,0.942683121,0.692678041,0.397877885,0.020980655,0.011996409
cur_2_60,14,0.373550615,0.8047972320000001,0.87700141,0.9368751609999999,0.6703945410000001,0.373550615,0.020980655,0.011996409
cur_2_70,14,0.349836489,0.788149668,0.86548242,0.930519194,0.64730787,0.349836489,0.020980655,0.011996409
cur_3,14,0.435162616,0.841941843,0.9020782070000001,0.9504348709999999,0.724354727,0.435162616,0.015934176,0.0069499309999999995
cur_3_60,14,0.410108366,0.8277905309999999,0.892624385,0.945366878,0.7033845209999999,0.410108366,0.015934176,0.0069499309999999995
cur_3_70,14,0.385501604,0.8126474159999999,0.882372268,0.939811002,0.6815108040000001,0.385501604,0.015934176,0.0069499309999999995
recover,0,0.837311936,0.895791091,0.9048630329999999,0.927912361,0.832463388,0.837311936,0.004242838,0.004242838
recover_60,0,0.7203865559999999,0.811429785,0.826422763,0.8656546740000001,0.713246712,0.7203865559999999,0.004242838,0.004242838
recover_70,0,0.7203865559999999,0.811429785,0.826422763,0.8656546740000001,0.713246712,0.7203865559999999,0.004242838,0.004242838
