name,effectDays,infectReduct,reduceHosp,reduceIcu,reduceMort,reduceSympt,riskReduct,waneRate,waneRateOut
cur_2,14,0.40024354,0.822304965,0.886200785,0.94189313,0.708558206,0.40024354,0.022046633,0.010673547
cur_2_60,14,0.385327013,0.812980609,0.879738942,0.9383737459999999,0.695475517,0.385327013,0.022046633,0.010673547
cur_2_70,14,0.37059728,0.803266681,0.872950608,0.9346492890000001,0.682045272,0.37059728,0.022046633,0.010673547
cur_3,14,0.42195060700000003,0.835032469,0.894936452,0.946611193,0.726725353,0.42195060700000003,0.019098268999999998,0.007725183
cur_3_60,14,0.40677377200000003,0.826234847,0.8889084629999999,0.9433603859999999,0.7141291559999999,0.40677377200000003,0.019098268999999998,0.007725183
cur_3_70,14,0.391746706,0.817054435,0.882568628,0.939918007,0.701168097,0.391746706,0.019098268999999998,0.007725183
recover,0,0.847970434,0.8809977179999999,0.9066582959999999,0.943119686,0.8609109340000001,0.847970434,0.004970339,0.004970339
recover_60,0,0.675658165,0.734393848,0.783913038,0.8609691009999999,0.69804279,0.675658165,0.004970339,0.004970339
recover_70,0,0.675658165,0.734393848,0.783913038,0.8609691009999999,0.69804279,0.675658165,0.004970339,0.004970339
