name,effectDays,infectReduct,reduceHosp,reduceIcu,reduceMort,reduceSympt,riskReduct,waneRate,waneRateOut
cur_2,14,0.544147524,0.889685353,0.9453592190000001,0.972982583,0.7077747959999999,0.544147524,0.020954928,0.016138477
cur_2_60,14,0.507907672,0.874584131,0.937342575,0.968885323,0.6768172579999999,0.507907672,0.020954928,0.016138477
cur_2_70,14,0.471590874,0.857749313,0.928240745,0.964190452,0.6442345110000001,0.471590874,0.020954928,0.016138477
cur_3,14,0.53806519,0.887258216,0.944080024,0.972331152,0.7026828009999999,0.53806519,0.02176025,0.016943799
cur_3_60,14,0.501784522,0.871872588,0.935888431,0.968138335,0.671436246,0.501784522,0.02176025,0.016943799
cur_3_70,14,0.465491392,0.8547342490000001,0.9265919090000001,0.963335017,0.638600675,0.465491392,0.02176025,0.016943799
recover,0,0.8527790270000001,0.898380045,0.926526673,0.9139887729999999,0.887328371,0.8527790270000001,0.004808006,0.004808006
recover_60,0,0.75917496,0.827918863,0.872818917,0.8525743259999999,0.8108178709999999,0.75917496,0.004808006,0.004808006
recover_70,0,0.75917496,0.827918863,0.872818917,0.8525743259999999,0.8108178709999999,0.75917496,0.004808006,0.004808006
