name,effectDays,infectReduct,reduceHosp,reduceIcu,reduceMort,reduceSympt,riskReduct,waneRate,waneRateOut
cur_2,14,0.31464155,0.7615158479999999,0.83933093,0.915781121,0.641608724,0.31464155,0.022291124,0.009296384
cur_2_60,14,0.29020498100000003,0.7398381159999999,0.823083165,0.9064023040000001,0.614548511,0.29020498100000003,0.022291124,0.009296384
cur_2_70,14,0.266922667,0.716917792,0.805569387,0.8960954259999999,0.586755559,0.266922667,0.022291124,0.009296384
cur_3,14,0.392574989,0.818023708,0.880299042,0.938679797,0.71592967,0.392574989,0.011047066000000001,-0.001947674
cur_3_60,14,0.365311956,0.8001343259999999,0.867540385,0.931660736,0.691785357,0.365311956,0.011047066000000001,-0.001947674
cur_3_70,14,0.338880865,0.7809533359999999,0.8536450659999999,0.9239017709999999,0.666539681,0.338880865,0.011047066000000001,-0.001947674
recover,0,0.91728038,0.9883649729999999,0.992855782,0.9965550059999999,0.979434835,0.91728038,0.008998286,0.008998286
recover_60,0,0.873950714,0.983516704,0.9898596159999999,0.99510258,0.9709746929999999,0.873950714,0.008998286,0.008998286
recover_70,0,0.717210523,0.9599284159999999,0.9751186690000001,0.9878900190000001,0.930702861,0.717210523,0.008998286,0.008998286
