name,effectDays,infectReduct,reduceHosp,reduceIcu,reduceMort,reduceSympt,riskReduct,waneRate,waneRateOut
cur_2,14,0.45072112200000003,0.8490699970000001,0.913274186,0.9563693609999999,0.6981194759999999,0.45072112200000003,0.021569775,0.014685361999999999
cur_2_60,14,0.40666847799999994,0.82452747,0.8979166,0.9482103999999999,0.65889221,0.40666847799999994,0.021569775,0.014685361999999999
cur_2_70,14,0.364086605,0.796961756,0.880204848,0.9386283409999999,0.617380808,0.364086605,0.021569775,0.014685361999999999
cur_3,14,0.47600108700000004,0.861644162,0.920997119,0.960420982,0.719109142,0.47600108700000004,0.018226608000000002,0.011342194
cur_3_60,14,0.431418271,0.838758012,0.9068676640000001,0.9529824290000001,0.681364469,0.431418271,0.018226608000000002,0.011342194
cur_3_70,14,0.387939295,0.8129206059999999,0.89051959,0.944231357,0.6410982,0.387939295,0.018226608000000002,0.011342194
recover,0,0.8092489979999999,0.873121182,0.915230655,0.9352682859999999,0.88299495,0.8092489979999999,0.0043648720000000005,0.0043648720000000005
recover_60,0,0.658727662,0.7579243990000001,0.830859895,0.867963794,0.774446995,0.658727662,0.0043648720000000005,0.0043648720000000005
recover_70,0,0.658727662,0.7579243990000001,0.830859895,0.867963794,0.774446995,0.658727662,0.0043648720000000005,0.0043648720000000005
