name,effectDays,infectReduct,reduceHosp,reduceIcu,reduceMort,reduceSympt,riskReduct,waneRate,waneRateOut
cur_2,14,0.624755397,0.917414007,0.964016344,0.982383459,0.71811016,0.624755397,0.021339261,0.018164881
cur_2_60,14,0.603342091,0.910303538,0.960746555,0.980749337,0.699461448,0.603342091,0.021339261,0.018164881
cur_2_70,14,0.581509672,0.902640186,0.957190202,0.978965555,0.680114562,0.581509672,0.021339261,0.018164881
cur_3,14,0.591322305,0.9061384309999999,0.95881783,0.9797827709999999,0.688852248,0.591322305,0.025953432000000002,0.022779052
cur_3_60,14,0.56931635,0.8981649209999999,0.9550976609999999,0.977912832,0.669159693,0.56931635,0.025953432000000002,0.022779052
cur_3_70,14,0.547017207,0.889590274,0.951055593,0.975872682,0.648841465,0.547017207,0.025953432000000002,0.022779052
recover,0,0.913385473,0.987876985,0.9949372870000001,0.99756137,0.949205651,0.913385473,0.006065806,0.006065806
recover_60,0,0.8763019679999999,0.982828907,0.992807745,0.996531755,0.929208589,0.8763019679999999,0.006065806,0.006065806
recover_70,0,0.732943604,0.958298086,0.982275718,0.991405801,0.840506258,0.732943604,0.006065806,0.006065806
