name,effectDays,infectReduct,reduceHosp,reduceIcu,reduceMort,reduceSympt,riskReduct,waneRate,waneRateOut
cur_2,14,0.5888014770000001,0.9050410179999999,0.9591990779999999,0.979973988,0.674808388,0.5888014770000001,0.020825304,0.017040994
cur_2_60,14,0.581876183,0.902560351,0.958067663,0.979406295,0.668516118,0.581876183,0.020825304,0.017040994
cur_2_70,14,0.574878084,0.900007173,0.9568994690000001,0.978819432,0.662126094,0.574878084,0.020825304,0.017040994
cur_3,14,0.620747077,0.915926343,0.964122272,0.982436303,0.703437623,0.620747077,0.016429443000000002,0.012645133000000001
cur_3_60,14,0.6140071,0.913702925,0.963122128,0.981937125,0.6974509459999999,0.6140071,0.016429443000000002,0.012645133000000001
cur_3_70,14,0.607183731,0.9114130559999999,0.962089175,0.981421015,0.691361186,0.607183731,0.016429443000000002,0.012645133000000001
recover,0,0.927222818,0.987848037,0.995037629,0.997609828,0.946521658,0.927222818,0.009589236999999999,0.009589236999999999
recover_60,0,0.915607588,0.9827881140000001,0.9929499959999999,0.996600603,0.92555082,0.915607588,0.009589236999999999,0.009589236999999999
recover_70,0,0.835561256,0.9582014940000001,0.982622628,0.991575544,0.833088542,0.835561256,0.009589236999999999,0.009589236999999999
