name,effectDays,infectReduct,reduceHosp,reduceIcu,reduceMort,reduceSympt,riskReduct,waneRate,waneRateOut
cur_2,14,0.43937482,0.842248476,0.913811443,0.95665232,0.657011963,0.43937482,0.019590741000000002,0.009089033
cur_2_60,14,0.391109772,0.8139833740000001,0.8967974809999999,0.947610472,0.6108904270000001,0.391109772,0.019590741000000002,0.009089033
cur_2_70,14,0.34491048700000004,0.781984142,0.8768895990000001,0.9368138559999999,0.562722695,0.34491048700000004,0.019590741000000002,0.009089033
cur_3,14,0.466885955,0.856448861,0.9221652309999999,0.961030849,0.6815829609999999,0.466885955,0.015939803,0.005438095
cur_3_60,14,0.417851277,0.830215206,0.906631847,0.952857308,0.6369396829999999,0.417851277,0.015939803,0.005438095
cur_3_70,14,0.370414829,0.800323267,0.888384917,0.943077025,0.589831476,0.370414829,0.015939803,0.005438095
recover,0,0.920267788,0.9918085440000001,0.9958581870000001,0.99800591,0.97749798,0.920267788,0.009854851999999999,0.009854851999999999
recover_60,0,0.818984425,0.9906038220000001,0.995246194,0.9977105340000001,0.9742432520000001,0.818984425,0.009854851999999999,0.009854851999999999
recover_70,0,0.532522704,0.9804927720000001,0.99008069,0.9952099040000001,0.947460648,0.532522704,0.009854851999999999,0.009854851999999999
