name,effectDays,infectReduct,reduceHosp,reduceIcu,reduceMort,reduceSympt,riskReduct,waneRate,waneRateOut
cur_2,14,0.48126827899999997,0.862602148,0.92994304,0.965072027,0.6609590470000001,0.48126827899999997,0.021500746,0.01271092
cur_2_60,14,0.452971936,0.848561745,0.922163119,0.961029747,0.635031374,0.452971936,0.021500746,0.01271092
cur_2_70,14,0.42496987399999997,0.8333601,0.913597425,0.956539622,0.608289719,0.42496987399999997,0.021500746,0.01271092
cur_3,14,0.537454596,0.887167998,0.9432607340000001,0.971913458,0.70943313,0.537454596,0.014101463,0.005311636999999999
cur_3_60,14,0.509096895,0.875274955,0.936859344,0.9686372190000001,0.685448281,0.509096895,0.014101463,0.005311636999999999
cur_3_70,14,0.48067397799999995,0.86231975,0.929787785,0.9649916909999999,0.660425357,0.48067397799999995,0.014101463,0.005311636999999999
recover,0,0.826855285,0.889406439,0.9168424890000001,0.913160621,0.858629904,0.826855285,0.004310828,0.004310828
recover_60,0,0.6385266829999999,0.748412932,0.8030824790000001,0.7954873140000001,0.6919880340000001,0.6385266829999999,0.004310828,0.004310828
recover_70,0,0.6385266829999999,0.748412932,0.8030824790000001,0.7954873140000001,0.6919880340000001,0.6385266829999999,0.004310828,0.004310828
