name,effectDays,infectReduct,reduceHosp,reduceIcu,reduceMort,reduceSympt,riskReduct,waneRate,waneRateOut
cur_2,14,0.45091614700000004,0.8491533509999999,0.913426973,0.956449847,0.6976349709999999,0.45091614700000004,0.02159855,0.008235222
cur_2_60,14,0.422085686,0.83351251,0.903694647,0.951296163,0.672345689,0.422085686,0.02159855,0.008235222
cur_2_70,14,0.39377172299999996,0.816597116,0.8929944479999999,0.945566253,0.646009819,0.39377172299999996,0.02159855,0.008235222
cur_3,14,0.437280754,0.84194085,0.9089581290000001,0.9540901959999999,0.6858579779999999,0.437280754,0.023414515,0.010051188
cur_3_60,14,0.40867323,0.825705666,0.898779098,0.9486722590000001,0.660063654,0.40867323,0.023414515,0.010051188
cur_3_70,14,0.38066635200000004,0.8081796240000001,0.8876006759999999,0.942652261,0.63327904,0.38066635200000004,0.023414515,0.010051188
recover,0,0.9572719959999999,0.988196222,0.993667457,0.996947693,0.971682432,0.9572719959999999,0.007356387,0.007356387
recover_60,0,0.942948253,0.983278825,0.991008612,0.995660106,0.960162805,0.942948253,0.007356387,0.007356387
recover_70,0,0.8734383990000001,0.959364188,0.977900655,0.989259766,0.906336832,0.8734383990000001,0.007356387,0.007356387
