name,effectDays,infectReduct,reduceHosp,reduceIcu,reduceMort,reduceSympt,riskReduct,waneRate,waneRateOut
cur_2,14,0.439630704,0.842310108,0.9142694170000001,0.9568933909999999,0.654326587,0.439630704,0.020361493,0.01248045
cur_2_60,14,0.40573806799999995,0.822965029,0.902732753,0.950783818,0.62226208,0.40573806799999995,0.020361493,0.01248045
cur_2_70,14,0.372723895,0.8018075240000001,0.88983215,0.943859918,0.589094714,0.372723895,0.020361493,0.01248045
cur_3,14,0.49319211,0.868863306,0.9297165490000001,0.9649548259999999,0.701309185,0.49319211,0.013278938,0.005397895
cur_3_60,14,0.458549186,0.8522041440000001,0.920076872,0.9599399809999999,0.671414245,0.458549186,0.013278938,0.005397895
cur_3_70,14,0.424306051,0.833835467,0.9092453659999999,0.954242209,0.640066308,0.424306051,0.013278938,0.005397895
recover,0,0.9279905270000001,0.988117028,0.994012599,0.997114572,0.967178173,0.9279905270000001,0.004939971,0.004939971
recover_60,0,0.881755725,0.9831671999999999,0.991497428,0.9958970909999999,0.953913115,0.881755725,0.004939971,0.004939971
recover_70,0,0.719405242,0.959099558,0.979087047,0.9898426840000001,0.8925875320000001,0.719405242,0.004939971,0.004939971
