name,effectDays,infectReduct,reduceHosp,reduceIcu,reduceMort,reduceSympt,riskReduct,waneRate,waneRateOut
cur_2,14,0.42691628600000003,0.83613826,0.9059223129999999,0.9524806440000001,0.6730779809999999,0.42691628600000003,0.020685925,0.010857908999999999
cur_2_60,14,0.376574212,0.805354128,0.886468165,0.942038215,0.625385038,0.376574212,0.020685925,0.010857908999999999
cur_2_70,14,0.328791715,0.7703979809999999,0.8636121959999999,0.929479512,0.575158221,0.328791715,0.020685925,0.010857908999999999
cur_3,14,0.464660626,0.856020233,0.918165815,0.958939561,0.70578291,0.464660626,0.01566071,0.005832694
cur_3_60,14,0.41307586,0.828203818,0.900966705,0.949841741,0.660454229,0.41307586,0.01566071,0.005832694
cur_3_70,14,0.363361274,0.796313362,0.8806365290000001,0.938864116,0.6120122729999999,0.363361274,0.01566071,0.005832694
recover,0,0.8553365479999999,0.9156730829999999,0.941222366,0.944540038,0.882148066,0.8553365479999999,0.005389018000000001,0.005389018000000001
recover_60,0,0.7427840290000001,0.841357382,0.886635156,0.892682665,0.7852175459999999,0.7427840290000001,0.005389018000000001,0.005389018000000001
recover_70,0,0.7427840290000001,0.841357382,0.886635156,0.892682665,0.7852175459999999,0.7427840290000001,0.005389018000000001,0.005389018000000001
