name,reduceTrans,reduceArea,reduceSympt,reduceHosp,reduceMort,vacEffectDays,waneLnOdds
OLD_2,0.6,0.6,0.00000001,0.5,0.5,10,0.01
OLD_3,0.6,0.6,0.00000001,0.5,0.5,10,0.01
TARGET,0.6,0.6,0.00000001,0.5,0.5,10,0.01
MULTI,0.75,0.75,0.00000001,0.5,0.5,10,0.001
IncursionVac,0.6,0.6,0.00000001,0.5,0.5,10,0.01
alpha_post,0.6,0.6,0.00000001,0.5,0.5,0,0.01
beta_post,0.9,0.9,0.00000001,0.5,0.5,0,0.01
