name,infectReduct,riskReduct,reduceSympt,reduceHosp,reduceIcu,reduceMort,effectDays,waneRate
cur_3,0.8,0.8,0.00000001,0.5,0.5,0.5,10,0.01
cur_3_60,0.8,0.8,0.00000001,0.5,0.5,0.5,10,0.01
cur_2,0.8,0.8,0.00000001,0.5,0.5,0.5,10,0.01
cur_2_60,0.8,0.8,0.00000001,0.5,0.5,0.5,10,0.01
recover,0.8,0.8,0.00000001,0.5,0.5,0.5,0,0.01
recover_60,0.8,0.8,0.00000001,0.5,0.5,0.5,0,0.01
