name,reduceTrans,reduceArea,reduceSympt,reduceHosp,reduceMort,vacEffectDays,waneLnOdds
OLD_2,0.8,0.8,0.00000001,0.5,0.5,10,0.01
OLD_3,0.8,0.8,0.00000001,0.5,0.5,10,0.01
TARGET,0.92,0.92,0.00000001,0.5,0.5,10,0.01
MULTI,0.8,0.8,0.00000001,0.5,0.5,10,0.001
IncursionVac,0.8,0.8,0.00000001,0.5,0.5,10,0.01
alpha_post,0.9,0.9,0.00000001,0.5,0.5,0,0.01
beta_post,0.7,0.7,0.00000001,0.5,0.5,0,0.01
